17:42:24    GenericDetec   INFO      Building tracking geometry
17:42:24    GenericDetec   INFO      Building tracking geometry for Generic Detector in Gen1 mode
17:42:24    GenericDetec   INFO      Tracking geometry built
17:42:25    Sequencer      INFO      Create Sequencer (single-threaded)
17:42:25    Sequencer      INFO      Add Reader 'EventGenerator'
17:42:25    Sequencer      INFO      -> OutputEvent 'particle_gun_event':
17:42:25    Sequencer      INFO         shared_ptr<HepMC3::GenEvent>
17:42:25    Sequencer      INFO      Add Algorithm 'HepMC3InputConverter'
17:42:25    Sequencer      INFO      <- InputEvent 'particle_gun_event':
17:42:25    Sequencer      INFO         shared_ptr<HepMC3::GenEvent>
17:42:25    Sequencer      INFO      -> OutputParticles 'particles_generated':
17:42:25    Sequencer      INFO         flat_set<SimParticle, detail::CompareParticleId, void>
17:42:25    Sequencer      INFO      -> OutputVertices 'vertices_generated':
17:42:25    Sequencer      INFO         flat_set<SimVertex, detail::CompareVertexId, void>
17:42:25    Sequencer      INFO      Key 'particles_generated' aliased to 'particles'
17:42:25    Sequencer      INFO      Key 'vertices_generated' aliased to 'vertices_truth'
17:42:25    Sequencer      INFO      Key 'particles_generated' aliased to 'particles_generated_selected'
17:42:25    FatrasSimula   DEBUG     hits on sensitive surfaces: 1
17:42:25    FatrasSimula   DEBUG     hits on material surfaces: 0
17:42:25    FatrasSimula   DEBUG     hits on passive surfaces: 0
17:42:25    Sequencer      INFO      Add Algorithm 'FatrasSimulation'
17:42:25    Sequencer      INFO      <- InputParticles 'particles_generated_selected':
17:42:25    Sequencer      INFO         flat_set<SimParticle, detail::CompareParticleId, void>
17:42:25    Sequencer      INFO      -> OutputSimHits 'simhits':
17:42:25    Sequencer      INFO         flat_multiset<Hit, detail::CompareGeometryId, void>
17:42:25    Sequencer      INFO      -> OutputParticles 'particles_simulated':
17:42:25    Sequencer      INFO         flat_set<SimParticle, detail::CompareParticleId, void>
17:42:25    Sequencer      INFO      Key 'particles_simulated' aliased to 'particles'
17:42:25    Sequencer      INFO      Key 'particles_simulated' aliased to 'particles_simulated_selected'
17:42:25    Sequencer      INFO      Add Algorithm 'DigitizationAlgorithm'
17:42:25    Sequencer      INFO      <- InputHits 'simhits':
17:42:25    Sequencer      INFO         flat_multiset<Hit, detail::CompareGeometryId, void>
17:42:25    Sequencer      INFO      -> OutputMeasurements 'measurements':
17:42:25    Sequencer      INFO         MeasurementContainer
17:42:25    Sequencer      INFO      -> OutputMeasurementSubset 'measurement_subset':
17:42:25    Sequencer      INFO         MeasurementSubset
17:42:25    Sequencer      INFO      -> OutputClusters 'clusters':
17:42:25    Sequencer      INFO         vector<Cluster>
17:42:25    Sequencer      INFO      -> OutputMeasurementParticlesMap 'measurement_particles_map':
17:42:25    Sequencer      INFO         flat_multimap<unsigned int, Barcode, less<unsigned int>, void>
17:42:25    Sequencer      INFO      -> OutputMeasurementSimHitsMap 'measurement_simhits_map':
17:42:25    Sequencer      INFO         flat_multimap<unsigned int, unsigned int, less<unsigned int>, void>
17:42:25    Sequencer      INFO      -> OutputParticleMeasurementsMap 'particle_measurements_map':
17:42:25    Sequencer      INFO         flat_multimap<Barcode, unsigned int, less<Barcode>, void>
17:42:25    Sequencer      INFO      -> OutputSimHitMeasurementsMap 'simhit_measurements_map':
17:42:25    Sequencer      INFO         flat_multimap<unsigned int, unsigned int, less<unsigned int>, void>
17:42:25    ParticleSele   DEBUG     selection particle rho [0,inf)
17:42:25    ParticleSele   DEBUG     selection particle |z| [0,inf)
17:42:25    ParticleSele   DEBUG     selection particle time [-inf,inf)
17:42:25    ParticleSele   DEBUG     selection particle phi [-inf,inf)
17:42:25    ParticleSele   DEBUG     selection particle eta [-inf,inf)
17:42:25    ParticleSele   DEBUG     selection particle |eta| [0,inf)
17:42:25    ParticleSele   DEBUG     selection particle pt [0.5,inf)
17:42:25    ParticleSele   DEBUG     selection particle m [0,inf)
17:42:25    ParticleSele   DEBUG     selection particle hits [0,18446744073709551615)
17:42:25    ParticleSele   DEBUG     selection particle measurements [9,18446744073709551615)
17:42:25    ParticleSele   DEBUG     remove charged particles 0
17:42:25    ParticleSele   DEBUG     remove neutral particles 1
17:42:25    ParticleSele   DEBUG     remove secondary particles 0
17:42:25    ParticleSele   DEBUG     exclude pdgs: 
17:42:25    ParticleSele   DEBUG     primary vertex ID [0,18446744073709551615)
17:42:25    Sequencer      INFO      Add Algorithm 'ParticleSelector'
17:42:25    Sequencer      INFO      <- InputParticles 'particles_simulated_selected':
17:42:25    Sequencer      INFO         flat_set<SimParticle, detail::CompareParticleId, void>
17:42:25    Sequencer      INFO      <- InputParticleMeasurementsMap 'particle_measurements_map':
17:42:25    Sequencer      INFO         flat_multimap<Barcode, unsigned int, less<Barcode>, void>
17:42:25    Sequencer      INFO      <- InputMeasurements 'measurements':
17:42:25    Sequencer      INFO         MeasurementContainer
17:42:25    Sequencer      INFO      -> OutputParticles 'tmp_particles_digitized_selected':
17:42:25    Sequencer      INFO         flat_set<SimParticle, detail::CompareParticleId, void>
17:42:25    Sequencer      INFO      Key 'tmp_particles_digitized_selected' aliased to 'particles_selected'
17:42:25    Sequencer      INFO      Key 'tmp_particles_digitized_selected' aliased to 'particles_digitized_selected'
17:42:25    Sequencer      INFO      Add Algorithm 'SpacePointMaker'
17:42:25    Sequencer      INFO      <- InputMeasurements 'measurement_subset':
17:42:25    Sequencer      INFO         MeasurementSubset
17:42:25    Sequencer      INFO      -> OutputSpacePoints 'spacepoints':
17:42:25    Sequencer      INFO         SpacePointContainer
17:42:25    addSeeding     INFO      Using grid triplet seeding
17:42:25    Sequencer      INFO      Add Algorithm 'GridTripletSeedingAlgorithm'
17:42:25    Sequencer      INFO      <- InputSpacePoints 'spacepoints':
17:42:25    Sequencer      INFO         SpacePointContainer
17:42:25    Sequencer      INFO      -> OutputSeeds 'seeds':
17:42:25    Sequencer      INFO         SeedContainer
17:42:25    Sequencer      INFO      Add Algorithm 'TrackParamsEstimationAlgorithm'
17:42:25    Sequencer      INFO      <- InputSeeds 'seeds':
17:42:25    Sequencer      INFO         SeedContainer
17:42:25    Sequencer      INFO      -> OutputTrackParameters 'estimatedparameters':
17:42:25    Sequencer      INFO         vector<BoundTrackParameters>
17:42:25    Sequencer      INFO      -> OutputSeeds 'estimatedseeds':
17:42:25    Sequencer      INFO         SeedContainer
17:42:25    Sequencer      INFO      Add Algorithm 'SeedsToProtoTracks'
17:42:25    Sequencer      INFO      <- InputSeeds 'estimatedseeds':
17:42:25    Sequencer      INFO         SeedContainer
17:42:25    Sequencer      INFO      -> OutputProtoTracks 'seed-protoTracks':
17:42:25    Sequencer      INFO         vector<small_vector<unsigned int, 3ul, void, void>>
17:42:25    Sequencer      INFO      Add Algorithm 'SeedsToTracks'
17:42:25    Sequencer      INFO      <- InputSeeds 'estimatedseeds':
17:42:25    Sequencer      INFO         SeedContainer
17:42:25    Sequencer      INFO      <- InputTrackParameters 'estimatedparameters':
17:42:25    Sequencer      INFO         vector<BoundTrackParameters>
17:42:25    Sequencer      INFO      -> OutputTracks 'seed-tracks':
17:42:25    Sequencer      INFO            TrackContainer<ConstVectorTrackContainer, ConstVectorMultiTrajectory, shared_ptr>
17:42:25    Sequencer      INFO      Add Algorithm 'TrackTruthMatcher'
17:42:25    Sequencer      INFO      <- InputTracks 'seed-tracks':
17:42:25    Sequencer      INFO            TrackContainer<ConstVectorTrackContainer, ConstVectorMultiTrajectory, shared_ptr>
17:42:25    Sequencer      INFO      <- InputParticles 'particles_selected':
17:42:25    Sequencer      INFO         flat_set<SimParticle, detail::CompareParticleId, void>
17:42:25    Sequencer      INFO      <- InputMeasurementParticlesMap 'measurement_particles_map':
17:42:25    Sequencer      INFO         flat_multimap<unsigned int, Barcode, less<unsigned int>, void>
17:42:25    Sequencer      INFO      -> OutputTrackParticleMatching 'seed_particle_matching':
17:42:25    Sequencer      INFO            map<unsigned int, TrackMatchEntry, less<unsigned int>, allocator<pair<unsigned int const, TrackMatchEntry>>>
17:42:25    Sequencer      INFO      -> OutputParticleTrackMatching 'particle_seed_matching':
17:42:25    Sequencer      INFO            map<Barcode, ParticleMatchEntry, less<Barcode>, allocator<pair<Barcode const, ParticleMatchEntry>>>
17:42:25    EffPlotTool    DEBUG     Initialize the histograms for efficiency plots
17:42:25    FakePlotTool   DEBUG     Initialize the histograms for fake ratio plots
17:42:25    DuplicationP   DEBUG     Initialize the histograms for duplication ratio plots
17:42:25    TrackSummary   DEBUG     Initialize the histograms for track info plots
17:42:25    TrackQuality   DEBUG     Initialize the histograms for track quality plots
17:42:25    Sequencer      INFO      Add Writer 'RootPatternRecognitionPerformanceWriter'
17:42:25    Sequencer      INFO      <- InputHandle 'seed-tracks':
17:42:25    Sequencer      INFO            TrackContainer<ConstVectorTrackContainer, ConstVectorMultiTrajectory, shared_ptr>
17:42:25    Sequencer      INFO      <- InputParticles 'particles_selected':
17:42:25    Sequencer      INFO         flat_set<SimParticle, detail::CompareParticleId, void>
17:42:25    Sequencer      INFO      <- InputTrackParticleMatching 'seed_particle_matching':
17:42:25    Sequencer      INFO            map<unsigned int, TrackMatchEntry, less<unsigned int>, allocator<pair<unsigned int const, TrackMatchEntry>>>
17:42:25    Sequencer      INFO      <- InputParticleTrackMatching 'particle_seed_matching':
17:42:25    Sequencer      INFO            map<Barcode, ParticleMatchEntry, less<Barcode>, allocator<pair<Barcode const, ParticleMatchEntry>>>
17:42:25    Sequencer      INFO      <- InputParticleMeasurementsMap 'particle_measurements_map':
17:42:25    Sequencer      INFO         flat_multimap<Barcode, unsigned int, less<Barcode>, void>
17:42:25    Sequencer      INFO      Add Writer 'RootTrackParameterWriter'
17:42:25    Sequencer      INFO      <- InputHandle 'estimatedparameters':
17:42:25    Sequencer      INFO         vector<BoundTrackParameters>
17:42:25    Sequencer      INFO      <- InputProtoTracks 'seed-protoTracks':
17:42:25    Sequencer      INFO         vector<small_vector<unsigned int, 3ul, void, void>>
17:42:25    Sequencer      INFO      <- InputParticles 'particles':
17:42:25    Sequencer      INFO         flat_set<SimParticle, detail::CompareParticleId, void>
17:42:25    Sequencer      INFO      <- InputSimHits 'simhits':
17:42:25    Sequencer      INFO         flat_multiset<Hit, detail::CompareGeometryId, void>
17:42:25    Sequencer      INFO      <- InputMeasurementParticlesMap 'measurement_particles_map':
17:42:25    Sequencer      INFO         flat_multimap<unsigned int, Barcode, less<unsigned int>, void>
17:42:25    Sequencer      INFO      <- InputMeasurementSimHitsMap 'measurement_simhits_map':
17:42:25    Sequencer      INFO         flat_multimap<unsigned int, unsigned int, less<unsigned int>, void>
17:42:25    RzTrackFindi   INFO      RZ layout: 22 cylinders, 82 discs, 48 sensitive layers, 18728 modules, escape r 1028.54 |z| 3001
17:42:25    RzTrackFindi   DEBUG     cylinder r=19 [-3000, 3000] bands 1 from vol=5|lay=2
17:42:25    RzTrackFindi   DEBUG     disc z=-2252.29 [29, 177.2] bands 1 from vol=7|lay=1
17:42:25    RzTrackFindi   DEBUG     disc z=-1500 [29, 177.2] bands 1 sensitive from vol=7|lay=2
17:42:25    RzTrackFindi   DEBUG     disc z=-1400 [29, 177.2] bands 1 from vol=7|lay=3
17:42:25    RzTrackFindi   DEBUG     disc z=-1300 [29, 177.2] bands 1 sensitive from vol=7|lay=4
17:42:25    RzTrackFindi   DEBUG     disc z=-1200 [29, 177.2] bands 1 from vol=7|lay=5
17:42:25    RzTrackFindi   DEBUG     disc z=-1100 [29, 177.2] bands 1 sensitive from vol=7|lay=6
17:42:25    RzTrackFindi   DEBUG     disc z=-1030 [29, 177.2] bands 1 from vol=7|lay=7
17:42:25    RzTrackFindi   DEBUG     disc z=-960 [29, 177.2] bands 1 sensitive from vol=7|lay=8
17:42:25    RzTrackFindi   DEBUG     disc z=-890 [29, 177.2] bands 1 from vol=7|lay=9
17:42:25    RzTrackFindi   DEBUG     disc z=-820 [29, 177.2] bands 1 sensitive from vol=7|lay=10
17:42:25    RzTrackFindi   DEBUG     disc z=-760 [29, 177.2] bands 1 from vol=7|lay=11
17:42:25    RzTrackFindi   DEBUG     disc z=-700 [29, 177.2] bands 1 sensitive from vol=7|lay=12
17:42:25    RzTrackFindi   DEBUG     disc z=-650 [29, 177.2] bands 1 from vol=7|lay=13
17:42:25    RzTrackFindi   DEBUG     disc z=-600 [29, 177.2] bands 1 sensitive from vol=7|lay=14
17:42:25    RzTrackFindi   DEBUG     disc z=-570.569 [29, 177.2] bands 1 from vol=7|lay=15
17:42:25    RzTrackFindi   DEBUG     cylinder r=35.5112 [-493, 493] bands 1 from vol=8|lay=2|apr=2
17:42:25    RzTrackFindi   DEBUG     cylinder r=32.9378 [-493, 493] bands 1 sensitive from vol=8|lay=2
17:42:25    RzTrackFindi   DEBUG     cylinder r=74.9644 [-493, 493] bands 1 from vol=8|lay=4|apr=2
17:42:25    RzTrackFindi   DEBUG     cylinder r=72.4779 [-493, 493] bands 1 sensitive from vol=8|lay=4
17:42:25    RzTrackFindi   DEBUG     cylinder r=118.79 [-493, 493] bands 1 from vol=8|lay=6|apr=2
17:42:25    RzTrackFindi   DEBUG     cylinder r=116.297 [-493, 493] bands 1 sensitive from vol=8|lay=6
17:42:25    RzTrackFindi   DEBUG     cylinder r=174.695 [-493, 493] bands 1 from vol=8|lay=8|apr=2
17:42:25    RzTrackFindi   DEBUG     cylinder r=172.201 [-493, 493] bands 1 sensitive from vol=8|lay=8
17:42:25    RzTrackFindi   DEBUG     disc z=570.569 [29, 177.2] bands 1 from vol=9|lay=1
17:42:25    RzTrackFindi   DEBUG     disc z=600 [29, 177.2] bands 1 sensitive from vol=9|lay=2
17:42:25    RzTrackFindi   DEBUG     disc z=650 [29, 177.2] bands 1 from vol=9|lay=3
17:42:25    RzTrackFindi   DEBUG     disc z=700 [29, 177.2] bands 1 sensitive from vol=9|lay=4
17:42:25    RzTrackFindi   DEBUG     disc z=760 [29, 177.2] bands 1 from vol=9|lay=5
17:42:25    RzTrackFindi   DEBUG     disc z=820 [29, 177.2] bands 1 sensitive from vol=9|lay=6
17:42:25    RzTrackFindi   DEBUG     disc z=890 [29, 177.2] bands 1 from vol=9|lay=7
17:42:25    RzTrackFindi   DEBUG     disc z=960 [29, 177.2] bands 1 sensitive from vol=9|lay=8
17:42:25    RzTrackFindi   DEBUG     disc z=1030 [29, 177.2] bands 1 from vol=9|lay=9
17:42:25    RzTrackFindi   DEBUG     disc z=1100 [29, 177.2] bands 1 sensitive from vol=9|lay=10
17:42:25    RzTrackFindi   DEBUG     disc z=1200 [29, 177.2] bands 1 from vol=9|lay=11
17:42:25    RzTrackFindi   DEBUG     disc z=1300 [29, 177.2] bands 1 sensitive from vol=9|lay=12
17:42:25    RzTrackFindi   DEBUG     disc z=1400 [29, 177.2] bands 1 from vol=9|lay=13
17:42:25    RzTrackFindi   DEBUG     disc z=1500 [29, 177.2] bands 1 sensitive from vol=9|lay=14
17:42:25    RzTrackFindi   DEBUG     disc z=2252.29 [29, 177.2] bands 1 from vol=9|lay=15
17:42:25    RzTrackFindi   DEBUG     cylinder r=200 [-2800, 2800] bands 1 from vol=10|lay=2
17:42:25    RzTrackFindi   DEBUG     disc z=-2978.06 [235, 706.142] bands 1 from vol=12|lay=1
17:42:25    RzTrackFindi   DEBUG     disc z=-2950 [235, 706.142] bands 1 sensitive from vol=12|lay=2
17:42:25    RzTrackFindi   DEBUG     disc z=-2750 [235, 706.142] bands 1 from vol=12|lay=3
17:42:25    RzTrackFindi   DEBUG     disc z=-2550 [235, 706.142] bands 1 sensitive from vol=12|lay=4
17:42:25    RzTrackFindi   DEBUG     disc z=-2350 [235, 706.142] bands 1 from vol=12|lay=5
17:42:25    RzTrackFindi   DEBUG     disc z=-2150 [235, 706.142] bands 1 sensitive from vol=12|lay=6
17:42:25    RzTrackFindi   DEBUG     disc z=-1975 [235, 706.142] bands 1 from vol=12|lay=7
17:42:25    RzTrackFindi   DEBUG     disc z=-1800 [235, 706.142] bands 1 sensitive from vol=12|lay=8
17:42:25    RzTrackFindi   DEBUG     disc z=-1650 [235, 706.142] bands 1 from vol=12|lay=9
17:42:25    RzTrackFindi   DEBUG     disc z=-1500 [235, 706.142] bands 1 sensitive from vol=12|lay=10
17:42:25    RzTrackFindi   DEBUG     disc z=-1360 [235, 706.142] bands 1 from vol=12|lay=11
17:42:25    RzTrackFindi   DEBUG     disc z=-1220 [235, 706.142] bands 1 sensitive from vol=12|lay=12
17:42:25    RzTrackFindi   DEBUG     disc z=-1182.66 [235, 706.142] bands 1 from vol=12|lay=13
17:42:25    RzTrackFindi   DEBUG     cylinder r=255.391 [-1086, 1086] bands 1 from vol=13|lay=2|apr=1
17:42:25    RzTrackFindi   DEBUG     cylinder r=261.079 [-1086, 1086] bands 1 sensitive from vol=13|lay=2
17:42:25    RzTrackFindi   DEBUG     cylinder r=355.081 [-1086, 1086] bands 1 from vol=13|lay=4|apr=1
17:42:25    RzTrackFindi   DEBUG     cylinder r=360.78 [-1086, 1086] bands 1 sensitive from vol=13|lay=4
17:42:25    RzTrackFindi   DEBUG     cylinder r=494.858 [-1086, 1086] bands 1 from vol=13|lay=6|apr=1
17:42:25    RzTrackFindi   DEBUG     cylinder r=500.562 [-1086, 1086] bands 1 sensitive from vol=13|lay=6
17:42:25    RzTrackFindi   DEBUG     cylinder r=654.719 [-1086, 1086] bands 1 from vol=13|lay=8|apr=1
17:42:25    RzTrackFindi   DEBUG     cylinder r=660.426 [-1086, 1086] bands 1 sensitive from vol=13|lay=8
17:42:25    RzTrackFindi   DEBUG     disc z=1182.66 [235, 706.142] bands 1 from vol=14|lay=1
17:42:25    RzTrackFindi   DEBUG     disc z=1220 [235, 706.142] bands 1 sensitive from vol=14|lay=2
17:42:25    RzTrackFindi   DEBUG     disc z=1360 [235, 706.142] bands 1 from vol=14|lay=3
17:42:25    RzTrackFindi   DEBUG     disc z=1500 [235, 706.142] bands 1 sensitive from vol=14|lay=4
17:42:25    RzTrackFindi   DEBUG     disc z=1650 [235, 706.142] bands 1 from vol=14|lay=5
17:42:25    RzTrackFindi   DEBUG     disc z=1800 [235, 706.142] bands 1 sensitive from vol=14|lay=6
17:42:25    RzTrackFindi   DEBUG     disc z=1975 [235, 706.142] bands 1 from vol=14|lay=7
17:42:25    RzTrackFindi   DEBUG     disc z=2150 [235, 706.142] bands 1 sensitive from vol=14|lay=8
17:42:25    RzTrackFindi   DEBUG     disc z=2350 [235, 706.142] bands 1 from vol=14|lay=9
17:42:25    RzTrackFindi   DEBUG     disc z=2550 [235, 706.142] bands 1 sensitive from vol=14|lay=10
17:42:25    RzTrackFindi   DEBUG     disc z=2750 [235, 706.142] bands 1 from vol=14|lay=11
17:42:25    RzTrackFindi   DEBUG     disc z=2950 [235, 706.142] bands 1 sensitive from vol=14|lay=12
17:42:25    RzTrackFindi   DEBUG     disc z=2978.06 [235, 706.142] bands 1 from vol=14|lay=13
17:42:25    RzTrackFindi   DEBUG     disc z=-2978.59 [745, 1027.54] bands 1 from vol=16|lay=1
17:42:25    RzTrackFindi   DEBUG     disc z=-2950 [745, 1027.54] bands 1 sensitive from vol=16|lay=2
17:42:25    RzTrackFindi   DEBUG     disc z=-2750 [745, 1027.54] bands 1 from vol=16|lay=3
17:42:25    RzTrackFindi   DEBUG     disc z=-2550 [745, 1027.54] bands 1 sensitive from vol=16|lay=4
17:42:25    RzTrackFindi   DEBUG     disc z=-2350 [745, 1027.54] bands 1 from vol=16|lay=5
17:42:25    RzTrackFindi   DEBUG     disc z=-2150 [745, 1027.54] bands 1 sensitive from vol=16|lay=6
17:42:25    RzTrackFindi   DEBUG     disc z=-1975 [745, 1027.54] bands 1 from vol=16|lay=7
17:42:25    RzTrackFindi   DEBUG     disc z=-1800 [745, 1027.54] bands 1 sensitive from vol=16|lay=8
17:42:25    RzTrackFindi   DEBUG     disc z=-1650 [745, 1027.54] bands 1 from vol=16|lay=9
17:42:25    RzTrackFindi   DEBUG     disc z=-1500 [745, 1027.54] bands 1 sensitive from vol=16|lay=10
17:42:25    RzTrackFindi   DEBUG     disc z=-1360 [745, 1027.54] bands 1 from vol=16|lay=11
17:42:25    RzTrackFindi   DEBUG     disc z=-1220 [745, 1027.54] bands 1 sensitive from vol=16|lay=12
17:42:25    RzTrackFindi   DEBUG     disc z=-1181.87 [745, 1027.54] bands 1 from vol=16|lay=13
17:42:25    RzTrackFindi   DEBUG     cylinder r=814.585 [-1086, 1086] bands 1 from vol=17|lay=2|apr=1
17:42:25    RzTrackFindi   DEBUG     cylinder r=820.343 [-1086, 1086] bands 1 sensitive from vol=17|lay=2
17:42:25    RzTrackFindi   DEBUG     cylinder r=1014.52 [-1086, 1086] bands 1 from vol=17|lay=4|apr=1
17:42:25    RzTrackFindi   DEBUG     cylinder r=1020.28 [-1086, 1086] bands 1 sensitive from vol=17|lay=4
17:42:25    RzTrackFindi   DEBUG     disc z=1181.87 [745, 1027.54] bands 1 from vol=18|lay=1
17:42:25    RzTrackFindi   DEBUG     disc z=1220 [745, 1027.54] bands 1 sensitive from vol=18|lay=2
17:42:25    RzTrackFindi   DEBUG     disc z=1360 [745, 1027.54] bands 1 from vol=18|lay=3
17:42:25    RzTrackFindi   DEBUG     disc z=1500 [745, 1027.54] bands 1 sensitive from vol=18|lay=4
17:42:25    RzTrackFindi   DEBUG     disc z=1650 [745, 1027.54] bands 1 from vol=18|lay=5
17:42:25    RzTrackFindi   DEBUG     disc z=1800 [745, 1027.54] bands 1 sensitive from vol=18|lay=6
17:42:25    RzTrackFindi   DEBUG     disc z=1975 [745, 1027.54] bands 1 from vol=18|lay=7
17:42:25    RzTrackFindi   DEBUG     disc z=2150 [745, 1027.54] bands 1 sensitive from vol=18|lay=8
17:42:25    RzTrackFindi   DEBUG     disc z=2350 [745, 1027.54] bands 1 from vol=18|lay=9
17:42:25    RzTrackFindi   DEBUG     disc z=2550 [745, 1027.54] bands 1 sensitive from vol=18|lay=10
17:42:25    RzTrackFindi   DEBUG     disc z=2750 [745, 1027.54] bands 1 from vol=18|lay=11
17:42:25    RzTrackFindi   DEBUG     disc z=2950 [745, 1027.54] bands 1 sensitive from vol=18|lay=12
17:42:25    RzTrackFindi   DEBUG     disc z=2978.59 [745, 1027.54] bands 1 from vol=18|lay=13
17:42:25    Sequencer      INFO      Add Algorithm 'RzTrackFindingAlgorithm'
17:42:25    Sequencer      INFO      <- InputMeasurements 'measurements':
17:42:25    Sequencer      INFO         MeasurementContainer
17:42:25    Sequencer      INFO      <- InputInitialTrackParameters 'estimatedparameters':
17:42:25    Sequencer      INFO         vector<BoundTrackParameters>
17:42:25    Sequencer      INFO      -> OutputTracks 'rz_tracks':
17:42:25    Sequencer      INFO            TrackContainer<ConstVectorTrackContainer, ConstVectorMultiTrajectory, shared_ptr>
17:42:25    Sequencer      INFO      Add Algorithm 'TrackTruthMatcher'
17:42:25    Sequencer      INFO      <- InputTracks 'rz_tracks':
17:42:25    Sequencer      INFO            TrackContainer<ConstVectorTrackContainer, ConstVectorMultiTrajectory, shared_ptr>
17:42:25    Sequencer      INFO      <- InputParticles 'particles_selected':
17:42:25    Sequencer      INFO         flat_set<SimParticle, detail::CompareParticleId, void>
17:42:25    Sequencer      INFO      <- InputMeasurementParticlesMap 'measurement_particles_map':
17:42:25    Sequencer      INFO         flat_multimap<unsigned int, Barcode, less<unsigned int>, void>
17:42:25    Sequencer      INFO      -> OutputTrackParticleMatching 'rz_track_particle_matching':
17:42:25    Sequencer      INFO            map<unsigned int, TrackMatchEntry, less<unsigned int>, allocator<pair<unsigned int const, TrackMatchEntry>>>
17:42:25    Sequencer      INFO      -> OutputParticleTrackMatching 'rz_particle_track_matching':
17:42:25    Sequencer      INFO            map<Barcode, ParticleMatchEntry, less<Barcode>, allocator<pair<Barcode const, ParticleMatchEntry>>>
17:42:25    Sequencer      INFO      Key 'rz_track_particle_matching' aliased to 'track_particle_matching'
17:42:25    Sequencer      INFO      Key 'rz_particle_track_matching' aliased to 'particle_track_matching'
17:42:25    Sequencer      INFO      Add Writer 'RootTrackSummaryWriter'
17:42:25    Sequencer      INFO      <- InputHandle 'rz_tracks':
17:42:25    Sequencer      INFO            TrackContainer<ConstVectorTrackContainer, ConstVectorMultiTrajectory, shared_ptr>
17:42:25    Sequencer      INFO      <- InputParticles 'particles_selected':
17:42:25    Sequencer      INFO         flat_set<SimParticle, detail::CompareParticleId, void>
17:42:25    Sequencer      INFO      <- InputTrackParticleMatching 'track_particle_matching':
17:42:25    Sequencer      INFO            map<unsigned int, TrackMatchEntry, less<unsigned int>, allocator<pair<unsigned int const, TrackMatchEntry>>>
17:42:25    ResPlotTool    DEBUG     Initialize the histograms for residual and pull plots
17:42:25    EffPlotTool    DEBUG     Initialize the histograms for efficiency plots
17:42:25    TrackSummary   DEBUG     Initialize the histograms for track info plots
17:42:25    Sequencer      INFO      Add Writer 'RootTrackParameterPerformanceWriter'
17:42:25    Sequencer      INFO      <- InputHandle 'rz_tracks':
17:42:25    Sequencer      INFO            TrackContainer<ConstVectorTrackContainer, ConstVectorMultiTrajectory, shared_ptr>
17:42:25    Sequencer      INFO      <- InputParticles 'particles_selected':
17:42:25    Sequencer      INFO         flat_set<SimParticle, detail::CompareParticleId, void>
17:42:25    Sequencer      INFO      <- InputTrackParticleMatching 'track_particle_matching':
17:42:25    Sequencer      INFO            map<unsigned int, TrackMatchEntry, less<unsigned int>, allocator<pair<unsigned int const, TrackMatchEntry>>>
17:42:25    EffPlotTool    DEBUG     Initialize the histograms for efficiency plots
17:42:25    FakePlotTool   DEBUG     Initialize the histograms for fake ratio plots
17:42:25    DuplicationP   DEBUG     Initialize the histograms for duplication ratio plots
17:42:25    TrackSummary   DEBUG     Initialize the histograms for track info plots
17:42:25    TrackQuality   DEBUG     Initialize the histograms for track quality plots
17:42:25    Sequencer      INFO      Add Writer 'RootPatternRecognitionPerformanceWriter'
17:42:25    Sequencer      INFO      <- InputHandle 'rz_tracks':
17:42:25    Sequencer      INFO            TrackContainer<ConstVectorTrackContainer, ConstVectorMultiTrajectory, shared_ptr>
17:42:25    Sequencer      INFO      <- InputParticles 'particles_selected':
17:42:25    Sequencer      INFO         flat_set<SimParticle, detail::CompareParticleId, void>
17:42:25    Sequencer      INFO      <- InputTrackParticleMatching 'track_particle_matching':
17:42:25    Sequencer      INFO            map<unsigned int, TrackMatchEntry, less<unsigned int>, allocator<pair<unsigned int const, TrackMatchEntry>>>
17:42:25    Sequencer      INFO      <- InputParticleTrackMatching 'particle_track_matching':
17:42:25    Sequencer      INFO            map<Barcode, ParticleMatchEntry, less<Barcode>, allocator<pair<Barcode const, ParticleMatchEntry>>>
17:42:25    Sequencer      INFO      <- InputParticleMeasurementsMap 'particle_measurements_map':
17:42:25    Sequencer      INFO         flat_multimap<Barcode, unsigned int, less<Barcode>, void>
17:42:25    Sequencer      INFO      Processing events [0, 200)
17:42:25    Sequencer      INFO      Starting event loop with 1 threads
17:42:25    Sequencer      INFO        0 context decorators
17:42:25    Sequencer      INFO        18 sequence elements
17:42:25    Sequencer      INFO        1 readers
17:42:25    Sequencer      INFO        12 algorithms
17:42:25    Sequencer      INFO        5 writers
17:42:25    Sequencer      DEBUG     start processing event 0 on thread 0
17:42:25    EventGenerat   DEBUG     Generating primary vertices took 0.016126 ms total, 8.063 us +- 5.979 us per sample (#2)
17:42:25    EventGenerat   DEBUG     Merging HepMC3 events took 0.011834 ms total, 5.917 us +- 3.5 us per sample (#2)
17:42:25    EventGenerat   DEBUG     event=0 n_primary_vertices=2 n_particles=10
17:42:25    HepMC3InputC   DEBUG     HepMC3InputConverter::execute
17:42:25    HepMC3InputC   DEBUG     Have 2 vertices
17:42:25    HepMC3InputC   DEBUG     Have 10 particles
17:42:25    HepMC3InputC   DEBUG     Have 0 event number
17:42:25    HepMC3InputC   DEBUG     Converting HepMC3 event to internal EDM
17:42:25    HepMC3InputC   DEBUG     Finding primary vertex clusters took 0 ms
17:42:25    HepMC3InputC   DEBUG     Found 2 primary vertex clusters (~ primary vertices)
17:42:25    HepMC3InputC   DEBUG     Found 8 undecayed particles in the event
17:42:25    HepMC3InputC   DEBUG     Reserving 1 vertices and 8 particles
17:42:25    HepMC3InputC   DEBUG     Converting HepMC3 vertices to internal EDM took 0.015 ms
17:42:25    HepMC3InputC   DEBUG     Converted 8 particles and 2 vertices
17:42:25    HepMC3InputC   DEBUG     Sorting particles and vertices took 0.001 ms
17:42:25    FatrasSimula   DEBUG     8 input particles
17:42:25    FatrasSimula   DEBUG     8 simulated particles (initial state)
17:42:25    FatrasSimula   DEBUG     8 simulated particles (final state)
17:42:25    FatrasSimula   DEBUG     100 simulated hits
17:42:25    Digitization   DEBUG     Loaded 100 sim hits
17:42:25    Digitization   DEBUG     Starting loop over modules ...
17:42:25    Digitization   DEBUG     Created 100 measurements, 100 clusters from 100 sim hits.
17:42:25    ParticleSele   DEBUG     event 0 selected 8 from 8 particles
17:42:25    ParticleSele   DEBUG     filtered out because of charge: 0
17:42:25    ParticleSele   DEBUG     filtered out because of hit count: 0
17:42:25    ParticleSele   DEBUG     filtered out because of measurement count: 0
17:42:25    SpacePointMa   DEBUG     Created 42 pixel space points
17:42:25    SpacePointMa   DEBUG     Build strip space points
17:42:25    SpacePointMa   DEBUG     Created 0 strip space points
17:42:25    SpacePointMa   DEBUG     Created 42 space points
17:42:25    GridTripletS   DEBUG     Created 38 track seeds from 42 space points
17:42:25    TrackParamsE   DEBUG     Estimated 38 track parameters from 38 seeds
17:42:25    SeedsToTrack   DEBUG     Received 38 seeds
17:42:25    SeedsToTrack   DEBUG     Produced 38 tracks
17:42:25    RzTrackFindi   DEBUG     Binned 100 of 100 measurements
17:42:25    RzTrackFindi   DEBUG     Found 38 tracks from 38 seeds
17:42:25    Sequencer      DEBUG     finished event 0
17:42:25    Sequencer      DEBUG     start processing event 1 on thread 0
17:42:25    EventGenerat   DEBUG     Generating primary vertices took 0.005834 ms total, 2.917 us +- 1.25 us per sample (#2)
17:42:25    EventGenerat   DEBUG     Merging HepMC3 events took 0.005167 ms total, 2.5835 us +- 0.5415 us per sample (#2)
17:42:25    EventGenerat   DEBUG     event=1 n_primary_vertices=2 n_particles=10
17:42:25    HepMC3InputC   DEBUG     HepMC3InputConverter::execute
17:42:25    HepMC3InputC   DEBUG     Have 2 vertices
17:42:25    HepMC3InputC   DEBUG     Have 10 particles
17:42:25    HepMC3InputC   DEBUG     Have 1 event number
17:42:25    HepMC3InputC   DEBUG     Converting HepMC3 event to internal EDM
17:42:25    HepMC3InputC   DEBUG     Finding primary vertex clusters took 0 ms
17:42:25    HepMC3InputC   DEBUG     Found 2 primary vertex clusters (~ primary vertices)
17:42:25    HepMC3InputC   DEBUG     Found 8 undecayed particles in the event
17:42:25    HepMC3InputC   DEBUG     Reserving 1 vertices and 8 particles
17:42:25    HepMC3InputC   DEBUG     Converting HepMC3 vertices to internal EDM took 0.009 ms
17:42:25    HepMC3InputC   DEBUG     Converted 8 particles and 2 vertices
17:42:25    HepMC3InputC   DEBUG     Sorting particles and vertices took 0 ms
17:42:25    FatrasSimula   DEBUG     8 input particles
17:42:25    FatrasSimula   DEBUG     8 simulated particles (initial state)
17:42:25    FatrasSimula   DEBUG     8 simulated particles (final state)
17:42:25    FatrasSimula   DEBUG     91 simulated hits
17:42:25    Digitization   DEBUG     Loaded 91 sim hits
17:42:25    Digitization   DEBUG     Starting loop over modules ...
17:42:25    Digitization   DEBUG     Created 91 measurements, 91 clusters from 91 sim hits.
17:42:25    ParticleSele   DEBUG     event 1 selected 8 from 8 particles
17:42:25    ParticleSele   DEBUG     filtered out because of charge: 0
17:42:25    ParticleSele   DEBUG     filtered out because of hit count: 0
17:42:25    ParticleSele   DEBUG     filtered out because of measurement count: 0
17:42:25    SpacePointMa   DEBUG     Created 40 pixel space points
17:42:25    SpacePointMa   DEBUG     Build strip space points
17:42:25    SpacePointMa   DEBUG     Created 0 strip space points
17:42:25    SpacePointMa   DEBUG     Created 40 space points
17:42:25    GridTripletS   DEBUG     Created 32 track seeds from 40 space points
17:42:25    TrackParamsE   DEBUG     Estimated 32 track parameters from 32 seeds
17:42:25    SeedsToTrack   DEBUG     Received 32 seeds
17:42:25    SeedsToTrack   DEBUG     Produced 32 tracks
17:42:25    RzTrackFindi   DEBUG     Binned 91 of 91 measurements
17:42:25    RzTrackFindi   DEBUG     Backward pass failed with 3 on a track with 9 measurements
17:42:25    RzTrackFindi   DEBUG     
17:42:25    RzTrackFindi   DEBUG     Found 32 tracks from 32 seeds
17:42:25    Sequencer      DEBUG     finished event 1
17:42:25    Sequencer      DEBUG     start processing event 2 on thread 0
17:42:25    EventGenerat   DEBUG     Generating primary vertices took 0.004625 ms total, 2.3125 us +- 0.8125 us per sample (#2)
17:42:25    EventGenerat   DEBUG     Merging HepMC3 events took 0.004251 ms total, 2.1255 us +- 0.2915 us per sample (#2)
17:42:25    EventGenerat   DEBUG     event=2 n_primary_vertices=2 n_particles=10
17:42:25    HepMC3InputC   DEBUG     HepMC3InputConverter::execute
17:42:25    HepMC3InputC   DEBUG     Have 2 vertices
17:42:25    HepMC3InputC   DEBUG     Have 10 particles
17:42:25    HepMC3InputC   DEBUG     Have 2 event number
17:42:25    HepMC3InputC   DEBUG     Converting HepMC3 event to internal EDM
17:42:25    HepMC3InputC   DEBUG     Finding primary vertex clusters took 0 ms
17:42:25    HepMC3InputC   DEBUG     Found 2 primary vertex clusters (~ primary vertices)
17:42:25    HepMC3InputC   DEBUG     Found 8 undecayed particles in the event
17:42:25    HepMC3InputC   DEBUG     Reserving 1 vertices and 8 particles
17:42:25    HepMC3InputC   DEBUG     Converting HepMC3 vertices to internal EDM took 0.008 ms
17:42:25    HepMC3InputC   DEBUG     Converted 8 particles and 2 vertices
17:42:25    HepMC3InputC   DEBUG     Sorting particles and vertices took 0 ms
17:42:25    FatrasSimula   DEBUG     8 input particles
17:42:25    FatrasSimula   DEBUG     8 simulated particles (initial state)
17:42:25    FatrasSimula   DEBUG     8 simulated particles (final state)
17:42:25    FatrasSimula   DEBUG     93 simulated hits
17:42:25    Digitization   DEBUG     Loaded 93 sim hits
17:42:25    Digitization   DEBUG     Starting loop over modules ...
17:42:25    Digitization   DEBUG     Created 93 measurements, 93 clusters from 93 sim hits.
17:42:25    ParticleSele   DEBUG     event 2 selected 8 from 8 particles
17:42:25    ParticleSele   DEBUG     filtered out because of charge: 0
17:42:25    ParticleSele   DEBUG     filtered out because of hit count: 0
17:42:25    ParticleSele   DEBUG     filtered out because of measurement count: 0
17:42:25    SpacePointMa   DEBUG     Created 40 pixel space points
17:42:25    SpacePointMa   DEBUG     Build strip space points
17:42:25    SpacePointMa   DEBUG     Created 0 strip space points
17:42:25    SpacePointMa   DEBUG     Created 40 space points
17:42:25    GridTripletS   DEBUG     Created 35 track seeds from 40 space points
17:42:25    TrackParamsE   DEBUG     Estimated 35 track parameters from 35 seeds
17:42:25    SeedsToTrack   DEBUG     Received 35 seeds
17:42:25    SeedsToTrack   DEBUG     Produced 35 tracks
17:42:25    RzTrackFindi   DEBUG     Binned 93 of 93 measurements
17:42:25    RzTrackFindi   DEBUG     Found 34 tracks from 35 seeds
17:42:25    Sequencer      DEBUG     finished event 2
17:42:25    Sequencer      DEBUG     start processing event 3 on thread 0
17:42:25    EventGenerat   DEBUG     Generating primary vertices took 0.003958 ms total, 1.979 us +- 0.187 us per sample (#2)
17:42:25    EventGenerat   DEBUG     Merging HepMC3 events took 0.004334 ms total, 2.167 us +- 0.25 us per sample (#2)
17:42:25    EventGenerat   DEBUG     event=3 n_primary_vertices=2 n_particles=10
17:42:25    HepMC3InputC   DEBUG     HepMC3InputConverter::execute
17:42:25    HepMC3InputC   DEBUG     Have 2 vertices
17:42:25    HepMC3InputC   DEBUG     Have 10 particles
17:42:25    HepMC3InputC   DEBUG     Have 3 event number
17:42:25    HepMC3InputC   DEBUG     Converting HepMC3 event to internal EDM
17:42:25    HepMC3InputC   DEBUG     Finding primary vertex clusters took 0 ms
17:42:25    HepMC3InputC   DEBUG     Found 2 primary vertex clusters (~ primary vertices)
17:42:25    HepMC3InputC   DEBUG     Found 8 undecayed particles in the event
17:42:25    HepMC3InputC   DEBUG     Reserving 1 vertices and 8 particles
17:42:25    HepMC3InputC   DEBUG     Converting HepMC3 vertices to internal EDM took 0.008 ms
17:42:25    HepMC3InputC   DEBUG     Converted 8 particles and 2 vertices
17:42:25    HepMC3InputC   DEBUG     Sorting particles and vertices took 0 ms
17:42:25    FatrasSimula   DEBUG     8 input particles
17:42:25    FatrasSimula   DEBUG     8 simulated particles (initial state)
17:42:25    FatrasSimula   DEBUG     8 simulated particles (final state)
17:42:25    FatrasSimula   DEBUG     105 simulated hits
17:42:25    Digitization   DEBUG     Loaded 105 sim hits
17:42:25    Digitization   DEBUG     Starting loop over modules ...
17:42:25    Digitization   DEBUG     Created 105 measurements, 105 clusters from 105 sim hits.
17:42:25    ParticleSele   DEBUG     event 3 selected 8 from 8 particles
17:42:25    ParticleSele   DEBUG     filtered out because of charge: 0
17:42:25    ParticleSele   DEBUG     filtered out because of hit count: 0
17:42:25    ParticleSele   DEBUG     filtered out because of measurement count: 0
17:42:25    SpacePointMa   DEBUG     Created 47 pixel space points
17:42:25    SpacePointMa   DEBUG     Build strip space points
17:42:25    SpacePointMa   DEBUG     Created 0 strip space points
17:42:25    SpacePointMa   DEBUG     Created 47 space points
17:42:25    GridTripletS   DEBUG     Created 38 track seeds from 47 space points
17:42:25    TrackParamsE   DEBUG     Estimated 38 track parameters from 38 seeds
17:42:25    SeedsToTrack   DEBUG     Received 38 seeds
17:42:25    SeedsToTrack   DEBUG     Produced 38 tracks
17:42:25    RzTrackFindi   DEBUG     Binned 105 of 105 measurements
17:42:25    RzTrackFindi   DEBUG     Found 38 tracks from 38 seeds
17:42:25    Sequencer      DEBUG     finished event 3
17:42:25    Sequencer      DEBUG     start processing event 4 on thread 0
17:42:25    EventGenerat   DEBUG     Generating primary vertices took 0.003459 ms total, 1.7295 us +- 0.2295 us per sample (#2)
17:42:25    EventGenerat   DEBUG     Merging HepMC3 events took 0.003749 ms total, 1.8745 us +- 0.2085 us per sample (#2)
17:42:25    EventGenerat   DEBUG     event=4 n_primary_vertices=2 n_particles=10
17:42:25    HepMC3InputC   DEBUG     HepMC3InputConverter::execute
17:42:25    HepMC3InputC   DEBUG     Have 2 vertices
17:42:25    HepMC3InputC   DEBUG     Have 10 particles
17:42:25    HepMC3InputC   DEBUG     Have 4 event number
17:42:25    HepMC3InputC   DEBUG     Converting HepMC3 event to internal EDM
17:42:25    HepMC3InputC   DEBUG     Finding primary vertex clusters took 0 ms
17:42:25    HepMC3InputC   DEBUG     Found 2 primary vertex clusters (~ primary vertices)
17:42:25    HepMC3InputC   DEBUG     Found 8 undecayed particles in the event
17:42:25    HepMC3InputC   DEBUG     Reserving 1 vertices and 8 particles
17:42:25    HepMC3InputC   DEBUG     Converting HepMC3 vertices to internal EDM took 0.008 ms
17:42:25    HepMC3InputC   DEBUG     Converted 8 particles and 2 vertices
17:42:25    HepMC3InputC   DEBUG     Sorting particles and vertices took 0 ms
17:42:25    FatrasSimula   DEBUG     8 input particles
17:42:25    FatrasSimula   DEBUG     8 simulated particles (initial state)
17:42:25    FatrasSimula   DEBUG     8 simulated particles (final state)
17:42:25    FatrasSimula   DEBUG     87 simulated hits
17:42:25    Digitization   DEBUG     Loaded 87 sim hits
17:42:25    Digitization   DEBUG     Starting loop over modules ...
17:42:25    Digitization   DEBUG     Created 87 measurements, 87 clusters from 87 sim hits.
17:42:25    ParticleSele   DEBUG     event 4 selected 8 from 8 particles
17:42:25    ParticleSele   DEBUG     filtered out because of charge: 0
17:42:25    ParticleSele   DEBUG     filtered out because of hit count: 0
17:42:25    ParticleSele   DEBUG     filtered out because of measurement count: 0
17:42:25    SpacePointMa   DEBUG     Created 40 pixel space points
17:42:25    SpacePointMa   DEBUG     Build strip space points
17:42:25    SpacePointMa   DEBUG     Created 0 strip space points
17:42:25    SpacePointMa   DEBUG     Created 40 space points
17:42:25    GridTripletS   DEBUG     Created 36 track seeds from 40 space points
17:42:25    TrackParamsE   DEBUG     Estimated 36 track parameters from 36 seeds
17:42:25    SeedsToTrack   DEBUG     Received 36 seeds
17:42:25    SeedsToTrack   DEBUG     Produced 36 tracks
17:42:25    RzTrackFindi   DEBUG     Binned 87 of 87 measurements
17:42:25    RzTrackFindi   DEBUG     Found 36 tracks from 36 seeds
17:42:25    Sequencer      DEBUG     finished event 4
17:42:25    Sequencer      DEBUG     start processing event 5 on thread 0
17:42:25    EventGenerat   DEBUG     Generating primary vertices took 0.003542 ms total, 1.771 us +- 0.271 us per sample (#2)
17:42:25    EventGenerat   DEBUG     Merging HepMC3 events took 0.003708 ms total, 1.854 us +- 0.229 us per sample (#2)
17:42:25    EventGenerat   DEBUG     event=5 n_primary_vertices=2 n_particles=10
17:42:25    HepMC3InputC   DEBUG     HepMC3InputConverter::execute
17:42:25    HepMC3InputC   DEBUG     Have 2 vertices
17:42:25    HepMC3InputC   DEBUG     Have 10 particles
17:42:25    HepMC3InputC   DEBUG     Have 5 event number
17:42:25    HepMC3InputC   DEBUG     Converting HepMC3 event to internal EDM
17:42:25    HepMC3InputC   DEBUG     Finding primary vertex clusters took 0 ms
17:42:25    HepMC3InputC   DEBUG     Found 2 primary vertex clusters (~ primary vertices)
17:42:25    HepMC3InputC   DEBUG     Found 8 undecayed particles in the event
17:42:25    HepMC3InputC   DEBUG     Reserving 1 vertices and 8 particles
17:42:25    HepMC3InputC   DEBUG     Converting HepMC3 vertices to internal EDM took 0.008 ms
17:42:25    HepMC3InputC   DEBUG     Converted 8 particles and 2 vertices
17:42:25    HepMC3InputC   DEBUG     Sorting particles and vertices took 0 ms
17:42:25    FatrasSimula   DEBUG     8 input particles
17:42:25    FatrasSimula   DEBUG     8 simulated particles (initial state)
17:42:25    FatrasSimula   DEBUG     8 simulated particles (final state)
17:42:25    FatrasSimula   DEBUG     101 simulated hits
17:42:25    Digitization   DEBUG     Loaded 101 sim hits
17:42:25    Digitization   DEBUG     Starting loop over modules ...
17:42:25    Digitization   DEBUG     Created 101 measurements, 101 clusters from 101 sim hits.
17:42:25    ParticleSele   DEBUG     event 5 selected 8 from 8 particles
17:42:25    ParticleSele   DEBUG     filtered out because of charge: 0
17:42:25    ParticleSele   DEBUG     filtered out because of hit count: 0
17:42:25    ParticleSele   DEBUG     filtered out because of measurement count: 0
17:42:25    SpacePointMa   DEBUG     Created 42 pixel space points
17:42:25    SpacePointMa   DEBUG     Build strip space points
17:42:25    SpacePointMa   DEBUG     Created 0 strip space points
17:42:25    SpacePointMa   DEBUG     Created 42 space points
17:42:25    GridTripletS   DEBUG     Created 40 track seeds from 42 space points
17:42:25    TrackParamsE   DEBUG     Estimated 40 track parameters from 40 seeds
17:42:25    SeedsToTrack   DEBUG     Received 40 seeds
17:42:25    SeedsToTrack   DEBUG     Produced 40 tracks
17:42:25    RzTrackFindi   DEBUG     Binned 101 of 101 measurements
17:42:25    RzTrackFindi   DEBUG     Found 40 tracks from 40 seeds
17:42:25    Sequencer      DEBUG     finished event 5
17:42:25    Sequencer      DEBUG     start processing event 6 on thread 0
17:42:25    EventGenerat   DEBUG     Generating primary vertices took 0.00325 ms total, 1.625 us +- 0.167 us per sample (#2)
17:42:25    EventGenerat   DEBUG     Merging HepMC3 events took 0.003625 ms total, 1.8125 us +- 0.1875 us per sample (#2)
17:42:25    EventGenerat   DEBUG     event=6 n_primary_vertices=2 n_particles=10
17:42:25    HepMC3InputC   DEBUG     HepMC3InputConverter::execute
17:42:25    HepMC3InputC   DEBUG     Have 2 vertices
17:42:25    HepMC3InputC   DEBUG     Have 10 particles
17:42:25    HepMC3InputC   DEBUG     Have 6 event number
17:42:25    HepMC3InputC   DEBUG     Converting HepMC3 event to internal EDM
17:42:25    HepMC3InputC   DEBUG     Finding primary vertex clusters took 0 ms
17:42:25    HepMC3InputC   DEBUG     Found 2 primary vertex clusters (~ primary vertices)
17:42:25    HepMC3InputC   DEBUG     Found 8 undecayed particles in the event
17:42:25    HepMC3InputC   DEBUG     Reserving 1 vertices and 8 particles
17:42:25    HepMC3InputC   DEBUG     Converting HepMC3 vertices to internal EDM took 0.01 ms
17:42:25    HepMC3InputC   DEBUG     Converted 8 particles and 2 vertices
17:42:25    HepMC3InputC   DEBUG     Sorting particles and vertices took 0 ms
17:42:25    FatrasSimula   DEBUG     8 input particles
17:42:25    FatrasSimula   DEBUG     8 simulated particles (initial state)
17:42:25    FatrasSimula   DEBUG     8 simulated particles (final state)
17:42:25    FatrasSimula   DEBUG     98 simulated hits
17:42:25    Digitization   DEBUG     Loaded 98 sim hits
17:42:25    Digitization   DEBUG     Starting loop over modules ...
17:42:25    Digitization   DEBUG     Created 98 measurements, 98 clusters from 98 sim hits.
17:42:25    ParticleSele   DEBUG     event 6 selected 8 from 8 particles
17:42:25    ParticleSele   DEBUG     filtered out because of charge: 0
17:42:25    ParticleSele   DEBUG     filtered out because of hit count: 0
17:42:25    ParticleSele   DEBUG     filtered out because of measurement count: 0
17:42:25    SpacePointMa   DEBUG     Created 38 pixel space points
17:42:25    SpacePointMa   DEBUG     Build strip space points
17:42:25    SpacePointMa   DEBUG     Created 0 strip space points
17:42:25    SpacePointMa   DEBUG     Created 38 space points
17:42:25    GridTripletS   DEBUG     Created 34 track seeds from 38 space points
17:42:25    TrackParamsE   DEBUG     Estimated 34 track parameters from 34 seeds
17:42:25    SeedsToTrack   DEBUG     Received 34 seeds
17:42:25    SeedsToTrack   DEBUG     Produced 34 tracks
17:42:25    RzTrackFindi   DEBUG     Binned 98 of 98 measurements
17:42:25    RzTrackFindi   DEBUG     Found 34 tracks from 34 seeds
17:42:25    Sequencer      DEBUG     finished event 6
17:42:25    Sequencer      DEBUG     start processing event 7 on thread 0
17:42:25    EventGenerat   DEBUG     Generating primary vertices took 0.003333 ms total, 1.6665 us +- 0.1665 us per sample (#2)
17:42:25    EventGenerat   DEBUG     Merging HepMC3 events took 0.003751 ms total, 1.8755 us +- 0.2085 us per sample (#2)
17:42:25    EventGenerat   DEBUG     event=7 n_primary_vertices=2 n_particles=10
17:42:25    HepMC3InputC   DEBUG     HepMC3InputConverter::execute
17:42:25    HepMC3InputC   DEBUG     Have 2 vertices
17:42:25    HepMC3InputC   DEBUG     Have 10 particles
17:42:25    HepMC3InputC   DEBUG     Have 7 event number
17:42:25    HepMC3InputC   DEBUG     Converting HepMC3 event to internal EDM
17:42:25    HepMC3InputC   DEBUG     Finding primary vertex clusters took 0 ms
17:42:25    HepMC3InputC   DEBUG     Found 2 primary vertex clusters (~ primary vertices)
17:42:25    HepMC3InputC   DEBUG     Found 8 undecayed particles in the event
17:42:25    HepMC3InputC   DEBUG     Reserving 1 vertices and 8 particles
17:42:25    HepMC3InputC   DEBUG     Converting HepMC3 vertices to internal EDM took 0.007 ms
17:42:25    HepMC3InputC   DEBUG     Converted 8 particles and 2 vertices
17:42:25    HepMC3InputC   DEBUG     Sorting particles and vertices took 0 ms
17:42:25    FatrasSimula   DEBUG     8 input particles
17:42:25    FatrasSimula   DEBUG     8 simulated particles (initial state)
17:42:25    FatrasSimula   DEBUG     8 simulated particles (final state)
17:42:25    FatrasSimula   DEBUG     97 simulated hits
17:42:25    Digitization   DEBUG     Loaded 97 sim hits
17:42:25    Digitization   DEBUG     Starting loop over modules ...
17:42:25    Digitization   DEBUG     Created 97 measurements, 97 clusters from 97 sim hits.
17:42:25    ParticleSele   DEBUG     event 7 selected 8 from 8 particles
17:42:25    ParticleSele   DEBUG     filtered out because of charge: 0
17:42:25    ParticleSele   DEBUG     filtered out because of hit count: 0
17:42:25    ParticleSele   DEBUG     filtered out because of measurement count: 0
17:42:25    SpacePointMa   DEBUG     Created 45 pixel space points
17:42:25    SpacePointMa   DEBUG     Build strip space points
17:42:25    SpacePointMa   DEBUG     Created 0 strip space points
17:42:25    SpacePointMa   DEBUG     Created 45 space points
17:42:25    GridTripletS   DEBUG     Created 36 track seeds from 45 space points
17:42:25    TrackParamsE   DEBUG     Estimated 36 track parameters from 36 seeds
17:42:25    SeedsToTrack   DEBUG     Received 36 seeds
17:42:25    SeedsToTrack   DEBUG     Produced 36 tracks
17:42:25    RzTrackFindi   DEBUG     Binned 97 of 97 measurements
17:42:25    RzTrackFindi   DEBUG     Found 36 tracks from 36 seeds
17:42:25    Sequencer      DEBUG     finished event 7
17:42:25    Sequencer      DEBUG     start processing event 8 on thread 0
17:42:25    EventGenerat   DEBUG     Generating primary vertices took 0.003292 ms total, 1.646 us +- 0.146 us per sample (#2)
17:42:25    EventGenerat   DEBUG     Merging HepMC3 events took 0.003667 ms total, 1.8335 us +- 0.2085 us per sample (#2)
17:42:25    EventGenerat   DEBUG     event=8 n_primary_vertices=2 n_particles=10
17:42:25    HepMC3InputC   DEBUG     HepMC3InputConverter::execute
17:42:25    HepMC3InputC   DEBUG     Have 2 vertices
17:42:25    HepMC3InputC   DEBUG     Have 10 particles
17:42:25    HepMC3InputC   DEBUG     Have 8 event number
17:42:25    HepMC3InputC   DEBUG     Converting HepMC3 event to internal EDM
17:42:25    HepMC3InputC   DEBUG     Finding primary vertex clusters took 0 ms
17:42:25    HepMC3InputC   DEBUG     Found 2 primary vertex clusters (~ primary vertices)
17:42:25    HepMC3InputC   DEBUG     Found 8 undecayed particles in the event
17:42:25    HepMC3InputC   DEBUG     Reserving 1 vertices and 8 particles
17:42:25    HepMC3InputC   DEBUG     Converting HepMC3 vertices to internal EDM took 0.007 ms
17:42:25    HepMC3InputC   DEBUG     Converted 8 particles and 2 vertices
17:42:25    HepMC3InputC   DEBUG     Sorting particles and vertices took 0 ms
17:42:25    FatrasSimula   DEBUG     8 input particles
17:42:25    FatrasSimula   DEBUG     8 simulated particles (initial state)
17:42:25    FatrasSimula   DEBUG     8 simulated particles (final state)
17:42:25    FatrasSimula   DEBUG     99 simulated hits
17:42:25    Digitization   DEBUG     Loaded 99 sim hits
17:42:25    Digitization   DEBUG     Starting loop over modules ...
17:42:25    Digitization   DEBUG     Created 99 measurements, 99 clusters from 99 sim hits.
17:42:25    ParticleSele   DEBUG     event 8 selected 8 from 8 particles
17:42:25    ParticleSele   DEBUG     filtered out because of charge: 0
17:42:25    ParticleSele   DEBUG     filtered out because of hit count: 0
17:42:25    ParticleSele   DEBUG     filtered out because of measurement count: 0
17:42:25    SpacePointMa   DEBUG     Created 41 pixel space points
17:42:25    SpacePointMa   DEBUG     Build strip space points
17:42:25    SpacePointMa   DEBUG     Created 0 strip space points
17:42:25    SpacePointMa   DEBUG     Created 41 space points
17:42:25    GridTripletS   DEBUG     Created 37 track seeds from 41 space points
17:42:25    TrackParamsE   DEBUG     Estimated 37 track parameters from 37 seeds
17:42:25    SeedsToTrack   DEBUG     Received 37 seeds
17:42:25    SeedsToTrack   DEBUG     Produced 37 tracks
17:42:25    RzTrackFindi   DEBUG     Binned 99 of 99 measurements
17:42:25    RzTrackFindi   DEBUG     Found 37 tracks from 37 seeds
17:42:25    Sequencer      DEBUG     finished event 8
17:42:25    Sequencer      DEBUG     start processing event 9 on thread 0
17:42:25    EventGenerat   DEBUG     Generating primary vertices took 0.003375 ms total, 1.6875 us +- 0.1875 us per sample (#2)
17:42:25    EventGenerat   DEBUG     Merging HepMC3 events took 0.003875 ms total, 1.9375 us +- 0.1875 us per sample (#2)
17:42:25    EventGenerat   DEBUG     event=9 n_primary_vertices=2 n_particles=10
17:42:25    HepMC3InputC   DEBUG     HepMC3InputConverter::execute
17:42:25    HepMC3InputC   DEBUG     Have 2 vertices
17:42:25    HepMC3InputC   DEBUG     Have 10 particles
17:42:25    HepMC3InputC   DEBUG     Have 9 event number
17:42:25    HepMC3InputC   DEBUG     Converting HepMC3 event to internal EDM
17:42:25    HepMC3InputC   DEBUG     Finding primary vertex clusters took 0 ms
17:42:25    HepMC3InputC   DEBUG     Found 2 primary vertex clusters (~ primary vertices)
17:42:25    HepMC3InputC   DEBUG     Found 8 undecayed particles in the event
17:42:25    HepMC3InputC   DEBUG     Reserving 1 vertices and 8 particles
17:42:25    HepMC3InputC   DEBUG     Converting HepMC3 vertices to internal EDM took 0.008 ms
17:42:25    HepMC3InputC   DEBUG     Converted 8 particles and 2 vertices
17:42:25    HepMC3InputC   DEBUG     Sorting particles and vertices took 0 ms
17:42:25    FatrasSimula   DEBUG     8 input particles
17:42:25    FatrasSimula   DEBUG     8 simulated particles (initial state)
17:42:25    FatrasSimula   DEBUG     8 simulated particles (final state)
17:42:25    FatrasSimula   DEBUG     91 simulated hits
17:42:25    Digitization   DEBUG     Loaded 91 sim hits
17:42:25    Digitization   DEBUG     Starting loop over modules ...
17:42:25    Digitization   DEBUG     Created 91 measurements, 91 clusters from 91 sim hits.
17:42:25    ParticleSele   DEBUG     event 9 selected 8 from 8 particles
17:42:25    ParticleSele   DEBUG     filtered out because of charge: 0
17:42:25    ParticleSele   DEBUG     filtered out because of hit count: 0
17:42:25    ParticleSele   DEBUG     filtered out because of measurement count: 0
17:42:25    SpacePointMa   DEBUG     Created 35 pixel space points
17:42:25    SpacePointMa   DEBUG     Build strip space points
17:42:25    SpacePointMa   DEBUG     Created 0 strip space points
17:42:25    SpacePointMa   DEBUG     Created 35 space points
17:42:25    GridTripletS   DEBUG     Created 30 track seeds from 35 space points
17:42:25    TrackParamsE   DEBUG     Estimated 30 track parameters from 30 seeds
17:42:25    SeedsToTrack   DEBUG     Received 30 seeds
17:42:25    SeedsToTrack   DEBUG     Produced 30 tracks
17:42:25    RzTrackFindi   DEBUG     Binned 91 of 91 measurements
17:42:25    RzTrackFindi   DEBUG     Found 29 tracks from 30 seeds
17:42:25    Sequencer      DEBUG     finished event 9
17:42:25    Sequencer      DEBUG     start processing event 10 on thread 0
17:42:25    EventGenerat   DEBUG     Generating primary vertices took 0.003249 ms total, 1.6245 us +- 0.1665 us per sample (#2)
17:42:25    EventGenerat   DEBUG     Merging HepMC3 events took 0.003625 ms total, 1.8125 us +- 0.1875 us per sample (#2)
17:42:25    EventGenerat   DEBUG     event=10 n_primary_vertices=2 n_particles=10
17:42:25    HepMC3InputC   DEBUG     HepMC3InputConverter::execute
17:42:25    HepMC3InputC   DEBUG     Have 2 vertices
17:42:25    HepMC3InputC   DEBUG     Have 10 particles
17:42:25    HepMC3InputC   DEBUG     Have 10 event number
17:42:25    HepMC3InputC   DEBUG     Converting HepMC3 event to internal EDM
17:42:25    HepMC3InputC   DEBUG     Finding primary vertex clusters took 0 ms
17:42:25    HepMC3InputC   DEBUG     Found 2 primary vertex clusters (~ primary vertices)
17:42:25    HepMC3InputC   DEBUG     Found 8 undecayed particles in the event
17:42:25    HepMC3InputC   DEBUG     Reserving 1 vertices and 8 particles
17:42:25    HepMC3InputC   DEBUG     Converting HepMC3 vertices to internal EDM took 0.008 ms
17:42:25    HepMC3InputC   DEBUG     Converted 8 particles and 2 vertices
17:42:25    HepMC3InputC   DEBUG     Sorting particles and vertices took 0 ms
17:42:25    FatrasSimula   DEBUG     8 input particles
17:42:25    FatrasSimula   DEBUG     8 simulated particles (initial state)
17:42:25    FatrasSimula   DEBUG     8 simulated particles (final state)
17:42:25    FatrasSimula   DEBUG     102 simulated hits
17:42:25    Digitization   DEBUG     Loaded 102 sim hits
17:42:25    Digitization   DEBUG     Starting loop over modules ...
17:42:25    Digitization   DEBUG     Created 102 measurements, 102 clusters from 102 sim hits.
17:42:25    ParticleSele   DEBUG     event 10 selected 8 from 8 particles
17:42:25    ParticleSele   DEBUG     filtered out because of charge: 0
17:42:25    ParticleSele   DEBUG     filtered out because of hit count: 0
17:42:25    ParticleSele   DEBUG     filtered out because of measurement count: 0
17:42:25    SpacePointMa   DEBUG     Created 43 pixel space points
17:42:25    SpacePointMa   DEBUG     Build strip space points
17:42:25    SpacePointMa   DEBUG     Created 0 strip space points
17:42:25    SpacePointMa   DEBUG     Created 43 space points
17:42:25    GridTripletS   DEBUG     Created 36 track seeds from 43 space points
17:42:25    TrackParamsE   DEBUG     Estimated 36 track parameters from 36 seeds
17:42:25    SeedsToTrack   DEBUG     Received 36 seeds
17:42:25    SeedsToTrack   DEBUG     Produced 36 tracks
17:42:25    RzTrackFindi   DEBUG     Binned 102 of 102 measurements
17:42:25    RzTrackFindi   DEBUG     Found 36 tracks from 36 seeds
17:42:25    Sequencer      DEBUG     finished event 10
17:42:25    Sequencer      DEBUG     start processing event 11 on thread 0
17:42:25    EventGenerat   DEBUG     Generating primary vertices took 0.003167 ms total, 1.5835 us +- 0.1255 us per sample (#2)
17:42:25    EventGenerat   DEBUG     Merging HepMC3 events took 0.003708 ms total, 1.854 us +- 0.188 us per sample (#2)
17:42:25    EventGenerat   DEBUG     event=11 n_primary_vertices=2 n_particles=10
17:42:25    HepMC3InputC   DEBUG     HepMC3InputConverter::execute
17:42:25    HepMC3InputC   DEBUG     Have 2 vertices
17:42:25    HepMC3InputC   DEBUG     Have 10 particles
17:42:25    HepMC3InputC   DEBUG     Have 11 event number
17:42:25    HepMC3InputC   DEBUG     Converting HepMC3 event to internal EDM
17:42:25    HepMC3InputC   DEBUG     Finding primary vertex clusters took 0 ms
17:42:25    HepMC3InputC   DEBUG     Found 2 primary vertex clusters (~ primary vertices)
17:42:25    HepMC3InputC   DEBUG     Found 8 undecayed particles in the event
17:42:25    HepMC3InputC   DEBUG     Reserving 1 vertices and 8 particles
17:42:25    HepMC3InputC   DEBUG     Converting HepMC3 vertices to internal EDM took 0.007 ms
17:42:25    HepMC3InputC   DEBUG     Converted 8 particles and 2 vertices
17:42:25    HepMC3InputC   DEBUG     Sorting particles and vertices took 0 ms
17:42:25    FatrasSimula   DEBUG     8 input particles
17:42:25    FatrasSimula   DEBUG     8 simulated particles (initial state)
17:42:25    FatrasSimula   DEBUG     8 simulated particles (final state)
17:42:25    FatrasSimula   DEBUG     99 simulated hits
17:42:25    Digitization   DEBUG     Loaded 99 sim hits
17:42:25    Digitization   DEBUG     Starting loop over modules ...
17:42:25    Digitization   DEBUG     Created 99 measurements, 99 clusters from 99 sim hits.
17:42:25    ParticleSele   DEBUG     event 11 selected 8 from 8 particles
17:42:25    ParticleSele   DEBUG     filtered out because of charge: 0
17:42:25    ParticleSele   DEBUG     filtered out because of hit count: 0
17:42:25    ParticleSele   DEBUG     filtered out because of measurement count: 0
17:42:25    SpacePointMa   DEBUG     Created 42 pixel space points
17:42:25    SpacePointMa   DEBUG     Build strip space points
17:42:25    SpacePointMa   DEBUG     Created 0 strip space points
17:42:25    SpacePointMa   DEBUG     Created 42 space points
17:42:25    GridTripletS   DEBUG     Created 40 track seeds from 42 space points
17:42:25    TrackParamsE   DEBUG     Estimated 40 track parameters from 40 seeds
17:42:25    SeedsToTrack   DEBUG     Received 40 seeds
17:42:25    SeedsToTrack   DEBUG     Produced 40 tracks
17:42:25    RzTrackFindi   DEBUG     Binned 99 of 99 measurements
17:42:25    RzTrackFindi   DEBUG     Found 40 tracks from 40 seeds
17:42:25    Sequencer      DEBUG     finished event 11
17:42:25    Sequencer      DEBUG     start processing event 12 on thread 0
17:42:25    EventGenerat   DEBUG     Generating primary vertices took 0.003208 ms total, 1.604 us +- 0.146 us per sample (#2)
17:42:25    EventGenerat   DEBUG     Merging HepMC3 events took 0.003625 ms total, 1.8125 us +- 0.1875 us per sample (#2)
17:42:25    EventGenerat   DEBUG     event=12 n_primary_vertices=2 n_particles=10
17:42:25    HepMC3InputC   DEBUG     HepMC3InputConverter::execute
17:42:25    HepMC3InputC   DEBUG     Have 2 vertices
17:42:25    HepMC3InputC   DEBUG     Have 10 particles
17:42:25    HepMC3InputC   DEBUG     Have 12 event number
17:42:25    HepMC3InputC   DEBUG     Converting HepMC3 event to internal EDM
17:42:25    HepMC3InputC   DEBUG     Finding primary vertex clusters took 0 ms
17:42:25    HepMC3InputC   DEBUG     Found 2 primary vertex clusters (~ primary vertices)
17:42:25    HepMC3InputC   DEBUG     Found 8 undecayed particles in the event
17:42:25    HepMC3InputC   DEBUG     Reserving 1 vertices and 8 particles
17:42:25    HepMC3InputC   DEBUG     Converting HepMC3 vertices to internal EDM took 0.007 ms
17:42:25    HepMC3InputC   DEBUG     Converted 8 particles and 2 vertices
17:42:25    HepMC3InputC   DEBUG     Sorting particles and vertices took 0 ms
17:42:25    FatrasSimula   DEBUG     8 input particles
17:42:25    FatrasSimula   DEBUG     8 simulated particles (initial state)
17:42:25    FatrasSimula   DEBUG     8 simulated particles (final state)
17:42:25    FatrasSimula   DEBUG     99 simulated hits
17:42:25    Digitization   DEBUG     Loaded 99 sim hits
17:42:25    Digitization   DEBUG     Starting loop over modules ...
17:42:25    Digitization   DEBUG     Created 99 measurements, 99 clusters from 99 sim hits.
17:42:25    ParticleSele   DEBUG     event 12 selected 8 from 8 particles
17:42:25    ParticleSele   DEBUG     filtered out because of charge: 0
17:42:25    ParticleSele   DEBUG     filtered out because of hit count: 0
17:42:25    ParticleSele   DEBUG     filtered out because of measurement count: 0
17:42:25    SpacePointMa   DEBUG     Created 39 pixel space points
17:42:25    SpacePointMa   DEBUG     Build strip space points
17:42:25    SpacePointMa   DEBUG     Created 0 strip space points
17:42:25    SpacePointMa   DEBUG     Created 39 space points
17:42:25    GridTripletS   DEBUG     Created 38 track seeds from 39 space points
17:42:25    TrackParamsE   DEBUG     Estimated 38 track parameters from 38 seeds
17:42:25    SeedsToTrack   DEBUG     Received 38 seeds
17:42:25    SeedsToTrack   DEBUG     Produced 38 tracks
17:42:25    RzTrackFindi   DEBUG     Binned 99 of 99 measurements
17:42:25    RzTrackFindi   DEBUG     Found 38 tracks from 38 seeds
17:42:25    Sequencer      DEBUG     finished event 12
17:42:25    Sequencer      DEBUG     start processing event 13 on thread 0
17:42:25    EventGenerat   DEBUG     Generating primary vertices took 0.003125 ms total, 1.5625 us +- 0.1045 us per sample (#2)
17:42:25    EventGenerat   DEBUG     Merging HepMC3 events took 0.00375 ms total, 1.875 us +- 0.167 us per sample (#2)
17:42:25    EventGenerat   DEBUG     event=13 n_primary_vertices=2 n_particles=10
17:42:25    HepMC3InputC   DEBUG     HepMC3InputConverter::execute
17:42:25    HepMC3InputC   DEBUG     Have 2 vertices
17:42:25    HepMC3InputC   DEBUG     Have 10 particles
17:42:25    HepMC3InputC   DEBUG     Have 13 event number
17:42:25    HepMC3InputC   DEBUG     Converting HepMC3 event to internal EDM
17:42:25    HepMC3InputC   DEBUG     Finding primary vertex clusters took 0 ms
17:42:25    HepMC3InputC   DEBUG     Found 2 primary vertex clusters (~ primary vertices)
17:42:25    HepMC3InputC   DEBUG     Found 8 undecayed particles in the event
17:42:25    HepMC3InputC   DEBUG     Reserving 1 vertices and 8 particles
17:42:25    HepMC3InputC   DEBUG     Converting HepMC3 vertices to internal EDM took 0.008 ms
17:42:25    HepMC3InputC   DEBUG     Converted 8 particles and 2 vertices
17:42:25    HepMC3InputC   DEBUG     Sorting particles and vertices took 0 ms
17:42:25    FatrasSimula   DEBUG     8 input particles
17:42:25    FatrasSimula   DEBUG     8 simulated particles (initial state)
17:42:25    FatrasSimula   DEBUG     8 simulated particles (final state)
17:42:25    FatrasSimula   DEBUG     96 simulated hits
17:42:25    Digitization   DEBUG     Loaded 96 sim hits
17:42:25    Digitization   DEBUG     Starting loop over modules ...
17:42:25    Digitization   DEBUG     Created 96 measurements, 96 clusters from 96 sim hits.
17:42:25    ParticleSele   DEBUG     event 13 selected 8 from 8 particles
17:42:25    ParticleSele   DEBUG     filtered out because of charge: 0
17:42:25    ParticleSele   DEBUG     filtered out because of hit count: 0
17:42:25    ParticleSele   DEBUG     filtered out because of measurement count: 0
17:42:25    SpacePointMa   DEBUG     Created 38 pixel space points
17:42:25    SpacePointMa   DEBUG     Build strip space points
17:42:25    SpacePointMa   DEBUG     Created 0 strip space points
17:42:25    SpacePointMa   DEBUG     Created 38 space points
17:42:25    GridTripletS   DEBUG     Created 34 track seeds from 38 space points
17:42:25    TrackParamsE   DEBUG     Estimated 34 track parameters from 34 seeds
17:42:25    SeedsToTrack   DEBUG     Received 34 seeds
17:42:25    SeedsToTrack   DEBUG     Produced 34 tracks
17:42:25    RzTrackFindi   DEBUG     Binned 96 of 96 measurements
17:42:25    RzTrackFindi   DEBUG     Found 32 tracks from 34 seeds
17:42:25    Sequencer      DEBUG     finished event 13
17:42:25    Sequencer      DEBUG     start processing event 14 on thread 0
17:42:25    EventGenerat   DEBUG     Generating primary vertices took 0.003666 ms total, 1.833 us +- 0 us per sample (#2)
17:42:25    EventGenerat   DEBUG     Merging HepMC3 events took 0.005166 ms total, 2.583 us +- 0.208 us per sample (#2)
17:42:25    EventGenerat   DEBUG     event=14 n_primary_vertices=2 n_particles=10
17:42:25    HepMC3InputC   DEBUG     HepMC3InputConverter::execute
17:42:25    HepMC3InputC   DEBUG     Have 2 vertices
17:42:25    HepMC3InputC   DEBUG     Have 10 particles
17:42:25    HepMC3InputC   DEBUG     Have 14 event number
17:42:25    HepMC3InputC   DEBUG     Converting HepMC3 event to internal EDM
17:42:25    HepMC3InputC   DEBUG     Finding primary vertex clusters took 0 ms
17:42:25    HepMC3InputC   DEBUG     Found 2 primary vertex clusters (~ primary vertices)
17:42:25    HepMC3InputC   DEBUG     Found 8 undecayed particles in the event
17:42:25    HepMC3InputC   DEBUG     Reserving 1 vertices and 8 particles
17:42:25    HepMC3InputC   DEBUG     Converting HepMC3 vertices to internal EDM took 0.008 ms
17:42:25    HepMC3InputC   DEBUG     Converted 8 particles and 2 vertices
17:42:25    HepMC3InputC   DEBUG     Sorting particles and vertices took 0 ms
17:42:25    FatrasSimula   DEBUG     8 input particles
17:42:25    FatrasSimula   DEBUG     8 simulated particles (initial state)
17:42:25    FatrasSimula   DEBUG     8 simulated particles (final state)
17:42:25    FatrasSimula   DEBUG     94 simulated hits
17:42:25    Digitization   DEBUG     Loaded 94 sim hits
17:42:25    Digitization   DEBUG     Starting loop over modules ...
17:42:25    Digitization   DEBUG     Created 94 measurements, 94 clusters from 94 sim hits.
17:42:25    ParticleSele   DEBUG     event 14 selected 8 from 8 particles
17:42:25    ParticleSele   DEBUG     filtered out because of charge: 0
17:42:25    ParticleSele   DEBUG     filtered out because of hit count: 0
17:42:25    ParticleSele   DEBUG     filtered out because of measurement count: 0
17:42:25    SpacePointMa   DEBUG     Created 40 pixel space points
17:42:25    SpacePointMa   DEBUG     Build strip space points
17:42:25    SpacePointMa   DEBUG     Created 0 strip space points
17:42:25    SpacePointMa   DEBUG     Created 40 space points
17:42:25    GridTripletS   DEBUG     Created 36 track seeds from 40 space points
17:42:25    TrackParamsE   DEBUG     Estimated 36 track parameters from 36 seeds
17:42:25    SeedsToTrack   DEBUG     Received 36 seeds
17:42:25    SeedsToTrack   DEBUG     Produced 36 tracks
17:42:25    RzTrackFindi   DEBUG     Binned 94 of 94 measurements
17:42:25    RzTrackFindi   DEBUG     Found 36 tracks from 36 seeds
17:42:25    Sequencer      DEBUG     finished event 14
17:42:25    Sequencer      DEBUG     start processing event 15 on thread 0
17:42:25    EventGenerat   DEBUG     Generating primary vertices took 0.003916 ms total, 1.958 us +- 0.333 us per sample (#2)
17:42:25    EventGenerat   DEBUG     Merging HepMC3 events took 0.004293 ms total, 2.1465 us +- 0.3125 us per sample (#2)
17:42:25    EventGenerat   DEBUG     event=15 n_primary_vertices=2 n_particles=10
17:42:25    HepMC3InputC   DEBUG     HepMC3InputConverter::execute
17:42:25    HepMC3InputC   DEBUG     Have 2 vertices
17:42:25    HepMC3InputC   DEBUG     Have 10 particles
17:42:25    HepMC3InputC   DEBUG     Have 15 event number
17:42:25    HepMC3InputC   DEBUG     Converting HepMC3 event to internal EDM
17:42:25    HepMC3InputC   DEBUG     Finding primary vertex clusters took 0 ms
17:42:25    HepMC3InputC   DEBUG     Found 2 primary vertex clusters (~ primary vertices)
17:42:25    HepMC3InputC   DEBUG     Found 8 undecayed particles in the event
17:42:25    HepMC3InputC   DEBUG     Reserving 1 vertices and 8 particles
17:42:25    HepMC3InputC   DEBUG     Converting HepMC3 vertices to internal EDM took 0.009 ms
17:42:25    HepMC3InputC   DEBUG     Converted 8 particles and 2 vertices
17:42:25    HepMC3InputC   DEBUG     Sorting particles and vertices took 0 ms
17:42:25    FatrasSimula   DEBUG     8 input particles
17:42:25    FatrasSimula   DEBUG     8 simulated particles (initial state)
17:42:25    FatrasSimula   DEBUG     8 simulated particles (final state)
17:42:25    FatrasSimula   DEBUG     97 simulated hits
17:42:25    Digitization   DEBUG     Loaded 97 sim hits
17:42:25    Digitization   DEBUG     Starting loop over modules ...
17:42:25    Digitization   DEBUG     Created 97 measurements, 97 clusters from 97 sim hits.
17:42:25    ParticleSele   DEBUG     event 15 selected 8 from 8 particles
17:42:25    ParticleSele   DEBUG     filtered out because of charge: 0
17:42:25    ParticleSele   DEBUG     filtered out because of hit count: 0
17:42:25    ParticleSele   DEBUG     filtered out because of measurement count: 0
17:42:25    SpacePointMa   DEBUG     Created 41 pixel space points
17:42:25    SpacePointMa   DEBUG     Build strip space points
17:42:25    SpacePointMa   DEBUG     Created 0 strip space points
17:42:25    SpacePointMa   DEBUG     Created 41 space points
17:42:25    GridTripletS   DEBUG     Created 35 track seeds from 41 space points
17:42:25    TrackParamsE   DEBUG     Estimated 35 track parameters from 35 seeds
17:42:25    SeedsToTrack   DEBUG     Received 35 seeds
17:42:25    SeedsToTrack   DEBUG     Produced 35 tracks
17:42:25    RzTrackFindi   DEBUG     Binned 97 of 97 measurements
17:42:25    RzTrackFindi   DEBUG     Found 35 tracks from 35 seeds
17:42:25    Sequencer      DEBUG     finished event 15
17:42:25    Sequencer      DEBUG     start processing event 16 on thread 0
17:42:25    EventGenerat   DEBUG     Generating primary vertices took 0.003499 ms total, 1.7495 us +- 0.3335 us per sample (#2)
17:42:25    EventGenerat   DEBUG     Merging HepMC3 events took 0.003667 ms total, 1.8335 us +- 0.2085 us per sample (#2)
17:42:25    EventGenerat   DEBUG     event=16 n_primary_vertices=2 n_particles=10
17:42:25    HepMC3InputC   DEBUG     HepMC3InputConverter::execute
17:42:25    HepMC3InputC   DEBUG     Have 2 vertices
17:42:25    HepMC3InputC   DEBUG     Have 10 particles
17:42:25    HepMC3InputC   DEBUG     Have 16 event number
17:42:25    HepMC3InputC   DEBUG     Converting HepMC3 event to internal EDM
17:42:25    HepMC3InputC   DEBUG     Finding primary vertex clusters took 0 ms
17:42:25    HepMC3InputC   DEBUG     Found 2 primary vertex clusters (~ primary vertices)
17:42:25    HepMC3InputC   DEBUG     Found 8 undecayed particles in the event
17:42:25    HepMC3InputC   DEBUG     Reserving 1 vertices and 8 particles
17:42:25    HepMC3InputC   DEBUG     Converting HepMC3 vertices to internal EDM took 0.009 ms
17:42:25    HepMC3InputC   DEBUG     Converted 8 particles and 2 vertices
17:42:25    HepMC3InputC   DEBUG     Sorting particles and vertices took 0 ms
17:42:25    FatrasSimula   DEBUG     8 input particles
17:42:25    FatrasSimula   DEBUG     8 simulated particles (initial state)
17:42:25    FatrasSimula   DEBUG     8 simulated particles (final state)
17:42:25    FatrasSimula   DEBUG     96 simulated hits
17:42:25    Digitization   DEBUG     Loaded 96 sim hits
17:42:25    Digitization   DEBUG     Starting loop over modules ...
17:42:25    Digitization   DEBUG     Created 96 measurements, 96 clusters from 96 sim hits.
17:42:25    ParticleSele   DEBUG     event 16 selected 8 from 8 particles
17:42:25    ParticleSele   DEBUG     filtered out because of charge: 0
17:42:25    ParticleSele   DEBUG     filtered out because of hit count: 0
17:42:25    ParticleSele   DEBUG     filtered out because of measurement count: 0
17:42:25    SpacePointMa   DEBUG     Created 38 pixel space points
17:42:25    SpacePointMa   DEBUG     Build strip space points
17:42:25    SpacePointMa   DEBUG     Created 0 strip space points
17:42:25    SpacePointMa   DEBUG     Created 38 space points
17:42:25    GridTripletS   DEBUG     Created 31 track seeds from 38 space points
17:42:25    TrackParamsE   DEBUG     Estimated 31 track parameters from 31 seeds
17:42:25    SeedsToTrack   DEBUG     Received 31 seeds
17:42:25    SeedsToTrack   DEBUG     Produced 31 tracks
17:42:25    RzTrackFindi   DEBUG     Binned 96 of 96 measurements
17:42:25    RzTrackFindi   DEBUG     Found 28 tracks from 31 seeds
17:42:25    Sequencer      DEBUG     finished event 16
17:42:25    Sequencer      DEBUG     start processing event 17 on thread 0
17:42:25    EventGenerat   DEBUG     Generating primary vertices took 0.00325 ms total, 1.625 us +- 0.125 us per sample (#2)
17:42:25    EventGenerat   DEBUG     Merging HepMC3 events took 0.003666 ms total, 1.833 us +- 0.208 us per sample (#2)
17:42:25    EventGenerat   DEBUG     event=17 n_primary_vertices=2 n_particles=10
17:42:25    HepMC3InputC   DEBUG     HepMC3InputConverter::execute
17:42:25    HepMC3InputC   DEBUG     Have 2 vertices
17:42:25    HepMC3InputC   DEBUG     Have 10 particles
17:42:25    HepMC3InputC   DEBUG     Have 17 event number
17:42:25    HepMC3InputC   DEBUG     Converting HepMC3 event to internal EDM
17:42:25    HepMC3InputC   DEBUG     Finding primary vertex clusters took 0 ms
17:42:25    HepMC3InputC   DEBUG     Found 2 primary vertex clusters (~ primary vertices)
17:42:25    HepMC3InputC   DEBUG     Found 8 undecayed particles in the event
17:42:25    HepMC3InputC   DEBUG     Reserving 1 vertices and 8 particles
17:42:25    HepMC3InputC   DEBUG     Converting HepMC3 vertices to internal EDM took 0.007 ms
17:42:25    HepMC3InputC   DEBUG     Converted 8 particles and 2 vertices
17:42:25    HepMC3InputC   DEBUG     Sorting particles and vertices took 0 ms
17:42:25    FatrasSimula   DEBUG     8 input particles
17:42:25    FatrasSimula   DEBUG     8 simulated particles (initial state)
17:42:25    FatrasSimula   DEBUG     8 simulated particles (final state)
17:42:25    FatrasSimula   DEBUG     97 simulated hits
17:42:25    Digitization   DEBUG     Loaded 97 sim hits
17:42:25    Digitization   DEBUG     Starting loop over modules ...
17:42:25    Digitization   DEBUG     Created 97 measurements, 97 clusters from 97 sim hits.
17:42:25    ParticleSele   DEBUG     event 17 selected 8 from 8 particles
17:42:25    ParticleSele   DEBUG     filtered out because of charge: 0
17:42:25    ParticleSele   DEBUG     filtered out because of hit count: 0
17:42:25    ParticleSele   DEBUG     filtered out because of measurement count: 0
17:42:25    SpacePointMa   DEBUG     Created 45 pixel space points
17:42:25    SpacePointMa   DEBUG     Build strip space points
17:42:25    SpacePointMa   DEBUG     Created 0 strip space points
17:42:25    SpacePointMa   DEBUG     Created 45 space points
17:42:25    GridTripletS   DEBUG     Created 36 track seeds from 45 space points
17:42:25    TrackParamsE   DEBUG     Estimated 36 track parameters from 36 seeds
17:42:25    SeedsToTrack   DEBUG     Received 36 seeds
17:42:25    SeedsToTrack   DEBUG     Produced 36 tracks
17:42:25    RzTrackFindi   DEBUG     Binned 97 of 97 measurements
17:42:25    RzTrackFindi   DEBUG     Found 36 tracks from 36 seeds
17:42:25    Sequencer      DEBUG     finished event 17
17:42:25    Sequencer      DEBUG     start processing event 18 on thread 0
17:42:25    EventGenerat   DEBUG     Generating primary vertices took 0.003333 ms total, 1.6665 us +- 0.2505 us per sample (#2)
17:42:25    EventGenerat   DEBUG     Merging HepMC3 events took 0.003667 ms total, 1.8335 us +- 0.2085 us per sample (#2)
17:42:25    EventGenerat   DEBUG     event=18 n_primary_vertices=2 n_particles=10
17:42:25    HepMC3InputC   DEBUG     HepMC3InputConverter::execute
17:42:25    HepMC3InputC   DEBUG     Have 2 vertices
17:42:25    HepMC3InputC   DEBUG     Have 10 particles
17:42:25    HepMC3InputC   DEBUG     Have 18 event number
17:42:25    HepMC3InputC   DEBUG     Converting HepMC3 event to internal EDM
17:42:25    HepMC3InputC   DEBUG     Finding primary vertex clusters took 0 ms
17:42:25    HepMC3InputC   DEBUG     Found 2 primary vertex clusters (~ primary vertices)
17:42:25    HepMC3InputC   DEBUG     Found 8 undecayed particles in the event
17:42:25    HepMC3InputC   DEBUG     Reserving 1 vertices and 8 particles
17:42:25    HepMC3InputC   DEBUG     Converting HepMC3 vertices to internal EDM took 0.007 ms
17:42:25    HepMC3InputC   DEBUG     Converted 8 particles and 2 vertices
17:42:25    HepMC3InputC   DEBUG     Sorting particles and vertices took 0 ms
17:42:25    FatrasSimula   DEBUG     8 input particles
17:42:25    FatrasSimula   DEBUG     8 simulated particles (initial state)
17:42:25    FatrasSimula   DEBUG     8 simulated particles (final state)
17:42:25    FatrasSimula   DEBUG     94 simulated hits
17:42:25    Digitization   DEBUG     Loaded 94 sim hits
17:42:25    Digitization   DEBUG     Starting loop over modules ...
17:42:25    Digitization   DEBUG     Created 94 measurements, 94 clusters from 94 sim hits.
17:42:25    ParticleSele   DEBUG     event 18 selected 8 from 8 particles
17:42:25    ParticleSele   DEBUG     filtered out because of charge: 0
17:42:25    ParticleSele   DEBUG     filtered out because of hit count: 0
17:42:25    ParticleSele   DEBUG     filtered out because of measurement count: 0
17:42:25    SpacePointMa   DEBUG     Created 42 pixel space points
17:42:25    SpacePointMa   DEBUG     Build strip space points
17:42:25    SpacePointMa   DEBUG     Created 0 strip space points
17:42:25    SpacePointMa   DEBUG     Created 42 space points
17:42:25    GridTripletS   DEBUG     Created 39 track seeds from 42 space points
17:42:25    TrackParamsE   DEBUG     Estimated 39 track parameters from 39 seeds
17:42:25    SeedsToTrack   DEBUG     Received 39 seeds
17:42:25    SeedsToTrack   DEBUG     Produced 39 tracks
17:42:25    RzTrackFindi   DEBUG     Binned 94 of 94 measurements
17:42:25    RzTrackFindi   DEBUG     Found 39 tracks from 39 seeds
17:42:25    Sequencer      DEBUG     finished event 18
17:42:25    Sequencer      DEBUG     start processing event 19 on thread 0
17:42:25    EventGenerat   DEBUG     Generating primary vertices took 0.003209 ms total, 1.6045 us +- 0.1455 us per sample (#2)
17:42:25    EventGenerat   DEBUG     Merging HepMC3 events took 0.003666 ms total, 1.833 us +- 0.208 us per sample (#2)
17:42:25    EventGenerat   DEBUG     event=19 n_primary_vertices=2 n_particles=10
17:42:25    HepMC3InputC   DEBUG     HepMC3InputConverter::execute
17:42:25    HepMC3InputC   DEBUG     Have 2 vertices
17:42:25    HepMC3InputC   DEBUG     Have 10 particles
17:42:25    HepMC3InputC   DEBUG     Have 19 event number
17:42:25    HepMC3InputC   DEBUG     Converting HepMC3 event to internal EDM
17:42:25    HepMC3InputC   DEBUG     Finding primary vertex clusters took 0 ms
17:42:25    HepMC3InputC   DEBUG     Found 2 primary vertex clusters (~ primary vertices)
17:42:25    HepMC3InputC   DEBUG     Found 8 undecayed particles in the event
17:42:25    HepMC3InputC   DEBUG     Reserving 1 vertices and 8 particles
17:42:25    HepMC3InputC   DEBUG     Converting HepMC3 vertices to internal EDM took 0.007 ms
17:42:25    HepMC3InputC   DEBUG     Converted 8 particles and 2 vertices
17:42:25    HepMC3InputC   DEBUG     Sorting particles and vertices took 0 ms
17:42:25    FatrasSimula   DEBUG     8 input particles
17:42:25    FatrasSimula   DEBUG     8 simulated particles (initial state)
17:42:25    FatrasSimula   DEBUG     8 simulated particles (final state)
17:42:25    FatrasSimula   DEBUG     91 simulated hits
17:42:25    Digitization   DEBUG     Loaded 91 sim hits
17:42:25    Digitization   DEBUG     Starting loop over modules ...
17:42:25    Digitization   DEBUG     Created 91 measurements, 91 clusters from 91 sim hits.
17:42:25    ParticleSele   DEBUG     event 19 selected 8 from 8 particles
17:42:25    ParticleSele   DEBUG     filtered out because of charge: 0
17:42:25    ParticleSele   DEBUG     filtered out because of hit count: 0
17:42:25    ParticleSele   DEBUG     filtered out because of measurement count: 0
17:42:25    SpacePointMa   DEBUG     Created 35 pixel space points
17:42:25    SpacePointMa   DEBUG     Build strip space points
17:42:25    SpacePointMa   DEBUG     Created 0 strip space points
17:42:25    SpacePointMa   DEBUG     Created 35 space points
17:42:25    GridTripletS   DEBUG     Created 32 track seeds from 35 space points
17:42:25    TrackParamsE   DEBUG     Estimated 32 track parameters from 32 seeds
17:42:25    SeedsToTrack   DEBUG     Received 32 seeds
17:42:25    SeedsToTrack   DEBUG     Produced 32 tracks
17:42:25    RzTrackFindi   DEBUG     Binned 91 of 91 measurements
17:42:25    RzTrackFindi   DEBUG     Found 32 tracks from 32 seeds
17:42:25    Sequencer      DEBUG     finished event 19
17:42:25    Sequencer      DEBUG     start processing event 20 on thread 0
17:42:25    EventGenerat   DEBUG     Generating primary vertices took 0.003249 ms total, 1.6245 us +- 0.2085 us per sample (#2)
17:42:25    EventGenerat   DEBUG     Merging HepMC3 events took 0.003709 ms total, 1.8545 us +- 0.1875 us per sample (#2)
17:42:25    EventGenerat   DEBUG     event=20 n_primary_vertices=2 n_particles=10
17:42:25    HepMC3InputC   DEBUG     HepMC3InputConverter::execute
17:42:25    HepMC3InputC   DEBUG     Have 2 vertices
17:42:25    HepMC3InputC   DEBUG     Have 10 particles
17:42:25    HepMC3InputC   DEBUG     Have 20 event number
17:42:25    HepMC3InputC   DEBUG     Converting HepMC3 event to internal EDM
17:42:25    HepMC3InputC   DEBUG     Finding primary vertex clusters took 0 ms
17:42:25    HepMC3InputC   DEBUG     Found 2 primary vertex clusters (~ primary vertices)
17:42:25    HepMC3InputC   DEBUG     Found 8 undecayed particles in the event
17:42:25    HepMC3InputC   DEBUG     Reserving 1 vertices and 8 particles
17:42:25    HepMC3InputC   DEBUG     Converting HepMC3 vertices to internal EDM took 0.007 ms
17:42:25    HepMC3InputC   DEBUG     Converted 8 particles and 2 vertices
17:42:25    HepMC3InputC   DEBUG     Sorting particles and vertices took 0 ms
17:42:25    FatrasSimula   DEBUG     8 input particles
17:42:25    FatrasSimula   DEBUG     8 simulated particles (initial state)
17:42:25    FatrasSimula   DEBUG     8 simulated particles (final state)
17:42:25    FatrasSimula   DEBUG     96 simulated hits
17:42:25    Digitization   DEBUG     Loaded 96 sim hits
17:42:25    Digitization   DEBUG     Starting loop over modules ...
17:42:25    Digitization   DEBUG     Created 96 measurements, 96 clusters from 96 sim hits.
17:42:25    ParticleSele   DEBUG     event 20 selected 8 from 8 particles
17:42:25    ParticleSele   DEBUG     filtered out because of charge: 0
17:42:25    ParticleSele   DEBUG     filtered out because of hit count: 0
17:42:25    ParticleSele   DEBUG     filtered out because of measurement count: 0
17:42:25    SpacePointMa   DEBUG     Created 37 pixel space points
17:42:25    SpacePointMa   DEBUG     Build strip space points
17:42:25    SpacePointMa   DEBUG     Created 0 strip space points
17:42:25    SpacePointMa   DEBUG     Created 37 space points
17:42:25    GridTripletS   DEBUG     Created 31 track seeds from 37 space points
17:42:25    TrackParamsE   DEBUG     Estimated 31 track parameters from 31 seeds
17:42:25    SeedsToTrack   DEBUG     Received 31 seeds
17:42:25    SeedsToTrack   DEBUG     Produced 31 tracks
17:42:25    RzTrackFindi   DEBUG     Binned 96 of 96 measurements
17:42:25    RzTrackFindi   DEBUG     Found 31 tracks from 31 seeds
17:42:25    Sequencer      DEBUG     finished event 20
17:42:25    Sequencer      DEBUG     start processing event 21 on thread 0
17:42:25    EventGenerat   DEBUG     Generating primary vertices took 0.003126 ms total, 1.563 us +- 0.146 us per sample (#2)
17:42:25    EventGenerat   DEBUG     Merging HepMC3 events took 0.003667 ms total, 1.8335 us +- 0.2085 us per sample (#2)
17:42:25    EventGenerat   DEBUG     event=21 n_primary_vertices=2 n_particles=10
17:42:25    HepMC3InputC   DEBUG     HepMC3InputConverter::execute
17:42:25    HepMC3InputC   DEBUG     Have 2 vertices
17:42:25    HepMC3InputC   DEBUG     Have 10 particles
17:42:25    HepMC3InputC   DEBUG     Have 21 event number
17:42:25    HepMC3InputC   DEBUG     Converting HepMC3 event to internal EDM
17:42:25    HepMC3InputC   DEBUG     Finding primary vertex clusters took 0 ms
17:42:25    HepMC3InputC   DEBUG     Found 2 primary vertex clusters (~ primary vertices)
17:42:25    HepMC3InputC   DEBUG     Found 8 undecayed particles in the event
17:42:25    HepMC3InputC   DEBUG     Reserving 1 vertices and 8 particles
17:42:25    HepMC3InputC   DEBUG     Converting HepMC3 vertices to internal EDM took 0.007 ms
17:42:25    HepMC3InputC   DEBUG     Converted 8 particles and 2 vertices
17:42:25    HepMC3InputC   DEBUG     Sorting particles and vertices took 0 ms
17:42:25    FatrasSimula   DEBUG     8 input particles
17:42:25    FatrasSimula   DEBUG     8 simulated particles (initial state)
17:42:25    FatrasSimula   DEBUG     8 simulated particles (final state)
17:42:25    FatrasSimula   DEBUG     93 simulated hits
17:42:25    Digitization   DEBUG     Loaded 93 sim hits
17:42:25    Digitization   DEBUG     Starting loop over modules ...
17:42:25    Digitization   DEBUG     Created 93 measurements, 93 clusters from 93 sim hits.
17:42:25    ParticleSele   DEBUG     event 21 selected 8 from 8 particles
17:42:25    ParticleSele   DEBUG     filtered out because of charge: 0
17:42:25    ParticleSele   DEBUG     filtered out because of hit count: 0
17:42:25    ParticleSele   DEBUG     filtered out because of measurement count: 0
17:42:25    SpacePointMa   DEBUG     Created 33 pixel space points
17:42:25    SpacePointMa   DEBUG     Build strip space points
17:42:25    SpacePointMa   DEBUG     Created 0 strip space points
17:42:25    SpacePointMa   DEBUG     Created 33 space points
17:42:25    GridTripletS   DEBUG     Created 29 track seeds from 33 space points
17:42:25    TrackParamsE   DEBUG     Estimated 29 track parameters from 29 seeds
17:42:25    SeedsToTrack   DEBUG     Received 29 seeds
17:42:25    SeedsToTrack   DEBUG     Produced 29 tracks
17:42:25    RzTrackFindi   DEBUG     Binned 93 of 93 measurements
17:42:25    RzTrackFindi   DEBUG     Found 29 tracks from 29 seeds
17:42:25    Sequencer      DEBUG     finished event 21
17:42:25    Sequencer      DEBUG     start processing event 22 on thread 0
17:42:25    EventGenerat   DEBUG     Generating primary vertices took 0.003167 ms total, 1.5835 us +- 0.1665 us per sample (#2)
17:42:25    EventGenerat   DEBUG     Merging HepMC3 events took 0.003708 ms total, 1.854 us +- 0.187 us per sample (#2)
17:42:25    EventGenerat   DEBUG     event=22 n_primary_vertices=2 n_particles=10
17:42:25    HepMC3InputC   DEBUG     HepMC3InputConverter::execute
17:42:25    HepMC3InputC   DEBUG     Have 2 vertices
17:42:25    HepMC3InputC   DEBUG     Have 10 particles
17:42:25    HepMC3InputC   DEBUG     Have 22 event number
17:42:25    HepMC3InputC   DEBUG     Converting HepMC3 event to internal EDM
17:42:25    HepMC3InputC   DEBUG     Finding primary vertex clusters took 0 ms
17:42:25    HepMC3InputC   DEBUG     Found 2 primary vertex clusters (~ primary vertices)
17:42:25    HepMC3InputC   DEBUG     Found 8 undecayed particles in the event
17:42:25    HepMC3InputC   DEBUG     Reserving 1 vertices and 8 particles
17:42:25    HepMC3InputC   DEBUG     Converting HepMC3 vertices to internal EDM took 0.007 ms
17:42:25    HepMC3InputC   DEBUG     Converted 8 particles and 2 vertices
17:42:25    HepMC3InputC   DEBUG     Sorting particles and vertices took 0 ms
17:42:25    FatrasSimula   DEBUG     8 input particles
17:42:25    FatrasSimula   DEBUG     8 simulated particles (initial state)
17:42:25    FatrasSimula   DEBUG     8 simulated particles (final state)
17:42:25    FatrasSimula   DEBUG     104 simulated hits
17:42:25    Digitization   DEBUG     Loaded 104 sim hits
17:42:25    Digitization   DEBUG     Starting loop over modules ...
17:42:25    Digitization   DEBUG     Created 104 measurements, 104 clusters from 104 sim hits.
17:42:25    ParticleSele   DEBUG     event 22 selected 8 from 8 particles
17:42:25    ParticleSele   DEBUG     filtered out because of charge: 0
17:42:25    ParticleSele   DEBUG     filtered out because of hit count: 0
17:42:25    ParticleSele   DEBUG     filtered out because of measurement count: 0
17:42:25    SpacePointMa   DEBUG     Created 48 pixel space points
17:42:25    SpacePointMa   DEBUG     Build strip space points
17:42:25    SpacePointMa   DEBUG     Created 0 strip space points
17:42:25    SpacePointMa   DEBUG     Created 48 space points
17:42:25    GridTripletS   DEBUG     Created 46 track seeds from 48 space points
17:42:25    TrackParamsE   DEBUG     Estimated 46 track parameters from 46 seeds
17:42:25    SeedsToTrack   DEBUG     Received 46 seeds
17:42:25    SeedsToTrack   DEBUG     Produced 46 tracks
17:42:25    RzTrackFindi   DEBUG     Binned 104 of 104 measurements
17:42:25    RzTrackFindi   DEBUG     Found 46 tracks from 46 seeds
17:42:25    Sequencer      DEBUG     finished event 22
17:42:25    Sequencer      DEBUG     start processing event 23 on thread 0
17:42:25    EventGenerat   DEBUG     Generating primary vertices took 0.003208 ms total, 1.604 us +- 0.146 us per sample (#2)
17:42:25    EventGenerat   DEBUG     Merging HepMC3 events took 0.003709 ms total, 1.8545 us +- 0.1875 us per sample (#2)
17:42:25    EventGenerat   DEBUG     event=23 n_primary_vertices=2 n_particles=10
17:42:25    HepMC3InputC   DEBUG     HepMC3InputConverter::execute
17:42:25    HepMC3InputC   DEBUG     Have 2 vertices
17:42:25    HepMC3InputC   DEBUG     Have 10 particles
17:42:25    HepMC3InputC   DEBUG     Have 23 event number
17:42:25    HepMC3InputC   DEBUG     Converting HepMC3 event to internal EDM
17:42:25    HepMC3InputC   DEBUG     Finding primary vertex clusters took 0 ms
17:42:25    HepMC3InputC   DEBUG     Found 2 primary vertex clusters (~ primary vertices)
17:42:25    HepMC3InputC   DEBUG     Found 8 undecayed particles in the event
17:42:25    HepMC3InputC   DEBUG     Reserving 1 vertices and 8 particles
17:42:25    HepMC3InputC   DEBUG     Converting HepMC3 vertices to internal EDM took 0.008 ms
17:42:25    HepMC3InputC   DEBUG     Converted 8 particles and 2 vertices
17:42:25    HepMC3InputC   DEBUG     Sorting particles and vertices took 0 ms
17:42:25    FatrasSimula   DEBUG     8 input particles
17:42:25    FatrasSimula   DEBUG     8 simulated particles (initial state)
17:42:25    FatrasSimula   DEBUG     8 simulated particles (final state)
17:42:25    FatrasSimula   DEBUG     96 simulated hits
17:42:25    Digitization   DEBUG     Loaded 96 sim hits
17:42:25    Digitization   DEBUG     Starting loop over modules ...
17:42:25    Digitization   DEBUG     Created 96 measurements, 96 clusters from 96 sim hits.
17:42:25    ParticleSele   DEBUG     event 23 selected 8 from 8 particles
17:42:25    ParticleSele   DEBUG     filtered out because of charge: 0
17:42:25    ParticleSele   DEBUG     filtered out because of hit count: 0
17:42:25    ParticleSele   DEBUG     filtered out because of measurement count: 0
17:42:25    SpacePointMa   DEBUG     Created 43 pixel space points
17:42:25    SpacePointMa   DEBUG     Build strip space points
17:42:25    SpacePointMa   DEBUG     Created 0 strip space points
17:42:25    SpacePointMa   DEBUG     Created 43 space points
17:42:25    GridTripletS   DEBUG     Created 31 track seeds from 43 space points
17:42:25    TrackParamsE   DEBUG     Estimated 31 track parameters from 31 seeds
17:42:25    SeedsToTrack   DEBUG     Received 31 seeds
17:42:25    SeedsToTrack   DEBUG     Produced 31 tracks
17:42:25    RzTrackFindi   DEBUG     Binned 96 of 96 measurements
17:42:25    RzTrackFindi   DEBUG     Found 31 tracks from 31 seeds
17:42:25    Sequencer      DEBUG     finished event 23
17:42:25    Sequencer      DEBUG     start processing event 24 on thread 0
17:42:25    EventGenerat   DEBUG     Generating primary vertices took 0.00325 ms total, 1.625 us +- 0.208 us per sample (#2)
17:42:25    EventGenerat   DEBUG     Merging HepMC3 events took 0.003666 ms total, 1.833 us +- 0.167 us per sample (#2)
17:42:25    EventGenerat   DEBUG     event=24 n_primary_vertices=2 n_particles=10
17:42:25    HepMC3InputC   DEBUG     HepMC3InputConverter::execute
17:42:25    HepMC3InputC   DEBUG     Have 2 vertices
17:42:25    HepMC3InputC   DEBUG     Have 10 particles
17:42:25    HepMC3InputC   DEBUG     Have 24 event number
17:42:25    HepMC3InputC   DEBUG     Converting HepMC3 event to internal EDM
17:42:25    HepMC3InputC   DEBUG     Finding primary vertex clusters took 0 ms
17:42:25    HepMC3InputC   DEBUG     Found 2 primary vertex clusters (~ primary vertices)
17:42:25    HepMC3InputC   DEBUG     Found 8 undecayed particles in the event
17:42:25    HepMC3InputC   DEBUG     Reserving 1 vertices and 8 particles
17:42:25    HepMC3InputC   DEBUG     Converting HepMC3 vertices to internal EDM took 0.007 ms
17:42:25    HepMC3InputC   DEBUG     Converted 8 particles and 2 vertices
17:42:25    HepMC3InputC   DEBUG     Sorting particles and vertices took 0 ms
17:42:25    FatrasSimula   DEBUG     8 input particles
17:42:25    FatrasSimula   DEBUG     8 simulated particles (initial state)
17:42:25    FatrasSimula   DEBUG     8 simulated particles (final state)
17:42:25    FatrasSimula   DEBUG     103 simulated hits
17:42:25    Digitization   DEBUG     Loaded 103 sim hits
17:42:25    Digitization   DEBUG     Starting loop over modules ...
17:42:25    Digitization   DEBUG     Created 103 measurements, 103 clusters from 103 sim hits.
17:42:25    ParticleSele   DEBUG     event 24 selected 8 from 8 particles
17:42:25    ParticleSele   DEBUG     filtered out because of charge: 0
17:42:25    ParticleSele   DEBUG     filtered out because of hit count: 0
17:42:25    ParticleSele   DEBUG     filtered out because of measurement count: 0
17:42:25    SpacePointMa   DEBUG     Created 43 pixel space points
17:42:25    SpacePointMa   DEBUG     Build strip space points
17:42:25    SpacePointMa   DEBUG     Created 0 strip space points
17:42:25    SpacePointMa   DEBUG     Created 43 space points
17:42:25    GridTripletS   DEBUG     Created 36 track seeds from 43 space points
17:42:25    TrackParamsE   DEBUG     Estimated 36 track parameters from 36 seeds
17:42:25    SeedsToTrack   DEBUG     Received 36 seeds
17:42:25    SeedsToTrack   DEBUG     Produced 36 tracks
17:42:25    RzTrackFindi   DEBUG     Binned 103 of 103 measurements
17:42:25    RzTrackFindi   DEBUG     Found 34 tracks from 36 seeds
17:42:25    Sequencer      DEBUG     finished event 24
17:42:25    Sequencer      DEBUG     start processing event 25 on thread 0
17:42:25    EventGenerat   DEBUG     Generating primary vertices took 0.003124 ms total, 1.562 us +- 0.146 us per sample (#2)
17:42:25    EventGenerat   DEBUG     Merging HepMC3 events took 0.003751 ms total, 1.8755 us +- 0.2085 us per sample (#2)
17:42:25    EventGenerat   DEBUG     event=25 n_primary_vertices=2 n_particles=10
17:42:25    HepMC3InputC   DEBUG     HepMC3InputConverter::execute
17:42:25    HepMC3InputC   DEBUG     Have 2 vertices
17:42:25    HepMC3InputC   DEBUG     Have 10 particles
17:42:25    HepMC3InputC   DEBUG     Have 25 event number
17:42:25    HepMC3InputC   DEBUG     Converting HepMC3 event to internal EDM
17:42:25    HepMC3InputC   DEBUG     Finding primary vertex clusters took 0 ms
17:42:25    HepMC3InputC   DEBUG     Found 2 primary vertex clusters (~ primary vertices)
17:42:25    HepMC3InputC   DEBUG     Found 8 undecayed particles in the event
17:42:25    HepMC3InputC   DEBUG     Reserving 1 vertices and 8 particles
17:42:25    HepMC3InputC   DEBUG     Converting HepMC3 vertices to internal EDM took 0.007 ms
17:42:25    HepMC3InputC   DEBUG     Converted 8 particles and 2 vertices
17:42:25    HepMC3InputC   DEBUG     Sorting particles and vertices took 0 ms
17:42:25    FatrasSimula   DEBUG     8 input particles
17:42:25    FatrasSimula   DEBUG     8 simulated particles (initial state)
17:42:25    FatrasSimula   DEBUG     8 simulated particles (final state)
17:42:25    FatrasSimula   DEBUG     102 simulated hits
17:42:25    Digitization   DEBUG     Loaded 102 sim hits
17:42:25    Digitization   DEBUG     Starting loop over modules ...
17:42:25    Digitization   DEBUG     Created 102 measurements, 102 clusters from 102 sim hits.
17:42:25    ParticleSele   DEBUG     event 25 selected 8 from 8 particles
17:42:25    ParticleSele   DEBUG     filtered out because of charge: 0
17:42:25    ParticleSele   DEBUG     filtered out because of hit count: 0
17:42:25    ParticleSele   DEBUG     filtered out because of measurement count: 0
17:42:25    SpacePointMa   DEBUG     Created 38 pixel space points
17:42:25    SpacePointMa   DEBUG     Build strip space points
17:42:25    SpacePointMa   DEBUG     Created 0 strip space points
17:42:25    SpacePointMa   DEBUG     Created 38 space points
17:42:25    GridTripletS   DEBUG     Created 34 track seeds from 38 space points
17:42:25    TrackParamsE   DEBUG     Estimated 34 track parameters from 34 seeds
17:42:25    SeedsToTrack   DEBUG     Received 34 seeds
17:42:25    SeedsToTrack   DEBUG     Produced 34 tracks
17:42:25    RzTrackFindi   DEBUG     Binned 102 of 102 measurements
17:42:25    RzTrackFindi   DEBUG     Found 33 tracks from 34 seeds
17:42:25    Sequencer      DEBUG     finished event 25
17:42:25    Sequencer      DEBUG     start processing event 26 on thread 0
17:42:25    EventGenerat   DEBUG     Generating primary vertices took 0.003459 ms total, 1.7295 us +- 0.1875 us per sample (#2)
17:42:25    EventGenerat   DEBUG     Merging HepMC3 events took 0.003917 ms total, 1.9585 us +- 0.1665 us per sample (#2)
17:42:25    EventGenerat   DEBUG     event=26 n_primary_vertices=2 n_particles=10
17:42:25    HepMC3InputC   DEBUG     HepMC3InputConverter::execute
17:42:25    HepMC3InputC   DEBUG     Have 2 vertices
17:42:25    HepMC3InputC   DEBUG     Have 10 particles
17:42:25    HepMC3InputC   DEBUG     Have 26 event number
17:42:25    HepMC3InputC   DEBUG     Converting HepMC3 event to internal EDM
17:42:25    HepMC3InputC   DEBUG     Finding primary vertex clusters took 0 ms
17:42:25    HepMC3InputC   DEBUG     Found 2 primary vertex clusters (~ primary vertices)
17:42:25    HepMC3InputC   DEBUG     Found 8 undecayed particles in the event
17:42:25    HepMC3InputC   DEBUG     Reserving 1 vertices and 8 particles
17:42:25    HepMC3InputC   DEBUG     Converting HepMC3 vertices to internal EDM took 0.008 ms
17:42:25    HepMC3InputC   DEBUG     Converted 8 particles and 2 vertices
17:42:25    HepMC3InputC   DEBUG     Sorting particles and vertices took 0 ms
17:42:25    FatrasSimula   DEBUG     8 input particles
17:42:25    FatrasSimula   DEBUG     8 simulated particles (initial state)
17:42:25    FatrasSimula   DEBUG     8 simulated particles (final state)
17:42:25    FatrasSimula   DEBUG     95 simulated hits
17:42:25    Digitization   DEBUG     Loaded 95 sim hits
17:42:25    Digitization   DEBUG     Starting loop over modules ...
17:42:25    Digitization   DEBUG     Created 95 measurements, 95 clusters from 95 sim hits.
17:42:25    ParticleSele   DEBUG     event 26 selected 8 from 8 particles
17:42:25    ParticleSele   DEBUG     filtered out because of charge: 0
17:42:25    ParticleSele   DEBUG     filtered out because of hit count: 0
17:42:25    ParticleSele   DEBUG     filtered out because of measurement count: 0
17:42:25    SpacePointMa   DEBUG     Created 39 pixel space points
17:42:25    SpacePointMa   DEBUG     Build strip space points
17:42:25    SpacePointMa   DEBUG     Created 0 strip space points
17:42:25    SpacePointMa   DEBUG     Created 39 space points
17:42:25    GridTripletS   DEBUG     Created 36 track seeds from 39 space points
17:42:25    TrackParamsE   DEBUG     Estimated 36 track parameters from 36 seeds
17:42:25    SeedsToTrack   DEBUG     Received 36 seeds
17:42:25    SeedsToTrack   DEBUG     Produced 36 tracks
17:42:25    RzTrackFindi   DEBUG     Binned 95 of 95 measurements
17:42:25    RzTrackFindi   DEBUG     Found 36 tracks from 36 seeds
17:42:25    Sequencer      DEBUG     finished event 26
17:42:25    Sequencer      DEBUG     start processing event 27 on thread 0
17:42:25    EventGenerat   DEBUG     Generating primary vertices took 0.003209 ms total, 1.6045 us +- 0.0205 us per sample (#2)
17:42:25    EventGenerat   DEBUG     Merging HepMC3 events took 0.003667 ms total, 1.8335 us +- 0.2085 us per sample (#2)
17:42:25    EventGenerat   DEBUG     event=27 n_primary_vertices=2 n_particles=10
17:42:25    HepMC3InputC   DEBUG     HepMC3InputConverter::execute
17:42:25    HepMC3InputC   DEBUG     Have 2 vertices
17:42:25    HepMC3InputC   DEBUG     Have 10 particles
17:42:25    HepMC3InputC   DEBUG     Have 27 event number
17:42:25    HepMC3InputC   DEBUG     Converting HepMC3 event to internal EDM
17:42:25    HepMC3InputC   DEBUG     Finding primary vertex clusters took 0 ms
17:42:25    HepMC3InputC   DEBUG     Found 2 primary vertex clusters (~ primary vertices)
17:42:25    HepMC3InputC   DEBUG     Found 8 undecayed particles in the event
17:42:25    HepMC3InputC   DEBUG     Reserving 1 vertices and 8 particles
17:42:25    HepMC3InputC   DEBUG     Converting HepMC3 vertices to internal EDM took 0.007 ms
17:42:25    HepMC3InputC   DEBUG     Converted 8 particles and 2 vertices
17:42:25    HepMC3InputC   DEBUG     Sorting particles and vertices took 0 ms
17:42:25    FatrasSimula   DEBUG     8 input particles
17:42:25    FatrasSimula   DEBUG     8 simulated particles (initial state)
17:42:25    FatrasSimula   DEBUG     8 simulated particles (final state)
17:42:25    FatrasSimula   DEBUG     94 simulated hits
17:42:25    Digitization   DEBUG     Loaded 94 sim hits
17:42:25    Digitization   DEBUG     Starting loop over modules ...
17:42:25    Digitization   DEBUG     Created 94 measurements, 94 clusters from 94 sim hits.
17:42:25    ParticleSele   DEBUG     event 27 selected 8 from 8 particles
17:42:25    ParticleSele   DEBUG     filtered out because of charge: 0
17:42:25    ParticleSele   DEBUG     filtered out because of hit count: 0
17:42:25    ParticleSele   DEBUG     filtered out because of measurement count: 0
17:42:25    SpacePointMa   DEBUG     Created 42 pixel space points
17:42:25    SpacePointMa   DEBUG     Build strip space points
17:42:25    SpacePointMa   DEBUG     Created 0 strip space points
17:42:25    SpacePointMa   DEBUG     Created 42 space points
17:42:25    GridTripletS   DEBUG     Created 40 track seeds from 42 space points
17:42:25    TrackParamsE   DEBUG     Estimated 40 track parameters from 40 seeds
17:42:25    SeedsToTrack   DEBUG     Received 40 seeds
17:42:25    SeedsToTrack   DEBUG     Produced 40 tracks
17:42:25    RzTrackFindi   DEBUG     Binned 94 of 94 measurements
17:42:25    RzTrackFindi   DEBUG     Found 40 tracks from 40 seeds
17:42:25    Sequencer      DEBUG     finished event 27
17:42:25    Sequencer      DEBUG     start processing event 28 on thread 0
17:42:25    EventGenerat   DEBUG     Generating primary vertices took 0.003542 ms total, 1.771 us +- 0.104 us per sample (#2)
17:42:25    EventGenerat   DEBUG     Merging HepMC3 events took 0.003625 ms total, 1.8125 us +- 0.1875 us per sample (#2)
17:42:25    EventGenerat   DEBUG     event=28 n_primary_vertices=2 n_particles=10
17:42:25    HepMC3InputC   DEBUG     HepMC3InputConverter::execute
17:42:25    HepMC3InputC   DEBUG     Have 2 vertices
17:42:25    HepMC3InputC   DEBUG     Have 10 particles
17:42:25    HepMC3InputC   DEBUG     Have 28 event number
17:42:25    HepMC3InputC   DEBUG     Converting HepMC3 event to internal EDM
17:42:25    HepMC3InputC   DEBUG     Finding primary vertex clusters took 0 ms
17:42:25    HepMC3InputC   DEBUG     Found 2 primary vertex clusters (~ primary vertices)
17:42:25    HepMC3InputC   DEBUG     Found 8 undecayed particles in the event
17:42:25    HepMC3InputC   DEBUG     Reserving 1 vertices and 8 particles
17:42:25    HepMC3InputC   DEBUG     Converting HepMC3 vertices to internal EDM took 0.007 ms
17:42:25    HepMC3InputC   DEBUG     Converted 8 particles and 2 vertices
17:42:25    HepMC3InputC   DEBUG     Sorting particles and vertices took 0 ms
17:42:25    FatrasSimula   DEBUG     8 input particles
17:42:25    FatrasSimula   DEBUG     8 simulated particles (initial state)
17:42:25    FatrasSimula   DEBUG     8 simulated particles (final state)
17:42:25    FatrasSimula   DEBUG     98 simulated hits
17:42:25    Digitization   DEBUG     Loaded 98 sim hits
17:42:25    Digitization   DEBUG     Starting loop over modules ...
17:42:25    Digitization   DEBUG     Created 98 measurements, 98 clusters from 98 sim hits.
17:42:25    ParticleSele   DEBUG     event 28 selected 7 from 8 particles
17:42:25    ParticleSele   DEBUG     filtered out because of charge: 0
17:42:25    ParticleSele   DEBUG     filtered out because of hit count: 0
17:42:25    ParticleSele   DEBUG     filtered out because of measurement count: 1
17:42:25    SpacePointMa   DEBUG     Created 42 pixel space points
17:42:25    SpacePointMa   DEBUG     Build strip space points
17:42:25    SpacePointMa   DEBUG     Created 0 strip space points
17:42:25    SpacePointMa   DEBUG     Created 42 space points
17:42:25    GridTripletS   DEBUG     Created 38 track seeds from 42 space points
17:42:25    TrackParamsE   DEBUG     Estimated 38 track parameters from 38 seeds
17:42:25    SeedsToTrack   DEBUG     Received 38 seeds
17:42:25    SeedsToTrack   DEBUG     Produced 38 tracks
17:42:25    RzTrackFindi   DEBUG     Binned 98 of 98 measurements
17:42:25    RzTrackFindi   DEBUG     Found 38 tracks from 38 seeds
17:42:25    RootTrackSum   DEBUG     Truth particle for track 322 not found!
17:42:25    RootTrackSum   DEBUG     Truth particle for track 330 not found!
17:42:25    RootTrackSum   DEBUG     Truth particle for track 338 not found!
17:42:25    RootTrackSum   DEBUG     Truth particle for track 345 not found!
17:42:25    RootTrackPar   DEBUG     No truth particle associated with track 24
17:42:25    RootTrackPar   DEBUG     No truth particle associated with track 25
17:42:25    RootTrackPar   DEBUG     No truth particle associated with track 26
17:42:25    RootTrackPar   DEBUG     No truth particle associated with track 27
17:42:25    Sequencer      DEBUG     finished event 28
17:42:25    Sequencer      DEBUG     start processing event 29 on thread 0
17:42:25    EventGenerat   DEBUG     Generating primary vertices took 0.003209 ms total, 1.6045 us +- 0.1875 us per sample (#2)
17:42:25    EventGenerat   DEBUG     Merging HepMC3 events took 0.003625 ms total, 1.8125 us +- 0.1875 us per sample (#2)
17:42:25    EventGenerat   DEBUG     event=29 n_primary_vertices=2 n_particles=10
17:42:25    HepMC3InputC   DEBUG     HepMC3InputConverter::execute
17:42:25    HepMC3InputC   DEBUG     Have 2 vertices
17:42:25    HepMC3InputC   DEBUG     Have 10 particles
17:42:25    HepMC3InputC   DEBUG     Have 29 event number
17:42:25    HepMC3InputC   DEBUG     Converting HepMC3 event to internal EDM
17:42:25    HepMC3InputC   DEBUG     Finding primary vertex clusters took 0 ms
17:42:25    HepMC3InputC   DEBUG     Found 2 primary vertex clusters (~ primary vertices)
17:42:25    HepMC3InputC   DEBUG     Found 8 undecayed particles in the event
17:42:25    HepMC3InputC   DEBUG     Reserving 1 vertices and 8 particles
17:42:25    HepMC3InputC   DEBUG     Converting HepMC3 vertices to internal EDM took 0.008 ms
17:42:25    HepMC3InputC   DEBUG     Converted 8 particles and 2 vertices
17:42:25    HepMC3InputC   DEBUG     Sorting particles and vertices took 0 ms
17:42:25    FatrasSimula   DEBUG     8 input particles
17:42:25    FatrasSimula   DEBUG     8 simulated particles (initial state)
17:42:25    FatrasSimula   DEBUG     8 simulated particles (final state)
17:42:25    FatrasSimula   DEBUG     98 simulated hits
17:42:25    Digitization   DEBUG     Loaded 98 sim hits
17:42:25    Digitization   DEBUG     Starting loop over modules ...
17:42:25    Digitization   DEBUG     Created 98 measurements, 98 clusters from 98 sim hits.
17:42:25    ParticleSele   DEBUG     event 29 selected 8 from 8 particles
17:42:25    ParticleSele   DEBUG     filtered out because of charge: 0
17:42:25    ParticleSele   DEBUG     filtered out because of hit count: 0
17:42:25    ParticleSele   DEBUG     filtered out because of measurement count: 0
17:42:25    SpacePointMa   DEBUG     Created 42 pixel space points
17:42:25    SpacePointMa   DEBUG     Build strip space points
17:42:25    SpacePointMa   DEBUG     Created 0 strip space points
17:42:25    SpacePointMa   DEBUG     Created 42 space points
17:42:25    GridTripletS   DEBUG     Created 38 track seeds from 42 space points
17:42:25    TrackParamsE   DEBUG     Estimated 38 track parameters from 38 seeds
17:42:25    SeedsToTrack   DEBUG     Received 38 seeds
17:42:25    SeedsToTrack   DEBUG     Produced 38 tracks
17:42:25    RzTrackFindi   DEBUG     Binned 98 of 98 measurements
17:42:25    RzTrackFindi   DEBUG     Found 38 tracks from 38 seeds
17:42:25    Sequencer      DEBUG     finished event 29
17:42:25    Sequencer      DEBUG     start processing event 30 on thread 0
17:42:25    EventGenerat   DEBUG     Generating primary vertices took 0.003083 ms total, 1.5415 us +- 0.1665 us per sample (#2)
17:42:25    EventGenerat   DEBUG     Merging HepMC3 events took 0.003709 ms total, 1.8545 us +- 0.1875 us per sample (#2)
17:42:25    EventGenerat   DEBUG     event=30 n_primary_vertices=2 n_particles=10
17:42:25    HepMC3InputC   DEBUG     HepMC3InputConverter::execute
17:42:25    HepMC3InputC   DEBUG     Have 2 vertices
17:42:25    HepMC3InputC   DEBUG     Have 10 particles
17:42:25    HepMC3InputC   DEBUG     Have 30 event number
17:42:25    HepMC3InputC   DEBUG     Converting HepMC3 event to internal EDM
17:42:25    HepMC3InputC   DEBUG     Finding primary vertex clusters took 0 ms
17:42:25    HepMC3InputC   DEBUG     Found 2 primary vertex clusters (~ primary vertices)
17:42:25    HepMC3InputC   DEBUG     Found 8 undecayed particles in the event
17:42:25    HepMC3InputC   DEBUG     Reserving 1 vertices and 8 particles
17:42:25    HepMC3InputC   DEBUG     Converting HepMC3 vertices to internal EDM took 0.007 ms
17:42:25    HepMC3InputC   DEBUG     Converted 8 particles and 2 vertices
17:42:25    HepMC3InputC   DEBUG     Sorting particles and vertices took 0 ms
17:42:25    FatrasSimula   DEBUG     8 input particles
17:42:25    FatrasSimula   DEBUG     8 simulated particles (initial state)
17:42:25    FatrasSimula   DEBUG     8 simulated particles (final state)
17:42:25    FatrasSimula   DEBUG     108 simulated hits
17:42:25    Digitization   DEBUG     Loaded 108 sim hits
17:42:25    Digitization   DEBUG     Starting loop over modules ...
17:42:25    Digitization   DEBUG     Created 108 measurements, 108 clusters from 108 sim hits.
17:42:25    ParticleSele   DEBUG     event 30 selected 8 from 8 particles
17:42:25    ParticleSele   DEBUG     filtered out because of charge: 0
17:42:25    ParticleSele   DEBUG     filtered out because of hit count: 0
17:42:25    ParticleSele   DEBUG     filtered out because of measurement count: 0
17:42:25    SpacePointMa   DEBUG     Created 50 pixel space points
17:42:25    SpacePointMa   DEBUG     Build strip space points
17:42:25    SpacePointMa   DEBUG     Created 0 strip space points
17:42:25    SpacePointMa   DEBUG     Created 50 space points
17:42:25    GridTripletS   DEBUG     Created 44 track seeds from 50 space points
17:42:25    TrackParamsE   DEBUG     Estimated 44 track parameters from 44 seeds
17:42:25    SeedsToTrack   DEBUG     Received 44 seeds
17:42:25    SeedsToTrack   DEBUG     Produced 44 tracks
17:42:25    RzTrackFindi   DEBUG     Binned 108 of 108 measurements
17:42:25    RzTrackFindi   DEBUG     Found 44 tracks from 44 seeds
17:42:25    Sequencer      DEBUG     finished event 30
17:42:25    Sequencer      DEBUG     start processing event 31 on thread 0
17:42:25    EventGenerat   DEBUG     Generating primary vertices took 0.003458 ms total, 1.729 us +- 0.187 us per sample (#2)
17:42:25    EventGenerat   DEBUG     Merging HepMC3 events took 0.003958 ms total, 1.979 us +- 0.188 us per sample (#2)
17:42:25    EventGenerat   DEBUG     event=31 n_primary_vertices=2 n_particles=10
17:42:25    HepMC3InputC   DEBUG     HepMC3InputConverter::execute
17:42:25    HepMC3InputC   DEBUG     Have 2 vertices
17:42:25    HepMC3InputC   DEBUG     Have 10 particles
17:42:25    HepMC3InputC   DEBUG     Have 31 event number
17:42:25    HepMC3InputC   DEBUG     Converting HepMC3 event to internal EDM
17:42:25    HepMC3InputC   DEBUG     Finding primary vertex clusters took 0 ms
17:42:25    HepMC3InputC   DEBUG     Found 2 primary vertex clusters (~ primary vertices)
17:42:25    HepMC3InputC   DEBUG     Found 8 undecayed particles in the event
17:42:25    HepMC3InputC   DEBUG     Reserving 1 vertices and 8 particles
17:42:25    HepMC3InputC   DEBUG     Converting HepMC3 vertices to internal EDM took 0.008 ms
17:42:25    HepMC3InputC   DEBUG     Converted 8 particles and 2 vertices
17:42:25    HepMC3InputC   DEBUG     Sorting particles and vertices took 0 ms
17:42:25    FatrasSimula   DEBUG     8 input particles
17:42:25    FatrasSimula   DEBUG     8 simulated particles (initial state)
17:42:25    FatrasSimula   DEBUG     8 simulated particles (final state)
17:42:25    FatrasSimula   DEBUG     91 simulated hits
17:42:25    Digitization   DEBUG     Loaded 91 sim hits
17:42:25    Digitization   DEBUG     Starting loop over modules ...
17:42:25    Digitization   DEBUG     Created 91 measurements, 91 clusters from 91 sim hits.
17:42:25    ParticleSele   DEBUG     event 31 selected 8 from 8 particles
17:42:25    ParticleSele   DEBUG     filtered out because of charge: 0
17:42:25    ParticleSele   DEBUG     filtered out because of hit count: 0
17:42:25    ParticleSele   DEBUG     filtered out because of measurement count: 0
17:42:25    SpacePointMa   DEBUG     Created 39 pixel space points
17:42:25    SpacePointMa   DEBUG     Build strip space points
17:42:25    SpacePointMa   DEBUG     Created 0 strip space points
17:42:25    SpacePointMa   DEBUG     Created 39 space points
17:42:25    GridTripletS   DEBUG     Created 38 track seeds from 39 space points
17:42:25    TrackParamsE   DEBUG     Estimated 38 track parameters from 38 seeds
17:42:25    SeedsToTrack   DEBUG     Received 38 seeds
17:42:25    SeedsToTrack   DEBUG     Produced 38 tracks
17:42:25    RzTrackFindi   DEBUG     Binned 91 of 91 measurements
17:42:25    RzTrackFindi   DEBUG     Found 38 tracks from 38 seeds
17:42:25    Sequencer      DEBUG     finished event 31
17:42:25    Sequencer      DEBUG     start processing event 32 on thread 0
17:42:25    EventGenerat   DEBUG     Generating primary vertices took 0.003208 ms total, 1.604 us +- 0.146 us per sample (#2)
17:42:25    EventGenerat   DEBUG     Merging HepMC3 events took 0.003876 ms total, 1.938 us +- 0.271 us per sample (#2)
17:42:25    EventGenerat   DEBUG     event=32 n_primary_vertices=2 n_particles=10
17:42:25    HepMC3InputC   DEBUG     HepMC3InputConverter::execute
17:42:25    HepMC3InputC   DEBUG     Have 2 vertices
17:42:25    HepMC3InputC   DEBUG     Have 10 particles
17:42:25    HepMC3InputC   DEBUG     Have 32 event number
17:42:25    HepMC3InputC   DEBUG     Converting HepMC3 event to internal EDM
17:42:25    HepMC3InputC   DEBUG     Finding primary vertex clusters took 0 ms
17:42:25    HepMC3InputC   DEBUG     Found 2 primary vertex clusters (~ primary vertices)
17:42:25    HepMC3InputC   DEBUG     Found 8 undecayed particles in the event
17:42:25    HepMC3InputC   DEBUG     Reserving 1 vertices and 8 particles
17:42:25    HepMC3InputC   DEBUG     Converting HepMC3 vertices to internal EDM took 0.007 ms
17:42:25    HepMC3InputC   DEBUG     Converted 8 particles and 2 vertices
17:42:25    HepMC3InputC   DEBUG     Sorting particles and vertices took 0 ms
17:42:25    FatrasSimula   DEBUG     8 input particles
17:42:25    FatrasSimula   DEBUG     8 simulated particles (initial state)
17:42:25    FatrasSimula   DEBUG     8 simulated particles (final state)
17:42:25    FatrasSimula   DEBUG     101 simulated hits
17:42:25    Digitization   DEBUG     Loaded 101 sim hits
17:42:25    Digitization   DEBUG     Starting loop over modules ...
17:42:25    Digitization   DEBUG     Created 101 measurements, 101 clusters from 101 sim hits.
17:42:25    ParticleSele   DEBUG     event 32 selected 8 from 8 particles
17:42:25    ParticleSele   DEBUG     filtered out because of charge: 0
17:42:25    ParticleSele   DEBUG     filtered out because of hit count: 0
17:42:25    ParticleSele   DEBUG     filtered out because of measurement count: 0
17:42:25    SpacePointMa   DEBUG     Created 44 pixel space points
17:42:25    SpacePointMa   DEBUG     Build strip space points
17:42:25    SpacePointMa   DEBUG     Created 0 strip space points
17:42:25    SpacePointMa   DEBUG     Created 44 space points
17:42:25    GridTripletS   DEBUG     Created 38 track seeds from 44 space points
17:42:25    TrackParamsE   DEBUG     Estimated 38 track parameters from 38 seeds
17:42:25    SeedsToTrack   DEBUG     Received 38 seeds
17:42:25    SeedsToTrack   DEBUG     Produced 38 tracks
17:42:25    RzTrackFindi   DEBUG     Binned 101 of 101 measurements
17:42:25    RzTrackFindi   DEBUG     Found 38 tracks from 38 seeds
17:42:25    Sequencer      DEBUG     finished event 32
17:42:25    Sequencer      DEBUG     start processing event 33 on thread 0
17:42:25    EventGenerat   DEBUG     Generating primary vertices took 0.003208 ms total, 1.604 us +- 0.146 us per sample (#2)
17:42:25    EventGenerat   DEBUG     Merging HepMC3 events took 0.003708 ms total, 1.854 us +- 0.188 us per sample (#2)
17:42:25    EventGenerat   DEBUG     event=33 n_primary_vertices=2 n_particles=10
17:42:25    HepMC3InputC   DEBUG     HepMC3InputConverter::execute
17:42:25    HepMC3InputC   DEBUG     Have 2 vertices
17:42:25    HepMC3InputC   DEBUG     Have 10 particles
17:42:25    HepMC3InputC   DEBUG     Have 33 event number
17:42:25    HepMC3InputC   DEBUG     Converting HepMC3 event to internal EDM
17:42:25    HepMC3InputC   DEBUG     Finding primary vertex clusters took 0 ms
17:42:25    HepMC3InputC   DEBUG     Found 2 primary vertex clusters (~ primary vertices)
17:42:25    HepMC3InputC   DEBUG     Found 8 undecayed particles in the event
17:42:25    HepMC3InputC   DEBUG     Reserving 1 vertices and 8 particles
17:42:25    HepMC3InputC   DEBUG     Converting HepMC3 vertices to internal EDM took 0.007 ms
17:42:25    HepMC3InputC   DEBUG     Converted 8 particles and 2 vertices
17:42:25    HepMC3InputC   DEBUG     Sorting particles and vertices took 0 ms
17:42:25    FatrasSimula   DEBUG     8 input particles
17:42:25    FatrasSimula   DEBUG     8 simulated particles (initial state)
17:42:25    FatrasSimula   DEBUG     8 simulated particles (final state)
17:42:25    FatrasSimula   DEBUG     103 simulated hits
17:42:25    Digitization   DEBUG     Loaded 103 sim hits
17:42:25    Digitization   DEBUG     Starting loop over modules ...
17:42:25    Digitization   DEBUG     Created 103 measurements, 103 clusters from 103 sim hits.
17:42:25    ParticleSele   DEBUG     event 33 selected 8 from 8 particles
17:42:25    ParticleSele   DEBUG     filtered out because of charge: 0
17:42:25    ParticleSele   DEBUG     filtered out because of hit count: 0
17:42:25    ParticleSele   DEBUG     filtered out because of measurement count: 0
17:42:25    SpacePointMa   DEBUG     Created 45 pixel space points
17:42:25    SpacePointMa   DEBUG     Build strip space points
17:42:25    SpacePointMa   DEBUG     Created 0 strip space points
17:42:25    SpacePointMa   DEBUG     Created 45 space points
17:42:25    GridTripletS   DEBUG     Created 40 track seeds from 45 space points
17:42:25    TrackParamsE   DEBUG     Estimated 40 track parameters from 40 seeds
17:42:25    SeedsToTrack   DEBUG     Received 40 seeds
17:42:25    SeedsToTrack   DEBUG     Produced 40 tracks
17:42:25    RzTrackFindi   DEBUG     Binned 103 of 103 measurements
17:42:25    RzTrackFindi   DEBUG     Found 40 tracks from 40 seeds
17:42:25    Sequencer      DEBUG     finished event 33
17:42:25    Sequencer      DEBUG     start processing event 34 on thread 0
17:42:25    EventGenerat   DEBUG     Generating primary vertices took 0.003166 ms total, 1.583 us +- 0.083 us per sample (#2)
17:42:25    EventGenerat   DEBUG     Merging HepMC3 events took 0.003625 ms total, 1.8125 us +- 0.1455 us per sample (#2)
17:42:25    EventGenerat   DEBUG     event=34 n_primary_vertices=2 n_particles=10
17:42:25    HepMC3InputC   DEBUG     HepMC3InputConverter::execute
17:42:25    HepMC3InputC   DEBUG     Have 2 vertices
17:42:25    HepMC3InputC   DEBUG     Have 10 particles
17:42:25    HepMC3InputC   DEBUG     Have 34 event number
17:42:25    HepMC3InputC   DEBUG     Converting HepMC3 event to internal EDM
17:42:25    HepMC3InputC   DEBUG     Finding primary vertex clusters took 0 ms
17:42:25    HepMC3InputC   DEBUG     Found 2 primary vertex clusters (~ primary vertices)
17:42:25    HepMC3InputC   DEBUG     Found 8 undecayed particles in the event
17:42:25    HepMC3InputC   DEBUG     Reserving 1 vertices and 8 particles
17:42:25    HepMC3InputC   DEBUG     Converting HepMC3 vertices to internal EDM took 0.007 ms
17:42:25    HepMC3InputC   DEBUG     Converted 8 particles and 2 vertices
17:42:25    HepMC3InputC   DEBUG     Sorting particles and vertices took 0 ms
17:42:25    FatrasSimula   DEBUG     8 input particles
17:42:25    FatrasSimula   DEBUG     8 simulated particles (initial state)
17:42:25    FatrasSimula   DEBUG     8 simulated particles (final state)
17:42:25    FatrasSimula   DEBUG     99 simulated hits
17:42:25    Digitization   DEBUG     Loaded 99 sim hits
17:42:25    Digitization   DEBUG     Starting loop over modules ...
17:42:25    Digitization   DEBUG     Created 99 measurements, 99 clusters from 99 sim hits.
17:42:25    ParticleSele   DEBUG     event 34 selected 8 from 8 particles
17:42:25    ParticleSele   DEBUG     filtered out because of charge: 0
17:42:25    ParticleSele   DEBUG     filtered out because of hit count: 0
17:42:25    ParticleSele   DEBUG     filtered out because of measurement count: 0
17:42:25    SpacePointMa   DEBUG     Created 45 pixel space points
17:42:25    SpacePointMa   DEBUG     Build strip space points
17:42:25    SpacePointMa   DEBUG     Created 0 strip space points
17:42:25    SpacePointMa   DEBUG     Created 45 space points
17:42:25    GridTripletS   DEBUG     Created 38 track seeds from 45 space points
17:42:25    TrackParamsE   DEBUG     Estimated 38 track parameters from 38 seeds
17:42:25    SeedsToTrack   DEBUG     Received 38 seeds
17:42:25    SeedsToTrack   DEBUG     Produced 38 tracks
17:42:25    RzTrackFindi   DEBUG     Binned 99 of 99 measurements
17:42:25    RzTrackFindi   DEBUG     Found 38 tracks from 38 seeds
17:42:25    Sequencer      DEBUG     finished event 34
17:42:25    Sequencer      DEBUG     start processing event 35 on thread 0
17:42:25    EventGenerat   DEBUG     Generating primary vertices took 0.003083 ms total, 1.5415 us +- 0.1245 us per sample (#2)
17:42:25    EventGenerat   DEBUG     Merging HepMC3 events took 0.003667 ms total, 1.8335 us +- 0.2085 us per sample (#2)
17:42:25    EventGenerat   DEBUG     event=35 n_primary_vertices=2 n_particles=10
17:42:25    HepMC3InputC   DEBUG     HepMC3InputConverter::execute
17:42:25    HepMC3InputC   DEBUG     Have 2 vertices
17:42:25    HepMC3InputC   DEBUG     Have 10 particles
17:42:25    HepMC3InputC   DEBUG     Have 35 event number
17:42:25    HepMC3InputC   DEBUG     Converting HepMC3 event to internal EDM
17:42:25    HepMC3InputC   DEBUG     Finding primary vertex clusters took 0 ms
17:42:25    HepMC3InputC   DEBUG     Found 2 primary vertex clusters (~ primary vertices)
17:42:25    HepMC3InputC   DEBUG     Found 8 undecayed particles in the event
17:42:25    HepMC3InputC   DEBUG     Reserving 1 vertices and 8 particles
17:42:25    HepMC3InputC   DEBUG     Converting HepMC3 vertices to internal EDM took 0.007 ms
17:42:25    HepMC3InputC   DEBUG     Converted 8 particles and 2 vertices
17:42:25    HepMC3InputC   DEBUG     Sorting particles and vertices took 0 ms
17:42:25    FatrasSimula   DEBUG     8 input particles
17:42:25    FatrasSimula   DEBUG     8 simulated particles (initial state)
17:42:25    FatrasSimula   DEBUG     8 simulated particles (final state)
17:42:25    FatrasSimula   DEBUG     96 simulated hits
17:42:25    Digitization   DEBUG     Loaded 96 sim hits
17:42:25    Digitization   DEBUG     Starting loop over modules ...
17:42:25    Digitization   DEBUG     Created 96 measurements, 96 clusters from 96 sim hits.
17:42:25    ParticleSele   DEBUG     event 35 selected 8 from 8 particles
17:42:25    ParticleSele   DEBUG     filtered out because of charge: 0
17:42:25    ParticleSele   DEBUG     filtered out because of hit count: 0
17:42:25    ParticleSele   DEBUG     filtered out because of measurement count: 0
17:42:25    SpacePointMa   DEBUG     Created 40 pixel space points
17:42:25    SpacePointMa   DEBUG     Build strip space points
17:42:25    SpacePointMa   DEBUG     Created 0 strip space points
17:42:25    SpacePointMa   DEBUG     Created 40 space points
17:42:25    GridTripletS   DEBUG     Created 36 track seeds from 40 space points
17:42:25    TrackParamsE   DEBUG     Estimated 36 track parameters from 36 seeds
17:42:25    SeedsToTrack   DEBUG     Received 36 seeds
17:42:25    SeedsToTrack   DEBUG     Produced 36 tracks
17:42:25    RzTrackFindi   DEBUG     Binned 96 of 96 measurements
17:42:25    RzTrackFindi   DEBUG     Found 36 tracks from 36 seeds
17:42:25    Sequencer      DEBUG     finished event 35
17:42:25    Sequencer      DEBUG     start processing event 36 on thread 0
17:42:25    EventGenerat   DEBUG     Generating primary vertices took 0.003125 ms total, 1.5625 us +- 0.1045 us per sample (#2)
17:42:25    EventGenerat   DEBUG     Merging HepMC3 events took 0.003667 ms total, 1.8335 us +- 0.1665 us per sample (#2)
17:42:25    EventGenerat   DEBUG     event=36 n_primary_vertices=2 n_particles=10
17:42:25    HepMC3InputC   DEBUG     HepMC3InputConverter::execute
17:42:25    HepMC3InputC   DEBUG     Have 2 vertices
17:42:25    HepMC3InputC   DEBUG     Have 10 particles
17:42:25    HepMC3InputC   DEBUG     Have 36 event number
17:42:25    HepMC3InputC   DEBUG     Converting HepMC3 event to internal EDM
17:42:25    HepMC3InputC   DEBUG     Finding primary vertex clusters took 0 ms
17:42:25    HepMC3InputC   DEBUG     Found 2 primary vertex clusters (~ primary vertices)
17:42:25    HepMC3InputC   DEBUG     Found 8 undecayed particles in the event
17:42:25    HepMC3InputC   DEBUG     Reserving 1 vertices and 8 particles
17:42:25    HepMC3InputC   DEBUG     Converting HepMC3 vertices to internal EDM took 0.007 ms
17:42:25    HepMC3InputC   DEBUG     Converted 8 particles and 2 vertices
17:42:25    HepMC3InputC   DEBUG     Sorting particles and vertices took 0 ms
17:42:25    FatrasSimula   DEBUG     8 input particles
17:42:25    FatrasSimula   DEBUG     8 simulated particles (initial state)
17:42:25    FatrasSimula   DEBUG     8 simulated particles (final state)
17:42:25    FatrasSimula   DEBUG     98 simulated hits
17:42:25    Digitization   DEBUG     Loaded 98 sim hits
17:42:25    Digitization   DEBUG     Starting loop over modules ...
17:42:25    Digitization   DEBUG     Created 98 measurements, 98 clusters from 98 sim hits.
17:42:25    ParticleSele   DEBUG     event 36 selected 8 from 8 particles
17:42:25    ParticleSele   DEBUG     filtered out because of charge: 0
17:42:25    ParticleSele   DEBUG     filtered out because of hit count: 0
17:42:25    ParticleSele   DEBUG     filtered out because of measurement count: 0
17:42:25    SpacePointMa   DEBUG     Created 38 pixel space points
17:42:25    SpacePointMa   DEBUG     Build strip space points
17:42:25    SpacePointMa   DEBUG     Created 0 strip space points
17:42:25    SpacePointMa   DEBUG     Created 38 space points
17:42:25    GridTripletS   DEBUG     Created 31 track seeds from 38 space points
17:42:25    TrackParamsE   DEBUG     Estimated 31 track parameters from 31 seeds
17:42:25    SeedsToTrack   DEBUG     Received 31 seeds
17:42:25    SeedsToTrack   DEBUG     Produced 31 tracks
17:42:25    RzTrackFindi   DEBUG     Binned 98 of 98 measurements
17:42:25    RzTrackFindi   DEBUG     Found 31 tracks from 31 seeds
17:42:25    Sequencer      DEBUG     finished event 36
17:42:25    Sequencer      DEBUG     start processing event 37 on thread 0
17:42:25    EventGenerat   DEBUG     Generating primary vertices took 0.003209 ms total, 1.6045 us +- 0.1875 us per sample (#2)
17:42:25    EventGenerat   DEBUG     Merging HepMC3 events took 0.003625 ms total, 1.8125 us +- 0.1875 us per sample (#2)
17:42:25    EventGenerat   DEBUG     event=37 n_primary_vertices=2 n_particles=10
17:42:25    HepMC3InputC   DEBUG     HepMC3InputConverter::execute
17:42:25    HepMC3InputC   DEBUG     Have 2 vertices
17:42:25    HepMC3InputC   DEBUG     Have 10 particles
17:42:25    HepMC3InputC   DEBUG     Have 37 event number
17:42:25    HepMC3InputC   DEBUG     Converting HepMC3 event to internal EDM
17:42:25    HepMC3InputC   DEBUG     Finding primary vertex clusters took 0 ms
17:42:25    HepMC3InputC   DEBUG     Found 2 primary vertex clusters (~ primary vertices)
17:42:25    HepMC3InputC   DEBUG     Found 8 undecayed particles in the event
17:42:25    HepMC3InputC   DEBUG     Reserving 1 vertices and 8 particles
17:42:25    HepMC3InputC   DEBUG     Converting HepMC3 vertices to internal EDM took 0.007 ms
17:42:25    HepMC3InputC   DEBUG     Converted 8 particles and 2 vertices
17:42:25    HepMC3InputC   DEBUG     Sorting particles and vertices took 0 ms
17:42:25    FatrasSimula   DEBUG     8 input particles
17:42:25    FatrasSimula   DEBUG     8 simulated particles (initial state)
17:42:25    FatrasSimula   DEBUG     8 simulated particles (final state)
17:42:25    FatrasSimula   DEBUG     95 simulated hits
17:42:25    Digitization   DEBUG     Loaded 95 sim hits
17:42:25    Digitization   DEBUG     Starting loop over modules ...
17:42:25    Digitization   DEBUG     Created 95 measurements, 95 clusters from 95 sim hits.
17:42:25    ParticleSele   DEBUG     event 37 selected 8 from 8 particles
17:42:25    ParticleSele   DEBUG     filtered out because of charge: 0
17:42:25    ParticleSele   DEBUG     filtered out because of hit count: 0
17:42:25    ParticleSele   DEBUG     filtered out because of measurement count: 0
17:42:25    SpacePointMa   DEBUG     Created 40 pixel space points
17:42:25    SpacePointMa   DEBUG     Build strip space points
17:42:25    SpacePointMa   DEBUG     Created 0 strip space points
17:42:25    SpacePointMa   DEBUG     Created 40 space points
17:42:25    GridTripletS   DEBUG     Created 34 track seeds from 40 space points
17:42:25    TrackParamsE   DEBUG     Estimated 34 track parameters from 34 seeds
17:42:25    SeedsToTrack   DEBUG     Received 34 seeds
17:42:25    SeedsToTrack   DEBUG     Produced 34 tracks
17:42:25    RzTrackFindi   DEBUG     Binned 95 of 95 measurements
17:42:25    RzTrackFindi   DEBUG     Backward pass failed with 3 on a track with 10 measurements
17:42:25    RzTrackFindi   DEBUG     
17:42:25    RzTrackFindi   DEBUG     Found 34 tracks from 34 seeds
17:42:25    Sequencer      DEBUG     finished event 37
17:42:25    Sequencer      DEBUG     start processing event 38 on thread 0
17:42:25    EventGenerat   DEBUG     Generating primary vertices took 0.003375 ms total, 1.6875 us +- 0.1875 us per sample (#2)
17:42:25    EventGenerat   DEBUG     Merging HepMC3 events took 0.004041 ms total, 2.0205 us +- 0.1045 us per sample (#2)
17:42:25    EventGenerat   DEBUG     event=38 n_primary_vertices=2 n_particles=10
17:42:25    HepMC3InputC   DEBUG     HepMC3InputConverter::execute
17:42:25    HepMC3InputC   DEBUG     Have 2 vertices
17:42:25    HepMC3InputC   DEBUG     Have 10 particles
17:42:25    HepMC3InputC   DEBUG     Have 38 event number
17:42:25    HepMC3InputC   DEBUG     Converting HepMC3 event to internal EDM
17:42:25    HepMC3InputC   DEBUG     Finding primary vertex clusters took 0 ms
17:42:25    HepMC3InputC   DEBUG     Found 2 primary vertex clusters (~ primary vertices)
17:42:25    HepMC3InputC   DEBUG     Found 8 undecayed particles in the event
17:42:25    HepMC3InputC   DEBUG     Reserving 1 vertices and 8 particles
17:42:25    HepMC3InputC   DEBUG     Converting HepMC3 vertices to internal EDM took 0.007 ms
17:42:25    HepMC3InputC   DEBUG     Converted 8 particles and 2 vertices
17:42:25    HepMC3InputC   DEBUG     Sorting particles and vertices took 0 ms
17:42:25    FatrasSimula   DEBUG     8 input particles
17:42:25    FatrasSimula   DEBUG     8 simulated particles (initial state)
17:42:25    FatrasSimula   DEBUG     8 simulated particles (final state)
17:42:25    FatrasSimula   DEBUG     95 simulated hits
17:42:25    Digitization   DEBUG     Loaded 95 sim hits
17:42:25    Digitization   DEBUG     Starting loop over modules ...
17:42:25    Digitization   DEBUG     Created 95 measurements, 95 clusters from 95 sim hits.
17:42:25    ParticleSele   DEBUG     event 38 selected 8 from 8 particles
17:42:25    ParticleSele   DEBUG     filtered out because of charge: 0
17:42:25    ParticleSele   DEBUG     filtered out because of hit count: 0
17:42:25    ParticleSele   DEBUG     filtered out because of measurement count: 0
17:42:25    SpacePointMa   DEBUG     Created 43 pixel space points
17:42:25    SpacePointMa   DEBUG     Build strip space points
17:42:25    SpacePointMa   DEBUG     Created 0 strip space points
17:42:25    SpacePointMa   DEBUG     Created 43 space points
17:42:25    GridTripletS   DEBUG     Created 34 track seeds from 43 space points
17:42:25    TrackParamsE   DEBUG     Estimated 34 track parameters from 34 seeds
17:42:25    SeedsToTrack   DEBUG     Received 34 seeds
17:42:25    SeedsToTrack   DEBUG     Produced 34 tracks
17:42:25    RzTrackFindi   DEBUG     Binned 95 of 95 measurements
17:42:25    RzTrackFindi   DEBUG     Found 34 tracks from 34 seeds
17:42:25    Sequencer      DEBUG     finished event 38
17:42:25    Sequencer      DEBUG     start processing event 39 on thread 0
17:42:25    EventGenerat   DEBUG     Generating primary vertices took 0.003208 ms total, 1.604 us +- 0.146 us per sample (#2)
17:42:25    EventGenerat   DEBUG     Merging HepMC3 events took 0.003916 ms total, 1.958 us +- 0.167 us per sample (#2)
17:42:25    EventGenerat   DEBUG     event=39 n_primary_vertices=2 n_particles=10
17:42:25    HepMC3InputC   DEBUG     HepMC3InputConverter::execute
17:42:25    HepMC3InputC   DEBUG     Have 2 vertices
17:42:25    HepMC3InputC   DEBUG     Have 10 particles
17:42:25    HepMC3InputC   DEBUG     Have 39 event number
17:42:25    HepMC3InputC   DEBUG     Converting HepMC3 event to internal EDM
17:42:25    HepMC3InputC   DEBUG     Finding primary vertex clusters took 0 ms
17:42:25    HepMC3InputC   DEBUG     Found 2 primary vertex clusters (~ primary vertices)
17:42:25    HepMC3InputC   DEBUG     Found 8 undecayed particles in the event
17:42:25    HepMC3InputC   DEBUG     Reserving 1 vertices and 8 particles
17:42:25    HepMC3InputC   DEBUG     Converting HepMC3 vertices to internal EDM took 0.007 ms
17:42:25    HepMC3InputC   DEBUG     Converted 8 particles and 2 vertices
17:42:25    HepMC3InputC   DEBUG     Sorting particles and vertices took 0 ms
17:42:25    FatrasSimula   DEBUG     8 input particles
17:42:25    FatrasSimula   DEBUG     8 simulated particles (initial state)
17:42:25    FatrasSimula   DEBUG     8 simulated particles (final state)
17:42:25    FatrasSimula   DEBUG     94 simulated hits
17:42:25    Digitization   DEBUG     Loaded 94 sim hits
17:42:25    Digitization   DEBUG     Starting loop over modules ...
17:42:25    Digitization   DEBUG     Created 94 measurements, 94 clusters from 94 sim hits.
17:42:25    ParticleSele   DEBUG     event 39 selected 8 from 8 particles
17:42:25    ParticleSele   DEBUG     filtered out because of charge: 0
17:42:25    ParticleSele   DEBUG     filtered out because of hit count: 0
17:42:25    ParticleSele   DEBUG     filtered out because of measurement count: 0
17:42:25    SpacePointMa   DEBUG     Created 38 pixel space points
17:42:25    SpacePointMa   DEBUG     Build strip space points
17:42:25    SpacePointMa   DEBUG     Created 0 strip space points
17:42:25    SpacePointMa   DEBUG     Created 38 space points
17:42:25    GridTripletS   DEBUG     Created 36 track seeds from 38 space points
17:42:25    TrackParamsE   DEBUG     Estimated 36 track parameters from 36 seeds
17:42:25    SeedsToTrack   DEBUG     Received 36 seeds
17:42:25    SeedsToTrack   DEBUG     Produced 36 tracks
17:42:25    RzTrackFindi   DEBUG     Binned 94 of 94 measurements
17:42:25    RzTrackFindi   DEBUG     Found 36 tracks from 36 seeds
17:42:25    Sequencer      DEBUG     finished event 39
17:42:25    Sequencer      DEBUG     start processing event 40 on thread 0
17:42:25    EventGenerat   DEBUG     Generating primary vertices took 0.003166 ms total, 1.583 us +- 0.125 us per sample (#2)
17:42:25    EventGenerat   DEBUG     Merging HepMC3 events took 0.003708 ms total, 1.854 us +- 0.187 us per sample (#2)
17:42:25    EventGenerat   DEBUG     event=40 n_primary_vertices=2 n_particles=10
17:42:25    HepMC3InputC   DEBUG     HepMC3InputConverter::execute
17:42:25    HepMC3InputC   DEBUG     Have 2 vertices
17:42:25    HepMC3InputC   DEBUG     Have 10 particles
17:42:25    HepMC3InputC   DEBUG     Have 40 event number
17:42:25    HepMC3InputC   DEBUG     Converting HepMC3 event to internal EDM
17:42:25    HepMC3InputC   DEBUG     Finding primary vertex clusters took 0 ms
17:42:25    HepMC3InputC   DEBUG     Found 2 primary vertex clusters (~ primary vertices)
17:42:25    HepMC3InputC   DEBUG     Found 8 undecayed particles in the event
17:42:25    HepMC3InputC   DEBUG     Reserving 1 vertices and 8 particles
17:42:25    HepMC3InputC   DEBUG     Converting HepMC3 vertices to internal EDM took 0.007 ms
17:42:25    HepMC3InputC   DEBUG     Converted 8 particles and 2 vertices
17:42:25    HepMC3InputC   DEBUG     Sorting particles and vertices took 0 ms
17:42:25    FatrasSimula   DEBUG     8 input particles
17:42:25    FatrasSimula   DEBUG     8 simulated particles (initial state)
17:42:25    FatrasSimula   DEBUG     8 simulated particles (final state)
17:42:25    FatrasSimula   DEBUG     104 simulated hits
17:42:25    Digitization   DEBUG     Loaded 104 sim hits
17:42:25    Digitization   DEBUG     Starting loop over modules ...
17:42:25    Digitization   DEBUG     Created 104 measurements, 104 clusters from 104 sim hits.
17:42:25    ParticleSele   DEBUG     event 40 selected 8 from 8 particles
17:42:25    ParticleSele   DEBUG     filtered out because of charge: 0
17:42:25    ParticleSele   DEBUG     filtered out because of hit count: 0
17:42:25    ParticleSele   DEBUG     filtered out because of measurement count: 0
17:42:25    SpacePointMa   DEBUG     Created 43 pixel space points
17:42:25    SpacePointMa   DEBUG     Build strip space points
17:42:25    SpacePointMa   DEBUG     Created 0 strip space points
17:42:25    SpacePointMa   DEBUG     Created 43 space points
17:42:25    GridTripletS   DEBUG     Created 40 track seeds from 43 space points
17:42:25    TrackParamsE   DEBUG     Estimated 40 track parameters from 40 seeds
17:42:25    SeedsToTrack   DEBUG     Received 40 seeds
17:42:25    SeedsToTrack   DEBUG     Produced 40 tracks
17:42:25    RzTrackFindi   DEBUG     Binned 104 of 104 measurements
17:42:25    RzTrackFindi   DEBUG     Found 40 tracks from 40 seeds
17:42:25    Sequencer      DEBUG     finished event 40
17:42:25    Sequencer      DEBUG     start processing event 41 on thread 0
17:42:25    EventGenerat   DEBUG     Generating primary vertices took 0.003166 ms total, 1.583 us +- 0.167 us per sample (#2)
17:42:25    EventGenerat   DEBUG     Merging HepMC3 events took 0.003708 ms total, 1.854 us +- 0.188 us per sample (#2)
17:42:25    EventGenerat   DEBUG     event=41 n_primary_vertices=2 n_particles=10
17:42:25    HepMC3InputC   DEBUG     HepMC3InputConverter::execute
17:42:25    HepMC3InputC   DEBUG     Have 2 vertices
17:42:25    HepMC3InputC   DEBUG     Have 10 particles
17:42:25    HepMC3InputC   DEBUG     Have 41 event number
17:42:25    HepMC3InputC   DEBUG     Converting HepMC3 event to internal EDM
17:42:25    HepMC3InputC   DEBUG     Finding primary vertex clusters took 0 ms
17:42:25    HepMC3InputC   DEBUG     Found 2 primary vertex clusters (~ primary vertices)
17:42:25    HepMC3InputC   DEBUG     Found 8 undecayed particles in the event
17:42:25    HepMC3InputC   DEBUG     Reserving 1 vertices and 8 particles
17:42:25    HepMC3InputC   DEBUG     Converting HepMC3 vertices to internal EDM took 0.007 ms
17:42:25    HepMC3InputC   DEBUG     Converted 8 particles and 2 vertices
17:42:25    HepMC3InputC   DEBUG     Sorting particles and vertices took 0 ms
17:42:25    FatrasSimula   DEBUG     8 input particles
17:42:25    FatrasSimula   DEBUG     8 simulated particles (initial state)
17:42:25    FatrasSimula   DEBUG     8 simulated particles (final state)
17:42:25    FatrasSimula   DEBUG     90 simulated hits
17:42:25    Digitization   DEBUG     Loaded 90 sim hits
17:42:25    Digitization   DEBUG     Starting loop over modules ...
17:42:25    Digitization   DEBUG     Created 90 measurements, 90 clusters from 90 sim hits.
17:42:25    ParticleSele   DEBUG     event 41 selected 8 from 8 particles
17:42:25    ParticleSele   DEBUG     filtered out because of charge: 0
17:42:25    ParticleSele   DEBUG     filtered out because of hit count: 0
17:42:25    ParticleSele   DEBUG     filtered out because of measurement count: 0
17:42:25    SpacePointMa   DEBUG     Created 38 pixel space points
17:42:25    SpacePointMa   DEBUG     Build strip space points
17:42:25    SpacePointMa   DEBUG     Created 0 strip space points
17:42:25    SpacePointMa   DEBUG     Created 38 space points
17:42:25    GridTripletS   DEBUG     Created 28 track seeds from 38 space points
17:42:25    TrackParamsE   DEBUG     Estimated 28 track parameters from 28 seeds
17:42:25    SeedsToTrack   DEBUG     Received 28 seeds
17:42:25    SeedsToTrack   DEBUG     Produced 28 tracks
17:42:25    RzTrackFindi   DEBUG     Binned 90 of 90 measurements
17:42:25    RzTrackFindi   DEBUG     Found 28 tracks from 28 seeds
17:42:25    Sequencer      DEBUG     finished event 41
17:42:25    Sequencer      DEBUG     start processing event 42 on thread 0
17:42:25    EventGenerat   DEBUG     Generating primary vertices took 0.0035 ms total, 1.75 us +- 0.208 us per sample (#2)
17:42:25    EventGenerat   DEBUG     Merging HepMC3 events took 0.003916 ms total, 1.958 us +- 0.208 us per sample (#2)
17:42:25    EventGenerat   DEBUG     event=42 n_primary_vertices=2 n_particles=10
17:42:25    HepMC3InputC   DEBUG     HepMC3InputConverter::execute
17:42:25    HepMC3InputC   DEBUG     Have 2 vertices
17:42:25    HepMC3InputC   DEBUG     Have 10 particles
17:42:25    HepMC3InputC   DEBUG     Have 42 event number
17:42:25    HepMC3InputC   DEBUG     Converting HepMC3 event to internal EDM
17:42:25    HepMC3InputC   DEBUG     Finding primary vertex clusters took 0 ms
17:42:25    HepMC3InputC   DEBUG     Found 2 primary vertex clusters (~ primary vertices)
17:42:25    HepMC3InputC   DEBUG     Found 8 undecayed particles in the event
17:42:25    HepMC3InputC   DEBUG     Reserving 1 vertices and 8 particles
17:42:25    HepMC3InputC   DEBUG     Converting HepMC3 vertices to internal EDM took 0.008 ms
17:42:25    HepMC3InputC   DEBUG     Converted 8 particles and 2 vertices
17:42:25    HepMC3InputC   DEBUG     Sorting particles and vertices took 0 ms
17:42:25    FatrasSimula   DEBUG     8 input particles
17:42:25    FatrasSimula   DEBUG     8 simulated particles (initial state)
17:42:25    FatrasSimula   DEBUG     8 simulated particles (final state)
17:42:25    FatrasSimula   DEBUG     95 simulated hits
17:42:25    Digitization   DEBUG     Loaded 95 sim hits
17:42:25    Digitization   DEBUG     Starting loop over modules ...
17:42:25    Digitization   DEBUG     Created 95 measurements, 95 clusters from 95 sim hits.
17:42:25    ParticleSele   DEBUG     event 42 selected 8 from 8 particles
17:42:25    ParticleSele   DEBUG     filtered out because of charge: 0
17:42:25    ParticleSele   DEBUG     filtered out because of hit count: 0
17:42:25    ParticleSele   DEBUG     filtered out because of measurement count: 0
17:42:25    SpacePointMa   DEBUG     Created 35 pixel space points
17:42:25    SpacePointMa   DEBUG     Build strip space points
17:42:25    SpacePointMa   DEBUG     Created 0 strip space points
17:42:25    SpacePointMa   DEBUG     Created 35 space points
17:42:25    GridTripletS   DEBUG     Created 34 track seeds from 35 space points
17:42:25    TrackParamsE   DEBUG     Estimated 34 track parameters from 34 seeds
17:42:25    SeedsToTrack   DEBUG     Received 34 seeds
17:42:25    SeedsToTrack   DEBUG     Produced 34 tracks
17:42:25    RzTrackFindi   DEBUG     Binned 95 of 95 measurements
17:42:25    RzTrackFindi   DEBUG     Found 34 tracks from 34 seeds
17:42:25    Sequencer      DEBUG     finished event 42
17:42:25    Sequencer      DEBUG     start processing event 43 on thread 0
17:42:25    EventGenerat   DEBUG     Generating primary vertices took 0.003166 ms total, 1.583 us +- 0.167 us per sample (#2)
17:42:25    EventGenerat   DEBUG     Merging HepMC3 events took 0.004791 ms total, 2.3955 us +- 0.3125 us per sample (#2)
17:42:25    EventGenerat   DEBUG     event=43 n_primary_vertices=2 n_particles=10
17:42:25    HepMC3InputC   DEBUG     HepMC3InputConverter::execute
17:42:25    HepMC3InputC   DEBUG     Have 2 vertices
17:42:25    HepMC3InputC   DEBUG     Have 10 particles
17:42:25    HepMC3InputC   DEBUG     Have 43 event number
17:42:25    HepMC3InputC   DEBUG     Converting HepMC3 event to internal EDM
17:42:25    HepMC3InputC   DEBUG     Finding primary vertex clusters took 0 ms
17:42:25    HepMC3InputC   DEBUG     Found 2 primary vertex clusters (~ primary vertices)
17:42:25    HepMC3InputC   DEBUG     Found 8 undecayed particles in the event
17:42:25    HepMC3InputC   DEBUG     Reserving 1 vertices and 8 particles
17:42:25    HepMC3InputC   DEBUG     Converting HepMC3 vertices to internal EDM took 0.008 ms
17:42:25    HepMC3InputC   DEBUG     Converted 8 particles and 2 vertices
17:42:25    HepMC3InputC   DEBUG     Sorting particles and vertices took 0 ms
17:42:25    FatrasSimula   DEBUG     8 input particles
17:42:25    FatrasSimula   DEBUG     8 simulated particles (initial state)
17:42:25    FatrasSimula   DEBUG     8 simulated particles (final state)
17:42:25    FatrasSimula   DEBUG     98 simulated hits
17:42:25    Digitization   DEBUG     Loaded 98 sim hits
17:42:25    Digitization   DEBUG     Starting loop over modules ...
17:42:25    Digitization   DEBUG     Created 98 measurements, 98 clusters from 98 sim hits.
17:42:25    ParticleSele   DEBUG     event 43 selected 8 from 8 particles
17:42:25    ParticleSele   DEBUG     filtered out because of charge: 0
17:42:25    ParticleSele   DEBUG     filtered out because of hit count: 0
17:42:25    ParticleSele   DEBUG     filtered out because of measurement count: 0
17:42:25    SpacePointMa   DEBUG     Created 37 pixel space points
17:42:25    SpacePointMa   DEBUG     Build strip space points
17:42:25    SpacePointMa   DEBUG     Created 0 strip space points
17:42:25    SpacePointMa   DEBUG     Created 37 space points
17:42:25    GridTripletS   DEBUG     Created 37 track seeds from 37 space points
17:42:25    TrackParamsE   DEBUG     Estimated 37 track parameters from 37 seeds
17:42:25    SeedsToTrack   DEBUG     Received 37 seeds
17:42:25    SeedsToTrack   DEBUG     Produced 37 tracks
17:42:25    RzTrackFindi   DEBUG     Binned 98 of 98 measurements
17:42:25    RzTrackFindi   DEBUG     Found 37 tracks from 37 seeds
17:42:25    Sequencer      DEBUG     finished event 43
17:42:25    Sequencer      DEBUG     start processing event 44 on thread 0
17:42:25    EventGenerat   DEBUG     Generating primary vertices took 0.00325 ms total, 1.625 us +- 0.167 us per sample (#2)
17:42:25    EventGenerat   DEBUG     Merging HepMC3 events took 0.003625 ms total, 1.8125 us +- 0.1875 us per sample (#2)
17:42:25    EventGenerat   DEBUG     event=44 n_primary_vertices=2 n_particles=10
17:42:25    HepMC3InputC   DEBUG     HepMC3InputConverter::execute
17:42:25    HepMC3InputC   DEBUG     Have 2 vertices
17:42:25    HepMC3InputC   DEBUG     Have 10 particles
17:42:25    HepMC3InputC   DEBUG     Have 44 event number
17:42:25    HepMC3InputC   DEBUG     Converting HepMC3 event to internal EDM
17:42:25    HepMC3InputC   DEBUG     Finding primary vertex clusters took 0 ms
17:42:25    HepMC3InputC   DEBUG     Found 2 primary vertex clusters (~ primary vertices)
17:42:25    HepMC3InputC   DEBUG     Found 8 undecayed particles in the event
17:42:25    HepMC3InputC   DEBUG     Reserving 1 vertices and 8 particles
17:42:25    HepMC3InputC   DEBUG     Converting HepMC3 vertices to internal EDM took 0.007 ms
17:42:25    HepMC3InputC   DEBUG     Converted 8 particles and 2 vertices
17:42:25    HepMC3InputC   DEBUG     Sorting particles and vertices took 0 ms
17:42:25    FatrasSimula   DEBUG     8 input particles
17:42:25    FatrasSimula   DEBUG     8 simulated particles (initial state)
17:42:25    FatrasSimula   DEBUG     8 simulated particles (final state)
17:42:25    FatrasSimula   DEBUG     96 simulated hits
17:42:25    Digitization   DEBUG     Loaded 96 sim hits
17:42:25    Digitization   DEBUG     Starting loop over modules ...
17:42:25    Digitization   DEBUG     Created 96 measurements, 96 clusters from 96 sim hits.
17:42:25    ParticleSele   DEBUG     event 44 selected 8 from 8 particles
17:42:25    ParticleSele   DEBUG     filtered out because of charge: 0
17:42:25    ParticleSele   DEBUG     filtered out because of hit count: 0
17:42:25    ParticleSele   DEBUG     filtered out because of measurement count: 0
17:42:25    SpacePointMa   DEBUG     Created 45 pixel space points
17:42:25    SpacePointMa   DEBUG     Build strip space points
17:42:25    SpacePointMa   DEBUG     Created 0 strip space points
17:42:25    SpacePointMa   DEBUG     Created 45 space points
17:42:25    GridTripletS   DEBUG     Created 42 track seeds from 45 space points
17:42:25    TrackParamsE   DEBUG     Estimated 42 track parameters from 42 seeds
17:42:25    SeedsToTrack   DEBUG     Received 42 seeds
17:42:25    SeedsToTrack   DEBUG     Produced 42 tracks
17:42:25    RzTrackFindi   DEBUG     Binned 96 of 96 measurements
17:42:25    RzTrackFindi   DEBUG     Found 42 tracks from 42 seeds
17:42:25    Sequencer      DEBUG     finished event 44
17:42:25    Sequencer      DEBUG     start processing event 45 on thread 0
17:42:25    EventGenerat   DEBUG     Generating primary vertices took 0.003126 ms total, 1.563 us +- 0.146 us per sample (#2)
17:42:25    EventGenerat   DEBUG     Merging HepMC3 events took 0.00375 ms total, 1.875 us +- 0.167 us per sample (#2)
17:42:25    EventGenerat   DEBUG     event=45 n_primary_vertices=2 n_particles=10
17:42:25    HepMC3InputC   DEBUG     HepMC3InputConverter::execute
17:42:25    HepMC3InputC   DEBUG     Have 2 vertices
17:42:25    HepMC3InputC   DEBUG     Have 10 particles
17:42:25    HepMC3InputC   DEBUG     Have 45 event number
17:42:25    HepMC3InputC   DEBUG     Converting HepMC3 event to internal EDM
17:42:25    HepMC3InputC   DEBUG     Finding primary vertex clusters took 0 ms
17:42:25    HepMC3InputC   DEBUG     Found 2 primary vertex clusters (~ primary vertices)
17:42:25    HepMC3InputC   DEBUG     Found 8 undecayed particles in the event
17:42:25    HepMC3InputC   DEBUG     Reserving 1 vertices and 8 particles
17:42:25    HepMC3InputC   DEBUG     Converting HepMC3 vertices to internal EDM took 0.007 ms
17:42:25    HepMC3InputC   DEBUG     Converted 8 particles and 2 vertices
17:42:25    HepMC3InputC   DEBUG     Sorting particles and vertices took 0 ms
17:42:25    FatrasSimula   DEBUG     8 input particles
17:42:25    FatrasSimula   DEBUG     8 simulated particles (initial state)
17:42:25    FatrasSimula   DEBUG     8 simulated particles (final state)
17:42:25    FatrasSimula   DEBUG     102 simulated hits
17:42:25    Digitization   DEBUG     Loaded 102 sim hits
17:42:25    Digitization   DEBUG     Starting loop over modules ...
17:42:25    Digitization   DEBUG     Created 102 measurements, 102 clusters from 102 sim hits.
17:42:25    ParticleSele   DEBUG     event 45 selected 8 from 8 particles
17:42:25    ParticleSele   DEBUG     filtered out because of charge: 0
17:42:25    ParticleSele   DEBUG     filtered out because of hit count: 0
17:42:25    ParticleSele   DEBUG     filtered out because of measurement count: 0
17:42:25    SpacePointMa   DEBUG     Created 40 pixel space points
17:42:25    SpacePointMa   DEBUG     Build strip space points
17:42:25    SpacePointMa   DEBUG     Created 0 strip space points
17:42:25    SpacePointMa   DEBUG     Created 40 space points
17:42:25    GridTripletS   DEBUG     Created 40 track seeds from 40 space points
17:42:25    TrackParamsE   DEBUG     Estimated 40 track parameters from 40 seeds
17:42:25    SeedsToTrack   DEBUG     Received 40 seeds
17:42:25    SeedsToTrack   DEBUG     Produced 40 tracks
17:42:25    RzTrackFindi   DEBUG     Binned 102 of 102 measurements
17:42:25    RzTrackFindi   DEBUG     Found 40 tracks from 40 seeds
17:42:25    Sequencer      DEBUG     finished event 45
17:42:25    Sequencer      DEBUG     start processing event 46 on thread 0
17:42:25    EventGenerat   DEBUG     Generating primary vertices took 0.003375 ms total, 1.6875 us +- 0.1455 us per sample (#2)
17:42:25    EventGenerat   DEBUG     Merging HepMC3 events took 0.003958 ms total, 1.979 us +- 0.188 us per sample (#2)
17:42:25    EventGenerat   DEBUG     event=46 n_primary_vertices=2 n_particles=10
17:42:25    HepMC3InputC   DEBUG     HepMC3InputConverter::execute
17:42:25    HepMC3InputC   DEBUG     Have 2 vertices
17:42:25    HepMC3InputC   DEBUG     Have 10 particles
17:42:25    HepMC3InputC   DEBUG     Have 46 event number
17:42:25    HepMC3InputC   DEBUG     Converting HepMC3 event to internal EDM
17:42:25    HepMC3InputC   DEBUG     Finding primary vertex clusters took 0 ms
17:42:25    HepMC3InputC   DEBUG     Found 2 primary vertex clusters (~ primary vertices)
17:42:25    HepMC3InputC   DEBUG     Found 8 undecayed particles in the event
17:42:25    HepMC3InputC   DEBUG     Reserving 1 vertices and 8 particles
17:42:25    HepMC3InputC   DEBUG     Converting HepMC3 vertices to internal EDM took 0.008 ms
17:42:25    HepMC3InputC   DEBUG     Converted 8 particles and 2 vertices
17:42:25    HepMC3InputC   DEBUG     Sorting particles and vertices took 0 ms
17:42:25    FatrasSimula   DEBUG     8 input particles
17:42:25    FatrasSimula   DEBUG     8 simulated particles (initial state)
17:42:25    FatrasSimula   DEBUG     8 simulated particles (final state)
17:42:25    FatrasSimula   DEBUG     98 simulated hits
17:42:25    Digitization   DEBUG     Loaded 98 sim hits
17:42:25    Digitization   DEBUG     Starting loop over modules ...
17:42:25    Digitization   DEBUG     Created 98 measurements, 98 clusters from 98 sim hits.
17:42:25    ParticleSele   DEBUG     event 46 selected 8 from 8 particles
17:42:25    ParticleSele   DEBUG     filtered out because of charge: 0
17:42:25    ParticleSele   DEBUG     filtered out because of hit count: 0
17:42:25    ParticleSele   DEBUG     filtered out because of measurement count: 0
17:42:25    SpacePointMa   DEBUG     Created 38 pixel space points
17:42:25    SpacePointMa   DEBUG     Build strip space points
17:42:25    SpacePointMa   DEBUG     Created 0 strip space points
17:42:25    SpacePointMa   DEBUG     Created 38 space points
17:42:25    GridTripletS   DEBUG     Created 38 track seeds from 38 space points
17:42:25    TrackParamsE   DEBUG     Estimated 38 track parameters from 38 seeds
17:42:25    SeedsToTrack   DEBUG     Received 38 seeds
17:42:25    SeedsToTrack   DEBUG     Produced 38 tracks
17:42:25    RzTrackFindi   DEBUG     Binned 98 of 98 measurements
17:42:25    RzTrackFindi   DEBUG     Found 38 tracks from 38 seeds
17:42:25    Sequencer      DEBUG     finished event 46
17:42:25    Sequencer      DEBUG     start processing event 47 on thread 0
17:42:25    EventGenerat   DEBUG     Generating primary vertices took 0.003166 ms total, 1.583 us +- 0.125 us per sample (#2)
17:42:25    EventGenerat   DEBUG     Merging HepMC3 events took 0.003625 ms total, 1.8125 us +- 0.1465 us per sample (#2)
17:42:25    EventGenerat   DEBUG     event=47 n_primary_vertices=2 n_particles=10
17:42:25    HepMC3InputC   DEBUG     HepMC3InputConverter::execute
17:42:25    HepMC3InputC   DEBUG     Have 2 vertices
17:42:25    HepMC3InputC   DEBUG     Have 10 particles
17:42:25    HepMC3InputC   DEBUG     Have 47 event number
17:42:25    HepMC3InputC   DEBUG     Converting HepMC3 event to internal EDM
17:42:25    HepMC3InputC   DEBUG     Finding primary vertex clusters took 0 ms
17:42:25    HepMC3InputC   DEBUG     Found 2 primary vertex clusters (~ primary vertices)
17:42:25    HepMC3InputC   DEBUG     Found 8 undecayed particles in the event
17:42:25    HepMC3InputC   DEBUG     Reserving 1 vertices and 8 particles
17:42:25    HepMC3InputC   DEBUG     Converting HepMC3 vertices to internal EDM took 0.007 ms
17:42:25    HepMC3InputC   DEBUG     Converted 8 particles and 2 vertices
17:42:25    HepMC3InputC   DEBUG     Sorting particles and vertices took 0 ms
17:42:25    FatrasSimula   DEBUG     8 input particles
17:42:25    FatrasSimula   DEBUG     8 simulated particles (initial state)
17:42:25    FatrasSimula   DEBUG     8 simulated particles (final state)
17:42:25    FatrasSimula   DEBUG     102 simulated hits
17:42:25    Digitization   DEBUG     Loaded 102 sim hits
17:42:25    Digitization   DEBUG     Starting loop over modules ...
17:42:25    Digitization   DEBUG     Created 102 measurements, 102 clusters from 102 sim hits.
17:42:25    ParticleSele   DEBUG     event 47 selected 8 from 8 particles
17:42:25    ParticleSele   DEBUG     filtered out because of charge: 0
17:42:25    ParticleSele   DEBUG     filtered out because of hit count: 0
17:42:25    ParticleSele   DEBUG     filtered out because of measurement count: 0
17:42:25    SpacePointMa   DEBUG     Created 46 pixel space points
17:42:25    SpacePointMa   DEBUG     Build strip space points
17:42:25    SpacePointMa   DEBUG     Created 0 strip space points
17:42:25    SpacePointMa   DEBUG     Created 46 space points
17:42:25    GridTripletS   DEBUG     Created 38 track seeds from 46 space points
17:42:25    TrackParamsE   DEBUG     Estimated 38 track parameters from 38 seeds
17:42:25    SeedsToTrack   DEBUG     Received 38 seeds
17:42:25    SeedsToTrack   DEBUG     Produced 38 tracks
17:42:25    RzTrackFindi   DEBUG     Binned 102 of 102 measurements
17:42:25    RzTrackFindi   DEBUG     Found 38 tracks from 38 seeds
17:42:25    Sequencer      DEBUG     finished event 47
17:42:25    Sequencer      DEBUG     start processing event 48 on thread 0
17:42:25    EventGenerat   DEBUG     Generating primary vertices took 0.003125 ms total, 1.5625 us +- 0.1455 us per sample (#2)
17:42:25    EventGenerat   DEBUG     Merging HepMC3 events took 0.003708 ms total, 1.854 us +- 0.187 us per sample (#2)
17:42:25    EventGenerat   DEBUG     event=48 n_primary_vertices=2 n_particles=10
17:42:25    HepMC3InputC   DEBUG     HepMC3InputConverter::execute
17:42:25    HepMC3InputC   DEBUG     Have 2 vertices
17:42:25    HepMC3InputC   DEBUG     Have 10 particles
17:42:25    HepMC3InputC   DEBUG     Have 48 event number
17:42:25    HepMC3InputC   DEBUG     Converting HepMC3 event to internal EDM
17:42:25    HepMC3InputC   DEBUG     Finding primary vertex clusters took 0 ms
17:42:25    HepMC3InputC   DEBUG     Found 2 primary vertex clusters (~ primary vertices)
17:42:25    HepMC3InputC   DEBUG     Found 8 undecayed particles in the event
17:42:25    HepMC3InputC   DEBUG     Reserving 1 vertices and 8 particles
17:42:25    HepMC3InputC   DEBUG     Converting HepMC3 vertices to internal EDM took 0.008 ms
17:42:25    HepMC3InputC   DEBUG     Converted 8 particles and 2 vertices
17:42:25    HepMC3InputC   DEBUG     Sorting particles and vertices took 0 ms
17:42:25    FatrasSimula   DEBUG     8 input particles
17:42:25    FatrasSimula   DEBUG     8 simulated particles (initial state)
17:42:25    FatrasSimula   DEBUG     8 simulated particles (final state)
17:42:25    FatrasSimula   DEBUG     91 simulated hits
17:42:25    Digitization   DEBUG     Loaded 91 sim hits
17:42:25    Digitization   DEBUG     Starting loop over modules ...
17:42:25    Digitization   DEBUG     Created 91 measurements, 91 clusters from 91 sim hits.
17:42:25    ParticleSele   DEBUG     event 48 selected 8 from 8 particles
17:42:25    ParticleSele   DEBUG     filtered out because of charge: 0
17:42:25    ParticleSele   DEBUG     filtered out because of hit count: 0
17:42:25    ParticleSele   DEBUG     filtered out because of measurement count: 0
17:42:25    SpacePointMa   DEBUG     Created 35 pixel space points
17:42:25    SpacePointMa   DEBUG     Build strip space points
17:42:25    SpacePointMa   DEBUG     Created 0 strip space points
17:42:25    SpacePointMa   DEBUG     Created 35 space points
17:42:25    GridTripletS   DEBUG     Created 32 track seeds from 35 space points
17:42:25    TrackParamsE   DEBUG     Estimated 32 track parameters from 32 seeds
17:42:25    SeedsToTrack   DEBUG     Received 32 seeds
17:42:25    SeedsToTrack   DEBUG     Produced 32 tracks
17:42:25    RzTrackFindi   DEBUG     Binned 91 of 91 measurements
17:42:25    RzTrackFindi   DEBUG     Found 32 tracks from 32 seeds
17:42:25    Sequencer      DEBUG     finished event 48
17:42:25    Sequencer      DEBUG     start processing event 49 on thread 0
17:42:25    EventGenerat   DEBUG     Generating primary vertices took 0.003083 ms total, 1.5415 us +- 0.0835 us per sample (#2)
17:42:25    EventGenerat   DEBUG     Merging HepMC3 events took 0.003667 ms total, 1.8335 us +- 0.1665 us per sample (#2)
17:42:25    EventGenerat   DEBUG     event=49 n_primary_vertices=2 n_particles=10
17:42:25    HepMC3InputC   DEBUG     HepMC3InputConverter::execute
17:42:25    HepMC3InputC   DEBUG     Have 2 vertices
17:42:25    HepMC3InputC   DEBUG     Have 10 particles
17:42:25    HepMC3InputC   DEBUG     Have 49 event number
17:42:25    HepMC3InputC   DEBUG     Converting HepMC3 event to internal EDM
17:42:25    HepMC3InputC   DEBUG     Finding primary vertex clusters took 0 ms
17:42:25    HepMC3InputC   DEBUG     Found 2 primary vertex clusters (~ primary vertices)
17:42:25    HepMC3InputC   DEBUG     Found 8 undecayed particles in the event
17:42:25    HepMC3InputC   DEBUG     Reserving 1 vertices and 8 particles
17:42:25    HepMC3InputC   DEBUG     Converting HepMC3 vertices to internal EDM took 0.007 ms
17:42:25    HepMC3InputC   DEBUG     Converted 8 particles and 2 vertices
17:42:25    HepMC3InputC   DEBUG     Sorting particles and vertices took 0 ms
17:42:25    FatrasSimula   DEBUG     8 input particles
17:42:25    FatrasSimula   DEBUG     8 simulated particles (initial state)
17:42:25    FatrasSimula   DEBUG     8 simulated particles (final state)
17:42:25    FatrasSimula   DEBUG     98 simulated hits
17:42:25    Digitization   DEBUG     Loaded 98 sim hits
17:42:25    Digitization   DEBUG     Starting loop over modules ...
17:42:25    Digitization   DEBUG     Created 98 measurements, 98 clusters from 98 sim hits.
17:42:25    ParticleSele   DEBUG     event 49 selected 8 from 8 particles
17:42:25    ParticleSele   DEBUG     filtered out because of charge: 0
17:42:25    ParticleSele   DEBUG     filtered out because of hit count: 0
17:42:25    ParticleSele   DEBUG     filtered out because of measurement count: 0
17:42:25    SpacePointMa   DEBUG     Created 42 pixel space points
17:42:25    SpacePointMa   DEBUG     Build strip space points
17:42:25    SpacePointMa   DEBUG     Created 0 strip space points
17:42:25    SpacePointMa   DEBUG     Created 42 space points
17:42:25    GridTripletS   DEBUG     Created 41 track seeds from 42 space points
17:42:25    TrackParamsE   DEBUG     Estimated 41 track parameters from 41 seeds
17:42:25    SeedsToTrack   DEBUG     Received 41 seeds
17:42:25    SeedsToTrack   DEBUG     Produced 41 tracks
17:42:25    RzTrackFindi   DEBUG     Binned 98 of 98 measurements
17:42:25    RzTrackFindi   DEBUG     Found 41 tracks from 41 seeds
17:42:25    Sequencer      DEBUG     finished event 49
17:42:25    Sequencer      DEBUG     start processing event 50 on thread 0
17:42:25    EventGenerat   DEBUG     Generating primary vertices took 0.0035 ms total, 1.75 us +- 0.209 us per sample (#2)
17:42:25    EventGenerat   DEBUG     Merging HepMC3 events took 0.003875 ms total, 1.9375 us +- 0.1875 us per sample (#2)
17:42:25    EventGenerat   DEBUG     event=50 n_primary_vertices=2 n_particles=10
17:42:25    HepMC3InputC   DEBUG     HepMC3InputConverter::execute
17:42:25    HepMC3InputC   DEBUG     Have 2 vertices
17:42:25    HepMC3InputC   DEBUG     Have 10 particles
17:42:25    HepMC3InputC   DEBUG     Have 50 event number
17:42:25    HepMC3InputC   DEBUG     Converting HepMC3 event to internal EDM
17:42:25    HepMC3InputC   DEBUG     Finding primary vertex clusters took 0 ms
17:42:25    HepMC3InputC   DEBUG     Found 2 primary vertex clusters (~ primary vertices)
17:42:25    HepMC3InputC   DEBUG     Found 8 undecayed particles in the event
17:42:25    HepMC3InputC   DEBUG     Reserving 1 vertices and 8 particles
17:42:25    HepMC3InputC   DEBUG     Converting HepMC3 vertices to internal EDM took 0.01 ms
17:42:25    HepMC3InputC   DEBUG     Converted 8 particles and 2 vertices
17:42:25    HepMC3InputC   DEBUG     Sorting particles and vertices took 0 ms
17:42:25    FatrasSimula   DEBUG     8 input particles
17:42:25    FatrasSimula   DEBUG     8 simulated particles (initial state)
17:42:25    FatrasSimula   DEBUG     8 simulated particles (final state)
17:42:25    FatrasSimula   DEBUG     98 simulated hits
17:42:25    Digitization   DEBUG     Loaded 98 sim hits
17:42:25    Digitization   DEBUG     Starting loop over modules ...
17:42:25    Digitization   DEBUG     Created 98 measurements, 98 clusters from 98 sim hits.
17:42:25    ParticleSele   DEBUG     event 50 selected 8 from 8 particles
17:42:25    ParticleSele   DEBUG     filtered out because of charge: 0
17:42:25    ParticleSele   DEBUG     filtered out because of hit count: 0
17:42:25    ParticleSele   DEBUG     filtered out because of measurement count: 0
17:42:25    SpacePointMa   DEBUG     Created 41 pixel space points
17:42:25    SpacePointMa   DEBUG     Build strip space points
17:42:25    SpacePointMa   DEBUG     Created 0 strip space points
17:42:25    SpacePointMa   DEBUG     Created 41 space points
17:42:25    GridTripletS   DEBUG     Created 35 track seeds from 41 space points
17:42:25    TrackParamsE   DEBUG     Estimated 35 track parameters from 35 seeds
17:42:25    SeedsToTrack   DEBUG     Received 35 seeds
17:42:25    SeedsToTrack   DEBUG     Produced 35 tracks
17:42:25    RzTrackFindi   DEBUG     Binned 98 of 98 measurements
17:42:25    RzTrackFindi   DEBUG     Found 34 tracks from 35 seeds
17:42:25    Sequencer      DEBUG     finished event 50
17:42:25    Sequencer      DEBUG     start processing event 51 on thread 0
17:42:25    EventGenerat   DEBUG     Generating primary vertices took 0.003167 ms total, 1.5835 us +- 0.1665 us per sample (#2)
17:42:25    EventGenerat   DEBUG     Merging HepMC3 events took 0.003667 ms total, 1.8335 us +- 0.1665 us per sample (#2)
17:42:25    EventGenerat   DEBUG     event=51 n_primary_vertices=2 n_particles=10
17:42:25    HepMC3InputC   DEBUG     HepMC3InputConverter::execute
17:42:25    HepMC3InputC   DEBUG     Have 2 vertices
17:42:25    HepMC3InputC   DEBUG     Have 10 particles
17:42:25    HepMC3InputC   DEBUG     Have 51 event number
17:42:25    HepMC3InputC   DEBUG     Converting HepMC3 event to internal EDM
17:42:25    HepMC3InputC   DEBUG     Finding primary vertex clusters took 0 ms
17:42:25    HepMC3InputC   DEBUG     Found 2 primary vertex clusters (~ primary vertices)
17:42:25    HepMC3InputC   DEBUG     Found 8 undecayed particles in the event
17:42:25    HepMC3InputC   DEBUG     Reserving 1 vertices and 8 particles
17:42:25    HepMC3InputC   DEBUG     Converting HepMC3 vertices to internal EDM took 0.007 ms
17:42:25    HepMC3InputC   DEBUG     Converted 8 particles and 2 vertices
17:42:25    HepMC3InputC   DEBUG     Sorting particles and vertices took 0 ms
17:42:25    FatrasSimula   DEBUG     8 input particles
17:42:25    FatrasSimula   DEBUG     8 simulated particles (initial state)
17:42:25    FatrasSimula   DEBUG     8 simulated particles (final state)
17:42:25    FatrasSimula   DEBUG     106 simulated hits
17:42:25    Digitization   DEBUG     Loaded 106 sim hits
17:42:25    Digitization   DEBUG     Starting loop over modules ...
17:42:25    Digitization   DEBUG     Created 106 measurements, 106 clusters from 106 sim hits.
17:42:25    ParticleSele   DEBUG     event 51 selected 8 from 8 particles
17:42:25    ParticleSele   DEBUG     filtered out because of charge: 0
17:42:25    ParticleSele   DEBUG     filtered out because of hit count: 0
17:42:25    ParticleSele   DEBUG     filtered out because of measurement count: 0
17:42:25    SpacePointMa   DEBUG     Created 47 pixel space points
17:42:25    SpacePointMa   DEBUG     Build strip space points
17:42:25    SpacePointMa   DEBUG     Created 0 strip space points
17:42:25    SpacePointMa   DEBUG     Created 47 space points
17:42:25    GridTripletS   DEBUG     Created 39 track seeds from 47 space points
17:42:25    TrackParamsE   DEBUG     Estimated 39 track parameters from 39 seeds
17:42:25    SeedsToTrack   DEBUG     Received 39 seeds
17:42:25    SeedsToTrack   DEBUG     Produced 39 tracks
17:42:25    RzTrackFindi   DEBUG     Binned 106 of 106 measurements
17:42:25    RzTrackFindi   DEBUG     Found 39 tracks from 39 seeds
17:42:25    Sequencer      DEBUG     finished event 51
17:42:25    Sequencer      DEBUG     start processing event 52 on thread 0
17:42:25    EventGenerat   DEBUG     Generating primary vertices took 0.003125 ms total, 1.5625 us +- 0.1465 us per sample (#2)
17:42:25    EventGenerat   DEBUG     Merging HepMC3 events took 0.003708 ms total, 1.854 us +- 0.146 us per sample (#2)
17:42:25    EventGenerat   DEBUG     event=52 n_primary_vertices=2 n_particles=10
17:42:25    HepMC3InputC   DEBUG     HepMC3InputConverter::execute
17:42:25    HepMC3InputC   DEBUG     Have 2 vertices
17:42:25    HepMC3InputC   DEBUG     Have 10 particles
17:42:25    HepMC3InputC   DEBUG     Have 52 event number
17:42:25    HepMC3InputC   DEBUG     Converting HepMC3 event to internal EDM
17:42:25    HepMC3InputC   DEBUG     Finding primary vertex clusters took 0 ms
17:42:25    HepMC3InputC   DEBUG     Found 2 primary vertex clusters (~ primary vertices)
17:42:25    HepMC3InputC   DEBUG     Found 8 undecayed particles in the event
17:42:25    HepMC3InputC   DEBUG     Reserving 1 vertices and 8 particles
17:42:25    HepMC3InputC   DEBUG     Converting HepMC3 vertices to internal EDM took 0.007 ms
17:42:25    HepMC3InputC   DEBUG     Converted 8 particles and 2 vertices
17:42:25    HepMC3InputC   DEBUG     Sorting particles and vertices took 0 ms
17:42:25    FatrasSimula   DEBUG     8 input particles
17:42:25    FatrasSimula   DEBUG     8 simulated particles (initial state)
17:42:25    FatrasSimula   DEBUG     8 simulated particles (final state)
17:42:25    FatrasSimula   DEBUG     106 simulated hits
17:42:25    Digitization   DEBUG     Loaded 106 sim hits
17:42:25    Digitization   DEBUG     Starting loop over modules ...
17:42:25    Digitization   DEBUG     Created 106 measurements, 106 clusters from 106 sim hits.
17:42:25    ParticleSele   DEBUG     event 52 selected 8 from 8 particles
17:42:25    ParticleSele   DEBUG     filtered out because of charge: 0
17:42:25    ParticleSele   DEBUG     filtered out because of hit count: 0
17:42:25    ParticleSele   DEBUG     filtered out because of measurement count: 0
17:42:25    SpacePointMa   DEBUG     Created 45 pixel space points
17:42:25    SpacePointMa   DEBUG     Build strip space points
17:42:25    SpacePointMa   DEBUG     Created 0 strip space points
17:42:25    SpacePointMa   DEBUG     Created 45 space points
17:42:25    GridTripletS   DEBUG     Created 38 track seeds from 45 space points
17:42:25    TrackParamsE   DEBUG     Estimated 38 track parameters from 38 seeds
17:42:25    SeedsToTrack   DEBUG     Received 38 seeds
17:42:25    SeedsToTrack   DEBUG     Produced 38 tracks
17:42:25    RzTrackFindi   DEBUG     Binned 106 of 106 measurements
17:42:25    RzTrackFindi   DEBUG     Found 38 tracks from 38 seeds
17:42:25    Sequencer      DEBUG     finished event 52
17:42:25    Sequencer      DEBUG     start processing event 53 on thread 0
17:42:25    EventGenerat   DEBUG     Generating primary vertices took 0.003126 ms total, 1.563 us +- 0.146 us per sample (#2)
17:42:25    EventGenerat   DEBUG     Merging HepMC3 events took 0.00375 ms total, 1.875 us +- 0.209 us per sample (#2)
17:42:25    EventGenerat   DEBUG     event=53 n_primary_vertices=2 n_particles=10
17:42:25    HepMC3InputC   DEBUG     HepMC3InputConverter::execute
17:42:25    HepMC3InputC   DEBUG     Have 2 vertices
17:42:25    HepMC3InputC   DEBUG     Have 10 particles
17:42:25    HepMC3InputC   DEBUG     Have 53 event number
17:42:25    HepMC3InputC   DEBUG     Converting HepMC3 event to internal EDM
17:42:25    HepMC3InputC   DEBUG     Finding primary vertex clusters took 0 ms
17:42:25    HepMC3InputC   DEBUG     Found 2 primary vertex clusters (~ primary vertices)
17:42:25    HepMC3InputC   DEBUG     Found 8 undecayed particles in the event
17:42:25    HepMC3InputC   DEBUG     Reserving 1 vertices and 8 particles
17:42:25    HepMC3InputC   DEBUG     Converting HepMC3 vertices to internal EDM took 0.007 ms
17:42:25    HepMC3InputC   DEBUG     Converted 8 particles and 2 vertices
17:42:25    HepMC3InputC   DEBUG     Sorting particles and vertices took 0 ms
17:42:25    FatrasSimula   DEBUG     8 input particles
17:42:25    FatrasSimula   DEBUG     8 simulated particles (initial state)
17:42:25    FatrasSimula   DEBUG     8 simulated particles (final state)
17:42:25    FatrasSimula   DEBUG     95 simulated hits
17:42:25    Digitization   DEBUG     Loaded 95 sim hits
17:42:25    Digitization   DEBUG     Starting loop over modules ...
17:42:25    Digitization   DEBUG     Created 95 measurements, 95 clusters from 95 sim hits.
17:42:25    ParticleSele   DEBUG     event 53 selected 8 from 8 particles
17:42:25    ParticleSele   DEBUG     filtered out because of charge: 0
17:42:25    ParticleSele   DEBUG     filtered out because of hit count: 0
17:42:25    ParticleSele   DEBUG     filtered out because of measurement count: 0
17:42:25    SpacePointMa   DEBUG     Created 40 pixel space points
17:42:25    SpacePointMa   DEBUG     Build strip space points
17:42:25    SpacePointMa   DEBUG     Created 0 strip space points
17:42:25    SpacePointMa   DEBUG     Created 40 space points
17:42:25    GridTripletS   DEBUG     Created 34 track seeds from 40 space points
17:42:25    TrackParamsE   DEBUG     Estimated 34 track parameters from 34 seeds
17:42:25    SeedsToTrack   DEBUG     Received 34 seeds
17:42:25    SeedsToTrack   DEBUG     Produced 34 tracks
17:42:25    RzTrackFindi   DEBUG     Binned 95 of 95 measurements
17:42:25    RzTrackFindi   DEBUG     Found 34 tracks from 34 seeds
17:42:25    Sequencer      DEBUG     finished event 53
17:42:25    Sequencer      DEBUG     start processing event 54 on thread 0
17:42:25    EventGenerat   DEBUG     Generating primary vertices took 0.003125 ms total, 1.5625 us +- 0.1035 us per sample (#2)
17:42:25    EventGenerat   DEBUG     Merging HepMC3 events took 0.003625 ms total, 1.8125 us +- 0.1875 us per sample (#2)
17:42:25    EventGenerat   DEBUG     event=54 n_primary_vertices=2 n_particles=10
17:42:25    HepMC3InputC   DEBUG     HepMC3InputConverter::execute
17:42:25    HepMC3InputC   DEBUG     Have 2 vertices
17:42:25    HepMC3InputC   DEBUG     Have 10 particles
17:42:25    HepMC3InputC   DEBUG     Have 54 event number
17:42:25    HepMC3InputC   DEBUG     Converting HepMC3 event to internal EDM
17:42:25    HepMC3InputC   DEBUG     Finding primary vertex clusters took 0 ms
17:42:25    HepMC3InputC   DEBUG     Found 2 primary vertex clusters (~ primary vertices)
17:42:25    HepMC3InputC   DEBUG     Found 8 undecayed particles in the event
17:42:25    HepMC3InputC   DEBUG     Reserving 1 vertices and 8 particles
17:42:25    HepMC3InputC   DEBUG     Converting HepMC3 vertices to internal EDM took 0.007 ms
17:42:25    HepMC3InputC   DEBUG     Converted 8 particles and 2 vertices
17:42:25    HepMC3InputC   DEBUG     Sorting particles and vertices took 0 ms
17:42:25    FatrasSimula   DEBUG     8 input particles
17:42:25    FatrasSimula   DEBUG     8 simulated particles (initial state)
17:42:25    FatrasSimula   DEBUG     8 simulated particles (final state)
17:42:25    FatrasSimula   DEBUG     94 simulated hits
17:42:25    Digitization   DEBUG     Loaded 94 sim hits
17:42:25    Digitization   DEBUG     Starting loop over modules ...
17:42:25    Digitization   DEBUG     Created 94 measurements, 94 clusters from 94 sim hits.
17:42:25    ParticleSele   DEBUG     event 54 selected 8 from 8 particles
17:42:25    ParticleSele   DEBUG     filtered out because of charge: 0
17:42:25    ParticleSele   DEBUG     filtered out because of hit count: 0
17:42:25    ParticleSele   DEBUG     filtered out because of measurement count: 0
17:42:25    SpacePointMa   DEBUG     Created 39 pixel space points
17:42:25    SpacePointMa   DEBUG     Build strip space points
17:42:25    SpacePointMa   DEBUG     Created 0 strip space points
17:42:25    SpacePointMa   DEBUG     Created 39 space points
17:42:25    GridTripletS   DEBUG     Created 35 track seeds from 39 space points
17:42:25    TrackParamsE   DEBUG     Estimated 35 track parameters from 35 seeds
17:42:25    SeedsToTrack   DEBUG     Received 35 seeds
17:42:25    SeedsToTrack   DEBUG     Produced 35 tracks
17:42:25    RzTrackFindi   DEBUG     Binned 94 of 94 measurements
17:42:25    RzTrackFindi   DEBUG     Found 35 tracks from 35 seeds
17:42:25    Sequencer      DEBUG     finished event 54
17:42:25    Sequencer      DEBUG     start processing event 55 on thread 0
17:42:25    EventGenerat   DEBUG     Generating primary vertices took 0.00325 ms total, 1.625 us +- 0.208 us per sample (#2)
17:42:25    EventGenerat   DEBUG     Merging HepMC3 events took 0.003666 ms total, 1.833 us +- 0.167 us per sample (#2)
17:42:25    EventGenerat   DEBUG     event=55 n_primary_vertices=2 n_particles=10
17:42:25    HepMC3InputC   DEBUG     HepMC3InputConverter::execute
17:42:25    HepMC3InputC   DEBUG     Have 2 vertices
17:42:25    HepMC3InputC   DEBUG     Have 10 particles
17:42:25    HepMC3InputC   DEBUG     Have 55 event number
17:42:25    HepMC3InputC   DEBUG     Converting HepMC3 event to internal EDM
17:42:25    HepMC3InputC   DEBUG     Finding primary vertex clusters took 0 ms
17:42:25    HepMC3InputC   DEBUG     Found 2 primary vertex clusters (~ primary vertices)
17:42:25    HepMC3InputC   DEBUG     Found 8 undecayed particles in the event
17:42:25    HepMC3InputC   DEBUG     Reserving 1 vertices and 8 particles
17:42:25    HepMC3InputC   DEBUG     Converting HepMC3 vertices to internal EDM took 0.007 ms
17:42:25    HepMC3InputC   DEBUG     Converted 8 particles and 2 vertices
17:42:25    HepMC3InputC   DEBUG     Sorting particles and vertices took 0 ms
17:42:25    FatrasSimula   DEBUG     8 input particles
17:42:25    FatrasSimula   DEBUG     8 simulated particles (initial state)
17:42:25    FatrasSimula   DEBUG     8 simulated particles (final state)
17:42:25    FatrasSimula   DEBUG     91 simulated hits
17:42:25    Digitization   DEBUG     Loaded 91 sim hits
17:42:25    Digitization   DEBUG     Starting loop over modules ...
17:42:25    Digitization   DEBUG     Created 91 measurements, 91 clusters from 91 sim hits.
17:42:25    ParticleSele   DEBUG     event 55 selected 8 from 8 particles
17:42:25    ParticleSele   DEBUG     filtered out because of charge: 0
17:42:25    ParticleSele   DEBUG     filtered out because of hit count: 0
17:42:25    ParticleSele   DEBUG     filtered out because of measurement count: 0
17:42:25    SpacePointMa   DEBUG     Created 39 pixel space points
17:42:25    SpacePointMa   DEBUG     Build strip space points
17:42:25    SpacePointMa   DEBUG     Created 0 strip space points
17:42:25    SpacePointMa   DEBUG     Created 39 space points
17:42:25    GridTripletS   DEBUG     Created 38 track seeds from 39 space points
17:42:25    TrackParamsE   DEBUG     Estimated 38 track parameters from 38 seeds
17:42:25    SeedsToTrack   DEBUG     Received 38 seeds
17:42:25    SeedsToTrack   DEBUG     Produced 38 tracks
17:42:25    RzTrackFindi   DEBUG     Binned 91 of 91 measurements
17:42:25    RzTrackFindi   DEBUG     Found 38 tracks from 38 seeds
17:42:25    Sequencer      DEBUG     finished event 55
17:42:25    Sequencer      DEBUG     start processing event 56 on thread 0
17:42:25    EventGenerat   DEBUG     Generating primary vertices took 0.003375 ms total, 1.6875 us +- 0.1465 us per sample (#2)
17:42:25    EventGenerat   DEBUG     Merging HepMC3 events took 0.003916 ms total, 1.958 us +- 0.167 us per sample (#2)
17:42:25    EventGenerat   DEBUG     event=56 n_primary_vertices=2 n_particles=10
17:42:25    HepMC3InputC   DEBUG     HepMC3InputConverter::execute
17:42:25    HepMC3InputC   DEBUG     Have 2 vertices
17:42:25    HepMC3InputC   DEBUG     Have 10 particles
17:42:25    HepMC3InputC   DEBUG     Have 56 event number
17:42:25    HepMC3InputC   DEBUG     Converting HepMC3 event to internal EDM
17:42:25    HepMC3InputC   DEBUG     Finding primary vertex clusters took 0 ms
17:42:25    HepMC3InputC   DEBUG     Found 2 primary vertex clusters (~ primary vertices)
17:42:25    HepMC3InputC   DEBUG     Found 8 undecayed particles in the event
17:42:25    HepMC3InputC   DEBUG     Reserving 1 vertices and 8 particles
17:42:25    HepMC3InputC   DEBUG     Converting HepMC3 vertices to internal EDM took 0.008 ms
17:42:25    HepMC3InputC   DEBUG     Converted 8 particles and 2 vertices
17:42:25    HepMC3InputC   DEBUG     Sorting particles and vertices took 0 ms
17:42:25    FatrasSimula   DEBUG     8 input particles
17:42:25    FatrasSimula   DEBUG     8 simulated particles (initial state)
17:42:25    FatrasSimula   DEBUG     8 simulated particles (final state)
17:42:25    FatrasSimula   DEBUG     95 simulated hits
17:42:25    Digitization   DEBUG     Loaded 95 sim hits
17:42:25    Digitization   DEBUG     Starting loop over modules ...
17:42:25    Digitization   DEBUG     Created 95 measurements, 95 clusters from 95 sim hits.
17:42:25    ParticleSele   DEBUG     event 56 selected 8 from 8 particles
17:42:25    ParticleSele   DEBUG     filtered out because of charge: 0
17:42:25    ParticleSele   DEBUG     filtered out because of hit count: 0
17:42:25    ParticleSele   DEBUG     filtered out because of measurement count: 0
17:42:25    SpacePointMa   DEBUG     Created 44 pixel space points
17:42:25    SpacePointMa   DEBUG     Build strip space points
17:42:25    SpacePointMa   DEBUG     Created 0 strip space points
17:42:25    SpacePointMa   DEBUG     Created 44 space points
17:42:25    GridTripletS   DEBUG     Created 41 track seeds from 44 space points
17:42:25    TrackParamsE   DEBUG     Estimated 41 track parameters from 41 seeds
17:42:25    SeedsToTrack   DEBUG     Received 41 seeds
17:42:25    SeedsToTrack   DEBUG     Produced 41 tracks
17:42:25    RzTrackFindi   DEBUG     Binned 95 of 95 measurements
17:42:25    RzTrackFindi   DEBUG     Found 41 tracks from 41 seeds
17:42:25    Sequencer      DEBUG     finished event 56
17:42:25    Sequencer      DEBUG     start processing event 57 on thread 0
17:42:25    EventGenerat   DEBUG     Generating primary vertices took 0.00325 ms total, 1.625 us +- 0.208 us per sample (#2)
17:42:25    EventGenerat   DEBUG     Merging HepMC3 events took 0.003708 ms total, 1.854 us +- 0.188 us per sample (#2)
17:42:25    EventGenerat   DEBUG     event=57 n_primary_vertices=2 n_particles=10
17:42:25    HepMC3InputC   DEBUG     HepMC3InputConverter::execute
17:42:25    HepMC3InputC   DEBUG     Have 2 vertices
17:42:25    HepMC3InputC   DEBUG     Have 10 particles
17:42:25    HepMC3InputC   DEBUG     Have 57 event number
17:42:25    HepMC3InputC   DEBUG     Converting HepMC3 event to internal EDM
17:42:25    HepMC3InputC   DEBUG     Finding primary vertex clusters took 0 ms
17:42:25    HepMC3InputC   DEBUG     Found 2 primary vertex clusters (~ primary vertices)
17:42:25    HepMC3InputC   DEBUG     Found 8 undecayed particles in the event
17:42:25    HepMC3InputC   DEBUG     Reserving 1 vertices and 8 particles
17:42:25    HepMC3InputC   DEBUG     Converting HepMC3 vertices to internal EDM took 0.007 ms
17:42:25    HepMC3InputC   DEBUG     Converted 8 particles and 2 vertices
17:42:25    HepMC3InputC   DEBUG     Sorting particles and vertices took 0 ms
17:42:25    FatrasSimula   DEBUG     8 input particles
17:42:25    FatrasSimula   DEBUG     8 simulated particles (initial state)
17:42:25    FatrasSimula   DEBUG     8 simulated particles (final state)
17:42:25    FatrasSimula   DEBUG     98 simulated hits
17:42:25    Digitization   DEBUG     Loaded 98 sim hits
17:42:25    Digitization   DEBUG     Starting loop over modules ...
17:42:25    Digitization   DEBUG     Created 98 measurements, 98 clusters from 98 sim hits.
17:42:25    ParticleSele   DEBUG     event 57 selected 8 from 8 particles
17:42:25    ParticleSele   DEBUG     filtered out because of charge: 0
17:42:25    ParticleSele   DEBUG     filtered out because of hit count: 0
17:42:25    ParticleSele   DEBUG     filtered out because of measurement count: 0
17:42:25    SpacePointMa   DEBUG     Created 42 pixel space points
17:42:25    SpacePointMa   DEBUG     Build strip space points
17:42:25    SpacePointMa   DEBUG     Created 0 strip space points
17:42:25    SpacePointMa   DEBUG     Created 42 space points
17:42:25    GridTripletS   DEBUG     Created 39 track seeds from 42 space points
17:42:25    TrackParamsE   DEBUG     Estimated 39 track parameters from 39 seeds
17:42:25    SeedsToTrack   DEBUG     Received 39 seeds
17:42:25    SeedsToTrack   DEBUG     Produced 39 tracks
17:42:25    RzTrackFindi   DEBUG     Binned 98 of 98 measurements
17:42:25    RzTrackFindi   DEBUG     Found 39 tracks from 39 seeds
17:42:25    Sequencer      DEBUG     finished event 57
17:42:25    Sequencer      DEBUG     start processing event 58 on thread 0
17:42:25    EventGenerat   DEBUG     Generating primary vertices took 0.003125 ms total, 1.5625 us +- 0.1035 us per sample (#2)
17:42:25    EventGenerat   DEBUG     Merging HepMC3 events took 0.00375 ms total, 1.875 us +- 0.167 us per sample (#2)
17:42:25    EventGenerat   DEBUG     event=58 n_primary_vertices=2 n_particles=10
17:42:25    HepMC3InputC   DEBUG     HepMC3InputConverter::execute
17:42:25    HepMC3InputC   DEBUG     Have 2 vertices
17:42:25    HepMC3InputC   DEBUG     Have 10 particles
17:42:25    HepMC3InputC   DEBUG     Have 58 event number
17:42:25    HepMC3InputC   DEBUG     Converting HepMC3 event to internal EDM
17:42:25    HepMC3InputC   DEBUG     Finding primary vertex clusters took 0 ms
17:42:25    HepMC3InputC   DEBUG     Found 2 primary vertex clusters (~ primary vertices)
17:42:25    HepMC3InputC   DEBUG     Found 8 undecayed particles in the event
17:42:25    HepMC3InputC   DEBUG     Reserving 1 vertices and 8 particles
17:42:25    HepMC3InputC   DEBUG     Converting HepMC3 vertices to internal EDM took 0.007 ms
17:42:25    HepMC3InputC   DEBUG     Converted 8 particles and 2 vertices
17:42:25    HepMC3InputC   DEBUG     Sorting particles and vertices took 0 ms
17:42:25    FatrasSimula   DEBUG     8 input particles
17:42:25    FatrasSimula   DEBUG     8 simulated particles (initial state)
17:42:25    FatrasSimula   DEBUG     8 simulated particles (final state)
17:42:25    FatrasSimula   DEBUG     96 simulated hits
17:42:25    Digitization   DEBUG     Loaded 96 sim hits
17:42:25    Digitization   DEBUG     Starting loop over modules ...
17:42:25    Digitization   DEBUG     Created 96 measurements, 96 clusters from 96 sim hits.
17:42:25    ParticleSele   DEBUG     event 58 selected 8 from 8 particles
17:42:25    ParticleSele   DEBUG     filtered out because of charge: 0
17:42:25    ParticleSele   DEBUG     filtered out because of hit count: 0
17:42:25    ParticleSele   DEBUG     filtered out because of measurement count: 0
17:42:25    SpacePointMa   DEBUG     Created 42 pixel space points
17:42:25    SpacePointMa   DEBUG     Build strip space points
17:42:25    SpacePointMa   DEBUG     Created 0 strip space points
17:42:25    SpacePointMa   DEBUG     Created 42 space points
17:42:25    GridTripletS   DEBUG     Created 33 track seeds from 42 space points
17:42:25    TrackParamsE   DEBUG     Estimated 33 track parameters from 33 seeds
17:42:25    SeedsToTrack   DEBUG     Received 33 seeds
17:42:25    SeedsToTrack   DEBUG     Produced 33 tracks
17:42:25    RzTrackFindi   DEBUG     Binned 96 of 96 measurements
17:42:25    RzTrackFindi   DEBUG     Found 33 tracks from 33 seeds
17:42:25    Sequencer      DEBUG     finished event 58
17:42:25    Sequencer      DEBUG     start processing event 59 on thread 0
17:42:25    EventGenerat   DEBUG     Generating primary vertices took 0.003083 ms total, 1.5415 us +- 0.0835 us per sample (#2)
17:42:25    EventGenerat   DEBUG     Merging HepMC3 events took 0.003667 ms total, 1.8335 us +- 0.1665 us per sample (#2)
17:42:25    EventGenerat   DEBUG     event=59 n_primary_vertices=2 n_particles=10
17:42:25    HepMC3InputC   DEBUG     HepMC3InputConverter::execute
17:42:25    HepMC3InputC   DEBUG     Have 2 vertices
17:42:25    HepMC3InputC   DEBUG     Have 10 particles
17:42:25    HepMC3InputC   DEBUG     Have 59 event number
17:42:25    HepMC3InputC   DEBUG     Converting HepMC3 event to internal EDM
17:42:25    HepMC3InputC   DEBUG     Finding primary vertex clusters took 0 ms
17:42:25    HepMC3InputC   DEBUG     Found 2 primary vertex clusters (~ primary vertices)
17:42:25    HepMC3InputC   DEBUG     Found 8 undecayed particles in the event
17:42:25    HepMC3InputC   DEBUG     Reserving 1 vertices and 8 particles
17:42:25    HepMC3InputC   DEBUG     Converting HepMC3 vertices to internal EDM took 0.007 ms
17:42:25    HepMC3InputC   DEBUG     Converted 8 particles and 2 vertices
17:42:25    HepMC3InputC   DEBUG     Sorting particles and vertices took 0 ms
17:42:25    FatrasSimula   DEBUG     8 input particles
17:42:25    FatrasSimula   DEBUG     8 simulated particles (initial state)
17:42:25    FatrasSimula   DEBUG     8 simulated particles (final state)
17:42:25    FatrasSimula   DEBUG     97 simulated hits
17:42:25    Digitization   DEBUG     Loaded 97 sim hits
17:42:25    Digitization   DEBUG     Starting loop over modules ...
17:42:25    Digitization   DEBUG     Created 97 measurements, 97 clusters from 97 sim hits.
17:42:25    ParticleSele   DEBUG     event 59 selected 8 from 8 particles
17:42:25    ParticleSele   DEBUG     filtered out because of charge: 0
17:42:25    ParticleSele   DEBUG     filtered out because of hit count: 0
17:42:25    ParticleSele   DEBUG     filtered out because of measurement count: 0
17:42:25    SpacePointMa   DEBUG     Created 41 pixel space points
17:42:25    SpacePointMa   DEBUG     Build strip space points
17:42:25    SpacePointMa   DEBUG     Created 0 strip space points
17:42:25    SpacePointMa   DEBUG     Created 41 space points
17:42:25    GridTripletS   DEBUG     Created 38 track seeds from 41 space points
17:42:25    TrackParamsE   DEBUG     Estimated 38 track parameters from 38 seeds
17:42:25    SeedsToTrack   DEBUG     Received 38 seeds
17:42:25    SeedsToTrack   DEBUG     Produced 38 tracks
17:42:25    RzTrackFindi   DEBUG     Binned 97 of 97 measurements
17:42:25    RzTrackFindi   DEBUG     Found 38 tracks from 38 seeds
17:42:25    Sequencer      DEBUG     finished event 59
17:42:25    Sequencer      DEBUG     start processing event 60 on thread 0
17:42:25    EventGenerat   DEBUG     Generating primary vertices took 0.003292 ms total, 1.646 us +- 0.146 us per sample (#2)
17:42:25    EventGenerat   DEBUG     Merging HepMC3 events took 0.003917 ms total, 1.9585 us +- 0.2085 us per sample (#2)
17:42:25    EventGenerat   DEBUG     event=60 n_primary_vertices=2 n_particles=10
17:42:25    HepMC3InputC   DEBUG     HepMC3InputConverter::execute
17:42:25    HepMC3InputC   DEBUG     Have 2 vertices
17:42:25    HepMC3InputC   DEBUG     Have 10 particles
17:42:25    HepMC3InputC   DEBUG     Have 60 event number
17:42:25    HepMC3InputC   DEBUG     Converting HepMC3 event to internal EDM
17:42:25    HepMC3InputC   DEBUG     Finding primary vertex clusters took 0 ms
17:42:25    HepMC3InputC   DEBUG     Found 2 primary vertex clusters (~ primary vertices)
17:42:25    HepMC3InputC   DEBUG     Found 8 undecayed particles in the event
17:42:25    HepMC3InputC   DEBUG     Reserving 1 vertices and 8 particles
17:42:25    HepMC3InputC   DEBUG     Converting HepMC3 vertices to internal EDM took 0.008 ms
17:42:25    HepMC3InputC   DEBUG     Converted 8 particles and 2 vertices
17:42:25    HepMC3InputC   DEBUG     Sorting particles and vertices took 0 ms
17:42:25    FatrasSimula   DEBUG     8 input particles
17:42:25    FatrasSimula   DEBUG     8 simulated particles (initial state)
17:42:25    FatrasSimula   DEBUG     8 simulated particles (final state)
17:42:25    FatrasSimula   DEBUG     99 simulated hits
17:42:25    Digitization   DEBUG     Loaded 99 sim hits
17:42:25    Digitization   DEBUG     Starting loop over modules ...
17:42:25    Digitization   DEBUG     Created 99 measurements, 99 clusters from 99 sim hits.
17:42:25    ParticleSele   DEBUG     event 60 selected 8 from 8 particles
17:42:25    ParticleSele   DEBUG     filtered out because of charge: 0
17:42:25    ParticleSele   DEBUG     filtered out because of hit count: 0
17:42:25    ParticleSele   DEBUG     filtered out because of measurement count: 0
17:42:25    SpacePointMa   DEBUG     Created 39 pixel space points
17:42:25    SpacePointMa   DEBUG     Build strip space points
17:42:25    SpacePointMa   DEBUG     Created 0 strip space points
17:42:25    SpacePointMa   DEBUG     Created 39 space points
17:42:25    GridTripletS   DEBUG     Created 28 track seeds from 39 space points
17:42:25    TrackParamsE   DEBUG     Estimated 28 track parameters from 28 seeds
17:42:25    SeedsToTrack   DEBUG     Received 28 seeds
17:42:25    SeedsToTrack   DEBUG     Produced 28 tracks
17:42:25    RzTrackFindi   DEBUG     Binned 99 of 99 measurements
17:42:25    RzTrackFindi   DEBUG     Found 28 tracks from 28 seeds
17:42:25    Sequencer      DEBUG     finished event 60
17:42:25    Sequencer      DEBUG     start processing event 61 on thread 0
17:42:25    EventGenerat   DEBUG     Generating primary vertices took 0.003083 ms total, 1.5415 us +- 0.1255 us per sample (#2)
17:42:25    EventGenerat   DEBUG     Merging HepMC3 events took 0.003708 ms total, 1.854 us +- 0.146 us per sample (#2)
17:42:25    EventGenerat   DEBUG     event=61 n_primary_vertices=2 n_particles=10
17:42:25    HepMC3InputC   DEBUG     HepMC3InputConverter::execute
17:42:25    HepMC3InputC   DEBUG     Have 2 vertices
17:42:25    HepMC3InputC   DEBUG     Have 10 particles
17:42:25    HepMC3InputC   DEBUG     Have 61 event number
17:42:25    HepMC3InputC   DEBUG     Converting HepMC3 event to internal EDM
17:42:25    HepMC3InputC   DEBUG     Finding primary vertex clusters took 0 ms
17:42:25    HepMC3InputC   DEBUG     Found 2 primary vertex clusters (~ primary vertices)
17:42:25    HepMC3InputC   DEBUG     Found 8 undecayed particles in the event
17:42:25    HepMC3InputC   DEBUG     Reserving 1 vertices and 8 particles
17:42:25    HepMC3InputC   DEBUG     Converting HepMC3 vertices to internal EDM took 0.007 ms
17:42:25    HepMC3InputC   DEBUG     Converted 8 particles and 2 vertices
17:42:25    HepMC3InputC   DEBUG     Sorting particles and vertices took 0 ms
17:42:25    FatrasSimula   DEBUG     8 input particles
17:42:25    FatrasSimula   DEBUG     8 simulated particles (initial state)
17:42:25    FatrasSimula   DEBUG     8 simulated particles (final state)
17:42:25    FatrasSimula   DEBUG     98 simulated hits
17:42:25    Digitization   DEBUG     Loaded 98 sim hits
17:42:25    Digitization   DEBUG     Starting loop over modules ...
17:42:25    Digitization   DEBUG     Created 98 measurements, 98 clusters from 98 sim hits.
17:42:25    ParticleSele   DEBUG     event 61 selected 8 from 8 particles
17:42:25    ParticleSele   DEBUG     filtered out because of charge: 0
17:42:25    ParticleSele   DEBUG     filtered out because of hit count: 0
17:42:25    ParticleSele   DEBUG     filtered out because of measurement count: 0
17:42:25    SpacePointMa   DEBUG     Created 43 pixel space points
17:42:25    SpacePointMa   DEBUG     Build strip space points
17:42:25    SpacePointMa   DEBUG     Created 0 strip space points
17:42:25    SpacePointMa   DEBUG     Created 43 space points
17:42:25    GridTripletS   DEBUG     Created 35 track seeds from 43 space points
17:42:25    TrackParamsE   DEBUG     Estimated 35 track parameters from 35 seeds
17:42:25    SeedsToTrack   DEBUG     Received 35 seeds
17:42:25    SeedsToTrack   DEBUG     Produced 35 tracks
17:42:25    RzTrackFindi   DEBUG     Binned 98 of 98 measurements
17:42:25    RzTrackFindi   DEBUG     Found 35 tracks from 35 seeds
17:42:25    Sequencer      DEBUG     finished event 61
17:42:25    Sequencer      DEBUG     start processing event 62 on thread 0
17:42:25    EventGenerat   DEBUG     Generating primary vertices took 0.003209 ms total, 1.6045 us +- 0.1045 us per sample (#2)
17:42:25    EventGenerat   DEBUG     Merging HepMC3 events took 0.003625 ms total, 1.8125 us +- 0.1875 us per sample (#2)
17:42:25    EventGenerat   DEBUG     event=62 n_primary_vertices=2 n_particles=10
17:42:25    HepMC3InputC   DEBUG     HepMC3InputConverter::execute
17:42:25    HepMC3InputC   DEBUG     Have 2 vertices
17:42:25    HepMC3InputC   DEBUG     Have 10 particles
17:42:25    HepMC3InputC   DEBUG     Have 62 event number
17:42:25    HepMC3InputC   DEBUG     Converting HepMC3 event to internal EDM
17:42:25    HepMC3InputC   DEBUG     Finding primary vertex clusters took 0 ms
17:42:25    HepMC3InputC   DEBUG     Found 2 primary vertex clusters (~ primary vertices)
17:42:25    HepMC3InputC   DEBUG     Found 8 undecayed particles in the event
17:42:25    HepMC3InputC   DEBUG     Reserving 1 vertices and 8 particles
17:42:25    HepMC3InputC   DEBUG     Converting HepMC3 vertices to internal EDM took 0.007 ms
17:42:25    HepMC3InputC   DEBUG     Converted 8 particles and 2 vertices
17:42:25    HepMC3InputC   DEBUG     Sorting particles and vertices took 0 ms
17:42:25    FatrasSimula   DEBUG     8 input particles
17:42:25    FatrasSimula   DEBUG     8 simulated particles (initial state)
17:42:25    FatrasSimula   DEBUG     8 simulated particles (final state)
17:42:25    FatrasSimula   DEBUG     97 simulated hits
17:42:25    Digitization   DEBUG     Loaded 97 sim hits
17:42:25    Digitization   DEBUG     Starting loop over modules ...
17:42:25    Digitization   DEBUG     Created 97 measurements, 97 clusters from 97 sim hits.
17:42:25    ParticleSele   DEBUG     event 62 selected 8 from 8 particles
17:42:25    ParticleSele   DEBUG     filtered out because of charge: 0
17:42:25    ParticleSele   DEBUG     filtered out because of hit count: 0
17:42:25    ParticleSele   DEBUG     filtered out because of measurement count: 0
17:42:25    SpacePointMa   DEBUG     Created 38 pixel space points
17:42:25    SpacePointMa   DEBUG     Build strip space points
17:42:25    SpacePointMa   DEBUG     Created 0 strip space points
17:42:25    SpacePointMa   DEBUG     Created 38 space points
17:42:25    GridTripletS   DEBUG     Created 33 track seeds from 38 space points
17:42:25    TrackParamsE   DEBUG     Estimated 33 track parameters from 33 seeds
17:42:25    SeedsToTrack   DEBUG     Received 33 seeds
17:42:25    SeedsToTrack   DEBUG     Produced 33 tracks
17:42:25    RzTrackFindi   DEBUG     Binned 97 of 97 measurements
17:42:25    RzTrackFindi   DEBUG     Found 32 tracks from 33 seeds
17:42:25    Sequencer      DEBUG     finished event 62
17:42:25    Sequencer      DEBUG     start processing event 63 on thread 0
17:42:25    EventGenerat   DEBUG     Generating primary vertices took 0.003167 ms total, 1.5835 us +- 0.0835 us per sample (#2)
17:42:25    EventGenerat   DEBUG     Merging HepMC3 events took 0.00375 ms total, 1.875 us +- 0.167 us per sample (#2)
17:42:25    EventGenerat   DEBUG     event=63 n_primary_vertices=2 n_particles=10
17:42:25    HepMC3InputC   DEBUG     HepMC3InputConverter::execute
17:42:25    HepMC3InputC   DEBUG     Have 2 vertices
17:42:25    HepMC3InputC   DEBUG     Have 10 particles
17:42:25    HepMC3InputC   DEBUG     Have 63 event number
17:42:25    HepMC3InputC   DEBUG     Converting HepMC3 event to internal EDM
17:42:25    HepMC3InputC   DEBUG     Finding primary vertex clusters took 0 ms
17:42:25    HepMC3InputC   DEBUG     Found 2 primary vertex clusters (~ primary vertices)
17:42:25    HepMC3InputC   DEBUG     Found 8 undecayed particles in the event
17:42:25    HepMC3InputC   DEBUG     Reserving 1 vertices and 8 particles
17:42:25    HepMC3InputC   DEBUG     Converting HepMC3 vertices to internal EDM took 0.007 ms
17:42:25    HepMC3InputC   DEBUG     Converted 8 particles and 2 vertices
17:42:25    HepMC3InputC   DEBUG     Sorting particles and vertices took 0 ms
17:42:25    FatrasSimula   DEBUG     8 input particles
17:42:25    FatrasSimula   DEBUG     8 simulated particles (initial state)
17:42:25    FatrasSimula   DEBUG     8 simulated particles (final state)
17:42:25    FatrasSimula   DEBUG     94 simulated hits
17:42:25    Digitization   DEBUG     Loaded 94 sim hits
17:42:25    Digitization   DEBUG     Starting loop over modules ...
17:42:25    Digitization   DEBUG     Created 94 measurements, 94 clusters from 94 sim hits.
17:42:25    ParticleSele   DEBUG     event 63 selected 8 from 8 particles
17:42:25    ParticleSele   DEBUG     filtered out because of charge: 0
17:42:25    ParticleSele   DEBUG     filtered out because of hit count: 0
17:42:25    ParticleSele   DEBUG     filtered out because of measurement count: 0
17:42:25    SpacePointMa   DEBUG     Created 41 pixel space points
17:42:25    SpacePointMa   DEBUG     Build strip space points
17:42:25    SpacePointMa   DEBUG     Created 0 strip space points
17:42:25    SpacePointMa   DEBUG     Created 41 space points
17:42:25    GridTripletS   DEBUG     Created 40 track seeds from 41 space points
17:42:25    TrackParamsE   DEBUG     Estimated 40 track parameters from 40 seeds
17:42:25    SeedsToTrack   DEBUG     Received 40 seeds
17:42:25    SeedsToTrack   DEBUG     Produced 40 tracks
17:42:25    RzTrackFindi   DEBUG     Binned 94 of 94 measurements
17:42:25    RzTrackFindi   DEBUG     Found 40 tracks from 40 seeds
17:42:25    Sequencer      DEBUG     finished event 63
17:42:25    Sequencer      DEBUG     start processing event 64 on thread 0
17:42:25    EventGenerat   DEBUG     Generating primary vertices took 0.00325 ms total, 1.625 us +- 0.125 us per sample (#2)
17:42:25    EventGenerat   DEBUG     Merging HepMC3 events took 0.003625 ms total, 1.8125 us +- 0.1875 us per sample (#2)
17:42:25    EventGenerat   DEBUG     event=64 n_primary_vertices=2 n_particles=10
17:42:25    HepMC3InputC   DEBUG     HepMC3InputConverter::execute
17:42:25    HepMC3InputC   DEBUG     Have 2 vertices
17:42:25    HepMC3InputC   DEBUG     Have 10 particles
17:42:25    HepMC3InputC   DEBUG     Have 64 event number
17:42:25    HepMC3InputC   DEBUG     Converting HepMC3 event to internal EDM
17:42:25    HepMC3InputC   DEBUG     Finding primary vertex clusters took 0 ms
17:42:25    HepMC3InputC   DEBUG     Found 2 primary vertex clusters (~ primary vertices)
17:42:25    HepMC3InputC   DEBUG     Found 8 undecayed particles in the event
17:42:25    HepMC3InputC   DEBUG     Reserving 1 vertices and 8 particles
17:42:25    HepMC3InputC   DEBUG     Converting HepMC3 vertices to internal EDM took 0.007 ms
17:42:25    HepMC3InputC   DEBUG     Converted 8 particles and 2 vertices
17:42:25    HepMC3InputC   DEBUG     Sorting particles and vertices took 0 ms
17:42:25    FatrasSimula   DEBUG     8 input particles
17:42:25    FatrasSimula   DEBUG     8 simulated particles (initial state)
17:42:25    FatrasSimula   DEBUG     8 simulated particles (final state)
17:42:25    FatrasSimula   DEBUG     94 simulated hits
17:42:25    Digitization   DEBUG     Loaded 94 sim hits
17:42:25    Digitization   DEBUG     Starting loop over modules ...
17:42:25    Digitization   DEBUG     Created 94 measurements, 94 clusters from 94 sim hits.
17:42:25    ParticleSele   DEBUG     event 64 selected 8 from 8 particles
17:42:25    ParticleSele   DEBUG     filtered out because of charge: 0
17:42:25    ParticleSele   DEBUG     filtered out because of hit count: 0
17:42:25    ParticleSele   DEBUG     filtered out because of measurement count: 0
17:42:25    SpacePointMa   DEBUG     Created 42 pixel space points
17:42:25    SpacePointMa   DEBUG     Build strip space points
17:42:25    SpacePointMa   DEBUG     Created 0 strip space points
17:42:25    SpacePointMa   DEBUG     Created 42 space points
17:42:25    GridTripletS   DEBUG     Created 36 track seeds from 42 space points
17:42:25    TrackParamsE   DEBUG     Estimated 36 track parameters from 36 seeds
17:42:25    SeedsToTrack   DEBUG     Received 36 seeds
17:42:25    SeedsToTrack   DEBUG     Produced 36 tracks
17:42:25    RzTrackFindi   DEBUG     Binned 94 of 94 measurements
17:42:25    RzTrackFindi   DEBUG     Found 36 tracks from 36 seeds
17:42:25    Sequencer      DEBUG     finished event 64
17:42:25    Sequencer      DEBUG     start processing event 65 on thread 0
17:42:25    EventGenerat   DEBUG     Generating primary vertices took 0.003375 ms total, 1.6875 us +- 0.1045 us per sample (#2)
17:42:25    EventGenerat   DEBUG     Merging HepMC3 events took 0.004166 ms total, 2.083 us +- 0.083 us per sample (#2)
17:42:25    EventGenerat   DEBUG     event=65 n_primary_vertices=2 n_particles=10
17:42:25    HepMC3InputC   DEBUG     HepMC3InputConverter::execute
17:42:25    HepMC3InputC   DEBUG     Have 2 vertices
17:42:25    HepMC3InputC   DEBUG     Have 10 particles
17:42:25    HepMC3InputC   DEBUG     Have 65 event number
17:42:25    HepMC3InputC   DEBUG     Converting HepMC3 event to internal EDM
17:42:25    HepMC3InputC   DEBUG     Finding primary vertex clusters took 0 ms
17:42:25    HepMC3InputC   DEBUG     Found 2 primary vertex clusters (~ primary vertices)
17:42:25    HepMC3InputC   DEBUG     Found 8 undecayed particles in the event
17:42:25    HepMC3InputC   DEBUG     Reserving 1 vertices and 8 particles
17:42:25    HepMC3InputC   DEBUG     Converting HepMC3 vertices to internal EDM took 0.007 ms
17:42:25    HepMC3InputC   DEBUG     Converted 8 particles and 2 vertices
17:42:25    HepMC3InputC   DEBUG     Sorting particles and vertices took 0 ms
17:42:25    FatrasSimula   DEBUG     8 input particles
17:42:25    FatrasSimula   DEBUG     8 simulated particles (initial state)
17:42:25    FatrasSimula   DEBUG     8 simulated particles (final state)
17:42:25    FatrasSimula   DEBUG     95 simulated hits
17:42:25    Digitization   DEBUG     Loaded 95 sim hits
17:42:25    Digitization   DEBUG     Starting loop over modules ...
17:42:25    Digitization   DEBUG     Created 95 measurements, 95 clusters from 95 sim hits.
17:42:25    ParticleSele   DEBUG     event 65 selected 8 from 8 particles
17:42:25    ParticleSele   DEBUG     filtered out because of charge: 0
17:42:25    ParticleSele   DEBUG     filtered out because of hit count: 0
17:42:25    ParticleSele   DEBUG     filtered out because of measurement count: 0
17:42:25    SpacePointMa   DEBUG     Created 44 pixel space points
17:42:25    SpacePointMa   DEBUG     Build strip space points
17:42:25    SpacePointMa   DEBUG     Created 0 strip space points
17:42:25    SpacePointMa   DEBUG     Created 44 space points
17:42:25    GridTripletS   DEBUG     Created 36 track seeds from 44 space points
17:42:25    TrackParamsE   DEBUG     Estimated 36 track parameters from 36 seeds
17:42:25    SeedsToTrack   DEBUG     Received 36 seeds
17:42:25    SeedsToTrack   DEBUG     Produced 36 tracks
17:42:25    RzTrackFindi   DEBUG     Binned 95 of 95 measurements
17:42:25    RzTrackFindi   DEBUG     Found 36 tracks from 36 seeds
17:42:25    Sequencer      DEBUG     finished event 65
17:42:25    Sequencer      DEBUG     start processing event 66 on thread 0
17:42:25    EventGenerat   DEBUG     Generating primary vertices took 0.003166 ms total, 1.583 us +- 0.125 us per sample (#2)
17:42:25    EventGenerat   DEBUG     Merging HepMC3 events took 0.003625 ms total, 1.8125 us +- 0.1875 us per sample (#2)
17:42:25    EventGenerat   DEBUG     event=66 n_primary_vertices=2 n_particles=10
17:42:25    HepMC3InputC   DEBUG     HepMC3InputConverter::execute
17:42:25    HepMC3InputC   DEBUG     Have 2 vertices
17:42:25    HepMC3InputC   DEBUG     Have 10 particles
17:42:25    HepMC3InputC   DEBUG     Have 66 event number
17:42:25    HepMC3InputC   DEBUG     Converting HepMC3 event to internal EDM
17:42:25    HepMC3InputC   DEBUG     Finding primary vertex clusters took 0 ms
17:42:25    HepMC3InputC   DEBUG     Found 2 primary vertex clusters (~ primary vertices)
17:42:25    HepMC3InputC   DEBUG     Found 8 undecayed particles in the event
17:42:25    HepMC3InputC   DEBUG     Reserving 1 vertices and 8 particles
17:42:25    HepMC3InputC   DEBUG     Converting HepMC3 vertices to internal EDM took 0.007 ms
17:42:25    HepMC3InputC   DEBUG     Converted 8 particles and 2 vertices
17:42:25    HepMC3InputC   DEBUG     Sorting particles and vertices took 0 ms
17:42:25    FatrasSimula   DEBUG     8 input particles
17:42:25    FatrasSimula   DEBUG     8 simulated particles (initial state)
17:42:25    FatrasSimula   DEBUG     8 simulated particles (final state)
17:42:25    FatrasSimula   DEBUG     96 simulated hits
17:42:25    Digitization   DEBUG     Loaded 96 sim hits
17:42:25    Digitization   DEBUG     Starting loop over modules ...
17:42:25    Digitization   DEBUG     Created 96 measurements, 96 clusters from 96 sim hits.
17:42:25    ParticleSele   DEBUG     event 66 selected 8 from 8 particles
17:42:25    ParticleSele   DEBUG     filtered out because of charge: 0
17:42:25    ParticleSele   DEBUG     filtered out because of hit count: 0
17:42:25    ParticleSele   DEBUG     filtered out because of measurement count: 0
17:42:25    SpacePointMa   DEBUG     Created 37 pixel space points
17:42:25    SpacePointMa   DEBUG     Build strip space points
17:42:25    SpacePointMa   DEBUG     Created 0 strip space points
17:42:25    SpacePointMa   DEBUG     Created 37 space points
17:42:25    GridTripletS   DEBUG     Created 30 track seeds from 37 space points
17:42:25    TrackParamsE   DEBUG     Estimated 30 track parameters from 30 seeds
17:42:25    SeedsToTrack   DEBUG     Received 30 seeds
17:42:25    SeedsToTrack   DEBUG     Produced 30 tracks
17:42:25    RzTrackFindi   DEBUG     Binned 96 of 96 measurements
17:42:25    RzTrackFindi   DEBUG     Found 30 tracks from 30 seeds
17:42:25    Sequencer      DEBUG     finished event 66
17:42:25    Sequencer      DEBUG     start processing event 67 on thread 0
17:42:25    EventGenerat   DEBUG     Generating primary vertices took 0.003 ms total, 1.5 us +- 0.125 us per sample (#2)
17:42:25    EventGenerat   DEBUG     Merging HepMC3 events took 0.003708 ms total, 1.854 us +- 0.188 us per sample (#2)
17:42:25    EventGenerat   DEBUG     event=67 n_primary_vertices=2 n_particles=10
17:42:25    HepMC3InputC   DEBUG     HepMC3InputConverter::execute
17:42:25    HepMC3InputC   DEBUG     Have 2 vertices
17:42:25    HepMC3InputC   DEBUG     Have 10 particles
17:42:25    HepMC3InputC   DEBUG     Have 67 event number
17:42:25    HepMC3InputC   DEBUG     Converting HepMC3 event to internal EDM
17:42:25    HepMC3InputC   DEBUG     Finding primary vertex clusters took 0 ms
17:42:25    HepMC3InputC   DEBUG     Found 2 primary vertex clusters (~ primary vertices)
17:42:25    HepMC3InputC   DEBUG     Found 8 undecayed particles in the event
17:42:25    HepMC3InputC   DEBUG     Reserving 1 vertices and 8 particles
17:42:25    HepMC3InputC   DEBUG     Converting HepMC3 vertices to internal EDM took 0.007 ms
17:42:25    HepMC3InputC   DEBUG     Converted 8 particles and 2 vertices
17:42:25    HepMC3InputC   DEBUG     Sorting particles and vertices took 0 ms
17:42:25    FatrasSimula   DEBUG     8 input particles
17:42:25    FatrasSimula   DEBUG     8 simulated particles (initial state)
17:42:25    FatrasSimula   DEBUG     8 simulated particles (final state)
17:42:25    FatrasSimula   DEBUG     101 simulated hits
17:42:25    Digitization   DEBUG     Loaded 101 sim hits
17:42:25    Digitization   DEBUG     Starting loop over modules ...
17:42:25    Digitization   DEBUG     Created 101 measurements, 101 clusters from 101 sim hits.
17:42:25    ParticleSele   DEBUG     event 67 selected 8 from 8 particles
17:42:25    ParticleSele   DEBUG     filtered out because of charge: 0
17:42:25    ParticleSele   DEBUG     filtered out because of hit count: 0
17:42:25    ParticleSele   DEBUG     filtered out because of measurement count: 0
17:42:25    SpacePointMa   DEBUG     Created 43 pixel space points
17:42:25    SpacePointMa   DEBUG     Build strip space points
17:42:25    SpacePointMa   DEBUG     Created 0 strip space points
17:42:25    SpacePointMa   DEBUG     Created 43 space points
17:42:25    GridTripletS   DEBUG     Created 42 track seeds from 43 space points
17:42:25    TrackParamsE   DEBUG     Estimated 42 track parameters from 42 seeds
17:42:25    SeedsToTrack   DEBUG     Received 42 seeds
17:42:25    SeedsToTrack   DEBUG     Produced 42 tracks
17:42:25    RzTrackFindi   DEBUG     Binned 101 of 101 measurements
17:42:25    RzTrackFindi   DEBUG     Found 41 tracks from 42 seeds
17:42:25    Sequencer      DEBUG     finished event 67
17:42:25    Sequencer      DEBUG     start processing event 68 on thread 0
17:42:25    EventGenerat   DEBUG     Generating primary vertices took 0.003375 ms total, 1.6875 us +- 0.1465 us per sample (#2)
17:42:25    EventGenerat   DEBUG     Merging HepMC3 events took 0.004001 ms total, 2.0005 us +- 0.2085 us per sample (#2)
17:42:25    EventGenerat   DEBUG     event=68 n_primary_vertices=2 n_particles=10
17:42:25    HepMC3InputC   DEBUG     HepMC3InputConverter::execute
17:42:25    HepMC3InputC   DEBUG     Have 2 vertices
17:42:25    HepMC3InputC   DEBUG     Have 10 particles
17:42:25    HepMC3InputC   DEBUG     Have 68 event number
17:42:25    HepMC3InputC   DEBUG     Converting HepMC3 event to internal EDM
17:42:25    HepMC3InputC   DEBUG     Finding primary vertex clusters took 0 ms
17:42:25    HepMC3InputC   DEBUG     Found 2 primary vertex clusters (~ primary vertices)
17:42:25    HepMC3InputC   DEBUG     Found 8 undecayed particles in the event
17:42:25    HepMC3InputC   DEBUG     Reserving 1 vertices and 8 particles
17:42:25    HepMC3InputC   DEBUG     Converting HepMC3 vertices to internal EDM took 0.008 ms
17:42:25    HepMC3InputC   DEBUG     Converted 8 particles and 2 vertices
17:42:25    HepMC3InputC   DEBUG     Sorting particles and vertices took 0 ms
17:42:25    FatrasSimula   DEBUG     8 input particles
17:42:25    FatrasSimula   DEBUG     8 simulated particles (initial state)
17:42:25    FatrasSimula   DEBUG     8 simulated particles (final state)
17:42:25    FatrasSimula   DEBUG     98 simulated hits
17:42:25    Digitization   DEBUG     Loaded 98 sim hits
17:42:25    Digitization   DEBUG     Starting loop over modules ...
17:42:25    Digitization   DEBUG     Created 98 measurements, 98 clusters from 98 sim hits.
17:42:25    ParticleSele   DEBUG     event 68 selected 8 from 8 particles
17:42:25    ParticleSele   DEBUG     filtered out because of charge: 0
17:42:25    ParticleSele   DEBUG     filtered out because of hit count: 0
17:42:25    ParticleSele   DEBUG     filtered out because of measurement count: 0
17:42:25    SpacePointMa   DEBUG     Created 41 pixel space points
17:42:25    SpacePointMa   DEBUG     Build strip space points
17:42:25    SpacePointMa   DEBUG     Created 0 strip space points
17:42:25    SpacePointMa   DEBUG     Created 41 space points
17:42:25    GridTripletS   DEBUG     Created 36 track seeds from 41 space points
17:42:25    TrackParamsE   DEBUG     Estimated 36 track parameters from 36 seeds
17:42:25    SeedsToTrack   DEBUG     Received 36 seeds
17:42:25    SeedsToTrack   DEBUG     Produced 36 tracks
17:42:25    RzTrackFindi   DEBUG     Binned 98 of 98 measurements
17:42:25    RzTrackFindi   DEBUG     Found 35 tracks from 36 seeds
17:42:25    Sequencer      DEBUG     finished event 68
17:42:25    Sequencer      DEBUG     start processing event 69 on thread 0
17:42:25    EventGenerat   DEBUG     Generating primary vertices took 0.003125 ms total, 1.5625 us +- 0.0625 us per sample (#2)
17:42:25    EventGenerat   DEBUG     Merging HepMC3 events took 0.003667 ms total, 1.8335 us +- 0.1665 us per sample (#2)
17:42:25    EventGenerat   DEBUG     event=69 n_primary_vertices=2 n_particles=10
17:42:25    HepMC3InputC   DEBUG     HepMC3InputConverter::execute
17:42:25    HepMC3InputC   DEBUG     Have 2 vertices
17:42:25    HepMC3InputC   DEBUG     Have 10 particles
17:42:25    HepMC3InputC   DEBUG     Have 69 event number
17:42:25    HepMC3InputC   DEBUG     Converting HepMC3 event to internal EDM
17:42:25    HepMC3InputC   DEBUG     Finding primary vertex clusters took 0 ms
17:42:25    HepMC3InputC   DEBUG     Found 2 primary vertex clusters (~ primary vertices)
17:42:25    HepMC3InputC   DEBUG     Found 8 undecayed particles in the event
17:42:25    HepMC3InputC   DEBUG     Reserving 1 vertices and 8 particles
17:42:25    HepMC3InputC   DEBUG     Converting HepMC3 vertices to internal EDM took 0.007 ms
17:42:25    HepMC3InputC   DEBUG     Converted 8 particles and 2 vertices
17:42:25    HepMC3InputC   DEBUG     Sorting particles and vertices took 0 ms
17:42:25    FatrasSimula   DEBUG     8 input particles
17:42:25    FatrasSimula   DEBUG     8 simulated particles (initial state)
17:42:25    FatrasSimula   DEBUG     8 simulated particles (final state)
17:42:25    FatrasSimula   DEBUG     95 simulated hits
17:42:25    Digitization   DEBUG     Loaded 95 sim hits
17:42:25    Digitization   DEBUG     Starting loop over modules ...
17:42:25    Digitization   DEBUG     Created 95 measurements, 95 clusters from 95 sim hits.
17:42:25    ParticleSele   DEBUG     event 69 selected 8 from 8 particles
17:42:25    ParticleSele   DEBUG     filtered out because of charge: 0
17:42:25    ParticleSele   DEBUG     filtered out because of hit count: 0
17:42:25    ParticleSele   DEBUG     filtered out because of measurement count: 0
17:42:25    SpacePointMa   DEBUG     Created 44 pixel space points
17:42:25    SpacePointMa   DEBUG     Build strip space points
17:42:25    SpacePointMa   DEBUG     Created 0 strip space points
17:42:25    SpacePointMa   DEBUG     Created 44 space points
17:42:25    GridTripletS   DEBUG     Created 38 track seeds from 44 space points
17:42:25    TrackParamsE   DEBUG     Estimated 38 track parameters from 38 seeds
17:42:25    SeedsToTrack   DEBUG     Received 38 seeds
17:42:25    SeedsToTrack   DEBUG     Produced 38 tracks
17:42:25    RzTrackFindi   DEBUG     Binned 95 of 95 measurements
17:42:25    RzTrackFindi   DEBUG     Found 38 tracks from 38 seeds
17:42:25    Sequencer      DEBUG     finished event 69
17:42:25    Sequencer      DEBUG     start processing event 70 on thread 0
17:42:25    EventGenerat   DEBUG     Generating primary vertices took 0.003583 ms total, 1.7915 us +- 0.3335 us per sample (#2)
17:42:25    EventGenerat   DEBUG     Merging HepMC3 events took 0.003708 ms total, 1.854 us +- 0.187 us per sample (#2)
17:42:25    EventGenerat   DEBUG     event=70 n_primary_vertices=2 n_particles=10
17:42:25    HepMC3InputC   DEBUG     HepMC3InputConverter::execute
17:42:25    HepMC3InputC   DEBUG     Have 2 vertices
17:42:25    HepMC3InputC   DEBUG     Have 10 particles
17:42:25    HepMC3InputC   DEBUG     Have 70 event number
17:42:25    HepMC3InputC   DEBUG     Converting HepMC3 event to internal EDM
17:42:25    HepMC3InputC   DEBUG     Finding primary vertex clusters took 0 ms
17:42:25    HepMC3InputC   DEBUG     Found 2 primary vertex clusters (~ primary vertices)
17:42:25    HepMC3InputC   DEBUG     Found 8 undecayed particles in the event
17:42:25    HepMC3InputC   DEBUG     Reserving 1 vertices and 8 particles
17:42:25    HepMC3InputC   DEBUG     Converting HepMC3 vertices to internal EDM took 0.007 ms
17:42:25    HepMC3InputC   DEBUG     Converted 8 particles and 2 vertices
17:42:25    HepMC3InputC   DEBUG     Sorting particles and vertices took 0 ms
17:42:25    FatrasSimula   DEBUG     8 input particles
17:42:25    FatrasSimula   DEBUG     8 simulated particles (initial state)
17:42:25    FatrasSimula   DEBUG     8 simulated particles (final state)
17:42:25    FatrasSimula   DEBUG     100 simulated hits
17:42:25    Digitization   DEBUG     Loaded 100 sim hits
17:42:25    Digitization   DEBUG     Starting loop over modules ...
17:42:25    Digitization   DEBUG     Created 100 measurements, 100 clusters from 100 sim hits.
17:42:25    ParticleSele   DEBUG     event 70 selected 8 from 8 particles
17:42:25    ParticleSele   DEBUG     filtered out because of charge: 0
17:42:25    ParticleSele   DEBUG     filtered out because of hit count: 0
17:42:25    ParticleSele   DEBUG     filtered out because of measurement count: 0
17:42:25    SpacePointMa   DEBUG     Created 37 pixel space points
17:42:25    SpacePointMa   DEBUG     Build strip space points
17:42:25    SpacePointMa   DEBUG     Created 0 strip space points
17:42:25    SpacePointMa   DEBUG     Created 37 space points
17:42:25    GridTripletS   DEBUG     Created 32 track seeds from 37 space points
17:42:25    TrackParamsE   DEBUG     Estimated 32 track parameters from 32 seeds
17:42:25    SeedsToTrack   DEBUG     Received 32 seeds
17:42:25    SeedsToTrack   DEBUG     Produced 32 tracks
17:42:25    RzTrackFindi   DEBUG     Binned 100 of 100 measurements
17:42:25    RzTrackFindi   DEBUG     Found 32 tracks from 32 seeds
17:42:25    Sequencer      DEBUG     finished event 70
17:42:25    Sequencer      DEBUG     start processing event 71 on thread 0
17:42:25    EventGenerat   DEBUG     Generating primary vertices took 0.003042 ms total, 1.521 us +- 0.146 us per sample (#2)
17:42:25    EventGenerat   DEBUG     Merging HepMC3 events took 0.003625 ms total, 1.8125 us +- 0.1875 us per sample (#2)
17:42:25    EventGenerat   DEBUG     event=71 n_primary_vertices=2 n_particles=10
17:42:25    HepMC3InputC   DEBUG     HepMC3InputConverter::execute
17:42:25    HepMC3InputC   DEBUG     Have 2 vertices
17:42:25    HepMC3InputC   DEBUG     Have 10 particles
17:42:25    HepMC3InputC   DEBUG     Have 71 event number
17:42:25    HepMC3InputC   DEBUG     Converting HepMC3 event to internal EDM
17:42:25    HepMC3InputC   DEBUG     Finding primary vertex clusters took 0 ms
17:42:25    HepMC3InputC   DEBUG     Found 2 primary vertex clusters (~ primary vertices)
17:42:25    HepMC3InputC   DEBUG     Found 8 undecayed particles in the event
17:42:25    HepMC3InputC   DEBUG     Reserving 1 vertices and 8 particles
17:42:25    HepMC3InputC   DEBUG     Converting HepMC3 vertices to internal EDM took 0.007 ms
17:42:25    HepMC3InputC   DEBUG     Converted 8 particles and 2 vertices
17:42:25    HepMC3InputC   DEBUG     Sorting particles and vertices took 0 ms
17:42:25    FatrasSimula   DEBUG     8 input particles
17:42:25    FatrasSimula   DEBUG     8 simulated particles (initial state)
17:42:25    FatrasSimula   DEBUG     8 simulated particles (final state)
17:42:25    FatrasSimula   DEBUG     98 simulated hits
17:42:25    Digitization   DEBUG     Loaded 98 sim hits
17:42:25    Digitization   DEBUG     Starting loop over modules ...
17:42:25    Digitization   DEBUG     Created 98 measurements, 98 clusters from 98 sim hits.
17:42:25    ParticleSele   DEBUG     event 71 selected 8 from 8 particles
17:42:25    ParticleSele   DEBUG     filtered out because of charge: 0
17:42:25    ParticleSele   DEBUG     filtered out because of hit count: 0
17:42:25    ParticleSele   DEBUG     filtered out because of measurement count: 0
17:42:25    SpacePointMa   DEBUG     Created 44 pixel space points
17:42:25    SpacePointMa   DEBUG     Build strip space points
17:42:25    SpacePointMa   DEBUG     Created 0 strip space points
17:42:25    SpacePointMa   DEBUG     Created 44 space points
17:42:25    GridTripletS   DEBUG     Created 46 track seeds from 44 space points
17:42:25    TrackParamsE   DEBUG     Estimated 46 track parameters from 46 seeds
17:42:25    SeedsToTrack   DEBUG     Received 46 seeds
17:42:25    SeedsToTrack   DEBUG     Produced 46 tracks
17:42:25    RzTrackFindi   DEBUG     Binned 98 of 98 measurements
17:42:25    RzTrackFindi   DEBUG     Found 46 tracks from 46 seeds
17:42:25    Sequencer      DEBUG     finished event 71
17:42:25    Sequencer      DEBUG     start processing event 72 on thread 0
17:42:25    EventGenerat   DEBUG     Generating primary vertices took 0.003083 ms total, 1.5415 us +- 0.0835 us per sample (#2)
17:42:25    EventGenerat   DEBUG     Merging HepMC3 events took 0.003584 ms total, 1.792 us +- 0.167 us per sample (#2)
17:42:25    EventGenerat   DEBUG     event=72 n_primary_vertices=2 n_particles=10
17:42:25    HepMC3InputC   DEBUG     HepMC3InputConverter::execute
17:42:25    HepMC3InputC   DEBUG     Have 2 vertices
17:42:25    HepMC3InputC   DEBUG     Have 10 particles
17:42:25    HepMC3InputC   DEBUG     Have 72 event number
17:42:25    HepMC3InputC   DEBUG     Converting HepMC3 event to internal EDM
17:42:25    HepMC3InputC   DEBUG     Finding primary vertex clusters took 0 ms
17:42:25    HepMC3InputC   DEBUG     Found 2 primary vertex clusters (~ primary vertices)
17:42:25    HepMC3InputC   DEBUG     Found 8 undecayed particles in the event
17:42:25    HepMC3InputC   DEBUG     Reserving 1 vertices and 8 particles
17:42:25    HepMC3InputC   DEBUG     Converting HepMC3 vertices to internal EDM took 0.007 ms
17:42:25    HepMC3InputC   DEBUG     Converted 8 particles and 2 vertices
17:42:25    HepMC3InputC   DEBUG     Sorting particles and vertices took 0 ms
17:42:25    FatrasSimula   DEBUG     8 input particles
17:42:25    FatrasSimula   DEBUG     8 simulated particles (initial state)
17:42:25    FatrasSimula   DEBUG     8 simulated particles (final state)
17:42:25    FatrasSimula   DEBUG     99 simulated hits
17:42:25    Digitization   DEBUG     Loaded 99 sim hits
17:42:25    Digitization   DEBUG     Starting loop over modules ...
17:42:25    Digitization   DEBUG     Created 99 measurements, 99 clusters from 99 sim hits.
17:42:25    ParticleSele   DEBUG     event 72 selected 8 from 8 particles
17:42:25    ParticleSele   DEBUG     filtered out because of charge: 0
17:42:25    ParticleSele   DEBUG     filtered out because of hit count: 0
17:42:25    ParticleSele   DEBUG     filtered out because of measurement count: 0
17:42:25    SpacePointMa   DEBUG     Created 45 pixel space points
17:42:25    SpacePointMa   DEBUG     Build strip space points
17:42:25    SpacePointMa   DEBUG     Created 0 strip space points
17:42:25    SpacePointMa   DEBUG     Created 45 space points
17:42:25    GridTripletS   DEBUG     Created 40 track seeds from 45 space points
17:42:25    TrackParamsE   DEBUG     Estimated 40 track parameters from 40 seeds
17:42:25    SeedsToTrack   DEBUG     Received 40 seeds
17:42:25    SeedsToTrack   DEBUG     Produced 40 tracks
17:42:25    RzTrackFindi   DEBUG     Binned 99 of 99 measurements
17:42:25    RzTrackFindi   DEBUG     Found 40 tracks from 40 seeds
17:42:25    Sequencer      DEBUG     finished event 72
17:42:25    Sequencer      DEBUG     start processing event 73 on thread 0
17:42:25    EventGenerat   DEBUG     Generating primary vertices took 0.003459 ms total, 1.7295 us +- 0.1455 us per sample (#2)
17:42:25    EventGenerat   DEBUG     Merging HepMC3 events took 0.003917 ms total, 1.9585 us +- 0.2085 us per sample (#2)
17:42:25    EventGenerat   DEBUG     event=73 n_primary_vertices=2 n_particles=10
17:42:25    HepMC3InputC   DEBUG     HepMC3InputConverter::execute
17:42:25    HepMC3InputC   DEBUG     Have 2 vertices
17:42:25    HepMC3InputC   DEBUG     Have 10 particles
17:42:25    HepMC3InputC   DEBUG     Have 73 event number
17:42:25    HepMC3InputC   DEBUG     Converting HepMC3 event to internal EDM
17:42:25    HepMC3InputC   DEBUG     Finding primary vertex clusters took 0 ms
17:42:25    HepMC3InputC   DEBUG     Found 2 primary vertex clusters (~ primary vertices)
17:42:25    HepMC3InputC   DEBUG     Found 8 undecayed particles in the event
17:42:25    HepMC3InputC   DEBUG     Reserving 1 vertices and 8 particles
17:42:25    HepMC3InputC   DEBUG     Converting HepMC3 vertices to internal EDM took 0.008 ms
17:42:25    HepMC3InputC   DEBUG     Converted 8 particles and 2 vertices
17:42:25    HepMC3InputC   DEBUG     Sorting particles and vertices took 0 ms
17:42:25    FatrasSimula   DEBUG     8 input particles
17:42:25    FatrasSimula   DEBUG     8 simulated particles (initial state)
17:42:25    FatrasSimula   DEBUG     8 simulated particles (final state)
17:42:25    FatrasSimula   DEBUG     90 simulated hits
17:42:25    Digitization   DEBUG     Loaded 90 sim hits
17:42:25    Digitization   DEBUG     Starting loop over modules ...
17:42:25    Digitization   DEBUG     Created 90 measurements, 90 clusters from 90 sim hits.
17:42:25    ParticleSele   DEBUG     event 73 selected 8 from 8 particles
17:42:25    ParticleSele   DEBUG     filtered out because of charge: 0
17:42:25    ParticleSele   DEBUG     filtered out because of hit count: 0
17:42:25    ParticleSele   DEBUG     filtered out because of measurement count: 0
17:42:25    SpacePointMa   DEBUG     Created 40 pixel space points
17:42:25    SpacePointMa   DEBUG     Build strip space points
17:42:25    SpacePointMa   DEBUG     Created 0 strip space points
17:42:25    SpacePointMa   DEBUG     Created 40 space points
17:42:25    GridTripletS   DEBUG     Created 40 track seeds from 40 space points
17:42:25    TrackParamsE   DEBUG     Estimated 40 track parameters from 40 seeds
17:42:25    SeedsToTrack   DEBUG     Received 40 seeds
17:42:25    SeedsToTrack   DEBUG     Produced 40 tracks
17:42:25    RzTrackFindi   DEBUG     Binned 90 of 90 measurements
17:42:25    RzTrackFindi   DEBUG     Found 40 tracks from 40 seeds
17:42:25    Sequencer      DEBUG     finished event 73
17:42:25    Sequencer      DEBUG     start processing event 74 on thread 0
17:42:25    EventGenerat   DEBUG     Generating primary vertices took 0.003166 ms total, 1.583 us +- 0.125 us per sample (#2)
17:42:25    EventGenerat   DEBUG     Merging HepMC3 events took 0.003667 ms total, 1.8335 us +- 0.2085 us per sample (#2)
17:42:25    EventGenerat   DEBUG     event=74 n_primary_vertices=2 n_particles=10
17:42:25    HepMC3InputC   DEBUG     HepMC3InputConverter::execute
17:42:25    HepMC3InputC   DEBUG     Have 2 vertices
17:42:25    HepMC3InputC   DEBUG     Have 10 particles
17:42:25    HepMC3InputC   DEBUG     Have 74 event number
17:42:25    HepMC3InputC   DEBUG     Converting HepMC3 event to internal EDM
17:42:25    HepMC3InputC   DEBUG     Finding primary vertex clusters took 0 ms
17:42:25    HepMC3InputC   DEBUG     Found 2 primary vertex clusters (~ primary vertices)
17:42:25    HepMC3InputC   DEBUG     Found 8 undecayed particles in the event
17:42:25    HepMC3InputC   DEBUG     Reserving 1 vertices and 8 particles
17:42:25    HepMC3InputC   DEBUG     Converting HepMC3 vertices to internal EDM took 0.007 ms
17:42:25    HepMC3InputC   DEBUG     Converted 8 particles and 2 vertices
17:42:25    HepMC3InputC   DEBUG     Sorting particles and vertices took 0 ms
17:42:25    FatrasSimula   DEBUG     8 input particles
17:42:25    FatrasSimula   DEBUG     8 simulated particles (initial state)
17:42:25    FatrasSimula   DEBUG     8 simulated particles (final state)
17:42:25    FatrasSimula   DEBUG     100 simulated hits
17:42:25    Digitization   DEBUG     Loaded 100 sim hits
17:42:25    Digitization   DEBUG     Starting loop over modules ...
17:42:25    Digitization   DEBUG     Created 100 measurements, 100 clusters from 100 sim hits.
17:42:25    ParticleSele   DEBUG     event 74 selected 8 from 8 particles
17:42:25    ParticleSele   DEBUG     filtered out because of charge: 0
17:42:25    ParticleSele   DEBUG     filtered out because of hit count: 0
17:42:25    ParticleSele   DEBUG     filtered out because of measurement count: 0
17:42:25    SpacePointMa   DEBUG     Created 42 pixel space points
17:42:25    SpacePointMa   DEBUG     Build strip space points
17:42:25    SpacePointMa   DEBUG     Created 0 strip space points
17:42:25    SpacePointMa   DEBUG     Created 42 space points
17:42:25    GridTripletS   DEBUG     Created 38 track seeds from 42 space points
17:42:25    TrackParamsE   DEBUG     Estimated 38 track parameters from 38 seeds
17:42:25    SeedsToTrack   DEBUG     Received 38 seeds
17:42:25    SeedsToTrack   DEBUG     Produced 38 tracks
17:42:25    RzTrackFindi   DEBUG     Binned 100 of 100 measurements
17:42:25    RzTrackFindi   DEBUG     Backward pass failed with 3 on a track with 11 measurements
17:42:25    RzTrackFindi   DEBUG     
17:42:25    RzTrackFindi   DEBUG     Backward pass failed with 3 on a track with 11 measurements
17:42:25    RzTrackFindi   DEBUG     
17:42:25    RzTrackFindi   DEBUG     Backward pass failed with 3 on a track with 11 measurements
17:42:25    RzTrackFindi   DEBUG     
17:42:25    RzTrackFindi   DEBUG     Backward pass failed with 3 on a track with 11 measurements
17:42:25    RzTrackFindi   DEBUG     
17:42:25    RzTrackFindi   DEBUG     Backward pass failed with 3 on a track with 10 measurements
17:42:25    RzTrackFindi   DEBUG     
17:42:25    RzTrackFindi   DEBUG     Found 38 tracks from 38 seeds
17:42:25    Sequencer      DEBUG     finished event 74
17:42:25    Sequencer      DEBUG     start processing event 75 on thread 0
17:42:25    EventGenerat   DEBUG     Generating primary vertices took 0.003334 ms total, 1.667 us +- 0.167 us per sample (#2)
17:42:25    EventGenerat   DEBUG     Merging HepMC3 events took 0.004 ms total, 2 us +- 0.208 us per sample (#2)
17:42:25    EventGenerat   DEBUG     event=75 n_primary_vertices=2 n_particles=10
17:42:25    HepMC3InputC   DEBUG     HepMC3InputConverter::execute
17:42:25    HepMC3InputC   DEBUG     Have 2 vertices
17:42:25    HepMC3InputC   DEBUG     Have 10 particles
17:42:25    HepMC3InputC   DEBUG     Have 75 event number
17:42:25    HepMC3InputC   DEBUG     Converting HepMC3 event to internal EDM
17:42:25    HepMC3InputC   DEBUG     Finding primary vertex clusters took 0 ms
17:42:25    HepMC3InputC   DEBUG     Found 2 primary vertex clusters (~ primary vertices)
17:42:25    HepMC3InputC   DEBUG     Found 8 undecayed particles in the event
17:42:25    HepMC3InputC   DEBUG     Reserving 1 vertices and 8 particles
17:42:25    HepMC3InputC   DEBUG     Converting HepMC3 vertices to internal EDM took 0.008 ms
17:42:25    HepMC3InputC   DEBUG     Converted 8 particles and 2 vertices
17:42:25    HepMC3InputC   DEBUG     Sorting particles and vertices took 0 ms
17:42:25    FatrasSimula   DEBUG     8 input particles
17:42:25    FatrasSimula   DEBUG     8 simulated particles (initial state)
17:42:25    FatrasSimula   DEBUG     8 simulated particles (final state)
17:42:25    FatrasSimula   DEBUG     100 simulated hits
17:42:25    Digitization   DEBUG     Loaded 100 sim hits
17:42:25    Digitization   DEBUG     Starting loop over modules ...
17:42:25    Digitization   DEBUG     Created 100 measurements, 100 clusters from 100 sim hits.
17:42:25    ParticleSele   DEBUG     event 75 selected 8 from 8 particles
17:42:25    ParticleSele   DEBUG     filtered out because of charge: 0
17:42:25    ParticleSele   DEBUG     filtered out because of hit count: 0
17:42:25    ParticleSele   DEBUG     filtered out because of measurement count: 0
17:42:25    SpacePointMa   DEBUG     Created 42 pixel space points
17:42:25    SpacePointMa   DEBUG     Build strip space points
17:42:25    SpacePointMa   DEBUG     Created 0 strip space points
17:42:25    SpacePointMa   DEBUG     Created 42 space points
17:42:25    GridTripletS   DEBUG     Created 40 track seeds from 42 space points
17:42:25    TrackParamsE   DEBUG     Estimated 40 track parameters from 40 seeds
17:42:25    SeedsToTrack   DEBUG     Received 40 seeds
17:42:25    SeedsToTrack   DEBUG     Produced 40 tracks
17:42:25    RzTrackFindi   DEBUG     Binned 100 of 100 measurements
17:42:25    RzTrackFindi   DEBUG     Found 40 tracks from 40 seeds
17:42:25    Sequencer      DEBUG     finished event 75
17:42:25    Sequencer      DEBUG     start processing event 76 on thread 0
17:42:25    EventGenerat   DEBUG     Generating primary vertices took 0.003166 ms total, 1.583 us +- 0.083 us per sample (#2)
17:42:25    EventGenerat   DEBUG     Merging HepMC3 events took 0.003666 ms total, 1.833 us +- 0.167 us per sample (#2)
17:42:25    EventGenerat   DEBUG     event=76 n_primary_vertices=2 n_particles=10
17:42:25    HepMC3InputC   DEBUG     HepMC3InputConverter::execute
17:42:25    HepMC3InputC   DEBUG     Have 2 vertices
17:42:25    HepMC3InputC   DEBUG     Have 10 particles
17:42:25    HepMC3InputC   DEBUG     Have 76 event number
17:42:25    HepMC3InputC   DEBUG     Converting HepMC3 event to internal EDM
17:42:25    HepMC3InputC   DEBUG     Finding primary vertex clusters took 0 ms
17:42:25    HepMC3InputC   DEBUG     Found 2 primary vertex clusters (~ primary vertices)
17:42:25    HepMC3InputC   DEBUG     Found 8 undecayed particles in the event
17:42:25    HepMC3InputC   DEBUG     Reserving 1 vertices and 8 particles
17:42:25    HepMC3InputC   DEBUG     Converting HepMC3 vertices to internal EDM took 0.007 ms
17:42:25    HepMC3InputC   DEBUG     Converted 8 particles and 2 vertices
17:42:25    HepMC3InputC   DEBUG     Sorting particles and vertices took 0 ms
17:42:25    FatrasSimula   DEBUG     8 input particles
17:42:25    FatrasSimula   DEBUG     8 simulated particles (initial state)
17:42:25    FatrasSimula   DEBUG     8 simulated particles (final state)
17:42:25    FatrasSimula   DEBUG     95 simulated hits
17:42:25    Digitization   DEBUG     Loaded 95 sim hits
17:42:25    Digitization   DEBUG     Starting loop over modules ...
17:42:25    Digitization   DEBUG     Created 95 measurements, 95 clusters from 95 sim hits.
17:42:25    ParticleSele   DEBUG     event 76 selected 8 from 8 particles
17:42:25    ParticleSele   DEBUG     filtered out because of charge: 0
17:42:25    ParticleSele   DEBUG     filtered out because of hit count: 0
17:42:25    ParticleSele   DEBUG     filtered out because of measurement count: 0
17:42:25    SpacePointMa   DEBUG     Created 39 pixel space points
17:42:25    SpacePointMa   DEBUG     Build strip space points
17:42:25    SpacePointMa   DEBUG     Created 0 strip space points
17:42:25    SpacePointMa   DEBUG     Created 39 space points
17:42:25    GridTripletS   DEBUG     Created 38 track seeds from 39 space points
17:42:25    TrackParamsE   DEBUG     Estimated 38 track parameters from 38 seeds
17:42:25    SeedsToTrack   DEBUG     Received 38 seeds
17:42:25    SeedsToTrack   DEBUG     Produced 38 tracks
17:42:25    RzTrackFindi   DEBUG     Binned 95 of 95 measurements
17:42:25    RzTrackFindi   DEBUG     Found 38 tracks from 38 seeds
17:42:25    Sequencer      DEBUG     finished event 76
17:42:25    Sequencer      DEBUG     start processing event 77 on thread 0
17:42:25    EventGenerat   DEBUG     Generating primary vertices took 0.003333 ms total, 1.6665 us +- 0.2085 us per sample (#2)
17:42:25    EventGenerat   DEBUG     Merging HepMC3 events took 0.003625 ms total, 1.8125 us +- 0.1875 us per sample (#2)
17:42:25    EventGenerat   DEBUG     event=77 n_primary_vertices=2 n_particles=10
17:42:25    HepMC3InputC   DEBUG     HepMC3InputConverter::execute
17:42:25    HepMC3InputC   DEBUG     Have 2 vertices
17:42:25    HepMC3InputC   DEBUG     Have 10 particles
17:42:25    HepMC3InputC   DEBUG     Have 77 event number
17:42:25    HepMC3InputC   DEBUG     Converting HepMC3 event to internal EDM
17:42:25    HepMC3InputC   DEBUG     Finding primary vertex clusters took 0 ms
17:42:25    HepMC3InputC   DEBUG     Found 2 primary vertex clusters (~ primary vertices)
17:42:25    HepMC3InputC   DEBUG     Found 8 undecayed particles in the event
17:42:25    HepMC3InputC   DEBUG     Reserving 1 vertices and 8 particles
17:42:25    HepMC3InputC   DEBUG     Converting HepMC3 vertices to internal EDM took 0.007 ms
17:42:25    HepMC3InputC   DEBUG     Converted 8 particles and 2 vertices
17:42:25    HepMC3InputC   DEBUG     Sorting particles and vertices took 0 ms
17:42:25    FatrasSimula   DEBUG     8 input particles
17:42:25    FatrasSimula   DEBUG     8 simulated particles (initial state)
17:42:25    FatrasSimula   DEBUG     8 simulated particles (final state)
17:42:25    FatrasSimula   DEBUG     104 simulated hits
17:42:25    Digitization   DEBUG     Loaded 104 sim hits
17:42:25    Digitization   DEBUG     Starting loop over modules ...
17:42:25    Digitization   DEBUG     Created 104 measurements, 104 clusters from 104 sim hits.
17:42:25    ParticleSele   DEBUG     event 77 selected 8 from 8 particles
17:42:25    ParticleSele   DEBUG     filtered out because of charge: 0
17:42:25    ParticleSele   DEBUG     filtered out because of hit count: 0
17:42:25    ParticleSele   DEBUG     filtered out because of measurement count: 0
17:42:25    SpacePointMa   DEBUG     Created 46 pixel space points
17:42:25    SpacePointMa   DEBUG     Build strip space points
17:42:25    SpacePointMa   DEBUG     Created 0 strip space points
17:42:25    SpacePointMa   DEBUG     Created 46 space points
17:42:25    GridTripletS   DEBUG     Created 44 track seeds from 46 space points
17:42:25    TrackParamsE   DEBUG     Estimated 44 track parameters from 44 seeds
17:42:25    SeedsToTrack   DEBUG     Received 44 seeds
17:42:25    SeedsToTrack   DEBUG     Produced 44 tracks
17:42:25    RzTrackFindi   DEBUG     Binned 104 of 104 measurements
17:42:25    RzTrackFindi   DEBUG     Found 44 tracks from 44 seeds
17:42:25    Sequencer      DEBUG     finished event 77
17:42:25    Sequencer      DEBUG     start processing event 78 on thread 0
17:42:25    EventGenerat   DEBUG     Generating primary vertices took 0.003126 ms total, 1.563 us +- 0.104 us per sample (#2)
17:42:25    EventGenerat   DEBUG     Merging HepMC3 events took 0.003708 ms total, 1.854 us +- 0.146 us per sample (#2)
17:42:25    EventGenerat   DEBUG     event=78 n_primary_vertices=2 n_particles=10
17:42:25    HepMC3InputC   DEBUG     HepMC3InputConverter::execute
17:42:25    HepMC3InputC   DEBUG     Have 2 vertices
17:42:25    HepMC3InputC   DEBUG     Have 10 particles
17:42:25    HepMC3InputC   DEBUG     Have 78 event number
17:42:25    HepMC3InputC   DEBUG     Converting HepMC3 event to internal EDM
17:42:25    HepMC3InputC   DEBUG     Finding primary vertex clusters took 0 ms
17:42:25    HepMC3InputC   DEBUG     Found 2 primary vertex clusters (~ primary vertices)
17:42:25    HepMC3InputC   DEBUG     Found 8 undecayed particles in the event
17:42:25    HepMC3InputC   DEBUG     Reserving 1 vertices and 8 particles
17:42:25    HepMC3InputC   DEBUG     Converting HepMC3 vertices to internal EDM took 0.007 ms
17:42:25    HepMC3InputC   DEBUG     Converted 8 particles and 2 vertices
17:42:25    HepMC3InputC   DEBUG     Sorting particles and vertices took 0 ms
17:42:25    FatrasSimula   DEBUG     8 input particles
17:42:25    FatrasSimula   DEBUG     8 simulated particles (initial state)
17:42:25    FatrasSimula   DEBUG     8 simulated particles (final state)
17:42:25    FatrasSimula   DEBUG     90 simulated hits
17:42:25    Digitization   DEBUG     Loaded 90 sim hits
17:42:25    Digitization   DEBUG     Starting loop over modules ...
17:42:25    Digitization   DEBUG     Created 90 measurements, 90 clusters from 90 sim hits.
17:42:25    ParticleSele   DEBUG     event 78 selected 8 from 8 particles
17:42:25    ParticleSele   DEBUG     filtered out because of charge: 0
17:42:25    ParticleSele   DEBUG     filtered out because of hit count: 0
17:42:25    ParticleSele   DEBUG     filtered out because of measurement count: 0
17:42:25    SpacePointMa   DEBUG     Created 39 pixel space points
17:42:25    SpacePointMa   DEBUG     Build strip space points
17:42:25    SpacePointMa   DEBUG     Created 0 strip space points
17:42:25    SpacePointMa   DEBUG     Created 39 space points
17:42:25    GridTripletS   DEBUG     Created 37 track seeds from 39 space points
17:42:25    TrackParamsE   DEBUG     Estimated 37 track parameters from 37 seeds
17:42:25    SeedsToTrack   DEBUG     Received 37 seeds
17:42:25    SeedsToTrack   DEBUG     Produced 37 tracks
17:42:25    RzTrackFindi   DEBUG     Binned 90 of 90 measurements
17:42:25    RzTrackFindi   DEBUG     Found 37 tracks from 37 seeds
17:42:25    Sequencer      DEBUG     finished event 78
17:42:25    Sequencer      DEBUG     start processing event 79 on thread 0
17:42:25    EventGenerat   DEBUG     Generating primary vertices took 0.003166 ms total, 1.583 us +- 0.083 us per sample (#2)
17:42:25    EventGenerat   DEBUG     Merging HepMC3 events took 0.003625 ms total, 1.8125 us +- 0.1875 us per sample (#2)
17:42:25    EventGenerat   DEBUG     event=79 n_primary_vertices=2 n_particles=10
17:42:25    HepMC3InputC   DEBUG     HepMC3InputConverter::execute
17:42:25    HepMC3InputC   DEBUG     Have 2 vertices
17:42:25    HepMC3InputC   DEBUG     Have 10 particles
17:42:25    HepMC3InputC   DEBUG     Have 79 event number
17:42:25    HepMC3InputC   DEBUG     Converting HepMC3 event to internal EDM
17:42:25    HepMC3InputC   DEBUG     Finding primary vertex clusters took 0 ms
17:42:25    HepMC3InputC   DEBUG     Found 2 primary vertex clusters (~ primary vertices)
17:42:25    HepMC3InputC   DEBUG     Found 8 undecayed particles in the event
17:42:25    HepMC3InputC   DEBUG     Reserving 1 vertices and 8 particles
17:42:25    HepMC3InputC   DEBUG     Converting HepMC3 vertices to internal EDM took 0.007 ms
17:42:25    HepMC3InputC   DEBUG     Converted 8 particles and 2 vertices
17:42:25    HepMC3InputC   DEBUG     Sorting particles and vertices took 0 ms
17:42:25    FatrasSimula   DEBUG     8 input particles
17:42:25    FatrasSimula   DEBUG     8 simulated particles (initial state)
17:42:25    FatrasSimula   DEBUG     8 simulated particles (final state)
17:42:25    FatrasSimula   DEBUG     97 simulated hits
17:42:25    Digitization   DEBUG     Loaded 97 sim hits
17:42:25    Digitization   DEBUG     Starting loop over modules ...
17:42:25    Digitization   DEBUG     Created 97 measurements, 97 clusters from 97 sim hits.
17:42:25    ParticleSele   DEBUG     event 79 selected 8 from 8 particles
17:42:25    ParticleSele   DEBUG     filtered out because of charge: 0
17:42:25    ParticleSele   DEBUG     filtered out because of hit count: 0
17:42:25    ParticleSele   DEBUG     filtered out because of measurement count: 0
17:42:25    SpacePointMa   DEBUG     Created 39 pixel space points
17:42:25    SpacePointMa   DEBUG     Build strip space points
17:42:25    SpacePointMa   DEBUG     Created 0 strip space points
17:42:25    SpacePointMa   DEBUG     Created 39 space points
17:42:25    GridTripletS   DEBUG     Created 30 track seeds from 39 space points
17:42:25    TrackParamsE   DEBUG     Estimated 30 track parameters from 30 seeds
17:42:25    SeedsToTrack   DEBUG     Received 30 seeds
17:42:25    SeedsToTrack   DEBUG     Produced 30 tracks
17:42:25    RzTrackFindi   DEBUG     Binned 97 of 97 measurements
17:42:25    RzTrackFindi   DEBUG     Found 30 tracks from 30 seeds
17:42:25    Sequencer      DEBUG     finished event 79
17:42:25    Sequencer      DEBUG     start processing event 80 on thread 0
17:42:25    EventGenerat   DEBUG     Generating primary vertices took 0.003166 ms total, 1.583 us +- 0.167 us per sample (#2)
17:42:25    EventGenerat   DEBUG     Merging HepMC3 events took 0.003666 ms total, 1.833 us +- 0.167 us per sample (#2)
17:42:25    EventGenerat   DEBUG     event=80 n_primary_vertices=2 n_particles=10
17:42:25    HepMC3InputC   DEBUG     HepMC3InputConverter::execute
17:42:25    HepMC3InputC   DEBUG     Have 2 vertices
17:42:25    HepMC3InputC   DEBUG     Have 10 particles
17:42:25    HepMC3InputC   DEBUG     Have 80 event number
17:42:25    HepMC3InputC   DEBUG     Converting HepMC3 event to internal EDM
17:42:25    HepMC3InputC   DEBUG     Finding primary vertex clusters took 0 ms
17:42:25    HepMC3InputC   DEBUG     Found 2 primary vertex clusters (~ primary vertices)
17:42:25    HepMC3InputC   DEBUG     Found 8 undecayed particles in the event
17:42:25    HepMC3InputC   DEBUG     Reserving 1 vertices and 8 particles
17:42:25    HepMC3InputC   DEBUG     Converting HepMC3 vertices to internal EDM took 0.007 ms
17:42:25    HepMC3InputC   DEBUG     Converted 8 particles and 2 vertices
17:42:25    HepMC3InputC   DEBUG     Sorting particles and vertices took 0 ms
17:42:25    FatrasSimula   DEBUG     8 input particles
17:42:25    FatrasSimula   DEBUG     8 simulated particles (initial state)
17:42:25    FatrasSimula   DEBUG     8 simulated particles (final state)
17:42:25    FatrasSimula   DEBUG     91 simulated hits
17:42:25    Digitization   DEBUG     Loaded 91 sim hits
17:42:25    Digitization   DEBUG     Starting loop over modules ...
17:42:25    Digitization   DEBUG     Created 91 measurements, 91 clusters from 91 sim hits.
17:42:25    ParticleSele   DEBUG     event 80 selected 8 from 8 particles
17:42:25    ParticleSele   DEBUG     filtered out because of charge: 0
17:42:25    ParticleSele   DEBUG     filtered out because of hit count: 0
17:42:25    ParticleSele   DEBUG     filtered out because of measurement count: 0
17:42:25    SpacePointMa   DEBUG     Created 39 pixel space points
17:42:25    SpacePointMa   DEBUG     Build strip space points
17:42:25    SpacePointMa   DEBUG     Created 0 strip space points
17:42:25    SpacePointMa   DEBUG     Created 39 space points
17:42:25    GridTripletS   DEBUG     Created 36 track seeds from 39 space points
17:42:25    TrackParamsE   DEBUG     Estimated 36 track parameters from 36 seeds
17:42:25    SeedsToTrack   DEBUG     Received 36 seeds
17:42:25    SeedsToTrack   DEBUG     Produced 36 tracks
17:42:25    RzTrackFindi   DEBUG     Binned 91 of 91 measurements
17:42:25    RzTrackFindi   DEBUG     Found 36 tracks from 36 seeds
17:42:25    Sequencer      DEBUG     finished event 80
17:42:25    Sequencer      DEBUG     start processing event 81 on thread 0
17:42:25    EventGenerat   DEBUG     Generating primary vertices took 0.003417 ms total, 1.7085 us +- 0.1665 us per sample (#2)
17:42:25    EventGenerat   DEBUG     Merging HepMC3 events took 0.003958 ms total, 1.979 us +- 0.187 us per sample (#2)
17:42:25    EventGenerat   DEBUG     event=81 n_primary_vertices=2 n_particles=10
17:42:25    HepMC3InputC   DEBUG     HepMC3InputConverter::execute
17:42:25    HepMC3InputC   DEBUG     Have 2 vertices
17:42:25    HepMC3InputC   DEBUG     Have 10 particles
17:42:25    HepMC3InputC   DEBUG     Have 81 event number
17:42:25    HepMC3InputC   DEBUG     Converting HepMC3 event to internal EDM
17:42:25    HepMC3InputC   DEBUG     Finding primary vertex clusters took 0 ms
17:42:25    HepMC3InputC   DEBUG     Found 2 primary vertex clusters (~ primary vertices)
17:42:25    HepMC3InputC   DEBUG     Found 8 undecayed particles in the event
17:42:25    HepMC3InputC   DEBUG     Reserving 1 vertices and 8 particles
17:42:25    HepMC3InputC   DEBUG     Converting HepMC3 vertices to internal EDM took 0.008 ms
17:42:25    HepMC3InputC   DEBUG     Converted 8 particles and 2 vertices
17:42:25    HepMC3InputC   DEBUG     Sorting particles and vertices took 0 ms
17:42:25    FatrasSimula   DEBUG     8 input particles
17:42:25    FatrasSimula   DEBUG     8 simulated particles (initial state)
17:42:25    FatrasSimula   DEBUG     8 simulated particles (final state)
17:42:25    FatrasSimula   DEBUG     101 simulated hits
17:42:25    Digitization   DEBUG     Loaded 101 sim hits
17:42:25    Digitization   DEBUG     Starting loop over modules ...
17:42:25    Digitization   DEBUG     Created 101 measurements, 101 clusters from 101 sim hits.
17:42:25    ParticleSele   DEBUG     event 81 selected 8 from 8 particles
17:42:25    ParticleSele   DEBUG     filtered out because of charge: 0
17:42:25    ParticleSele   DEBUG     filtered out because of hit count: 0
17:42:25    ParticleSele   DEBUG     filtered out because of measurement count: 0
17:42:25    SpacePointMa   DEBUG     Created 43 pixel space points
17:42:25    SpacePointMa   DEBUG     Build strip space points
17:42:25    SpacePointMa   DEBUG     Created 0 strip space points
17:42:25    SpacePointMa   DEBUG     Created 43 space points
17:42:25    GridTripletS   DEBUG     Created 34 track seeds from 43 space points
17:42:25    TrackParamsE   DEBUG     Estimated 34 track parameters from 34 seeds
17:42:25    SeedsToTrack   DEBUG     Received 34 seeds
17:42:25    SeedsToTrack   DEBUG     Produced 34 tracks
17:42:25    RzTrackFindi   DEBUG     Binned 101 of 101 measurements
17:42:25    RzTrackFindi   DEBUG     Found 34 tracks from 34 seeds
17:42:25    Sequencer      DEBUG     finished event 81
17:42:25    Sequencer      DEBUG     start processing event 82 on thread 0
17:42:25    EventGenerat   DEBUG     Generating primary vertices took 0.00325 ms total, 1.625 us +- 0.167 us per sample (#2)
17:42:25    EventGenerat   DEBUG     Merging HepMC3 events took 0.003792 ms total, 1.896 us +- 0.187 us per sample (#2)
17:42:25    EventGenerat   DEBUG     event=82 n_primary_vertices=2 n_particles=10
17:42:25    HepMC3InputC   DEBUG     HepMC3InputConverter::execute
17:42:25    HepMC3InputC   DEBUG     Have 2 vertices
17:42:25    HepMC3InputC   DEBUG     Have 10 particles
17:42:25    HepMC3InputC   DEBUG     Have 82 event number
17:42:25    HepMC3InputC   DEBUG     Converting HepMC3 event to internal EDM
17:42:25    HepMC3InputC   DEBUG     Finding primary vertex clusters took 0 ms
17:42:25    HepMC3InputC   DEBUG     Found 2 primary vertex clusters (~ primary vertices)
17:42:25    HepMC3InputC   DEBUG     Found 8 undecayed particles in the event
17:42:25    HepMC3InputC   DEBUG     Reserving 1 vertices and 8 particles
17:42:25    HepMC3InputC   DEBUG     Converting HepMC3 vertices to internal EDM took 0.007 ms
17:42:25    HepMC3InputC   DEBUG     Converted 8 particles and 2 vertices
17:42:25    HepMC3InputC   DEBUG     Sorting particles and vertices took 0 ms
17:42:25    FatrasSimula   DEBUG     8 input particles
17:42:25    FatrasSimula   DEBUG     8 simulated particles (initial state)
17:42:25    FatrasSimula   DEBUG     8 simulated particles (final state)
17:42:25    FatrasSimula   DEBUG     94 simulated hits
17:42:25    Digitization   DEBUG     Loaded 94 sim hits
17:42:25    Digitization   DEBUG     Starting loop over modules ...
17:42:25    Digitization   DEBUG     Created 94 measurements, 94 clusters from 94 sim hits.
17:42:25    ParticleSele   DEBUG     event 82 selected 8 from 8 particles
17:42:25    ParticleSele   DEBUG     filtered out because of charge: 0
17:42:25    ParticleSele   DEBUG     filtered out because of hit count: 0
17:42:25    ParticleSele   DEBUG     filtered out because of measurement count: 0
17:42:25    SpacePointMa   DEBUG     Created 40 pixel space points
17:42:25    SpacePointMa   DEBUG     Build strip space points
17:42:25    SpacePointMa   DEBUG     Created 0 strip space points
17:42:25    SpacePointMa   DEBUG     Created 40 space points
17:42:25    GridTripletS   DEBUG     Created 31 track seeds from 40 space points
17:42:25    TrackParamsE   DEBUG     Estimated 31 track parameters from 31 seeds
17:42:25    SeedsToTrack   DEBUG     Received 31 seeds
17:42:25    SeedsToTrack   DEBUG     Produced 31 tracks
17:42:25    RzTrackFindi   DEBUG     Binned 94 of 94 measurements
17:42:25    RzTrackFindi   DEBUG     Found 31 tracks from 31 seeds
17:42:25    Sequencer      DEBUG     finished event 82
17:42:25    Sequencer      DEBUG     start processing event 83 on thread 0
17:42:25    EventGenerat   DEBUG     Generating primary vertices took 0.003126 ms total, 1.563 us +- 0.146 us per sample (#2)
17:42:25    EventGenerat   DEBUG     Merging HepMC3 events took 0.003667 ms total, 1.8335 us +- 0.2085 us per sample (#2)
17:42:25    EventGenerat   DEBUG     event=83 n_primary_vertices=2 n_particles=10
17:42:25    HepMC3InputC   DEBUG     HepMC3InputConverter::execute
17:42:25    HepMC3InputC   DEBUG     Have 2 vertices
17:42:25    HepMC3InputC   DEBUG     Have 10 particles
17:42:25    HepMC3InputC   DEBUG     Have 83 event number
17:42:25    HepMC3InputC   DEBUG     Converting HepMC3 event to internal EDM
17:42:25    HepMC3InputC   DEBUG     Finding primary vertex clusters took 0 ms
17:42:25    HepMC3InputC   DEBUG     Found 2 primary vertex clusters (~ primary vertices)
17:42:25    HepMC3InputC   DEBUG     Found 8 undecayed particles in the event
17:42:25    HepMC3InputC   DEBUG     Reserving 1 vertices and 8 particles
17:42:25    HepMC3InputC   DEBUG     Converting HepMC3 vertices to internal EDM took 0.008 ms
17:42:25    HepMC3InputC   DEBUG     Converted 8 particles and 2 vertices
17:42:25    HepMC3InputC   DEBUG     Sorting particles and vertices took 0 ms
17:42:25    FatrasSimula   DEBUG     8 input particles
17:42:25    FatrasSimula   DEBUG     8 simulated particles (initial state)
17:42:25    FatrasSimula   DEBUG     8 simulated particles (final state)
17:42:25    FatrasSimula   DEBUG     101 simulated hits
17:42:25    Digitization   DEBUG     Loaded 101 sim hits
17:42:25    Digitization   DEBUG     Starting loop over modules ...
17:42:25    Digitization   DEBUG     Created 101 measurements, 101 clusters from 101 sim hits.
17:42:25    ParticleSele   DEBUG     event 83 selected 8 from 8 particles
17:42:25    ParticleSele   DEBUG     filtered out because of charge: 0
17:42:25    ParticleSele   DEBUG     filtered out because of hit count: 0
17:42:25    ParticleSele   DEBUG     filtered out because of measurement count: 0
17:42:25    SpacePointMa   DEBUG     Created 46 pixel space points
17:42:25    SpacePointMa   DEBUG     Build strip space points
17:42:25    SpacePointMa   DEBUG     Created 0 strip space points
17:42:25    SpacePointMa   DEBUG     Created 46 space points
17:42:25    GridTripletS   DEBUG     Created 42 track seeds from 46 space points
17:42:25    TrackParamsE   DEBUG     Estimated 42 track parameters from 42 seeds
17:42:25    SeedsToTrack   DEBUG     Received 42 seeds
17:42:25    SeedsToTrack   DEBUG     Produced 42 tracks
17:42:25    RzTrackFindi   DEBUG     Binned 101 of 101 measurements
17:42:25    RzTrackFindi   DEBUG     Found 42 tracks from 42 seeds
17:42:25    Sequencer      DEBUG     finished event 83
17:42:25    Sequencer      DEBUG     start processing event 84 on thread 0
17:42:25    EventGenerat   DEBUG     Generating primary vertices took 0.003208 ms total, 1.604 us +- 0.146 us per sample (#2)
17:42:25    EventGenerat   DEBUG     Merging HepMC3 events took 0.00375 ms total, 1.875 us +- 0.209 us per sample (#2)
17:42:25    EventGenerat   DEBUG     event=84 n_primary_vertices=2 n_particles=10
17:42:25    HepMC3InputC   DEBUG     HepMC3InputConverter::execute
17:42:25    HepMC3InputC   DEBUG     Have 2 vertices
17:42:25    HepMC3InputC   DEBUG     Have 10 particles
17:42:25    HepMC3InputC   DEBUG     Have 84 event number
17:42:25    HepMC3InputC   DEBUG     Converting HepMC3 event to internal EDM
17:42:25    HepMC3InputC   DEBUG     Finding primary vertex clusters took 0 ms
17:42:25    HepMC3InputC   DEBUG     Found 2 primary vertex clusters (~ primary vertices)
17:42:25    HepMC3InputC   DEBUG     Found 8 undecayed particles in the event
17:42:25    HepMC3InputC   DEBUG     Reserving 1 vertices and 8 particles
17:42:25    HepMC3InputC   DEBUG     Converting HepMC3 vertices to internal EDM took 0.007 ms
17:42:25    HepMC3InputC   DEBUG     Converted 8 particles and 2 vertices
17:42:25    HepMC3InputC   DEBUG     Sorting particles and vertices took 0 ms
17:42:25    FatrasSimula   DEBUG     8 input particles
17:42:25    FatrasSimula   DEBUG     8 simulated particles (initial state)
17:42:25    FatrasSimula   DEBUG     8 simulated particles (final state)
17:42:25    FatrasSimula   DEBUG     95 simulated hits
17:42:25    Digitization   DEBUG     Loaded 95 sim hits
17:42:25    Digitization   DEBUG     Starting loop over modules ...
17:42:25    Digitization   DEBUG     Created 95 measurements, 95 clusters from 95 sim hits.
17:42:25    ParticleSele   DEBUG     event 84 selected 8 from 8 particles
17:42:25    ParticleSele   DEBUG     filtered out because of charge: 0
17:42:25    ParticleSele   DEBUG     filtered out because of hit count: 0
17:42:25    ParticleSele   DEBUG     filtered out because of measurement count: 0
17:42:25    SpacePointMa   DEBUG     Created 42 pixel space points
17:42:25    SpacePointMa   DEBUG     Build strip space points
17:42:25    SpacePointMa   DEBUG     Created 0 strip space points
17:42:25    SpacePointMa   DEBUG     Created 42 space points
17:42:25    GridTripletS   DEBUG     Created 40 track seeds from 42 space points
17:42:25    TrackParamsE   DEBUG     Estimated 40 track parameters from 40 seeds
17:42:25    SeedsToTrack   DEBUG     Received 40 seeds
17:42:25    SeedsToTrack   DEBUG     Produced 40 tracks
17:42:25    RzTrackFindi   DEBUG     Binned 95 of 95 measurements
17:42:25    RzTrackFindi   DEBUG     Found 40 tracks from 40 seeds
17:42:25    Sequencer      DEBUG     finished event 84
17:42:25    Sequencer      DEBUG     start processing event 85 on thread 0
17:42:25    EventGenerat   DEBUG     Generating primary vertices took 0.003499 ms total, 1.7495 us +- 0.2085 us per sample (#2)
17:42:25    EventGenerat   DEBUG     Merging HepMC3 events took 0.003916 ms total, 1.958 us +- 0.208 us per sample (#2)
17:42:25    EventGenerat   DEBUG     event=85 n_primary_vertices=2 n_particles=10
17:42:25    HepMC3InputC   DEBUG     HepMC3InputConverter::execute
17:42:25    HepMC3InputC   DEBUG     Have 2 vertices
17:42:25    HepMC3InputC   DEBUG     Have 10 particles
17:42:25    HepMC3InputC   DEBUG     Have 85 event number
17:42:25    HepMC3InputC   DEBUG     Converting HepMC3 event to internal EDM
17:42:25    HepMC3InputC   DEBUG     Finding primary vertex clusters took 0 ms
17:42:25    HepMC3InputC   DEBUG     Found 2 primary vertex clusters (~ primary vertices)
17:42:25    HepMC3InputC   DEBUG     Found 8 undecayed particles in the event
17:42:25    HepMC3InputC   DEBUG     Reserving 1 vertices and 8 particles
17:42:25    HepMC3InputC   DEBUG     Converting HepMC3 vertices to internal EDM took 0.008 ms
17:42:25    HepMC3InputC   DEBUG     Converted 8 particles and 2 vertices
17:42:25    HepMC3InputC   DEBUG     Sorting particles and vertices took 0 ms
17:42:25    FatrasSimula   DEBUG     8 input particles
17:42:25    FatrasSimula   DEBUG     8 simulated particles (initial state)
17:42:25    FatrasSimula   DEBUG     8 simulated particles (final state)
17:42:25    FatrasSimula   DEBUG     99 simulated hits
17:42:25    Digitization   DEBUG     Loaded 99 sim hits
17:42:25    Digitization   DEBUG     Starting loop over modules ...
17:42:25    Digitization   DEBUG     Created 99 measurements, 99 clusters from 99 sim hits.
17:42:25    ParticleSele   DEBUG     event 85 selected 8 from 8 particles
17:42:25    ParticleSele   DEBUG     filtered out because of charge: 0
17:42:25    ParticleSele   DEBUG     filtered out because of hit count: 0
17:42:25    ParticleSele   DEBUG     filtered out because of measurement count: 0
17:42:25    SpacePointMa   DEBUG     Created 43 pixel space points
17:42:25    SpacePointMa   DEBUG     Build strip space points
17:42:25    SpacePointMa   DEBUG     Created 0 strip space points
17:42:25    SpacePointMa   DEBUG     Created 43 space points
17:42:25    GridTripletS   DEBUG     Created 40 track seeds from 43 space points
17:42:25    TrackParamsE   DEBUG     Estimated 40 track parameters from 40 seeds
17:42:25    SeedsToTrack   DEBUG     Received 40 seeds
17:42:25    SeedsToTrack   DEBUG     Produced 40 tracks
17:42:25    RzTrackFindi   DEBUG     Binned 99 of 99 measurements
17:42:25    RzTrackFindi   DEBUG     Found 40 tracks from 40 seeds
17:42:25    Sequencer      DEBUG     finished event 85
17:42:25    Sequencer      DEBUG     start processing event 86 on thread 0
17:42:25    EventGenerat   DEBUG     Generating primary vertices took 0.003166 ms total, 1.583 us +- 0.125 us per sample (#2)
17:42:25    EventGenerat   DEBUG     Merging HepMC3 events took 0.003708 ms total, 1.854 us +- 0.187 us per sample (#2)
17:42:25    EventGenerat   DEBUG     event=86 n_primary_vertices=2 n_particles=10
17:42:25    HepMC3InputC   DEBUG     HepMC3InputConverter::execute
17:42:25    HepMC3InputC   DEBUG     Have 2 vertices
17:42:25    HepMC3InputC   DEBUG     Have 10 particles
17:42:25    HepMC3InputC   DEBUG     Have 86 event number
17:42:25    HepMC3InputC   DEBUG     Converting HepMC3 event to internal EDM
17:42:25    HepMC3InputC   DEBUG     Finding primary vertex clusters took 0 ms
17:42:25    HepMC3InputC   DEBUG     Found 2 primary vertex clusters (~ primary vertices)
17:42:25    HepMC3InputC   DEBUG     Found 8 undecayed particles in the event
17:42:25    HepMC3InputC   DEBUG     Reserving 1 vertices and 8 particles
17:42:25    HepMC3InputC   DEBUG     Converting HepMC3 vertices to internal EDM took 0.007 ms
17:42:25    HepMC3InputC   DEBUG     Converted 8 particles and 2 vertices
17:42:25    HepMC3InputC   DEBUG     Sorting particles and vertices took 0 ms
17:42:25    FatrasSimula   DEBUG     8 input particles
17:42:25    FatrasSimula   DEBUG     8 simulated particles (initial state)
17:42:25    FatrasSimula   DEBUG     8 simulated particles (final state)
17:42:25    FatrasSimula   DEBUG     94 simulated hits
17:42:25    Digitization   DEBUG     Loaded 94 sim hits
17:42:25    Digitization   DEBUG     Starting loop over modules ...
17:42:25    Digitization   DEBUG     Created 94 measurements, 94 clusters from 94 sim hits.
17:42:25    ParticleSele   DEBUG     event 86 selected 8 from 8 particles
17:42:25    ParticleSele   DEBUG     filtered out because of charge: 0
17:42:25    ParticleSele   DEBUG     filtered out because of hit count: 0
17:42:25    ParticleSele   DEBUG     filtered out because of measurement count: 0
17:42:25    SpacePointMa   DEBUG     Created 42 pixel space points
17:42:25    SpacePointMa   DEBUG     Build strip space points
17:42:25    SpacePointMa   DEBUG     Created 0 strip space points
17:42:25    SpacePointMa   DEBUG     Created 42 space points
17:42:25    GridTripletS   DEBUG     Created 36 track seeds from 42 space points
17:42:25    TrackParamsE   DEBUG     Estimated 36 track parameters from 36 seeds
17:42:25    SeedsToTrack   DEBUG     Received 36 seeds
17:42:25    SeedsToTrack   DEBUG     Produced 36 tracks
17:42:25    RzTrackFindi   DEBUG     Binned 94 of 94 measurements
17:42:25    RzTrackFindi   DEBUG     Found 36 tracks from 36 seeds
17:42:25    Sequencer      DEBUG     finished event 86
17:42:25    Sequencer      DEBUG     start processing event 87 on thread 0
17:42:25    EventGenerat   DEBUG     Generating primary vertices took 0.003584 ms total, 1.792 us +- 0.208 us per sample (#2)
17:42:25    EventGenerat   DEBUG     Merging HepMC3 events took 0.004291 ms total, 2.1455 us +- 0.0625 us per sample (#2)
17:42:25    EventGenerat   DEBUG     event=87 n_primary_vertices=2 n_particles=10
17:42:25    HepMC3InputC   DEBUG     HepMC3InputConverter::execute
17:42:25    HepMC3InputC   DEBUG     Have 2 vertices
17:42:25    HepMC3InputC   DEBUG     Have 10 particles
17:42:25    HepMC3InputC   DEBUG     Have 87 event number
17:42:25    HepMC3InputC   DEBUG     Converting HepMC3 event to internal EDM
17:42:25    HepMC3InputC   DEBUG     Finding primary vertex clusters took 0 ms
17:42:25    HepMC3InputC   DEBUG     Found 2 primary vertex clusters (~ primary vertices)
17:42:25    HepMC3InputC   DEBUG     Found 8 undecayed particles in the event
17:42:25    HepMC3InputC   DEBUG     Reserving 1 vertices and 8 particles
17:42:25    HepMC3InputC   DEBUG     Converting HepMC3 vertices to internal EDM took 0.01 ms
17:42:25    HepMC3InputC   DEBUG     Converted 8 particles and 2 vertices
17:42:25    HepMC3InputC   DEBUG     Sorting particles and vertices took 0 ms
17:42:25    FatrasSimula   DEBUG     8 input particles
17:42:25    FatrasSimula   DEBUG     8 simulated particles (initial state)
17:42:25    FatrasSimula   DEBUG     8 simulated particles (final state)
17:42:25    FatrasSimula   DEBUG     97 simulated hits
17:42:25    Digitization   DEBUG     Loaded 97 sim hits
17:42:25    Digitization   DEBUG     Starting loop over modules ...
17:42:25    Digitization   DEBUG     Created 97 measurements, 97 clusters from 97 sim hits.
17:42:25    ParticleSele   DEBUG     event 87 selected 8 from 8 particles
17:42:25    ParticleSele   DEBUG     filtered out because of charge: 0
17:42:25    ParticleSele   DEBUG     filtered out because of hit count: 0
17:42:25    ParticleSele   DEBUG     filtered out because of measurement count: 0
17:42:25    SpacePointMa   DEBUG     Created 41 pixel space points
17:42:25    SpacePointMa   DEBUG     Build strip space points
17:42:25    SpacePointMa   DEBUG     Created 0 strip space points
17:42:25    SpacePointMa   DEBUG     Created 41 space points
17:42:25    GridTripletS   DEBUG     Created 23 track seeds from 41 space points
17:42:25    TrackParamsE   DEBUG     Estimated 23 track parameters from 23 seeds
17:42:25    SeedsToTrack   DEBUG     Received 23 seeds
17:42:25    SeedsToTrack   DEBUG     Produced 23 tracks
17:42:25    RzTrackFindi   DEBUG     Binned 97 of 97 measurements
17:42:25    RzTrackFindi   DEBUG     Found 23 tracks from 23 seeds
17:42:25    Sequencer      DEBUG     finished event 87
17:42:25    Sequencer      DEBUG     start processing event 88 on thread 0
17:42:25    EventGenerat   DEBUG     Generating primary vertices took 0.003666 ms total, 1.833 us +- 0.208 us per sample (#2)
17:42:25    EventGenerat   DEBUG     Merging HepMC3 events took 0.004125 ms total, 2.0625 us +- 0.1875 us per sample (#2)
17:42:25    EventGenerat   DEBUG     event=88 n_primary_vertices=2 n_particles=10
17:42:25    HepMC3InputC   DEBUG     HepMC3InputConverter::execute
17:42:25    HepMC3InputC   DEBUG     Have 2 vertices
17:42:25    HepMC3InputC   DEBUG     Have 10 particles
17:42:25    HepMC3InputC   DEBUG     Have 88 event number
17:42:25    HepMC3InputC   DEBUG     Converting HepMC3 event to internal EDM
17:42:25    HepMC3InputC   DEBUG     Finding primary vertex clusters took 0 ms
17:42:25    HepMC3InputC   DEBUG     Found 2 primary vertex clusters (~ primary vertices)
17:42:25    HepMC3InputC   DEBUG     Found 8 undecayed particles in the event
17:42:25    HepMC3InputC   DEBUG     Reserving 1 vertices and 8 particles
17:42:25    HepMC3InputC   DEBUG     Converting HepMC3 vertices to internal EDM took 0.011 ms
17:42:25    HepMC3InputC   DEBUG     Converted 8 particles and 2 vertices
17:42:25    HepMC3InputC   DEBUG     Sorting particles and vertices took 0 ms
17:42:25    FatrasSimula   DEBUG     8 input particles
17:42:25    FatrasSimula   DEBUG     8 simulated particles (initial state)
17:42:25    FatrasSimula   DEBUG     8 simulated particles (final state)
17:42:25    FatrasSimula   DEBUG     101 simulated hits
17:42:25    Digitization   DEBUG     Loaded 101 sim hits
17:42:25    Digitization   DEBUG     Starting loop over modules ...
17:42:25    Digitization   DEBUG     Created 101 measurements, 101 clusters from 101 sim hits.
17:42:25    ParticleSele   DEBUG     event 88 selected 8 from 8 particles
17:42:25    ParticleSele   DEBUG     filtered out because of charge: 0
17:42:25    ParticleSele   DEBUG     filtered out because of hit count: 0
17:42:25    ParticleSele   DEBUG     filtered out because of measurement count: 0
17:42:25    SpacePointMa   DEBUG     Created 44 pixel space points
17:42:25    SpacePointMa   DEBUG     Build strip space points
17:42:25    SpacePointMa   DEBUG     Created 0 strip space points
17:42:25    SpacePointMa   DEBUG     Created 44 space points
17:42:25    GridTripletS   DEBUG     Created 41 track seeds from 44 space points
17:42:25    TrackParamsE   DEBUG     Estimated 41 track parameters from 41 seeds
17:42:25    SeedsToTrack   DEBUG     Received 41 seeds
17:42:25    SeedsToTrack   DEBUG     Produced 41 tracks
17:42:25    RzTrackFindi   DEBUG     Binned 101 of 101 measurements
17:42:25    RzTrackFindi   DEBUG     Found 40 tracks from 41 seeds
17:42:25    Sequencer      DEBUG     finished event 88
17:42:25    Sequencer      DEBUG     start processing event 89 on thread 0
17:42:25    EventGenerat   DEBUG     Generating primary vertices took 0.003417 ms total, 1.7085 us +- 0.2085 us per sample (#2)
17:42:25    EventGenerat   DEBUG     Merging HepMC3 events took 0.003625 ms total, 1.8125 us +- 0.1875 us per sample (#2)
17:42:25    EventGenerat   DEBUG     event=89 n_primary_vertices=2 n_particles=10
17:42:25    HepMC3InputC   DEBUG     HepMC3InputConverter::execute
17:42:25    HepMC3InputC   DEBUG     Have 2 vertices
17:42:25    HepMC3InputC   DEBUG     Have 10 particles
17:42:25    HepMC3InputC   DEBUG     Have 89 event number
17:42:25    HepMC3InputC   DEBUG     Converting HepMC3 event to internal EDM
17:42:25    HepMC3InputC   DEBUG     Finding primary vertex clusters took 0 ms
17:42:25    HepMC3InputC   DEBUG     Found 2 primary vertex clusters (~ primary vertices)
17:42:25    HepMC3InputC   DEBUG     Found 8 undecayed particles in the event
17:42:25    HepMC3InputC   DEBUG     Reserving 1 vertices and 8 particles
17:42:25    HepMC3InputC   DEBUG     Converting HepMC3 vertices to internal EDM took 0.007 ms
17:42:25    HepMC3InputC   DEBUG     Converted 8 particles and 2 vertices
17:42:25    HepMC3InputC   DEBUG     Sorting particles and vertices took 0 ms
17:42:25    FatrasSimula   DEBUG     8 input particles
17:42:25    FatrasSimula   DEBUG     8 simulated particles (initial state)
17:42:25    FatrasSimula   DEBUG     8 simulated particles (final state)
17:42:25    FatrasSimula   DEBUG     93 simulated hits
17:42:25    Digitization   DEBUG     Loaded 93 sim hits
17:42:25    Digitization   DEBUG     Starting loop over modules ...
17:42:25    Digitization   DEBUG     Created 93 measurements, 93 clusters from 93 sim hits.
17:42:25    ParticleSele   DEBUG     event 89 selected 8 from 8 particles
17:42:25    ParticleSele   DEBUG     filtered out because of charge: 0
17:42:25    ParticleSele   DEBUG     filtered out because of hit count: 0
17:42:25    ParticleSele   DEBUG     filtered out because of measurement count: 0
17:42:25    SpacePointMa   DEBUG     Created 41 pixel space points
17:42:25    SpacePointMa   DEBUG     Build strip space points
17:42:25    SpacePointMa   DEBUG     Created 0 strip space points
17:42:25    SpacePointMa   DEBUG     Created 41 space points
17:42:25    GridTripletS   DEBUG     Created 38 track seeds from 41 space points
17:42:25    TrackParamsE   DEBUG     Estimated 38 track parameters from 38 seeds
17:42:25    SeedsToTrack   DEBUG     Received 38 seeds
17:42:25    SeedsToTrack   DEBUG     Produced 38 tracks
17:42:25    RzTrackFindi   DEBUG     Binned 93 of 93 measurements
17:42:25    RzTrackFindi   DEBUG     Found 38 tracks from 38 seeds
17:42:25    Sequencer      DEBUG     finished event 89
17:42:25    Sequencer      DEBUG     start processing event 90 on thread 0
17:42:25    EventGenerat   DEBUG     Generating primary vertices took 0.003208 ms total, 1.604 us +- 0.187 us per sample (#2)
17:42:25    EventGenerat   DEBUG     Merging HepMC3 events took 0.003667 ms total, 1.8335 us +- 0.2085 us per sample (#2)
17:42:25    EventGenerat   DEBUG     event=90 n_primary_vertices=2 n_particles=10
17:42:25    HepMC3InputC   DEBUG     HepMC3InputConverter::execute
17:42:25    HepMC3InputC   DEBUG     Have 2 vertices
17:42:25    HepMC3InputC   DEBUG     Have 10 particles
17:42:25    HepMC3InputC   DEBUG     Have 90 event number
17:42:25    HepMC3InputC   DEBUG     Converting HepMC3 event to internal EDM
17:42:25    HepMC3InputC   DEBUG     Finding primary vertex clusters took 0 ms
17:42:25    HepMC3InputC   DEBUG     Found 2 primary vertex clusters (~ primary vertices)
17:42:25    HepMC3InputC   DEBUG     Found 8 undecayed particles in the event
17:42:25    HepMC3InputC   DEBUG     Reserving 1 vertices and 8 particles
17:42:25    HepMC3InputC   DEBUG     Converting HepMC3 vertices to internal EDM took 0.007 ms
17:42:25    HepMC3InputC   DEBUG     Converted 8 particles and 2 vertices
17:42:25    HepMC3InputC   DEBUG     Sorting particles and vertices took 0 ms
17:42:25    FatrasSimula   DEBUG     8 input particles
17:42:25    FatrasSimula   DEBUG     8 simulated particles (initial state)
17:42:25    FatrasSimula   DEBUG     8 simulated particles (final state)
17:42:25    FatrasSimula   DEBUG     97 simulated hits
17:42:25    Digitization   DEBUG     Loaded 97 sim hits
17:42:25    Digitization   DEBUG     Starting loop over modules ...
17:42:25    Digitization   DEBUG     Created 97 measurements, 97 clusters from 97 sim hits.
17:42:25    ParticleSele   DEBUG     event 90 selected 8 from 8 particles
17:42:25    ParticleSele   DEBUG     filtered out because of charge: 0
17:42:25    ParticleSele   DEBUG     filtered out because of hit count: 0
17:42:25    ParticleSele   DEBUG     filtered out because of measurement count: 0
17:42:25    SpacePointMa   DEBUG     Created 44 pixel space points
17:42:25    SpacePointMa   DEBUG     Build strip space points
17:42:25    SpacePointMa   DEBUG     Created 0 strip space points
17:42:25    SpacePointMa   DEBUG     Created 44 space points
17:42:25    GridTripletS   DEBUG     Created 36 track seeds from 44 space points
17:42:25    TrackParamsE   DEBUG     Estimated 36 track parameters from 36 seeds
17:42:25    SeedsToTrack   DEBUG     Received 36 seeds
17:42:25    SeedsToTrack   DEBUG     Produced 36 tracks
17:42:25    RzTrackFindi   DEBUG     Binned 97 of 97 measurements
17:42:25    RzTrackFindi   DEBUG     Found 36 tracks from 36 seeds
17:42:25    Sequencer      DEBUG     finished event 90
17:42:25    Sequencer      DEBUG     start processing event 91 on thread 0
17:42:25    EventGenerat   DEBUG     Generating primary vertices took 0.003292 ms total, 1.646 us +- 0.104 us per sample (#2)
17:42:25    EventGenerat   DEBUG     Merging HepMC3 events took 0.003709 ms total, 1.8545 us +- 0.1455 us per sample (#2)
17:42:25    EventGenerat   DEBUG     event=91 n_primary_vertices=2 n_particles=10
17:42:25    HepMC3InputC   DEBUG     HepMC3InputConverter::execute
17:42:25    HepMC3InputC   DEBUG     Have 2 vertices
17:42:25    HepMC3InputC   DEBUG     Have 10 particles
17:42:25    HepMC3InputC   DEBUG     Have 91 event number
17:42:25    HepMC3InputC   DEBUG     Converting HepMC3 event to internal EDM
17:42:25    HepMC3InputC   DEBUG     Finding primary vertex clusters took 0 ms
17:42:25    HepMC3InputC   DEBUG     Found 2 primary vertex clusters (~ primary vertices)
17:42:25    HepMC3InputC   DEBUG     Found 8 undecayed particles in the event
17:42:25    HepMC3InputC   DEBUG     Reserving 1 vertices and 8 particles
17:42:25    HepMC3InputC   DEBUG     Converting HepMC3 vertices to internal EDM took 0.007 ms
17:42:25    HepMC3InputC   DEBUG     Converted 8 particles and 2 vertices
17:42:25    HepMC3InputC   DEBUG     Sorting particles and vertices took 0 ms
17:42:25    FatrasSimula   DEBUG     8 input particles
17:42:25    FatrasSimula   DEBUG     8 simulated particles (initial state)
17:42:25    FatrasSimula   DEBUG     8 simulated particles (final state)
17:42:25    FatrasSimula   DEBUG     97 simulated hits
17:42:25    Digitization   DEBUG     Loaded 97 sim hits
17:42:25    Digitization   DEBUG     Starting loop over modules ...
17:42:25    Digitization   DEBUG     Created 97 measurements, 97 clusters from 97 sim hits.
17:42:25    ParticleSele   DEBUG     event 91 selected 8 from 8 particles
17:42:25    ParticleSele   DEBUG     filtered out because of charge: 0
17:42:25    ParticleSele   DEBUG     filtered out because of hit count: 0
17:42:25    ParticleSele   DEBUG     filtered out because of measurement count: 0
17:42:25    SpacePointMa   DEBUG     Created 42 pixel space points
17:42:25    SpacePointMa   DEBUG     Build strip space points
17:42:25    SpacePointMa   DEBUG     Created 0 strip space points
17:42:25    SpacePointMa   DEBUG     Created 42 space points
17:42:25    GridTripletS   DEBUG     Created 38 track seeds from 42 space points
17:42:25    TrackParamsE   DEBUG     Estimated 38 track parameters from 38 seeds
17:42:25    SeedsToTrack   DEBUG     Received 38 seeds
17:42:25    SeedsToTrack   DEBUG     Produced 38 tracks
17:42:25    RzTrackFindi   DEBUG     Binned 97 of 97 measurements
17:42:25    RzTrackFindi   DEBUG     Found 38 tracks from 38 seeds
17:42:25    Sequencer      DEBUG     finished event 91
17:42:25    Sequencer      DEBUG     start processing event 92 on thread 0
17:42:25    EventGenerat   DEBUG     Generating primary vertices took 0.003167 ms total, 1.5835 us +- 0.1245 us per sample (#2)
17:42:25    EventGenerat   DEBUG     Merging HepMC3 events took 0.003792 ms total, 1.896 us +- 0.229 us per sample (#2)
17:42:25    EventGenerat   DEBUG     event=92 n_primary_vertices=2 n_particles=10
17:42:25    HepMC3InputC   DEBUG     HepMC3InputConverter::execute
17:42:25    HepMC3InputC   DEBUG     Have 2 vertices
17:42:25    HepMC3InputC   DEBUG     Have 10 particles
17:42:25    HepMC3InputC   DEBUG     Have 92 event number
17:42:25    HepMC3InputC   DEBUG     Converting HepMC3 event to internal EDM
17:42:25    HepMC3InputC   DEBUG     Finding primary vertex clusters took 0 ms
17:42:25    HepMC3InputC   DEBUG     Found 2 primary vertex clusters (~ primary vertices)
17:42:25    HepMC3InputC   DEBUG     Found 8 undecayed particles in the event
17:42:25    HepMC3InputC   DEBUG     Reserving 1 vertices and 8 particles
17:42:25    HepMC3InputC   DEBUG     Converting HepMC3 vertices to internal EDM took 0.007 ms
17:42:25    HepMC3InputC   DEBUG     Converted 8 particles and 2 vertices
17:42:25    HepMC3InputC   DEBUG     Sorting particles and vertices took 0 ms
17:42:25    FatrasSimula   DEBUG     8 input particles
17:42:25    FatrasSimula   DEBUG     8 simulated particles (initial state)
17:42:25    FatrasSimula   DEBUG     8 simulated particles (final state)
17:42:25    FatrasSimula   DEBUG     95 simulated hits
17:42:25    Digitization   DEBUG     Loaded 95 sim hits
17:42:25    Digitization   DEBUG     Starting loop over modules ...
17:42:25    Digitization   DEBUG     Created 95 measurements, 95 clusters from 95 sim hits.
17:42:25    ParticleSele   DEBUG     event 92 selected 8 from 8 particles
17:42:25    ParticleSele   DEBUG     filtered out because of charge: 0
17:42:25    ParticleSele   DEBUG     filtered out because of hit count: 0
17:42:25    ParticleSele   DEBUG     filtered out because of measurement count: 0
17:42:25    SpacePointMa   DEBUG     Created 39 pixel space points
17:42:25    SpacePointMa   DEBUG     Build strip space points
17:42:25    SpacePointMa   DEBUG     Created 0 strip space points
17:42:25    SpacePointMa   DEBUG     Created 39 space points
17:42:25    GridTripletS   DEBUG     Created 40 track seeds from 39 space points
17:42:25    TrackParamsE   DEBUG     Estimated 40 track parameters from 40 seeds
17:42:25    SeedsToTrack   DEBUG     Received 40 seeds
17:42:25    SeedsToTrack   DEBUG     Produced 40 tracks
17:42:25    RzTrackFindi   DEBUG     Binned 95 of 95 measurements
17:42:25    RzTrackFindi   DEBUG     Found 40 tracks from 40 seeds
17:42:25    Sequencer      DEBUG     finished event 92
17:42:25    Sequencer      DEBUG     start processing event 93 on thread 0
17:42:25    EventGenerat   DEBUG     Generating primary vertices took 0.00325 ms total, 1.625 us +- 0.125 us per sample (#2)
17:42:25    EventGenerat   DEBUG     Merging HepMC3 events took 0.003917 ms total, 1.9585 us +- 0.2085 us per sample (#2)
17:42:25    EventGenerat   DEBUG     event=93 n_primary_vertices=2 n_particles=10
17:42:25    HepMC3InputC   DEBUG     HepMC3InputConverter::execute
17:42:25    HepMC3InputC   DEBUG     Have 2 vertices
17:42:25    HepMC3InputC   DEBUG     Have 10 particles
17:42:25    HepMC3InputC   DEBUG     Have 93 event number
17:42:25    HepMC3InputC   DEBUG     Converting HepMC3 event to internal EDM
17:42:25    HepMC3InputC   DEBUG     Finding primary vertex clusters took 0 ms
17:42:25    HepMC3InputC   DEBUG     Found 2 primary vertex clusters (~ primary vertices)
17:42:25    HepMC3InputC   DEBUG     Found 8 undecayed particles in the event
17:42:25    HepMC3InputC   DEBUG     Reserving 1 vertices and 8 particles
17:42:25    HepMC3InputC   DEBUG     Converting HepMC3 vertices to internal EDM took 0.008 ms
17:42:25    HepMC3InputC   DEBUG     Converted 8 particles and 2 vertices
17:42:25    HepMC3InputC   DEBUG     Sorting particles and vertices took 0 ms
17:42:25    FatrasSimula   DEBUG     8 input particles
17:42:25    FatrasSimula   DEBUG     8 simulated particles (initial state)
17:42:25    FatrasSimula   DEBUG     8 simulated particles (final state)
17:42:25    FatrasSimula   DEBUG     101 simulated hits
17:42:25    Digitization   DEBUG     Loaded 101 sim hits
17:42:25    Digitization   DEBUG     Starting loop over modules ...
17:42:25    Digitization   DEBUG     Created 101 measurements, 101 clusters from 101 sim hits.
17:42:25    ParticleSele   DEBUG     event 93 selected 8 from 8 particles
17:42:25    ParticleSele   DEBUG     filtered out because of charge: 0
17:42:25    ParticleSele   DEBUG     filtered out because of hit count: 0
17:42:25    ParticleSele   DEBUG     filtered out because of measurement count: 0
17:42:25    SpacePointMa   DEBUG     Created 43 pixel space points
17:42:25    SpacePointMa   DEBUG     Build strip space points
17:42:25    SpacePointMa   DEBUG     Created 0 strip space points
17:42:25    SpacePointMa   DEBUG     Created 43 space points
17:42:25    GridTripletS   DEBUG     Created 36 track seeds from 43 space points
17:42:25    TrackParamsE   DEBUG     Estimated 36 track parameters from 36 seeds
17:42:25    SeedsToTrack   DEBUG     Received 36 seeds
17:42:25    SeedsToTrack   DEBUG     Produced 36 tracks
17:42:25    RzTrackFindi   DEBUG     Binned 101 of 101 measurements
17:42:25    RzTrackFindi   DEBUG     Found 36 tracks from 36 seeds
17:42:25    Sequencer      DEBUG     finished event 93
17:42:25    Sequencer      DEBUG     start processing event 94 on thread 0
17:42:25    EventGenerat   DEBUG     Generating primary vertices took 0.003125 ms total, 1.5625 us +- 0.1455 us per sample (#2)
17:42:25    EventGenerat   DEBUG     Merging HepMC3 events took 0.003708 ms total, 1.854 us +- 0.187 us per sample (#2)
17:42:25    EventGenerat   DEBUG     event=94 n_primary_vertices=2 n_particles=10
17:42:25    HepMC3InputC   DEBUG     HepMC3InputConverter::execute
17:42:25    HepMC3InputC   DEBUG     Have 2 vertices
17:42:25    HepMC3InputC   DEBUG     Have 10 particles
17:42:25    HepMC3InputC   DEBUG     Have 94 event number
17:42:25    HepMC3InputC   DEBUG     Converting HepMC3 event to internal EDM
17:42:25    HepMC3InputC   DEBUG     Finding primary vertex clusters took 0 ms
17:42:25    HepMC3InputC   DEBUG     Found 2 primary vertex clusters (~ primary vertices)
17:42:25    HepMC3InputC   DEBUG     Found 8 undecayed particles in the event
17:42:25    HepMC3InputC   DEBUG     Reserving 1 vertices and 8 particles
17:42:25    HepMC3InputC   DEBUG     Converting HepMC3 vertices to internal EDM took 0.007 ms
17:42:25    HepMC3InputC   DEBUG     Converted 8 particles and 2 vertices
17:42:25    HepMC3InputC   DEBUG     Sorting particles and vertices took 0 ms
17:42:25    FatrasSimula   DEBUG     8 input particles
17:42:25    FatrasSimula   DEBUG     8 simulated particles (initial state)
17:42:25    FatrasSimula   DEBUG     8 simulated particles (final state)
17:42:25    FatrasSimula   DEBUG     92 simulated hits
17:42:25    Digitization   DEBUG     Loaded 92 sim hits
17:42:25    Digitization   DEBUG     Starting loop over modules ...
17:42:25    Digitization   DEBUG     Created 92 measurements, 92 clusters from 92 sim hits.
17:42:25    ParticleSele   DEBUG     event 94 selected 8 from 8 particles
17:42:25    ParticleSele   DEBUG     filtered out because of charge: 0
17:42:25    ParticleSele   DEBUG     filtered out because of hit count: 0
17:42:25    ParticleSele   DEBUG     filtered out because of measurement count: 0
17:42:25    SpacePointMa   DEBUG     Created 44 pixel space points
17:42:25    SpacePointMa   DEBUG     Build strip space points
17:42:25    SpacePointMa   DEBUG     Created 0 strip space points
17:42:25    SpacePointMa   DEBUG     Created 44 space points
17:42:25    GridTripletS   DEBUG     Created 40 track seeds from 44 space points
17:42:25    TrackParamsE   DEBUG     Estimated 40 track parameters from 40 seeds
17:42:25    SeedsToTrack   DEBUG     Received 40 seeds
17:42:25    SeedsToTrack   DEBUG     Produced 40 tracks
17:42:25    RzTrackFindi   DEBUG     Binned 92 of 92 measurements
17:42:25    RzTrackFindi   DEBUG     Found 40 tracks from 40 seeds
17:42:25    Sequencer      DEBUG     finished event 94
17:42:25    Sequencer      DEBUG     start processing event 95 on thread 0
17:42:25    EventGenerat   DEBUG     Generating primary vertices took 0.003291 ms total, 1.6455 us +- 0.1875 us per sample (#2)
17:42:25    EventGenerat   DEBUG     Merging HepMC3 events took 0.00375 ms total, 1.875 us +- 0.208 us per sample (#2)
17:42:25    EventGenerat   DEBUG     event=95 n_primary_vertices=2 n_particles=10
17:42:25    HepMC3InputC   DEBUG     HepMC3InputConverter::execute
17:42:25    HepMC3InputC   DEBUG     Have 2 vertices
17:42:25    HepMC3InputC   DEBUG     Have 10 particles
17:42:25    HepMC3InputC   DEBUG     Have 95 event number
17:42:25    HepMC3InputC   DEBUG     Converting HepMC3 event to internal EDM
17:42:25    HepMC3InputC   DEBUG     Finding primary vertex clusters took 0 ms
17:42:25    HepMC3InputC   DEBUG     Found 2 primary vertex clusters (~ primary vertices)
17:42:25    HepMC3InputC   DEBUG     Found 8 undecayed particles in the event
17:42:25    HepMC3InputC   DEBUG     Reserving 1 vertices and 8 particles
17:42:25    HepMC3InputC   DEBUG     Converting HepMC3 vertices to internal EDM took 0.007 ms
17:42:25    HepMC3InputC   DEBUG     Converted 8 particles and 2 vertices
17:42:25    HepMC3InputC   DEBUG     Sorting particles and vertices took 0 ms
17:42:25    FatrasSimula   DEBUG     8 input particles
17:42:25    FatrasSimula   DEBUG     8 simulated particles (initial state)
17:42:25    FatrasSimula   DEBUG     8 simulated particles (final state)
17:42:25    FatrasSimula   DEBUG     97 simulated hits
17:42:25    Digitization   DEBUG     Loaded 97 sim hits
17:42:25    Digitization   DEBUG     Starting loop over modules ...
17:42:25    Digitization   DEBUG     Created 97 measurements, 97 clusters from 97 sim hits.
17:42:25    ParticleSele   DEBUG     event 95 selected 8 from 8 particles
17:42:25    ParticleSele   DEBUG     filtered out because of charge: 0
17:42:25    ParticleSele   DEBUG     filtered out because of hit count: 0
17:42:25    ParticleSele   DEBUG     filtered out because of measurement count: 0
17:42:25    SpacePointMa   DEBUG     Created 44 pixel space points
17:42:25    SpacePointMa   DEBUG     Build strip space points
17:42:25    SpacePointMa   DEBUG     Created 0 strip space points
17:42:25    SpacePointMa   DEBUG     Created 44 space points
17:42:25    GridTripletS   DEBUG     Created 32 track seeds from 44 space points
17:42:25    TrackParamsE   DEBUG     Estimated 32 track parameters from 32 seeds
17:42:25    SeedsToTrack   DEBUG     Received 32 seeds
17:42:25    SeedsToTrack   DEBUG     Produced 32 tracks
17:42:25    RzTrackFindi   DEBUG     Binned 97 of 97 measurements
17:42:25    RzTrackFindi   DEBUG     Found 32 tracks from 32 seeds
17:42:25    Sequencer      DEBUG     finished event 95
17:42:25    Sequencer      DEBUG     start processing event 96 on thread 0
17:42:25    EventGenerat   DEBUG     Generating primary vertices took 0.003208 ms total, 1.604 us +- 0.104 us per sample (#2)
17:42:25    EventGenerat   DEBUG     Merging HepMC3 events took 0.003666 ms total, 1.833 us +- 0.208 us per sample (#2)
17:42:25    EventGenerat   DEBUG     event=96 n_primary_vertices=2 n_particles=10
17:42:25    HepMC3InputC   DEBUG     HepMC3InputConverter::execute
17:42:25    HepMC3InputC   DEBUG     Have 2 vertices
17:42:25    HepMC3InputC   DEBUG     Have 10 particles
17:42:25    HepMC3InputC   DEBUG     Have 96 event number
17:42:25    HepMC3InputC   DEBUG     Converting HepMC3 event to internal EDM
17:42:25    HepMC3InputC   DEBUG     Finding primary vertex clusters took 0 ms
17:42:25    HepMC3InputC   DEBUG     Found 2 primary vertex clusters (~ primary vertices)
17:42:25    HepMC3InputC   DEBUG     Found 8 undecayed particles in the event
17:42:25    HepMC3InputC   DEBUG     Reserving 1 vertices and 8 particles
17:42:25    HepMC3InputC   DEBUG     Converting HepMC3 vertices to internal EDM took 0.007 ms
17:42:25    HepMC3InputC   DEBUG     Converted 8 particles and 2 vertices
17:42:25    HepMC3InputC   DEBUG     Sorting particles and vertices took 0 ms
17:42:25    FatrasSimula   DEBUG     8 input particles
17:42:25    FatrasSimula   DEBUG     8 simulated particles (initial state)
17:42:25    FatrasSimula   DEBUG     8 simulated particles (final state)
17:42:25    FatrasSimula   DEBUG     94 simulated hits
17:42:25    Digitization   DEBUG     Loaded 94 sim hits
17:42:25    Digitization   DEBUG     Starting loop over modules ...
17:42:25    Digitization   DEBUG     Created 94 measurements, 94 clusters from 94 sim hits.
17:42:25    ParticleSele   DEBUG     event 96 selected 8 from 8 particles
17:42:25    ParticleSele   DEBUG     filtered out because of charge: 0
17:42:25    ParticleSele   DEBUG     filtered out because of hit count: 0
17:42:25    ParticleSele   DEBUG     filtered out because of measurement count: 0
17:42:25    SpacePointMa   DEBUG     Created 41 pixel space points
17:42:25    SpacePointMa   DEBUG     Build strip space points
17:42:25    SpacePointMa   DEBUG     Created 0 strip space points
17:42:25    SpacePointMa   DEBUG     Created 41 space points
17:42:25    GridTripletS   DEBUG     Created 34 track seeds from 41 space points
17:42:25    TrackParamsE   DEBUG     Estimated 34 track parameters from 34 seeds
17:42:25    SeedsToTrack   DEBUG     Received 34 seeds
17:42:25    SeedsToTrack   DEBUG     Produced 34 tracks
17:42:25    RzTrackFindi   DEBUG     Binned 94 of 94 measurements
17:42:25    RzTrackFindi   DEBUG     Found 34 tracks from 34 seeds
17:42:25    Sequencer      DEBUG     finished event 96
17:42:25    Sequencer      DEBUG     start processing event 97 on thread 0
17:42:25    EventGenerat   DEBUG     Generating primary vertices took 0.003208 ms total, 1.604 us +- 0.146 us per sample (#2)
17:42:25    EventGenerat   DEBUG     Merging HepMC3 events took 0.003667 ms total, 1.8335 us +- 0.1665 us per sample (#2)
17:42:25    EventGenerat   DEBUG     event=97 n_primary_vertices=2 n_particles=10
17:42:25    HepMC3InputC   DEBUG     HepMC3InputConverter::execute
17:42:25    HepMC3InputC   DEBUG     Have 2 vertices
17:42:25    HepMC3InputC   DEBUG     Have 10 particles
17:42:25    HepMC3InputC   DEBUG     Have 97 event number
17:42:25    HepMC3InputC   DEBUG     Converting HepMC3 event to internal EDM
17:42:25    HepMC3InputC   DEBUG     Finding primary vertex clusters took 0 ms
17:42:25    HepMC3InputC   DEBUG     Found 2 primary vertex clusters (~ primary vertices)
17:42:25    HepMC3InputC   DEBUG     Found 8 undecayed particles in the event
17:42:25    HepMC3InputC   DEBUG     Reserving 1 vertices and 8 particles
17:42:25    HepMC3InputC   DEBUG     Converting HepMC3 vertices to internal EDM took 0.01 ms
17:42:25    HepMC3InputC   DEBUG     Converted 8 particles and 2 vertices
17:42:25    HepMC3InputC   DEBUG     Sorting particles and vertices took 0 ms
17:42:25    FatrasSimula   DEBUG     8 input particles
17:42:25    FatrasSimula   DEBUG     8 simulated particles (initial state)
17:42:25    FatrasSimula   DEBUG     8 simulated particles (final state)
17:42:25    FatrasSimula   DEBUG     99 simulated hits
17:42:25    Digitization   DEBUG     Loaded 99 sim hits
17:42:25    Digitization   DEBUG     Starting loop over modules ...
17:42:25    Digitization   DEBUG     Created 99 measurements, 99 clusters from 99 sim hits.
17:42:25    ParticleSele   DEBUG     event 97 selected 8 from 8 particles
17:42:25    ParticleSele   DEBUG     filtered out because of charge: 0
17:42:25    ParticleSele   DEBUG     filtered out because of hit count: 0
17:42:25    ParticleSele   DEBUG     filtered out because of measurement count: 0
17:42:25    SpacePointMa   DEBUG     Created 46 pixel space points
17:42:25    SpacePointMa   DEBUG     Build strip space points
17:42:25    SpacePointMa   DEBUG     Created 0 strip space points
17:42:25    SpacePointMa   DEBUG     Created 46 space points
17:42:25    GridTripletS   DEBUG     Created 44 track seeds from 46 space points
17:42:25    TrackParamsE   DEBUG     Estimated 44 track parameters from 44 seeds
17:42:25    SeedsToTrack   DEBUG     Received 44 seeds
17:42:25    SeedsToTrack   DEBUG     Produced 44 tracks
17:42:25    RzTrackFindi   DEBUG     Binned 99 of 99 measurements
17:42:25    RzTrackFindi   DEBUG     Found 44 tracks from 44 seeds
17:42:25    Sequencer      DEBUG     finished event 97
17:42:25    Sequencer      DEBUG     start processing event 98 on thread 0
17:42:25    EventGenerat   DEBUG     Generating primary vertices took 0.0035 ms total, 1.75 us +- 0.125 us per sample (#2)
17:42:25    EventGenerat   DEBUG     Merging HepMC3 events took 0.003958 ms total, 1.979 us +- 0.188 us per sample (#2)
17:42:25    EventGenerat   DEBUG     event=98 n_primary_vertices=2 n_particles=10
17:42:25    HepMC3InputC   DEBUG     HepMC3InputConverter::execute
17:42:25    HepMC3InputC   DEBUG     Have 2 vertices
17:42:25    HepMC3InputC   DEBUG     Have 10 particles
17:42:25    HepMC3InputC   DEBUG     Have 98 event number
17:42:25    HepMC3InputC   DEBUG     Converting HepMC3 event to internal EDM
17:42:25    HepMC3InputC   DEBUG     Finding primary vertex clusters took 0 ms
17:42:25    HepMC3InputC   DEBUG     Found 2 primary vertex clusters (~ primary vertices)
17:42:25    HepMC3InputC   DEBUG     Found 8 undecayed particles in the event
17:42:25    HepMC3InputC   DEBUG     Reserving 1 vertices and 8 particles
17:42:25    HepMC3InputC   DEBUG     Converting HepMC3 vertices to internal EDM took 0.008 ms
17:42:25    HepMC3InputC   DEBUG     Converted 8 particles and 2 vertices
17:42:25    HepMC3InputC   DEBUG     Sorting particles and vertices took 0 ms
17:42:25    FatrasSimula   DEBUG     8 input particles
17:42:25    FatrasSimula   DEBUG     8 simulated particles (initial state)
17:42:25    FatrasSimula   DEBUG     8 simulated particles (final state)
17:42:25    FatrasSimula   DEBUG     88 simulated hits
17:42:25    Digitization   DEBUG     Loaded 88 sim hits
17:42:25    Digitization   DEBUG     Starting loop over modules ...
17:42:25    Digitization   DEBUG     Created 88 measurements, 88 clusters from 88 sim hits.
17:42:25    ParticleSele   DEBUG     event 98 selected 8 from 8 particles
17:42:25    ParticleSele   DEBUG     filtered out because of charge: 0
17:42:25    ParticleSele   DEBUG     filtered out because of hit count: 0
17:42:25    ParticleSele   DEBUG     filtered out because of measurement count: 0
17:42:25    SpacePointMa   DEBUG     Created 35 pixel space points
17:42:25    SpacePointMa   DEBUG     Build strip space points
17:42:25    SpacePointMa   DEBUG     Created 0 strip space points
17:42:25    SpacePointMa   DEBUG     Created 35 space points
17:42:25    GridTripletS   DEBUG     Created 31 track seeds from 35 space points
17:42:25    TrackParamsE   DEBUG     Estimated 31 track parameters from 31 seeds
17:42:25    SeedsToTrack   DEBUG     Received 31 seeds
17:42:25    SeedsToTrack   DEBUG     Produced 31 tracks
17:42:25    RzTrackFindi   DEBUG     Binned 88 of 88 measurements
17:42:25    RzTrackFindi   DEBUG     Found 31 tracks from 31 seeds
17:42:25    Sequencer      DEBUG     finished event 98
17:42:25    Sequencer      DEBUG     start processing event 99 on thread 0
17:42:25    EventGenerat   DEBUG     Generating primary vertices took 0.003125 ms total, 1.5625 us +- 0.1045 us per sample (#2)
17:42:25    EventGenerat   DEBUG     Merging HepMC3 events took 0.003709 ms total, 1.8545 us +- 0.1875 us per sample (#2)
17:42:25    EventGenerat   DEBUG     event=99 n_primary_vertices=2 n_particles=10
17:42:25    HepMC3InputC   DEBUG     HepMC3InputConverter::execute
17:42:25    HepMC3InputC   DEBUG     Have 2 vertices
17:42:25    HepMC3InputC   DEBUG     Have 10 particles
17:42:25    HepMC3InputC   DEBUG     Have 99 event number
17:42:25    HepMC3InputC   DEBUG     Converting HepMC3 event to internal EDM
17:42:25    HepMC3InputC   DEBUG     Finding primary vertex clusters took 0 ms
17:42:25    HepMC3InputC   DEBUG     Found 2 primary vertex clusters (~ primary vertices)
17:42:25    HepMC3InputC   DEBUG     Found 8 undecayed particles in the event
17:42:25    HepMC3InputC   DEBUG     Reserving 1 vertices and 8 particles
17:42:25    HepMC3InputC   DEBUG     Converting HepMC3 vertices to internal EDM took 0.007 ms
17:42:25    HepMC3InputC   DEBUG     Converted 8 particles and 2 vertices
17:42:25    HepMC3InputC   DEBUG     Sorting particles and vertices took 0 ms
17:42:25    FatrasSimula   DEBUG     8 input particles
17:42:25    FatrasSimula   DEBUG     8 simulated particles (initial state)
17:42:25    FatrasSimula   DEBUG     8 simulated particles (final state)
17:42:25    FatrasSimula   DEBUG     102 simulated hits
17:42:25    Digitization   DEBUG     Loaded 102 sim hits
17:42:25    Digitization   DEBUG     Starting loop over modules ...
17:42:25    Digitization   DEBUG     Created 102 measurements, 102 clusters from 102 sim hits.
17:42:25    ParticleSele   DEBUG     event 99 selected 8 from 8 particles
17:42:25    ParticleSele   DEBUG     filtered out because of charge: 0
17:42:25    ParticleSele   DEBUG     filtered out because of hit count: 0
17:42:25    ParticleSele   DEBUG     filtered out because of measurement count: 0
17:42:25    SpacePointMa   DEBUG     Created 41 pixel space points
17:42:25    SpacePointMa   DEBUG     Build strip space points
17:42:25    SpacePointMa   DEBUG     Created 0 strip space points
17:42:25    SpacePointMa   DEBUG     Created 41 space points
17:42:25    GridTripletS   DEBUG     Created 37 track seeds from 41 space points
17:42:25    TrackParamsE   DEBUG     Estimated 37 track parameters from 37 seeds
17:42:25    SeedsToTrack   DEBUG     Received 37 seeds
17:42:25    SeedsToTrack   DEBUG     Produced 37 tracks
17:42:25    RzTrackFindi   DEBUG     Binned 102 of 102 measurements
17:42:25    RzTrackFindi   DEBUG     Found 37 tracks from 37 seeds
17:42:25    Sequencer      DEBUG     finished event 99
17:42:25    Sequencer      DEBUG     start processing event 100 on thread 0
17:42:25    EventGenerat   DEBUG     Generating primary vertices took 0.003124 ms total, 1.562 us +- 0.146 us per sample (#2)
17:42:25    EventGenerat   DEBUG     Merging HepMC3 events took 0.00375 ms total, 1.875 us +- 0.167 us per sample (#2)
17:42:25    EventGenerat   DEBUG     event=100 n_primary_vertices=2 n_particles=10
17:42:25    HepMC3InputC   DEBUG     HepMC3InputConverter::execute
17:42:25    HepMC3InputC   DEBUG     Have 2 vertices
17:42:25    HepMC3InputC   DEBUG     Have 10 particles
17:42:25    HepMC3InputC   DEBUG     Have 100 event number
17:42:25    HepMC3InputC   DEBUG     Converting HepMC3 event to internal EDM
17:42:25    HepMC3InputC   DEBUG     Finding primary vertex clusters took 0 ms
17:42:25    HepMC3InputC   DEBUG     Found 2 primary vertex clusters (~ primary vertices)
17:42:25    HepMC3InputC   DEBUG     Found 8 undecayed particles in the event
17:42:25    HepMC3InputC   DEBUG     Reserving 1 vertices and 8 particles
17:42:25    HepMC3InputC   DEBUG     Converting HepMC3 vertices to internal EDM took 0.008 ms
17:42:25    HepMC3InputC   DEBUG     Converted 8 particles and 2 vertices
17:42:25    HepMC3InputC   DEBUG     Sorting particles and vertices took 0 ms
17:42:25    FatrasSimula   DEBUG     8 input particles
17:42:25    FatrasSimula   DEBUG     8 simulated particles (initial state)
17:42:25    FatrasSimula   DEBUG     8 simulated particles (final state)
17:42:25    FatrasSimula   DEBUG     99 simulated hits
17:42:25    Digitization   DEBUG     Loaded 99 sim hits
17:42:25    Digitization   DEBUG     Starting loop over modules ...
17:42:25    Digitization   DEBUG     Created 99 measurements, 99 clusters from 99 sim hits.
17:42:25    ParticleSele   DEBUG     event 100 selected 8 from 8 particles
17:42:25    ParticleSele   DEBUG     filtered out because of charge: 0
17:42:25    ParticleSele   DEBUG     filtered out because of hit count: 0
17:42:25    ParticleSele   DEBUG     filtered out because of measurement count: 0
17:42:25    SpacePointMa   DEBUG     Created 40 pixel space points
17:42:25    SpacePointMa   DEBUG     Build strip space points
17:42:25    SpacePointMa   DEBUG     Created 0 strip space points
17:42:25    SpacePointMa   DEBUG     Created 40 space points
17:42:25    GridTripletS   DEBUG     Created 35 track seeds from 40 space points
17:42:25    TrackParamsE   DEBUG     Estimated 35 track parameters from 35 seeds
17:42:25    SeedsToTrack   DEBUG     Received 35 seeds
17:42:25    SeedsToTrack   DEBUG     Produced 35 tracks
17:42:25    RzTrackFindi   DEBUG     Binned 99 of 99 measurements
17:42:25    RzTrackFindi   DEBUG     Found 34 tracks from 35 seeds
17:42:25    Sequencer      DEBUG     finished event 100
17:42:25    Sequencer      DEBUG     start processing event 101 on thread 0
17:42:25    EventGenerat   DEBUG     Generating primary vertices took 0.003166 ms total, 1.583 us +- 0.083 us per sample (#2)
17:42:25    EventGenerat   DEBUG     Merging HepMC3 events took 0.003708 ms total, 1.854 us +- 0.187 us per sample (#2)
17:42:25    EventGenerat   DEBUG     event=101 n_primary_vertices=2 n_particles=10
17:42:25    HepMC3InputC   DEBUG     HepMC3InputConverter::execute
17:42:25    HepMC3InputC   DEBUG     Have 2 vertices
17:42:25    HepMC3InputC   DEBUG     Have 10 particles
17:42:25    HepMC3InputC   DEBUG     Have 101 event number
17:42:25    HepMC3InputC   DEBUG     Converting HepMC3 event to internal EDM
17:42:25    HepMC3InputC   DEBUG     Finding primary vertex clusters took 0 ms
17:42:25    HepMC3InputC   DEBUG     Found 2 primary vertex clusters (~ primary vertices)
17:42:25    HepMC3InputC   DEBUG     Found 8 undecayed particles in the event
17:42:25    HepMC3InputC   DEBUG     Reserving 1 vertices and 8 particles
17:42:25    HepMC3InputC   DEBUG     Converting HepMC3 vertices to internal EDM took 0.007 ms
17:42:25    HepMC3InputC   DEBUG     Converted 8 particles and 2 vertices
17:42:25    HepMC3InputC   DEBUG     Sorting particles and vertices took 0 ms
17:42:25    FatrasSimula   DEBUG     8 input particles
17:42:25    FatrasSimula   DEBUG     8 simulated particles (initial state)
17:42:25    FatrasSimula   DEBUG     8 simulated particles (final state)
17:42:25    FatrasSimula   DEBUG     101 simulated hits
17:42:25    Digitization   DEBUG     Loaded 101 sim hits
17:42:25    Digitization   DEBUG     Starting loop over modules ...
17:42:25    Digitization   DEBUG     Created 101 measurements, 101 clusters from 101 sim hits.
17:42:25    ParticleSele   DEBUG     event 101 selected 8 from 8 particles
17:42:25    ParticleSele   DEBUG     filtered out because of charge: 0
17:42:25    ParticleSele   DEBUG     filtered out because of hit count: 0
17:42:25    ParticleSele   DEBUG     filtered out because of measurement count: 0
17:42:25    SpacePointMa   DEBUG     Created 39 pixel space points
17:42:25    SpacePointMa   DEBUG     Build strip space points
17:42:25    SpacePointMa   DEBUG     Created 0 strip space points
17:42:25    SpacePointMa   DEBUG     Created 39 space points
17:42:25    GridTripletS   DEBUG     Created 34 track seeds from 39 space points
17:42:25    TrackParamsE   DEBUG     Estimated 34 track parameters from 34 seeds
17:42:25    SeedsToTrack   DEBUG     Received 34 seeds
17:42:25    SeedsToTrack   DEBUG     Produced 34 tracks
17:42:25    RzTrackFindi   DEBUG     Binned 101 of 101 measurements
17:42:25    RzTrackFindi   DEBUG     Found 32 tracks from 34 seeds
17:42:25    Sequencer      DEBUG     finished event 101
17:42:25    Sequencer      DEBUG     start processing event 102 on thread 0
17:42:25    EventGenerat   DEBUG     Generating primary vertices took 0.003334 ms total, 1.667 us +- 0.125 us per sample (#2)
17:42:25    EventGenerat   DEBUG     Merging HepMC3 events took 0.003917 ms total, 1.9585 us +- 0.2085 us per sample (#2)
17:42:25    EventGenerat   DEBUG     event=102 n_primary_vertices=2 n_particles=10
17:42:25    HepMC3InputC   DEBUG     HepMC3InputConverter::execute
17:42:25    HepMC3InputC   DEBUG     Have 2 vertices
17:42:25    HepMC3InputC   DEBUG     Have 10 particles
17:42:25    HepMC3InputC   DEBUG     Have 102 event number
17:42:25    HepMC3InputC   DEBUG     Converting HepMC3 event to internal EDM
17:42:25    HepMC3InputC   DEBUG     Finding primary vertex clusters took 0 ms
17:42:25    HepMC3InputC   DEBUG     Found 2 primary vertex clusters (~ primary vertices)
17:42:25    HepMC3InputC   DEBUG     Found 8 undecayed particles in the event
17:42:25    HepMC3InputC   DEBUG     Reserving 1 vertices and 8 particles
17:42:25    HepMC3InputC   DEBUG     Converting HepMC3 vertices to internal EDM took 0.008 ms
17:42:25    HepMC3InputC   DEBUG     Converted 8 particles and 2 vertices
17:42:25    HepMC3InputC   DEBUG     Sorting particles and vertices took 0 ms
17:42:25    FatrasSimula   DEBUG     8 input particles
17:42:25    FatrasSimula   DEBUG     8 simulated particles (initial state)
17:42:25    FatrasSimula   DEBUG     8 simulated particles (final state)
17:42:25    FatrasSimula   DEBUG     99 simulated hits
17:42:25    Digitization   DEBUG     Loaded 99 sim hits
17:42:25    Digitization   DEBUG     Starting loop over modules ...
17:42:25    Digitization   DEBUG     Created 99 measurements, 99 clusters from 99 sim hits.
17:42:25    ParticleSele   DEBUG     event 102 selected 8 from 8 particles
17:42:25    ParticleSele   DEBUG     filtered out because of charge: 0
17:42:25    ParticleSele   DEBUG     filtered out because of hit count: 0
17:42:25    ParticleSele   DEBUG     filtered out because of measurement count: 0
17:42:25    SpacePointMa   DEBUG     Created 42 pixel space points
17:42:25    SpacePointMa   DEBUG     Build strip space points
17:42:25    SpacePointMa   DEBUG     Created 0 strip space points
17:42:25    SpacePointMa   DEBUG     Created 42 space points
17:42:25    GridTripletS   DEBUG     Created 40 track seeds from 42 space points
17:42:25    TrackParamsE   DEBUG     Estimated 40 track parameters from 40 seeds
17:42:25    SeedsToTrack   DEBUG     Received 40 seeds
17:42:25    SeedsToTrack   DEBUG     Produced 40 tracks
17:42:25    RzTrackFindi   DEBUG     Binned 99 of 99 measurements
17:42:25    RzTrackFindi   DEBUG     Found 40 tracks from 40 seeds
17:42:25    Sequencer      DEBUG     finished event 102
17:42:25    Sequencer      DEBUG     start processing event 103 on thread 0
17:42:25    EventGenerat   DEBUG     Generating primary vertices took 0.003167 ms total, 1.5835 us +- 0.0415 us per sample (#2)
17:42:25    EventGenerat   DEBUG     Merging HepMC3 events took 0.00375 ms total, 1.875 us +- 0.167 us per sample (#2)
17:42:25    EventGenerat   DEBUG     event=103 n_primary_vertices=2 n_particles=10
17:42:25    HepMC3InputC   DEBUG     HepMC3InputConverter::execute
17:42:25    HepMC3InputC   DEBUG     Have 2 vertices
17:42:25    HepMC3InputC   DEBUG     Have 10 particles
17:42:25    HepMC3InputC   DEBUG     Have 103 event number
17:42:25    HepMC3InputC   DEBUG     Converting HepMC3 event to internal EDM
17:42:25    HepMC3InputC   DEBUG     Finding primary vertex clusters took 0 ms
17:42:25    HepMC3InputC   DEBUG     Found 2 primary vertex clusters (~ primary vertices)
17:42:25    HepMC3InputC   DEBUG     Found 8 undecayed particles in the event
17:42:25    HepMC3InputC   DEBUG     Reserving 1 vertices and 8 particles
17:42:25    HepMC3InputC   DEBUG     Converting HepMC3 vertices to internal EDM took 0.007 ms
17:42:25    HepMC3InputC   DEBUG     Converted 8 particles and 2 vertices
17:42:25    HepMC3InputC   DEBUG     Sorting particles and vertices took 0 ms
17:42:25    FatrasSimula   DEBUG     8 input particles
17:42:25    FatrasSimula   DEBUG     8 simulated particles (initial state)
17:42:25    FatrasSimula   DEBUG     8 simulated particles (final state)
17:42:25    FatrasSimula   DEBUG     100 simulated hits
17:42:25    Digitization   DEBUG     Loaded 100 sim hits
17:42:25    Digitization   DEBUG     Starting loop over modules ...
17:42:25    Digitization   DEBUG     Created 100 measurements, 100 clusters from 100 sim hits.
17:42:25    ParticleSele   DEBUG     event 103 selected 8 from 8 particles
17:42:25    ParticleSele   DEBUG     filtered out because of charge: 0
17:42:25    ParticleSele   DEBUG     filtered out because of hit count: 0
17:42:25    ParticleSele   DEBUG     filtered out because of measurement count: 0
17:42:25    SpacePointMa   DEBUG     Created 46 pixel space points
17:42:25    SpacePointMa   DEBUG     Build strip space points
17:42:25    SpacePointMa   DEBUG     Created 0 strip space points
17:42:25    SpacePointMa   DEBUG     Created 46 space points
17:42:25    GridTripletS   DEBUG     Created 40 track seeds from 46 space points
17:42:25    TrackParamsE   DEBUG     Estimated 40 track parameters from 40 seeds
17:42:25    SeedsToTrack   DEBUG     Received 40 seeds
17:42:25    SeedsToTrack   DEBUG     Produced 40 tracks
17:42:25    RzTrackFindi   DEBUG     Binned 100 of 100 measurements
17:42:25    RzTrackFindi   DEBUG     Found 40 tracks from 40 seeds
17:42:25    Sequencer      DEBUG     finished event 103
17:42:25    Sequencer      DEBUG     start processing event 104 on thread 0
17:42:25    EventGenerat   DEBUG     Generating primary vertices took 0.003083 ms total, 1.5415 us +- 0.0835 us per sample (#2)
17:42:25    EventGenerat   DEBUG     Merging HepMC3 events took 0.003708 ms total, 1.854 us +- 0.187 us per sample (#2)
17:42:25    EventGenerat   DEBUG     event=104 n_primary_vertices=2 n_particles=10
17:42:25    HepMC3InputC   DEBUG     HepMC3InputConverter::execute
17:42:25    HepMC3InputC   DEBUG     Have 2 vertices
17:42:25    HepMC3InputC   DEBUG     Have 10 particles
17:42:25    HepMC3InputC   DEBUG     Have 104 event number
17:42:25    HepMC3InputC   DEBUG     Converting HepMC3 event to internal EDM
17:42:25    HepMC3InputC   DEBUG     Finding primary vertex clusters took 0 ms
17:42:25    HepMC3InputC   DEBUG     Found 2 primary vertex clusters (~ primary vertices)
17:42:25    HepMC3InputC   DEBUG     Found 8 undecayed particles in the event
17:42:25    HepMC3InputC   DEBUG     Reserving 1 vertices and 8 particles
17:42:25    HepMC3InputC   DEBUG     Converting HepMC3 vertices to internal EDM took 0.007 ms
17:42:25    HepMC3InputC   DEBUG     Converted 8 particles and 2 vertices
17:42:25    HepMC3InputC   DEBUG     Sorting particles and vertices took 0 ms
17:42:25    FatrasSimula   DEBUG     8 input particles
17:42:25    FatrasSimula   DEBUG     8 simulated particles (initial state)
17:42:25    FatrasSimula   DEBUG     8 simulated particles (final state)
17:42:25    FatrasSimula   DEBUG     101 simulated hits
17:42:25    Digitization   DEBUG     Loaded 101 sim hits
17:42:25    Digitization   DEBUG     Starting loop over modules ...
17:42:25    Digitization   DEBUG     Created 101 measurements, 101 clusters from 101 sim hits.
17:42:25    ParticleSele   DEBUG     event 104 selected 8 from 8 particles
17:42:25    ParticleSele   DEBUG     filtered out because of charge: 0
17:42:25    ParticleSele   DEBUG     filtered out because of hit count: 0
17:42:25    ParticleSele   DEBUG     filtered out because of measurement count: 0
17:42:25    SpacePointMa   DEBUG     Created 45 pixel space points
17:42:25    SpacePointMa   DEBUG     Build strip space points
17:42:25    SpacePointMa   DEBUG     Created 0 strip space points
17:42:25    SpacePointMa   DEBUG     Created 45 space points
17:42:25    GridTripletS   DEBUG     Created 48 track seeds from 45 space points
17:42:25    TrackParamsE   DEBUG     Estimated 48 track parameters from 48 seeds
17:42:25    SeedsToTrack   DEBUG     Received 48 seeds
17:42:25    SeedsToTrack   DEBUG     Produced 48 tracks
17:42:25    RzTrackFindi   DEBUG     Binned 101 of 101 measurements
17:42:25    RzTrackFindi   DEBUG     Found 48 tracks from 48 seeds
17:42:25    Sequencer      DEBUG     finished event 104
17:42:25    Sequencer      DEBUG     start processing event 105 on thread 0
17:42:25    EventGenerat   DEBUG     Generating primary vertices took 0.00325 ms total, 1.625 us +- 0.167 us per sample (#2)
17:42:25    EventGenerat   DEBUG     Merging HepMC3 events took 0.003667 ms total, 1.8335 us +- 0.1665 us per sample (#2)
17:42:25    EventGenerat   DEBUG     event=105 n_primary_vertices=2 n_particles=10
17:42:25    HepMC3InputC   DEBUG     HepMC3InputConverter::execute
17:42:25    HepMC3InputC   DEBUG     Have 2 vertices
17:42:25    HepMC3InputC   DEBUG     Have 10 particles
17:42:25    HepMC3InputC   DEBUG     Have 105 event number
17:42:25    HepMC3InputC   DEBUG     Converting HepMC3 event to internal EDM
17:42:25    HepMC3InputC   DEBUG     Finding primary vertex clusters took 0 ms
17:42:25    HepMC3InputC   DEBUG     Found 2 primary vertex clusters (~ primary vertices)
17:42:25    HepMC3InputC   DEBUG     Found 8 undecayed particles in the event
17:42:25    HepMC3InputC   DEBUG     Reserving 1 vertices and 8 particles
17:42:25    HepMC3InputC   DEBUG     Converting HepMC3 vertices to internal EDM took 0.007 ms
17:42:25    HepMC3InputC   DEBUG     Converted 8 particles and 2 vertices
17:42:25    HepMC3InputC   DEBUG     Sorting particles and vertices took 0 ms
17:42:25    FatrasSimula   DEBUG     8 input particles
17:42:25    FatrasSimula   DEBUG     8 simulated particles (initial state)
17:42:25    FatrasSimula   DEBUG     8 simulated particles (final state)
17:42:25    FatrasSimula   DEBUG     101 simulated hits
17:42:25    Digitization   DEBUG     Loaded 101 sim hits
17:42:25    Digitization   DEBUG     Starting loop over modules ...
17:42:25    Digitization   DEBUG     Created 101 measurements, 101 clusters from 101 sim hits.
17:42:25    ParticleSele   DEBUG     event 105 selected 8 from 8 particles
17:42:25    ParticleSele   DEBUG     filtered out because of charge: 0
17:42:25    ParticleSele   DEBUG     filtered out because of hit count: 0
17:42:25    ParticleSele   DEBUG     filtered out because of measurement count: 0
17:42:25    SpacePointMa   DEBUG     Created 47 pixel space points
17:42:25    SpacePointMa   DEBUG     Build strip space points
17:42:25    SpacePointMa   DEBUG     Created 0 strip space points
17:42:25    SpacePointMa   DEBUG     Created 47 space points
17:42:25    GridTripletS   DEBUG     Created 40 track seeds from 47 space points
17:42:25    TrackParamsE   DEBUG     Estimated 40 track parameters from 40 seeds
17:42:25    SeedsToTrack   DEBUG     Received 40 seeds
17:42:25    SeedsToTrack   DEBUG     Produced 40 tracks
17:42:25    RzTrackFindi   DEBUG     Binned 101 of 101 measurements
17:42:25    RzTrackFindi   DEBUG     Found 40 tracks from 40 seeds
17:42:25    Sequencer      DEBUG     finished event 105
17:42:25    Sequencer      DEBUG     start processing event 106 on thread 0
17:42:25    EventGenerat   DEBUG     Generating primary vertices took 0.003167 ms total, 1.5835 us +- 0.1665 us per sample (#2)
17:42:25    EventGenerat   DEBUG     Merging HepMC3 events took 0.003708 ms total, 1.854 us +- 0.146 us per sample (#2)
17:42:25    EventGenerat   DEBUG     event=106 n_primary_vertices=2 n_particles=10
17:42:25    HepMC3InputC   DEBUG     HepMC3InputConverter::execute
17:42:25    HepMC3InputC   DEBUG     Have 2 vertices
17:42:25    HepMC3InputC   DEBUG     Have 10 particles
17:42:25    HepMC3InputC   DEBUG     Have 106 event number
17:42:25    HepMC3InputC   DEBUG     Converting HepMC3 event to internal EDM
17:42:25    HepMC3InputC   DEBUG     Finding primary vertex clusters took 0 ms
17:42:25    HepMC3InputC   DEBUG     Found 2 primary vertex clusters (~ primary vertices)
17:42:25    HepMC3InputC   DEBUG     Found 8 undecayed particles in the event
17:42:25    HepMC3InputC   DEBUG     Reserving 1 vertices and 8 particles
17:42:25    HepMC3InputC   DEBUG     Converting HepMC3 vertices to internal EDM took 0.008 ms
17:42:25    HepMC3InputC   DEBUG     Converted 8 particles and 2 vertices
17:42:25    HepMC3InputC   DEBUG     Sorting particles and vertices took 0 ms
17:42:25    FatrasSimula   DEBUG     8 input particles
17:42:25    FatrasSimula   DEBUG     8 simulated particles (initial state)
17:42:25    FatrasSimula   DEBUG     8 simulated particles (final state)
17:42:25    FatrasSimula   DEBUG     98 simulated hits
17:42:25    Digitization   DEBUG     Loaded 98 sim hits
17:42:25    Digitization   DEBUG     Starting loop over modules ...
17:42:25    Digitization   DEBUG     Created 98 measurements, 98 clusters from 98 sim hits.
17:42:25    ParticleSele   DEBUG     event 106 selected 8 from 8 particles
17:42:25    ParticleSele   DEBUG     filtered out because of charge: 0
17:42:25    ParticleSele   DEBUG     filtered out because of hit count: 0
17:42:25    ParticleSele   DEBUG     filtered out because of measurement count: 0
17:42:25    SpacePointMa   DEBUG     Created 40 pixel space points
17:42:25    SpacePointMa   DEBUG     Build strip space points
17:42:25    SpacePointMa   DEBUG     Created 0 strip space points
17:42:25    SpacePointMa   DEBUG     Created 40 space points
17:42:25    GridTripletS   DEBUG     Created 38 track seeds from 40 space points
17:42:25    TrackParamsE   DEBUG     Estimated 38 track parameters from 38 seeds
17:42:25    SeedsToTrack   DEBUG     Received 38 seeds
17:42:25    SeedsToTrack   DEBUG     Produced 38 tracks
17:42:25    RzTrackFindi   DEBUG     Binned 98 of 98 measurements
17:42:25    RzTrackFindi   DEBUG     Found 38 tracks from 38 seeds
17:42:25    Sequencer      DEBUG     finished event 106
17:42:25    Sequencer      DEBUG     start processing event 107 on thread 0
17:42:25    EventGenerat   DEBUG     Generating primary vertices took 0.003209 ms total, 1.6045 us +- 0.2295 us per sample (#2)
17:42:25    EventGenerat   DEBUG     Merging HepMC3 events took 0.00375 ms total, 1.875 us +- 0.125 us per sample (#2)
17:42:25    EventGenerat   DEBUG     event=107 n_primary_vertices=2 n_particles=10
17:42:25    HepMC3InputC   DEBUG     HepMC3InputConverter::execute
17:42:25    HepMC3InputC   DEBUG     Have 2 vertices
17:42:25    HepMC3InputC   DEBUG     Have 10 particles
17:42:25    HepMC3InputC   DEBUG     Have 107 event number
17:42:25    HepMC3InputC   DEBUG     Converting HepMC3 event to internal EDM
17:42:25    HepMC3InputC   DEBUG     Finding primary vertex clusters took 0 ms
17:42:25    HepMC3InputC   DEBUG     Found 2 primary vertex clusters (~ primary vertices)
17:42:25    HepMC3InputC   DEBUG     Found 8 undecayed particles in the event
17:42:25    HepMC3InputC   DEBUG     Reserving 1 vertices and 8 particles
17:42:25    HepMC3InputC   DEBUG     Converting HepMC3 vertices to internal EDM took 0.007 ms
17:42:25    HepMC3InputC   DEBUG     Converted 8 particles and 2 vertices
17:42:25    HepMC3InputC   DEBUG     Sorting particles and vertices took 0 ms
17:42:25    FatrasSimula   DEBUG     8 input particles
17:42:25    FatrasSimula   DEBUG     8 simulated particles (initial state)
17:42:25    FatrasSimula   DEBUG     8 simulated particles (final state)
17:42:25    FatrasSimula   DEBUG     98 simulated hits
17:42:25    Digitization   DEBUG     Loaded 98 sim hits
17:42:25    Digitization   DEBUG     Starting loop over modules ...
17:42:25    Digitization   DEBUG     Created 98 measurements, 98 clusters from 98 sim hits.
17:42:25    ParticleSele   DEBUG     event 107 selected 8 from 8 particles
17:42:25    ParticleSele   DEBUG     filtered out because of charge: 0
17:42:25    ParticleSele   DEBUG     filtered out because of hit count: 0
17:42:25    ParticleSele   DEBUG     filtered out because of measurement count: 0
17:42:25    SpacePointMa   DEBUG     Created 38 pixel space points
17:42:25    SpacePointMa   DEBUG     Build strip space points
17:42:25    SpacePointMa   DEBUG     Created 0 strip space points
17:42:25    SpacePointMa   DEBUG     Created 38 space points
17:42:25    GridTripletS   DEBUG     Created 34 track seeds from 38 space points
17:42:25    TrackParamsE   DEBUG     Estimated 34 track parameters from 34 seeds
17:42:25    SeedsToTrack   DEBUG     Received 34 seeds
17:42:25    SeedsToTrack   DEBUG     Produced 34 tracks
17:42:25    RzTrackFindi   DEBUG     Binned 98 of 98 measurements
17:42:25    RzTrackFindi   DEBUG     Found 34 tracks from 34 seeds
17:42:25    Sequencer      DEBUG     finished event 107
17:42:25    Sequencer      DEBUG     start processing event 108 on thread 0
17:42:25    EventGenerat   DEBUG     Generating primary vertices took 0.003042 ms total, 1.521 us +- 0.146 us per sample (#2)
17:42:25    EventGenerat   DEBUG     Merging HepMC3 events took 0.003584 ms total, 1.792 us +- 0.125 us per sample (#2)
17:42:25    EventGenerat   DEBUG     event=108 n_primary_vertices=2 n_particles=10
17:42:25    HepMC3InputC   DEBUG     HepMC3InputConverter::execute
17:42:25    HepMC3InputC   DEBUG     Have 2 vertices
17:42:25    HepMC3InputC   DEBUG     Have 10 particles
17:42:25    HepMC3InputC   DEBUG     Have 108 event number
17:42:25    HepMC3InputC   DEBUG     Converting HepMC3 event to internal EDM
17:42:25    HepMC3InputC   DEBUG     Finding primary vertex clusters took 0 ms
17:42:25    HepMC3InputC   DEBUG     Found 2 primary vertex clusters (~ primary vertices)
17:42:25    HepMC3InputC   DEBUG     Found 8 undecayed particles in the event
17:42:25    HepMC3InputC   DEBUG     Reserving 1 vertices and 8 particles
17:42:25    HepMC3InputC   DEBUG     Converting HepMC3 vertices to internal EDM took 0.007 ms
17:42:25    HepMC3InputC   DEBUG     Converted 8 particles and 2 vertices
17:42:25    HepMC3InputC   DEBUG     Sorting particles and vertices took 0 ms
17:42:25    FatrasSimula   DEBUG     8 input particles
17:42:25    FatrasSimula   DEBUG     8 simulated particles (initial state)
17:42:25    FatrasSimula   DEBUG     8 simulated particles (final state)
17:42:25    FatrasSimula   DEBUG     96 simulated hits
17:42:25    Digitization   DEBUG     Loaded 96 sim hits
17:42:25    Digitization   DEBUG     Starting loop over modules ...
17:42:25    Digitization   DEBUG     Created 96 measurements, 96 clusters from 96 sim hits.
17:42:25    ParticleSele   DEBUG     event 108 selected 8 from 8 particles
17:42:25    ParticleSele   DEBUG     filtered out because of charge: 0
17:42:25    ParticleSele   DEBUG     filtered out because of hit count: 0
17:42:25    ParticleSele   DEBUG     filtered out because of measurement count: 0
17:42:25    SpacePointMa   DEBUG     Created 38 pixel space points
17:42:25    SpacePointMa   DEBUG     Build strip space points
17:42:25    SpacePointMa   DEBUG     Created 0 strip space points
17:42:25    SpacePointMa   DEBUG     Created 38 space points
17:42:25    GridTripletS   DEBUG     Created 35 track seeds from 38 space points
17:42:25    TrackParamsE   DEBUG     Estimated 35 track parameters from 35 seeds
17:42:25    SeedsToTrack   DEBUG     Received 35 seeds
17:42:25    SeedsToTrack   DEBUG     Produced 35 tracks
17:42:25    RzTrackFindi   DEBUG     Binned 96 of 96 measurements
17:42:25    RzTrackFindi   DEBUG     Found 35 tracks from 35 seeds
17:42:25    Sequencer      DEBUG     finished event 108
17:42:25    Sequencer      DEBUG     start processing event 109 on thread 0
17:42:25    EventGenerat   DEBUG     Generating primary vertices took 0.003375 ms total, 1.6875 us +- 0.1875 us per sample (#2)
17:42:25    EventGenerat   DEBUG     Merging HepMC3 events took 0.003874 ms total, 1.937 us +- 0.146 us per sample (#2)
17:42:25    EventGenerat   DEBUG     event=109 n_primary_vertices=2 n_particles=10
17:42:25    HepMC3InputC   DEBUG     HepMC3InputConverter::execute
17:42:25    HepMC3InputC   DEBUG     Have 2 vertices
17:42:25    HepMC3InputC   DEBUG     Have 10 particles
17:42:25    HepMC3InputC   DEBUG     Have 109 event number
17:42:25    HepMC3InputC   DEBUG     Converting HepMC3 event to internal EDM
17:42:25    HepMC3InputC   DEBUG     Finding primary vertex clusters took 0 ms
17:42:25    HepMC3InputC   DEBUG     Found 2 primary vertex clusters (~ primary vertices)
17:42:25    HepMC3InputC   DEBUG     Found 8 undecayed particles in the event
17:42:25    HepMC3InputC   DEBUG     Reserving 1 vertices and 8 particles
17:42:25    HepMC3InputC   DEBUG     Converting HepMC3 vertices to internal EDM took 0.008 ms
17:42:25    HepMC3InputC   DEBUG     Converted 8 particles and 2 vertices
17:42:25    HepMC3InputC   DEBUG     Sorting particles and vertices took 0 ms
17:42:25    FatrasSimula   DEBUG     8 input particles
17:42:25    FatrasSimula   DEBUG     8 simulated particles (initial state)
17:42:25    FatrasSimula   DEBUG     8 simulated particles (final state)
17:42:25    FatrasSimula   DEBUG     103 simulated hits
17:42:25    Digitization   DEBUG     Loaded 103 sim hits
17:42:25    Digitization   DEBUG     Starting loop over modules ...
17:42:25    Digitization   DEBUG     Created 103 measurements, 103 clusters from 103 sim hits.
17:42:25    ParticleSele   DEBUG     event 109 selected 8 from 8 particles
17:42:25    ParticleSele   DEBUG     filtered out because of charge: 0
17:42:25    ParticleSele   DEBUG     filtered out because of hit count: 0
17:42:25    ParticleSele   DEBUG     filtered out because of measurement count: 0
17:42:25    SpacePointMa   DEBUG     Created 42 pixel space points
17:42:25    SpacePointMa   DEBUG     Build strip space points
17:42:25    SpacePointMa   DEBUG     Created 0 strip space points
17:42:25    SpacePointMa   DEBUG     Created 42 space points
17:42:25    GridTripletS   DEBUG     Created 44 track seeds from 42 space points
17:42:25    TrackParamsE   DEBUG     Estimated 44 track parameters from 44 seeds
17:42:25    SeedsToTrack   DEBUG     Received 44 seeds
17:42:25    SeedsToTrack   DEBUG     Produced 44 tracks
17:42:25    RzTrackFindi   DEBUG     Binned 103 of 103 measurements
17:42:25    RzTrackFindi   DEBUG     Found 44 tracks from 44 seeds
17:42:25    Sequencer      DEBUG     finished event 109
17:42:25    Sequencer      DEBUG     start processing event 110 on thread 0
17:42:25    EventGenerat   DEBUG     Generating primary vertices took 0.003125 ms total, 1.5625 us +- 0.1875 us per sample (#2)
17:42:25    EventGenerat   DEBUG     Merging HepMC3 events took 0.003625 ms total, 1.8125 us +- 0.1455 us per sample (#2)
17:42:25    EventGenerat   DEBUG     event=110 n_primary_vertices=2 n_particles=10
17:42:25    HepMC3InputC   DEBUG     HepMC3InputConverter::execute
17:42:25    HepMC3InputC   DEBUG     Have 2 vertices
17:42:25    HepMC3InputC   DEBUG     Have 10 particles
17:42:25    HepMC3InputC   DEBUG     Have 110 event number
17:42:25    HepMC3InputC   DEBUG     Converting HepMC3 event to internal EDM
17:42:25    HepMC3InputC   DEBUG     Finding primary vertex clusters took 0 ms
17:42:25    HepMC3InputC   DEBUG     Found 2 primary vertex clusters (~ primary vertices)
17:42:25    HepMC3InputC   DEBUG     Found 8 undecayed particles in the event
17:42:25    HepMC3InputC   DEBUG     Reserving 1 vertices and 8 particles
17:42:25    HepMC3InputC   DEBUG     Converting HepMC3 vertices to internal EDM took 0.008 ms
17:42:25    HepMC3InputC   DEBUG     Converted 8 particles and 2 vertices
17:42:25    HepMC3InputC   DEBUG     Sorting particles and vertices took 0 ms
17:42:25    FatrasSimula   DEBUG     8 input particles
17:42:25    FatrasSimula   DEBUG     8 simulated particles (initial state)
17:42:25    FatrasSimula   DEBUG     8 simulated particles (final state)
17:42:25    FatrasSimula   DEBUG     99 simulated hits
17:42:25    Digitization   DEBUG     Loaded 99 sim hits
17:42:25    Digitization   DEBUG     Starting loop over modules ...
17:42:25    Digitization   DEBUG     Created 99 measurements, 99 clusters from 99 sim hits.
17:42:25    ParticleSele   DEBUG     event 110 selected 8 from 8 particles
17:42:25    ParticleSele   DEBUG     filtered out because of charge: 0
17:42:25    ParticleSele   DEBUG     filtered out because of hit count: 0
17:42:25    ParticleSele   DEBUG     filtered out because of measurement count: 0
17:42:25    SpacePointMa   DEBUG     Created 42 pixel space points
17:42:25    SpacePointMa   DEBUG     Build strip space points
17:42:25    SpacePointMa   DEBUG     Created 0 strip space points
17:42:25    SpacePointMa   DEBUG     Created 42 space points
17:42:25    GridTripletS   DEBUG     Created 38 track seeds from 42 space points
17:42:25    TrackParamsE   DEBUG     Estimated 38 track parameters from 38 seeds
17:42:25    SeedsToTrack   DEBUG     Received 38 seeds
17:42:25    SeedsToTrack   DEBUG     Produced 38 tracks
17:42:25    RzTrackFindi   DEBUG     Binned 99 of 99 measurements
17:42:25    RzTrackFindi   DEBUG     Found 38 tracks from 38 seeds
17:42:25    Sequencer      DEBUG     finished event 110
17:42:25    Sequencer      DEBUG     start processing event 111 on thread 0
17:42:25    EventGenerat   DEBUG     Generating primary vertices took 0.003584 ms total, 1.792 us +- 0.125 us per sample (#2)
17:42:25    EventGenerat   DEBUG     Merging HepMC3 events took 0.004375 ms total, 2.1875 us +- 0.4795 us per sample (#2)
17:42:25    EventGenerat   DEBUG     event=111 n_primary_vertices=2 n_particles=10
17:42:25    HepMC3InputC   DEBUG     HepMC3InputConverter::execute
17:42:25    HepMC3InputC   DEBUG     Have 2 vertices
17:42:25    HepMC3InputC   DEBUG     Have 10 particles
17:42:25    HepMC3InputC   DEBUG     Have 111 event number
17:42:25    HepMC3InputC   DEBUG     Converting HepMC3 event to internal EDM
17:42:25    HepMC3InputC   DEBUG     Finding primary vertex clusters took 0 ms
17:42:25    HepMC3InputC   DEBUG     Found 2 primary vertex clusters (~ primary vertices)
17:42:25    HepMC3InputC   DEBUG     Found 8 undecayed particles in the event
17:42:25    HepMC3InputC   DEBUG     Reserving 1 vertices and 8 particles
17:42:25    HepMC3InputC   DEBUG     Converting HepMC3 vertices to internal EDM took 0.008 ms
17:42:25    HepMC3InputC   DEBUG     Converted 8 particles and 2 vertices
17:42:25    HepMC3InputC   DEBUG     Sorting particles and vertices took 0 ms
17:42:25    FatrasSimula   DEBUG     8 input particles
17:42:25    FatrasSimula   DEBUG     8 simulated particles (initial state)
17:42:25    FatrasSimula   DEBUG     8 simulated particles (final state)
17:42:25    FatrasSimula   DEBUG     94 simulated hits
17:42:25    Digitization   DEBUG     Loaded 94 sim hits
17:42:25    Digitization   DEBUG     Starting loop over modules ...
17:42:25    Digitization   DEBUG     Created 94 measurements, 94 clusters from 94 sim hits.
17:42:25    ParticleSele   DEBUG     event 111 selected 8 from 8 particles
17:42:25    ParticleSele   DEBUG     filtered out because of charge: 0
17:42:25    ParticleSele   DEBUG     filtered out because of hit count: 0
17:42:25    ParticleSele   DEBUG     filtered out because of measurement count: 0
17:42:25    SpacePointMa   DEBUG     Created 38 pixel space points
17:42:25    SpacePointMa   DEBUG     Build strip space points
17:42:25    SpacePointMa   DEBUG     Created 0 strip space points
17:42:25    SpacePointMa   DEBUG     Created 38 space points
17:42:25    GridTripletS   DEBUG     Created 32 track seeds from 38 space points
17:42:25    TrackParamsE   DEBUG     Estimated 32 track parameters from 32 seeds
17:42:25    SeedsToTrack   DEBUG     Received 32 seeds
17:42:25    SeedsToTrack   DEBUG     Produced 32 tracks
17:42:25    RzTrackFindi   DEBUG     Binned 94 of 94 measurements
17:42:25    RzTrackFindi   DEBUG     Found 32 tracks from 32 seeds
17:42:25    Sequencer      DEBUG     finished event 111
17:42:25    Sequencer      DEBUG     start processing event 112 on thread 0
17:42:25    EventGenerat   DEBUG     Generating primary vertices took 0.003458 ms total, 1.729 us +- 0.146 us per sample (#2)
17:42:25    EventGenerat   DEBUG     Merging HepMC3 events took 0.004375 ms total, 2.1875 us +- 0.0625 us per sample (#2)
17:42:25    EventGenerat   DEBUG     event=112 n_primary_vertices=2 n_particles=10
17:42:25    HepMC3InputC   DEBUG     HepMC3InputConverter::execute
17:42:25    HepMC3InputC   DEBUG     Have 2 vertices
17:42:25    HepMC3InputC   DEBUG     Have 10 particles
17:42:25    HepMC3InputC   DEBUG     Have 112 event number
17:42:25    HepMC3InputC   DEBUG     Converting HepMC3 event to internal EDM
17:42:25    HepMC3InputC   DEBUG     Finding primary vertex clusters took 0 ms
17:42:25    HepMC3InputC   DEBUG     Found 2 primary vertex clusters (~ primary vertices)
17:42:25    HepMC3InputC   DEBUG     Found 8 undecayed particles in the event
17:42:25    HepMC3InputC   DEBUG     Reserving 1 vertices and 8 particles
17:42:25    HepMC3InputC   DEBUG     Converting HepMC3 vertices to internal EDM took 0.01 ms
17:42:25    HepMC3InputC   DEBUG     Converted 8 particles and 2 vertices
17:42:25    HepMC3InputC   DEBUG     Sorting particles and vertices took 0 ms
17:42:25    FatrasSimula   DEBUG     8 input particles
17:42:25    FatrasSimula   DEBUG     8 simulated particles (initial state)
17:42:25    FatrasSimula   DEBUG     8 simulated particles (final state)
17:42:25    FatrasSimula   DEBUG     93 simulated hits
17:42:25    Digitization   DEBUG     Loaded 93 sim hits
17:42:25    Digitization   DEBUG     Starting loop over modules ...
17:42:25    Digitization   DEBUG     Created 93 measurements, 93 clusters from 93 sim hits.
17:42:25    ParticleSele   DEBUG     event 112 selected 8 from 8 particles
17:42:25    ParticleSele   DEBUG     filtered out because of charge: 0
17:42:25    ParticleSele   DEBUG     filtered out because of hit count: 0
17:42:25    ParticleSele   DEBUG     filtered out because of measurement count: 0
17:42:25    SpacePointMa   DEBUG     Created 34 pixel space points
17:42:25    SpacePointMa   DEBUG     Build strip space points
17:42:25    SpacePointMa   DEBUG     Created 0 strip space points
17:42:25    SpacePointMa   DEBUG     Created 34 space points
17:42:25    GridTripletS   DEBUG     Created 32 track seeds from 34 space points
17:42:25    TrackParamsE   DEBUG     Estimated 32 track parameters from 32 seeds
17:42:25    SeedsToTrack   DEBUG     Received 32 seeds
17:42:25    SeedsToTrack   DEBUG     Produced 32 tracks
17:42:25    RzTrackFindi   DEBUG     Binned 93 of 93 measurements
17:42:25    RzTrackFindi   DEBUG     Found 32 tracks from 32 seeds
17:42:25    Sequencer      DEBUG     finished event 112
17:42:25    Sequencer      DEBUG     start processing event 113 on thread 0
17:42:25    EventGenerat   DEBUG     Generating primary vertices took 0.003166 ms total, 1.583 us +- 0.208 us per sample (#2)
17:42:25    EventGenerat   DEBUG     Merging HepMC3 events took 0.003542 ms total, 1.771 us +- 0.104 us per sample (#2)
17:42:25    EventGenerat   DEBUG     event=113 n_primary_vertices=2 n_particles=10
17:42:25    HepMC3InputC   DEBUG     HepMC3InputConverter::execute
17:42:25    HepMC3InputC   DEBUG     Have 2 vertices
17:42:25    HepMC3InputC   DEBUG     Have 10 particles
17:42:25    HepMC3InputC   DEBUG     Have 113 event number
17:42:25    HepMC3InputC   DEBUG     Converting HepMC3 event to internal EDM
17:42:25    HepMC3InputC   DEBUG     Finding primary vertex clusters took 0 ms
17:42:25    HepMC3InputC   DEBUG     Found 2 primary vertex clusters (~ primary vertices)
17:42:25    HepMC3InputC   DEBUG     Found 8 undecayed particles in the event
17:42:25    HepMC3InputC   DEBUG     Reserving 1 vertices and 8 particles
17:42:25    HepMC3InputC   DEBUG     Converting HepMC3 vertices to internal EDM took 0.007 ms
17:42:25    HepMC3InputC   DEBUG     Converted 8 particles and 2 vertices
17:42:25    HepMC3InputC   DEBUG     Sorting particles and vertices took 0 ms
17:42:25    FatrasSimula   DEBUG     8 input particles
17:42:25    FatrasSimula   DEBUG     8 simulated particles (initial state)
17:42:25    FatrasSimula   DEBUG     8 simulated particles (final state)
17:42:25    FatrasSimula   DEBUG     93 simulated hits
17:42:25    Digitization   DEBUG     Loaded 93 sim hits
17:42:25    Digitization   DEBUG     Starting loop over modules ...
17:42:25    Digitization   DEBUG     Created 93 measurements, 93 clusters from 93 sim hits.
17:42:25    ParticleSele   DEBUG     event 113 selected 7 from 8 particles
17:42:25    ParticleSele   DEBUG     filtered out because of charge: 0
17:42:25    ParticleSele   DEBUG     filtered out because of hit count: 0
17:42:25    ParticleSele   DEBUG     filtered out because of measurement count: 1
17:42:25    SpacePointMa   DEBUG     Created 35 pixel space points
17:42:25    SpacePointMa   DEBUG     Build strip space points
17:42:25    SpacePointMa   DEBUG     Created 0 strip space points
17:42:25    SpacePointMa   DEBUG     Created 35 space points
17:42:25    GridTripletS   DEBUG     Created 35 track seeds from 35 space points
17:42:25    TrackParamsE   DEBUG     Estimated 35 track parameters from 35 seeds
17:42:25    SeedsToTrack   DEBUG     Received 35 seeds
17:42:25    SeedsToTrack   DEBUG     Produced 35 tracks
17:42:25    RzTrackFindi   DEBUG     Binned 93 of 93 measurements
17:42:25    RzTrackFindi   DEBUG     Found 35 tracks from 35 seeds
17:42:25    RootTrackSum   DEBUG     Truth particle for track 223 not found!
17:42:25    RootTrackSum   DEBUG     Truth particle for track 232 not found!
17:42:25    RootTrackSum   DEBUG     Truth particle for track 241 not found!
17:42:25    RootTrackSum   DEBUG     Truth particle for track 249 not found!
17:42:25    RootTrackPar   DEBUG     No truth particle associated with track 19
17:42:25    RootTrackPar   DEBUG     No truth particle associated with track 20
17:42:25    RootTrackPar   DEBUG     No truth particle associated with track 21
17:42:25    RootTrackPar   DEBUG     No truth particle associated with track 22
17:42:25    Sequencer      DEBUG     finished event 113
17:42:25    Sequencer      DEBUG     start processing event 114 on thread 0
17:42:25    EventGenerat   DEBUG     Generating primary vertices took 0.00325 ms total, 1.625 us +- 0.167 us per sample (#2)
17:42:25    EventGenerat   DEBUG     Merging HepMC3 events took 0.003584 ms total, 1.792 us +- 0.125 us per sample (#2)
17:42:25    EventGenerat   DEBUG     event=114 n_primary_vertices=2 n_particles=10
17:42:25    HepMC3InputC   DEBUG     HepMC3InputConverter::execute
17:42:25    HepMC3InputC   DEBUG     Have 2 vertices
17:42:25    HepMC3InputC   DEBUG     Have 10 particles
17:42:25    HepMC3InputC   DEBUG     Have 114 event number
17:42:25    HepMC3InputC   DEBUG     Converting HepMC3 event to internal EDM
17:42:25    HepMC3InputC   DEBUG     Finding primary vertex clusters took 0 ms
17:42:25    HepMC3InputC   DEBUG     Found 2 primary vertex clusters (~ primary vertices)
17:42:25    HepMC3InputC   DEBUG     Found 8 undecayed particles in the event
17:42:25    HepMC3InputC   DEBUG     Reserving 1 vertices and 8 particles
17:42:25    HepMC3InputC   DEBUG     Converting HepMC3 vertices to internal EDM took 0.007 ms
17:42:25    HepMC3InputC   DEBUG     Converted 8 particles and 2 vertices
17:42:25    HepMC3InputC   DEBUG     Sorting particles and vertices took 0 ms
17:42:25    FatrasSimula   DEBUG     8 input particles
17:42:25    FatrasSimula   DEBUG     8 simulated particles (initial state)
17:42:25    FatrasSimula   DEBUG     8 simulated particles (final state)
17:42:25    FatrasSimula   DEBUG     97 simulated hits
17:42:25    Digitization   DEBUG     Loaded 97 sim hits
17:42:25    Digitization   DEBUG     Starting loop over modules ...
17:42:25    Digitization   DEBUG     Created 97 measurements, 97 clusters from 97 sim hits.
17:42:25    ParticleSele   DEBUG     event 114 selected 8 from 8 particles
17:42:25    ParticleSele   DEBUG     filtered out because of charge: 0
17:42:25    ParticleSele   DEBUG     filtered out because of hit count: 0
17:42:25    ParticleSele   DEBUG     filtered out because of measurement count: 0
17:42:25    SpacePointMa   DEBUG     Created 39 pixel space points
17:42:25    SpacePointMa   DEBUG     Build strip space points
17:42:25    SpacePointMa   DEBUG     Created 0 strip space points
17:42:25    SpacePointMa   DEBUG     Created 39 space points
17:42:25    GridTripletS   DEBUG     Created 30 track seeds from 39 space points
17:42:25    TrackParamsE   DEBUG     Estimated 30 track parameters from 30 seeds
17:42:25    SeedsToTrack   DEBUG     Received 30 seeds
17:42:25    SeedsToTrack   DEBUG     Produced 30 tracks
17:42:25    RzTrackFindi   DEBUG     Binned 97 of 97 measurements
17:42:25    RzTrackFindi   DEBUG     Found 30 tracks from 30 seeds
17:42:25    Sequencer      DEBUG     finished event 114
17:42:25    Sequencer      DEBUG     start processing event 115 on thread 0
17:42:25    EventGenerat   DEBUG     Generating primary vertices took 0.003208 ms total, 1.604 us +- 0.187 us per sample (#2)
17:42:25    EventGenerat   DEBUG     Merging HepMC3 events took 0.003584 ms total, 1.792 us +- 0.125 us per sample (#2)
17:42:25    EventGenerat   DEBUG     event=115 n_primary_vertices=2 n_particles=10
17:42:25    HepMC3InputC   DEBUG     HepMC3InputConverter::execute
17:42:25    HepMC3InputC   DEBUG     Have 2 vertices
17:42:25    HepMC3InputC   DEBUG     Have 10 particles
17:42:25    HepMC3InputC   DEBUG     Have 115 event number
17:42:25    HepMC3InputC   DEBUG     Converting HepMC3 event to internal EDM
17:42:25    HepMC3InputC   DEBUG     Finding primary vertex clusters took 0 ms
17:42:25    HepMC3InputC   DEBUG     Found 2 primary vertex clusters (~ primary vertices)
17:42:25    HepMC3InputC   DEBUG     Found 8 undecayed particles in the event
17:42:25    HepMC3InputC   DEBUG     Reserving 1 vertices and 8 particles
17:42:25    HepMC3InputC   DEBUG     Converting HepMC3 vertices to internal EDM took 0.007 ms
17:42:25    HepMC3InputC   DEBUG     Converted 8 particles and 2 vertices
17:42:25    HepMC3InputC   DEBUG     Sorting particles and vertices took 0 ms
17:42:25    FatrasSimula   DEBUG     8 input particles
17:42:25    FatrasSimula   DEBUG     8 simulated particles (initial state)
17:42:25    FatrasSimula   DEBUG     8 simulated particles (final state)
17:42:25    FatrasSimula   DEBUG     95 simulated hits
17:42:25    Digitization   DEBUG     Loaded 95 sim hits
17:42:25    Digitization   DEBUG     Starting loop over modules ...
17:42:25    Digitization   DEBUG     Created 95 measurements, 95 clusters from 95 sim hits.
17:42:25    ParticleSele   DEBUG     event 115 selected 8 from 8 particles
17:42:25    ParticleSele   DEBUG     filtered out because of charge: 0
17:42:25    ParticleSele   DEBUG     filtered out because of hit count: 0
17:42:25    ParticleSele   DEBUG     filtered out because of measurement count: 0
17:42:25    SpacePointMa   DEBUG     Created 35 pixel space points
17:42:25    SpacePointMa   DEBUG     Build strip space points
17:42:25    SpacePointMa   DEBUG     Created 0 strip space points
17:42:25    SpacePointMa   DEBUG     Created 35 space points
17:42:25    GridTripletS   DEBUG     Created 30 track seeds from 35 space points
17:42:25    TrackParamsE   DEBUG     Estimated 30 track parameters from 30 seeds
17:42:25    SeedsToTrack   DEBUG     Received 30 seeds
17:42:25    SeedsToTrack   DEBUG     Produced 30 tracks
17:42:25    RzTrackFindi   DEBUG     Binned 95 of 95 measurements
17:42:25    RzTrackFindi   DEBUG     Found 30 tracks from 30 seeds
17:42:25    Sequencer      DEBUG     finished event 115
17:42:25    Sequencer      DEBUG     start processing event 116 on thread 0
17:42:25    EventGenerat   DEBUG     Generating primary vertices took 0.00325 ms total, 1.625 us +- 0.208 us per sample (#2)
17:42:25    EventGenerat   DEBUG     Merging HepMC3 events took 0.003667 ms total, 1.8335 us +- 0.1665 us per sample (#2)
17:42:25    EventGenerat   DEBUG     event=116 n_primary_vertices=2 n_particles=10
17:42:25    HepMC3InputC   DEBUG     HepMC3InputConverter::execute
17:42:25    HepMC3InputC   DEBUG     Have 2 vertices
17:42:25    HepMC3InputC   DEBUG     Have 10 particles
17:42:25    HepMC3InputC   DEBUG     Have 116 event number
17:42:25    HepMC3InputC   DEBUG     Converting HepMC3 event to internal EDM
17:42:25    HepMC3InputC   DEBUG     Finding primary vertex clusters took 0 ms
17:42:25    HepMC3InputC   DEBUG     Found 2 primary vertex clusters (~ primary vertices)
17:42:25    HepMC3InputC   DEBUG     Found 8 undecayed particles in the event
17:42:25    HepMC3InputC   DEBUG     Reserving 1 vertices and 8 particles
17:42:25    HepMC3InputC   DEBUG     Converting HepMC3 vertices to internal EDM took 0.007 ms
17:42:25    HepMC3InputC   DEBUG     Converted 8 particles and 2 vertices
17:42:25    HepMC3InputC   DEBUG     Sorting particles and vertices took 0 ms
17:42:25    FatrasSimula   DEBUG     8 input particles
17:42:25    FatrasSimula   DEBUG     8 simulated particles (initial state)
17:42:25    FatrasSimula   DEBUG     8 simulated particles (final state)
17:42:25    FatrasSimula   DEBUG     104 simulated hits
17:42:25    Digitization   DEBUG     Loaded 104 sim hits
17:42:25    Digitization   DEBUG     Starting loop over modules ...
17:42:25    Digitization   DEBUG     Created 104 measurements, 104 clusters from 104 sim hits.
17:42:25    ParticleSele   DEBUG     event 116 selected 8 from 8 particles
17:42:25    ParticleSele   DEBUG     filtered out because of charge: 0
17:42:25    ParticleSele   DEBUG     filtered out because of hit count: 0
17:42:25    ParticleSele   DEBUG     filtered out because of measurement count: 0
17:42:25    SpacePointMa   DEBUG     Created 47 pixel space points
17:42:25    SpacePointMa   DEBUG     Build strip space points
17:42:25    SpacePointMa   DEBUG     Created 0 strip space points
17:42:25    SpacePointMa   DEBUG     Created 47 space points
17:42:25    GridTripletS   DEBUG     Created 50 track seeds from 47 space points
17:42:25    TrackParamsE   DEBUG     Estimated 50 track parameters from 50 seeds
17:42:25    SeedsToTrack   DEBUG     Received 50 seeds
17:42:25    SeedsToTrack   DEBUG     Produced 50 tracks
17:42:25    RzTrackFindi   DEBUG     Binned 104 of 104 measurements
17:42:25    RzTrackFindi   DEBUG     Found 50 tracks from 50 seeds
17:42:25    Sequencer      DEBUG     finished event 116
17:42:25    Sequencer      DEBUG     start processing event 117 on thread 0
17:42:25    EventGenerat   DEBUG     Generating primary vertices took 0.003292 ms total, 1.646 us +- 0.146 us per sample (#2)
17:42:25    EventGenerat   DEBUG     Merging HepMC3 events took 0.003541 ms total, 1.7705 us +- 0.1455 us per sample (#2)
17:42:25    EventGenerat   DEBUG     event=117 n_primary_vertices=2 n_particles=10
17:42:25    HepMC3InputC   DEBUG     HepMC3InputConverter::execute
17:42:25    HepMC3InputC   DEBUG     Have 2 vertices
17:42:25    HepMC3InputC   DEBUG     Have 10 particles
17:42:25    HepMC3InputC   DEBUG     Have 117 event number
17:42:25    HepMC3InputC   DEBUG     Converting HepMC3 event to internal EDM
17:42:25    HepMC3InputC   DEBUG     Finding primary vertex clusters took 0 ms
17:42:25    HepMC3InputC   DEBUG     Found 2 primary vertex clusters (~ primary vertices)
17:42:25    HepMC3InputC   DEBUG     Found 8 undecayed particles in the event
17:42:25    HepMC3InputC   DEBUG     Reserving 1 vertices and 8 particles
17:42:25    HepMC3InputC   DEBUG     Converting HepMC3 vertices to internal EDM took 0.007 ms
17:42:25    HepMC3InputC   DEBUG     Converted 8 particles and 2 vertices
17:42:25    HepMC3InputC   DEBUG     Sorting particles and vertices took 0 ms
17:42:25    FatrasSimula   DEBUG     8 input particles
17:42:25    FatrasSimula   DEBUG     8 simulated particles (initial state)
17:42:25    FatrasSimula   DEBUG     8 simulated particles (final state)
17:42:25    FatrasSimula   DEBUG     95 simulated hits
17:42:25    Digitization   DEBUG     Loaded 95 sim hits
17:42:25    Digitization   DEBUG     Starting loop over modules ...
17:42:25    Digitization   DEBUG     Created 95 measurements, 95 clusters from 95 sim hits.
17:42:25    ParticleSele   DEBUG     event 117 selected 8 from 8 particles
17:42:25    ParticleSele   DEBUG     filtered out because of charge: 0
17:42:25    ParticleSele   DEBUG     filtered out because of hit count: 0
17:42:25    ParticleSele   DEBUG     filtered out because of measurement count: 0
17:42:25    SpacePointMa   DEBUG     Created 41 pixel space points
17:42:25    SpacePointMa   DEBUG     Build strip space points
17:42:25    SpacePointMa   DEBUG     Created 0 strip space points
17:42:25    SpacePointMa   DEBUG     Created 41 space points
17:42:25    GridTripletS   DEBUG     Created 40 track seeds from 41 space points
17:42:25    TrackParamsE   DEBUG     Estimated 40 track parameters from 40 seeds
17:42:25    SeedsToTrack   DEBUG     Received 40 seeds
17:42:25    SeedsToTrack   DEBUG     Produced 40 tracks
17:42:25    RzTrackFindi   DEBUG     Binned 95 of 95 measurements
17:42:25    RzTrackFindi   DEBUG     Found 40 tracks from 40 seeds
17:42:25    Sequencer      DEBUG     finished event 117
17:42:25    Sequencer      DEBUG     start processing event 118 on thread 0
17:42:25    EventGenerat   DEBUG     Generating primary vertices took 0.003125 ms total, 1.5625 us +- 0.1875 us per sample (#2)
17:42:25    EventGenerat   DEBUG     Merging HepMC3 events took 0.003625 ms total, 1.8125 us +- 0.1455 us per sample (#2)
17:42:25    EventGenerat   DEBUG     event=118 n_primary_vertices=2 n_particles=10
17:42:25    HepMC3InputC   DEBUG     HepMC3InputConverter::execute
17:42:25    HepMC3InputC   DEBUG     Have 2 vertices
17:42:25    HepMC3InputC   DEBUG     Have 10 particles
17:42:25    HepMC3InputC   DEBUG     Have 118 event number
17:42:25    HepMC3InputC   DEBUG     Converting HepMC3 event to internal EDM
17:42:25    HepMC3InputC   DEBUG     Finding primary vertex clusters took 0 ms
17:42:25    HepMC3InputC   DEBUG     Found 2 primary vertex clusters (~ primary vertices)
17:42:25    HepMC3InputC   DEBUG     Found 8 undecayed particles in the event
17:42:25    HepMC3InputC   DEBUG     Reserving 1 vertices and 8 particles
17:42:25    HepMC3InputC   DEBUG     Converting HepMC3 vertices to internal EDM took 0.007 ms
17:42:25    HepMC3InputC   DEBUG     Converted 8 particles and 2 vertices
17:42:25    HepMC3InputC   DEBUG     Sorting particles and vertices took 0 ms
17:42:25    FatrasSimula   DEBUG     8 input particles
17:42:25    FatrasSimula   DEBUG     8 simulated particles (initial state)
17:42:25    FatrasSimula   DEBUG     8 simulated particles (final state)
17:42:25    FatrasSimula   DEBUG     95 simulated hits
17:42:25    Digitization   DEBUG     Loaded 95 sim hits
17:42:25    Digitization   DEBUG     Starting loop over modules ...
17:42:25    Digitization   DEBUG     Created 95 measurements, 95 clusters from 95 sim hits.
17:42:25    ParticleSele   DEBUG     event 118 selected 8 from 8 particles
17:42:25    ParticleSele   DEBUG     filtered out because of charge: 0
17:42:25    ParticleSele   DEBUG     filtered out because of hit count: 0
17:42:25    ParticleSele   DEBUG     filtered out because of measurement count: 0
17:42:25    SpacePointMa   DEBUG     Created 39 pixel space points
17:42:25    SpacePointMa   DEBUG     Build strip space points
17:42:25    SpacePointMa   DEBUG     Created 0 strip space points
17:42:25    SpacePointMa   DEBUG     Created 39 space points
17:42:25    GridTripletS   DEBUG     Created 38 track seeds from 39 space points
17:42:25    TrackParamsE   DEBUG     Estimated 38 track parameters from 38 seeds
17:42:25    SeedsToTrack   DEBUG     Received 38 seeds
17:42:25    SeedsToTrack   DEBUG     Produced 38 tracks
17:42:25    RzTrackFindi   DEBUG     Binned 95 of 95 measurements
17:42:25    RzTrackFindi   DEBUG     Found 38 tracks from 38 seeds
17:42:25    Sequencer      DEBUG     finished event 118
17:42:25    Sequencer      DEBUG     start processing event 119 on thread 0
17:42:25    EventGenerat   DEBUG     Generating primary vertices took 0.003 ms total, 1.5 us +- 0.125 us per sample (#2)
17:42:25    EventGenerat   DEBUG     Merging HepMC3 events took 0.003625 ms total, 1.8125 us +- 0.1455 us per sample (#2)
17:42:25    EventGenerat   DEBUG     event=119 n_primary_vertices=2 n_particles=10
17:42:25    HepMC3InputC   DEBUG     HepMC3InputConverter::execute
17:42:25    HepMC3InputC   DEBUG     Have 2 vertices
17:42:25    HepMC3InputC   DEBUG     Have 10 particles
17:42:25    HepMC3InputC   DEBUG     Have 119 event number
17:42:25    HepMC3InputC   DEBUG     Converting HepMC3 event to internal EDM
17:42:25    HepMC3InputC   DEBUG     Finding primary vertex clusters took 0 ms
17:42:25    HepMC3InputC   DEBUG     Found 2 primary vertex clusters (~ primary vertices)
17:42:25    HepMC3InputC   DEBUG     Found 8 undecayed particles in the event
17:42:25    HepMC3InputC   DEBUG     Reserving 1 vertices and 8 particles
17:42:25    HepMC3InputC   DEBUG     Converting HepMC3 vertices to internal EDM took 0.007 ms
17:42:25    HepMC3InputC   DEBUG     Converted 8 particles and 2 vertices
17:42:25    HepMC3InputC   DEBUG     Sorting particles and vertices took 0 ms
17:42:25    FatrasSimula   DEBUG     8 input particles
17:42:25    FatrasSimula   DEBUG     8 simulated particles (initial state)
17:42:25    FatrasSimula   DEBUG     8 simulated particles (final state)
17:42:25    FatrasSimula   DEBUG     89 simulated hits
17:42:25    Digitization   DEBUG     Loaded 89 sim hits
17:42:25    Digitization   DEBUG     Starting loop over modules ...
17:42:25    Digitization   DEBUG     Created 89 measurements, 89 clusters from 89 sim hits.
17:42:25    ParticleSele   DEBUG     event 119 selected 7 from 8 particles
17:42:25    ParticleSele   DEBUG     filtered out because of charge: 0
17:42:25    ParticleSele   DEBUG     filtered out because of hit count: 0
17:42:25    ParticleSele   DEBUG     filtered out because of measurement count: 1
17:42:25    SpacePointMa   DEBUG     Created 38 pixel space points
17:42:25    SpacePointMa   DEBUG     Build strip space points
17:42:25    SpacePointMa   DEBUG     Created 0 strip space points
17:42:25    SpacePointMa   DEBUG     Created 38 space points
17:42:25    GridTripletS   DEBUG     Created 30 track seeds from 38 space points
17:42:25    TrackParamsE   DEBUG     Estimated 30 track parameters from 30 seeds
17:42:25    SeedsToTrack   DEBUG     Received 30 seeds
17:42:25    SeedsToTrack   DEBUG     Produced 30 tracks
17:42:25    RzTrackFindi   DEBUG     Binned 89 of 89 measurements
17:42:25    RzTrackFindi   DEBUG     Found 30 tracks from 30 seeds
17:42:25    RootTrackSum   DEBUG     Truth particle for track 306 not found!
17:42:25    RootTrackSum   DEBUG     Truth particle for track 314 not found!
17:42:25    RootTrackSum   DEBUG     Truth particle for track 322 not found!
17:42:25    RootTrackSum   DEBUG     Truth particle for track 329 not found!
17:42:25    RootTrackPar   DEBUG     No truth particle associated with track 26
17:42:25    RootTrackPar   DEBUG     No truth particle associated with track 27
17:42:25    RootTrackPar   DEBUG     No truth particle associated with track 28
17:42:25    RootTrackPar   DEBUG     No truth particle associated with track 29
17:42:25    Sequencer      DEBUG     finished event 119
17:42:25    Sequencer      DEBUG     start processing event 120 on thread 0
17:42:25    EventGenerat   DEBUG     Generating primary vertices took 0.003167 ms total, 1.5835 us +- 0.1665 us per sample (#2)
17:42:25    EventGenerat   DEBUG     Merging HepMC3 events took 0.003583 ms total, 1.7915 us +- 0.1255 us per sample (#2)
17:42:25    EventGenerat   DEBUG     event=120 n_primary_vertices=2 n_particles=10
17:42:25    HepMC3InputC   DEBUG     HepMC3InputConverter::execute
17:42:25    HepMC3InputC   DEBUG     Have 2 vertices
17:42:25    HepMC3InputC   DEBUG     Have 10 particles
17:42:25    HepMC3InputC   DEBUG     Have 120 event number
17:42:25    HepMC3InputC   DEBUG     Converting HepMC3 event to internal EDM
17:42:25    HepMC3InputC   DEBUG     Finding primary vertex clusters took 0 ms
17:42:25    HepMC3InputC   DEBUG     Found 2 primary vertex clusters (~ primary vertices)
17:42:25    HepMC3InputC   DEBUG     Found 8 undecayed particles in the event
17:42:25    HepMC3InputC   DEBUG     Reserving 1 vertices and 8 particles
17:42:25    HepMC3InputC   DEBUG     Converting HepMC3 vertices to internal EDM took 0.007 ms
17:42:25    HepMC3InputC   DEBUG     Converted 8 particles and 2 vertices
17:42:25    HepMC3InputC   DEBUG     Sorting particles and vertices took 0 ms
17:42:25    FatrasSimula   DEBUG     8 input particles
17:42:25    FatrasSimula   DEBUG     8 simulated particles (initial state)
17:42:25    FatrasSimula   DEBUG     8 simulated particles (final state)
17:42:25    FatrasSimula   DEBUG     88 simulated hits
17:42:25    Digitization   DEBUG     Loaded 88 sim hits
17:42:25    Digitization   DEBUG     Starting loop over modules ...
17:42:25    Digitization   DEBUG     Created 88 measurements, 88 clusters from 88 sim hits.
17:42:25    ParticleSele   DEBUG     event 120 selected 7 from 8 particles
17:42:25    ParticleSele   DEBUG     filtered out because of charge: 0
17:42:25    ParticleSele   DEBUG     filtered out because of hit count: 0
17:42:25    ParticleSele   DEBUG     filtered out because of measurement count: 1
17:42:25    SpacePointMa   DEBUG     Created 40 pixel space points
17:42:25    SpacePointMa   DEBUG     Build strip space points
17:42:25    SpacePointMa   DEBUG     Created 0 strip space points
17:42:25    SpacePointMa   DEBUG     Created 40 space points
17:42:25    GridTripletS   DEBUG     Created 37 track seeds from 40 space points
17:42:25    TrackParamsE   DEBUG     Estimated 37 track parameters from 37 seeds
17:42:25    SeedsToTrack   DEBUG     Received 37 seeds
17:42:25    SeedsToTrack   DEBUG     Produced 37 tracks
17:42:25    RzTrackFindi   DEBUG     Binned 88 of 88 measurements
17:42:25    RzTrackFindi   DEBUG     Found 37 tracks from 37 seeds
17:42:25    RootTrackSum   DEBUG     Truth particle for track 323 not found!
17:42:25    RootTrackPar   DEBUG     No truth particle associated with track 28
17:42:25    Sequencer      DEBUG     finished event 120
17:42:25    Sequencer      DEBUG     start processing event 121 on thread 0
17:42:25    EventGenerat   DEBUG     Generating primary vertices took 0.003083 ms total, 1.5415 us +- 0.0835 us per sample (#2)
17:42:25    EventGenerat   DEBUG     Merging HepMC3 events took 0.003542 ms total, 1.771 us +- 0.146 us per sample (#2)
17:42:25    EventGenerat   DEBUG     event=121 n_primary_vertices=2 n_particles=10
17:42:25    HepMC3InputC   DEBUG     HepMC3InputConverter::execute
17:42:25    HepMC3InputC   DEBUG     Have 2 vertices
17:42:25    HepMC3InputC   DEBUG     Have 10 particles
17:42:25    HepMC3InputC   DEBUG     Have 121 event number
17:42:25    HepMC3InputC   DEBUG     Converting HepMC3 event to internal EDM
17:42:25    HepMC3InputC   DEBUG     Finding primary vertex clusters took 0 ms
17:42:25    HepMC3InputC   DEBUG     Found 2 primary vertex clusters (~ primary vertices)
17:42:25    HepMC3InputC   DEBUG     Found 8 undecayed particles in the event
17:42:25    HepMC3InputC   DEBUG     Reserving 1 vertices and 8 particles
17:42:25    HepMC3InputC   DEBUG     Converting HepMC3 vertices to internal EDM took 0.007 ms
17:42:25    HepMC3InputC   DEBUG     Converted 8 particles and 2 vertices
17:42:25    HepMC3InputC   DEBUG     Sorting particles and vertices took 0 ms
17:42:25    FatrasSimula   DEBUG     8 input particles
17:42:25    FatrasSimula   DEBUG     8 simulated particles (initial state)
17:42:25    FatrasSimula   DEBUG     8 simulated particles (final state)
17:42:25    FatrasSimula   DEBUG     94 simulated hits
17:42:25    Digitization   DEBUG     Loaded 94 sim hits
17:42:25    Digitization   DEBUG     Starting loop over modules ...
17:42:25    Digitization   DEBUG     Created 94 measurements, 94 clusters from 94 sim hits.
17:42:25    ParticleSele   DEBUG     event 121 selected 8 from 8 particles
17:42:25    ParticleSele   DEBUG     filtered out because of charge: 0
17:42:25    ParticleSele   DEBUG     filtered out because of hit count: 0
17:42:25    ParticleSele   DEBUG     filtered out because of measurement count: 0
17:42:25    SpacePointMa   DEBUG     Created 41 pixel space points
17:42:25    SpacePointMa   DEBUG     Build strip space points
17:42:25    SpacePointMa   DEBUG     Created 0 strip space points
17:42:25    SpacePointMa   DEBUG     Created 41 space points
17:42:25    GridTripletS   DEBUG     Created 33 track seeds from 41 space points
17:42:25    TrackParamsE   DEBUG     Estimated 33 track parameters from 33 seeds
17:42:25    SeedsToTrack   DEBUG     Received 33 seeds
17:42:25    SeedsToTrack   DEBUG     Produced 33 tracks
17:42:25    RzTrackFindi   DEBUG     Binned 94 of 94 measurements
17:42:25    RzTrackFindi   DEBUG     Found 33 tracks from 33 seeds
17:42:25    Sequencer      DEBUG     finished event 121
17:42:25    Sequencer      DEBUG     start processing event 122 on thread 0
17:42:25    EventGenerat   DEBUG     Generating primary vertices took 0.003209 ms total, 1.6045 us +- 0.1455 us per sample (#2)
17:42:25    EventGenerat   DEBUG     Merging HepMC3 events took 0.003583 ms total, 1.7915 us +- 0.1245 us per sample (#2)
17:42:25    EventGenerat   DEBUG     event=122 n_primary_vertices=2 n_particles=10
17:42:25    HepMC3InputC   DEBUG     HepMC3InputConverter::execute
17:42:25    HepMC3InputC   DEBUG     Have 2 vertices
17:42:25    HepMC3InputC   DEBUG     Have 10 particles
17:42:25    HepMC3InputC   DEBUG     Have 122 event number
17:42:25    HepMC3InputC   DEBUG     Converting HepMC3 event to internal EDM
17:42:25    HepMC3InputC   DEBUG     Finding primary vertex clusters took 0 ms
17:42:25    HepMC3InputC   DEBUG     Found 2 primary vertex clusters (~ primary vertices)
17:42:25    HepMC3InputC   DEBUG     Found 8 undecayed particles in the event
17:42:25    HepMC3InputC   DEBUG     Reserving 1 vertices and 8 particles
17:42:25    HepMC3InputC   DEBUG     Converting HepMC3 vertices to internal EDM took 0.007 ms
17:42:25    HepMC3InputC   DEBUG     Converted 8 particles and 2 vertices
17:42:25    HepMC3InputC   DEBUG     Sorting particles and vertices took 0 ms
17:42:25    FatrasSimula   DEBUG     8 input particles
17:42:25    FatrasSimula   DEBUG     8 simulated particles (initial state)
17:42:25    FatrasSimula   DEBUG     8 simulated particles (final state)
17:42:25    FatrasSimula   DEBUG     101 simulated hits
17:42:25    Digitization   DEBUG     Loaded 101 sim hits
17:42:25    Digitization   DEBUG     Starting loop over modules ...
17:42:25    Digitization   DEBUG     Created 101 measurements, 101 clusters from 101 sim hits.
17:42:25    ParticleSele   DEBUG     event 122 selected 8 from 8 particles
17:42:25    ParticleSele   DEBUG     filtered out because of charge: 0
17:42:25    ParticleSele   DEBUG     filtered out because of hit count: 0
17:42:25    ParticleSele   DEBUG     filtered out because of measurement count: 0
17:42:25    SpacePointMa   DEBUG     Created 40 pixel space points
17:42:25    SpacePointMa   DEBUG     Build strip space points
17:42:25    SpacePointMa   DEBUG     Created 0 strip space points
17:42:25    SpacePointMa   DEBUG     Created 40 space points
17:42:25    GridTripletS   DEBUG     Created 34 track seeds from 40 space points
17:42:25    TrackParamsE   DEBUG     Estimated 34 track parameters from 34 seeds
17:42:25    SeedsToTrack   DEBUG     Received 34 seeds
17:42:25    SeedsToTrack   DEBUG     Produced 34 tracks
17:42:25    RzTrackFindi   DEBUG     Binned 101 of 101 measurements
17:42:25    RzTrackFindi   DEBUG     Found 34 tracks from 34 seeds
17:42:25    Sequencer      DEBUG     finished event 122
17:42:25    Sequencer      DEBUG     start processing event 123 on thread 0
17:42:25    EventGenerat   DEBUG     Generating primary vertices took 0.003541 ms total, 1.7705 us +- 0.1455 us per sample (#2)
17:42:25    EventGenerat   DEBUG     Merging HepMC3 events took 0.003833 ms total, 1.9165 us +- 0.1665 us per sample (#2)
17:42:25    EventGenerat   DEBUG     event=123 n_primary_vertices=2 n_particles=10
17:42:25    HepMC3InputC   DEBUG     HepMC3InputConverter::execute
17:42:25    HepMC3InputC   DEBUG     Have 2 vertices
17:42:25    HepMC3InputC   DEBUG     Have 10 particles
17:42:25    HepMC3InputC   DEBUG     Have 123 event number
17:42:25    HepMC3InputC   DEBUG     Converting HepMC3 event to internal EDM
17:42:25    HepMC3InputC   DEBUG     Finding primary vertex clusters took 0 ms
17:42:25    HepMC3InputC   DEBUG     Found 2 primary vertex clusters (~ primary vertices)
17:42:25    HepMC3InputC   DEBUG     Found 8 undecayed particles in the event
17:42:25    HepMC3InputC   DEBUG     Reserving 1 vertices and 8 particles
17:42:25    HepMC3InputC   DEBUG     Converting HepMC3 vertices to internal EDM took 0.01 ms
17:42:25    HepMC3InputC   DEBUG     Converted 8 particles and 2 vertices
17:42:25    HepMC3InputC   DEBUG     Sorting particles and vertices took 0 ms
17:42:25    FatrasSimula   DEBUG     8 input particles
17:42:25    FatrasSimula   DEBUG     8 simulated particles (initial state)
17:42:25    FatrasSimula   DEBUG     8 simulated particles (final state)
17:42:25    FatrasSimula   DEBUG     98 simulated hits
17:42:25    Digitization   DEBUG     Loaded 98 sim hits
17:42:25    Digitization   DEBUG     Starting loop over modules ...
17:42:25    Digitization   DEBUG     Created 98 measurements, 98 clusters from 98 sim hits.
17:42:25    ParticleSele   DEBUG     event 123 selected 8 from 8 particles
17:42:25    ParticleSele   DEBUG     filtered out because of charge: 0
17:42:25    ParticleSele   DEBUG     filtered out because of hit count: 0
17:42:25    ParticleSele   DEBUG     filtered out because of measurement count: 0
17:42:25    SpacePointMa   DEBUG     Created 39 pixel space points
17:42:25    SpacePointMa   DEBUG     Build strip space points
17:42:25    SpacePointMa   DEBUG     Created 0 strip space points
17:42:25    SpacePointMa   DEBUG     Created 39 space points
17:42:25    GridTripletS   DEBUG     Created 38 track seeds from 39 space points
17:42:25    TrackParamsE   DEBUG     Estimated 38 track parameters from 38 seeds
17:42:25    SeedsToTrack   DEBUG     Received 38 seeds
17:42:25    SeedsToTrack   DEBUG     Produced 38 tracks
17:42:25    RzTrackFindi   DEBUG     Binned 98 of 98 measurements
17:42:25    RzTrackFindi   DEBUG     Found 38 tracks from 38 seeds
17:42:25    Sequencer      DEBUG     finished event 123
17:42:25    Sequencer      DEBUG     start processing event 124 on thread 0
17:42:25    EventGenerat   DEBUG     Generating primary vertices took 0.003292 ms total, 1.646 us +- 0.146 us per sample (#2)
17:42:25    EventGenerat   DEBUG     Merging HepMC3 events took 0.003541 ms total, 1.7705 us +- 0.1455 us per sample (#2)
17:42:25    EventGenerat   DEBUG     event=124 n_primary_vertices=2 n_particles=10
17:42:25    HepMC3InputC   DEBUG     HepMC3InputConverter::execute
17:42:25    HepMC3InputC   DEBUG     Have 2 vertices
17:42:25    HepMC3InputC   DEBUG     Have 10 particles
17:42:25    HepMC3InputC   DEBUG     Have 124 event number
17:42:25    HepMC3InputC   DEBUG     Converting HepMC3 event to internal EDM
17:42:25    HepMC3InputC   DEBUG     Finding primary vertex clusters took 0 ms
17:42:25    HepMC3InputC   DEBUG     Found 2 primary vertex clusters (~ primary vertices)
17:42:25    HepMC3InputC   DEBUG     Found 8 undecayed particles in the event
17:42:25    HepMC3InputC   DEBUG     Reserving 1 vertices and 8 particles
17:42:25    HepMC3InputC   DEBUG     Converting HepMC3 vertices to internal EDM took 0.007 ms
17:42:25    HepMC3InputC   DEBUG     Converted 8 particles and 2 vertices
17:42:25    HepMC3InputC   DEBUG     Sorting particles and vertices took 0 ms
17:42:25    FatrasSimula   DEBUG     8 input particles
17:42:25    FatrasSimula   DEBUG     8 simulated particles (initial state)
17:42:25    FatrasSimula   DEBUG     8 simulated particles (final state)
17:42:25    FatrasSimula   DEBUG     105 simulated hits
17:42:25    Digitization   DEBUG     Loaded 105 sim hits
17:42:25    Digitization   DEBUG     Starting loop over modules ...
17:42:25    Digitization   DEBUG     Created 105 measurements, 105 clusters from 105 sim hits.
17:42:25    ParticleSele   DEBUG     event 124 selected 8 from 8 particles
17:42:25    ParticleSele   DEBUG     filtered out because of charge: 0
17:42:25    ParticleSele   DEBUG     filtered out because of hit count: 0
17:42:25    ParticleSele   DEBUG     filtered out because of measurement count: 0
17:42:25    SpacePointMa   DEBUG     Created 38 pixel space points
17:42:25    SpacePointMa   DEBUG     Build strip space points
17:42:25    SpacePointMa   DEBUG     Created 0 strip space points
17:42:25    SpacePointMa   DEBUG     Created 38 space points
17:42:25    GridTripletS   DEBUG     Created 32 track seeds from 38 space points
17:42:25    TrackParamsE   DEBUG     Estimated 32 track parameters from 32 seeds
17:42:25    SeedsToTrack   DEBUG     Received 32 seeds
17:42:25    SeedsToTrack   DEBUG     Produced 32 tracks
17:42:25    RzTrackFindi   DEBUG     Binned 105 of 105 measurements
17:42:25    RzTrackFindi   DEBUG     Found 32 tracks from 32 seeds
17:42:25    Sequencer      DEBUG     finished event 124
17:42:25    Sequencer      DEBUG     start processing event 125 on thread 0
17:42:25    EventGenerat   DEBUG     Generating primary vertices took 0.003041 ms total, 1.5205 us +- 0.1875 us per sample (#2)
17:42:25    EventGenerat   DEBUG     Merging HepMC3 events took 0.003542 ms total, 1.771 us +- 0.146 us per sample (#2)
17:42:25    EventGenerat   DEBUG     event=125 n_primary_vertices=2 n_particles=10
17:42:25    HepMC3InputC   DEBUG     HepMC3InputConverter::execute
17:42:25    HepMC3InputC   DEBUG     Have 2 vertices
17:42:25    HepMC3InputC   DEBUG     Have 10 particles
17:42:25    HepMC3InputC   DEBUG     Have 125 event number
17:42:25    HepMC3InputC   DEBUG     Converting HepMC3 event to internal EDM
17:42:25    HepMC3InputC   DEBUG     Finding primary vertex clusters took 0 ms
17:42:25    HepMC3InputC   DEBUG     Found 2 primary vertex clusters (~ primary vertices)
17:42:25    HepMC3InputC   DEBUG     Found 8 undecayed particles in the event
17:42:25    HepMC3InputC   DEBUG     Reserving 1 vertices and 8 particles
17:42:25    HepMC3InputC   DEBUG     Converting HepMC3 vertices to internal EDM took 0.007 ms
17:42:25    HepMC3InputC   DEBUG     Converted 8 particles and 2 vertices
17:42:25    HepMC3InputC   DEBUG     Sorting particles and vertices took 0 ms
17:42:25    FatrasSimula   DEBUG     8 input particles
17:42:25    FatrasSimula   DEBUG     8 simulated particles (initial state)
17:42:25    FatrasSimula   DEBUG     8 simulated particles (final state)
17:42:25    FatrasSimula   DEBUG     93 simulated hits
17:42:25    Digitization   DEBUG     Loaded 93 sim hits
17:42:25    Digitization   DEBUG     Starting loop over modules ...
17:42:25    Digitization   DEBUG     Created 93 measurements, 93 clusters from 93 sim hits.
17:42:25    ParticleSele   DEBUG     event 125 selected 8 from 8 particles
17:42:25    ParticleSele   DEBUG     filtered out because of charge: 0
17:42:25    ParticleSele   DEBUG     filtered out because of hit count: 0
17:42:25    ParticleSele   DEBUG     filtered out because of measurement count: 0
17:42:25    SpacePointMa   DEBUG     Created 38 pixel space points
17:42:25    SpacePointMa   DEBUG     Build strip space points
17:42:25    SpacePointMa   DEBUG     Created 0 strip space points
17:42:25    SpacePointMa   DEBUG     Created 38 space points
17:42:25    GridTripletS   DEBUG     Created 29 track seeds from 38 space points
17:42:25    TrackParamsE   DEBUG     Estimated 29 track parameters from 29 seeds
17:42:25    SeedsToTrack   DEBUG     Received 29 seeds
17:42:25    SeedsToTrack   DEBUG     Produced 29 tracks
17:42:25    RzTrackFindi   DEBUG     Binned 93 of 93 measurements
17:42:25    RzTrackFindi   DEBUG     Found 29 tracks from 29 seeds
17:42:25    Sequencer      DEBUG     finished event 125
17:42:25    Sequencer      DEBUG     start processing event 126 on thread 0
17:42:25    EventGenerat   DEBUG     Generating primary vertices took 0.003249 ms total, 1.6245 us +- 0.0835 us per sample (#2)
17:42:25    EventGenerat   DEBUG     Merging HepMC3 events took 0.003666 ms total, 1.833 us +- 0.167 us per sample (#2)
17:42:25    EventGenerat   DEBUG     event=126 n_primary_vertices=2 n_particles=10
17:42:25    HepMC3InputC   DEBUG     HepMC3InputConverter::execute
17:42:25    HepMC3InputC   DEBUG     Have 2 vertices
17:42:25    HepMC3InputC   DEBUG     Have 10 particles
17:42:25    HepMC3InputC   DEBUG     Have 126 event number
17:42:25    HepMC3InputC   DEBUG     Converting HepMC3 event to internal EDM
17:42:25    HepMC3InputC   DEBUG     Finding primary vertex clusters took 0 ms
17:42:25    HepMC3InputC   DEBUG     Found 2 primary vertex clusters (~ primary vertices)
17:42:25    HepMC3InputC   DEBUG     Found 8 undecayed particles in the event
17:42:25    HepMC3InputC   DEBUG     Reserving 1 vertices and 8 particles
17:42:25    HepMC3InputC   DEBUG     Converting HepMC3 vertices to internal EDM took 0.007 ms
17:42:25    HepMC3InputC   DEBUG     Converted 8 particles and 2 vertices
17:42:25    HepMC3InputC   DEBUG     Sorting particles and vertices took 0 ms
17:42:25    FatrasSimula   DEBUG     8 input particles
17:42:25    FatrasSimula   DEBUG     8 simulated particles (initial state)
17:42:25    FatrasSimula   DEBUG     8 simulated particles (final state)
17:42:25    FatrasSimula   DEBUG     99 simulated hits
17:42:25    Digitization   DEBUG     Loaded 99 sim hits
17:42:25    Digitization   DEBUG     Starting loop over modules ...
17:42:25    Digitization   DEBUG     Created 99 measurements, 99 clusters from 99 sim hits.
17:42:25    ParticleSele   DEBUG     event 126 selected 8 from 8 particles
17:42:25    ParticleSele   DEBUG     filtered out because of charge: 0
17:42:25    ParticleSele   DEBUG     filtered out because of hit count: 0
17:42:25    ParticleSele   DEBUG     filtered out because of measurement count: 0
17:42:25    SpacePointMa   DEBUG     Created 48 pixel space points
17:42:25    SpacePointMa   DEBUG     Build strip space points
17:42:25    SpacePointMa   DEBUG     Created 0 strip space points
17:42:25    SpacePointMa   DEBUG     Created 48 space points
17:42:25    GridTripletS   DEBUG     Created 40 track seeds from 48 space points
17:42:25    TrackParamsE   DEBUG     Estimated 40 track parameters from 40 seeds
17:42:25    SeedsToTrack   DEBUG     Received 40 seeds
17:42:25    SeedsToTrack   DEBUG     Produced 40 tracks
17:42:25    RzTrackFindi   DEBUG     Binned 99 of 99 measurements
17:42:25    RzTrackFindi   DEBUG     Found 40 tracks from 40 seeds
17:42:25    Sequencer      DEBUG     finished event 126
17:42:25    Sequencer      DEBUG     start processing event 127 on thread 0
17:42:25    EventGenerat   DEBUG     Generating primary vertices took 0.003167 ms total, 1.5835 us +- 0.1255 us per sample (#2)
17:42:25    EventGenerat   DEBUG     Merging HepMC3 events took 0.003625 ms total, 1.8125 us +- 0.1875 us per sample (#2)
17:42:25    EventGenerat   DEBUG     event=127 n_primary_vertices=2 n_particles=10
17:42:25    HepMC3InputC   DEBUG     HepMC3InputConverter::execute
17:42:25    HepMC3InputC   DEBUG     Have 2 vertices
17:42:25    HepMC3InputC   DEBUG     Have 10 particles
17:42:25    HepMC3InputC   DEBUG     Have 127 event number
17:42:25    HepMC3InputC   DEBUG     Converting HepMC3 event to internal EDM
17:42:25    HepMC3InputC   DEBUG     Finding primary vertex clusters took 0 ms
17:42:25    HepMC3InputC   DEBUG     Found 2 primary vertex clusters (~ primary vertices)
17:42:25    HepMC3InputC   DEBUG     Found 8 undecayed particles in the event
17:42:25    HepMC3InputC   DEBUG     Reserving 1 vertices and 8 particles
17:42:25    HepMC3InputC   DEBUG     Converting HepMC3 vertices to internal EDM took 0.007 ms
17:42:25    HepMC3InputC   DEBUG     Converted 8 particles and 2 vertices
17:42:25    HepMC3InputC   DEBUG     Sorting particles and vertices took 0 ms
17:42:25    FatrasSimula   DEBUG     8 input particles
17:42:25    FatrasSimula   DEBUG     8 simulated particles (initial state)
17:42:25    FatrasSimula   DEBUG     8 simulated particles (final state)
17:42:25    FatrasSimula   DEBUG     93 simulated hits
17:42:25    Digitization   DEBUG     Loaded 93 sim hits
17:42:25    Digitization   DEBUG     Starting loop over modules ...
17:42:25    Digitization   DEBUG     Created 93 measurements, 93 clusters from 93 sim hits.
17:42:25    ParticleSele   DEBUG     event 127 selected 8 from 8 particles
17:42:25    ParticleSele   DEBUG     filtered out because of charge: 0
17:42:25    ParticleSele   DEBUG     filtered out because of hit count: 0
17:42:25    ParticleSele   DEBUG     filtered out because of measurement count: 0
17:42:25    SpacePointMa   DEBUG     Created 36 pixel space points
17:42:25    SpacePointMa   DEBUG     Build strip space points
17:42:25    SpacePointMa   DEBUG     Created 0 strip space points
17:42:25    SpacePointMa   DEBUG     Created 36 space points
17:42:25    GridTripletS   DEBUG     Created 34 track seeds from 36 space points
17:42:25    TrackParamsE   DEBUG     Estimated 34 track parameters from 34 seeds
17:42:25    SeedsToTrack   DEBUG     Received 34 seeds
17:42:25    SeedsToTrack   DEBUG     Produced 34 tracks
17:42:25    RzTrackFindi   DEBUG     Binned 93 of 93 measurements
17:42:25    RzTrackFindi   DEBUG     Found 34 tracks from 34 seeds
17:42:25    Sequencer      DEBUG     finished event 127
17:42:25    Sequencer      DEBUG     start processing event 128 on thread 0
17:42:25    EventGenerat   DEBUG     Generating primary vertices took 0.00325 ms total, 1.625 us +- 0.083 us per sample (#2)
17:42:25    EventGenerat   DEBUG     Merging HepMC3 events took 0.003625 ms total, 1.8125 us +- 0.1455 us per sample (#2)
17:42:25    EventGenerat   DEBUG     event=128 n_primary_vertices=2 n_particles=10
17:42:25    HepMC3InputC   DEBUG     HepMC3InputConverter::execute
17:42:25    HepMC3InputC   DEBUG     Have 2 vertices
17:42:25    HepMC3InputC   DEBUG     Have 10 particles
17:42:25    HepMC3InputC   DEBUG     Have 128 event number
17:42:25    HepMC3InputC   DEBUG     Converting HepMC3 event to internal EDM
17:42:25    HepMC3InputC   DEBUG     Finding primary vertex clusters took 0 ms
17:42:25    HepMC3InputC   DEBUG     Found 2 primary vertex clusters (~ primary vertices)
17:42:25    HepMC3InputC   DEBUG     Found 8 undecayed particles in the event
17:42:25    HepMC3InputC   DEBUG     Reserving 1 vertices and 8 particles
17:42:25    HepMC3InputC   DEBUG     Converting HepMC3 vertices to internal EDM took 0.007 ms
17:42:25    HepMC3InputC   DEBUG     Converted 8 particles and 2 vertices
17:42:25    HepMC3InputC   DEBUG     Sorting particles and vertices took 0 ms
17:42:25    FatrasSimula   DEBUG     8 input particles
17:42:25    FatrasSimula   DEBUG     8 simulated particles (initial state)
17:42:25    FatrasSimula   DEBUG     8 simulated particles (final state)
17:42:25    FatrasSimula   DEBUG     94 simulated hits
17:42:25    Digitization   DEBUG     Loaded 94 sim hits
17:42:25    Digitization   DEBUG     Starting loop over modules ...
17:42:25    Digitization   DEBUG     Created 94 measurements, 94 clusters from 94 sim hits.
17:42:25    ParticleSele   DEBUG     event 128 selected 8 from 8 particles
17:42:25    ParticleSele   DEBUG     filtered out because of charge: 0
17:42:25    ParticleSele   DEBUG     filtered out because of hit count: 0
17:42:25    ParticleSele   DEBUG     filtered out because of measurement count: 0
17:42:25    SpacePointMa   DEBUG     Created 44 pixel space points
17:42:25    SpacePointMa   DEBUG     Build strip space points
17:42:25    SpacePointMa   DEBUG     Created 0 strip space points
17:42:25    SpacePointMa   DEBUG     Created 44 space points
17:42:25    GridTripletS   DEBUG     Created 44 track seeds from 44 space points
17:42:25    TrackParamsE   DEBUG     Estimated 44 track parameters from 44 seeds
17:42:25    SeedsToTrack   DEBUG     Received 44 seeds
17:42:25    SeedsToTrack   DEBUG     Produced 44 tracks
17:42:25    RzTrackFindi   DEBUG     Binned 94 of 94 measurements
17:42:25    RzTrackFindi   DEBUG     Found 44 tracks from 44 seeds
17:42:25    Sequencer      DEBUG     finished event 128
17:42:25    Sequencer      DEBUG     start processing event 129 on thread 0
17:42:25    EventGenerat   DEBUG     Generating primary vertices took 0.00325 ms total, 1.625 us +- 0.208 us per sample (#2)
17:42:25    EventGenerat   DEBUG     Merging HepMC3 events took 0.003584 ms total, 1.792 us +- 0.167 us per sample (#2)
17:42:25    EventGenerat   DEBUG     event=129 n_primary_vertices=2 n_particles=10
17:42:25    HepMC3InputC   DEBUG     HepMC3InputConverter::execute
17:42:25    HepMC3InputC   DEBUG     Have 2 vertices
17:42:25    HepMC3InputC   DEBUG     Have 10 particles
17:42:25    HepMC3InputC   DEBUG     Have 129 event number
17:42:25    HepMC3InputC   DEBUG     Converting HepMC3 event to internal EDM
17:42:25    HepMC3InputC   DEBUG     Finding primary vertex clusters took 0 ms
17:42:25    HepMC3InputC   DEBUG     Found 2 primary vertex clusters (~ primary vertices)
17:42:25    HepMC3InputC   DEBUG     Found 8 undecayed particles in the event
17:42:25    HepMC3InputC   DEBUG     Reserving 1 vertices and 8 particles
17:42:25    HepMC3InputC   DEBUG     Converting HepMC3 vertices to internal EDM took 0.007 ms
17:42:25    HepMC3InputC   DEBUG     Converted 8 particles and 2 vertices
17:42:25    HepMC3InputC   DEBUG     Sorting particles and vertices took 0 ms
17:42:25    FatrasSimula   DEBUG     8 input particles
17:42:25    FatrasSimula   DEBUG     8 simulated particles (initial state)
17:42:25    FatrasSimula   DEBUG     8 simulated particles (final state)
17:42:25    FatrasSimula   DEBUG     93 simulated hits
17:42:25    Digitization   DEBUG     Loaded 93 sim hits
17:42:25    Digitization   DEBUG     Starting loop over modules ...
17:42:25    Digitization   DEBUG     Created 93 measurements, 93 clusters from 93 sim hits.
17:42:25    ParticleSele   DEBUG     event 129 selected 8 from 8 particles
17:42:25    ParticleSele   DEBUG     filtered out because of charge: 0
17:42:25    ParticleSele   DEBUG     filtered out because of hit count: 0
17:42:25    ParticleSele   DEBUG     filtered out because of measurement count: 0
17:42:25    SpacePointMa   DEBUG     Created 39 pixel space points
17:42:25    SpacePointMa   DEBUG     Build strip space points
17:42:25    SpacePointMa   DEBUG     Created 0 strip space points
17:42:25    SpacePointMa   DEBUG     Created 39 space points
17:42:25    GridTripletS   DEBUG     Created 36 track seeds from 39 space points
17:42:25    TrackParamsE   DEBUG     Estimated 36 track parameters from 36 seeds
17:42:25    SeedsToTrack   DEBUG     Received 36 seeds
17:42:25    SeedsToTrack   DEBUG     Produced 36 tracks
17:42:25    RzTrackFindi   DEBUG     Binned 93 of 93 measurements
17:42:25    RzTrackFindi   DEBUG     Found 36 tracks from 36 seeds
17:42:25    Sequencer      DEBUG     finished event 129
17:42:25    Sequencer      DEBUG     start processing event 130 on thread 0
17:42:25    EventGenerat   DEBUG     Generating primary vertices took 0.003041 ms total, 1.5205 us +- 0.1455 us per sample (#2)
17:42:25    EventGenerat   DEBUG     Merging HepMC3 events took 0.003542 ms total, 1.771 us +- 0.146 us per sample (#2)
17:42:25    EventGenerat   DEBUG     event=130 n_primary_vertices=2 n_particles=10
17:42:25    HepMC3InputC   DEBUG     HepMC3InputConverter::execute
17:42:25    HepMC3InputC   DEBUG     Have 2 vertices
17:42:25    HepMC3InputC   DEBUG     Have 10 particles
17:42:25    HepMC3InputC   DEBUG     Have 130 event number
17:42:25    HepMC3InputC   DEBUG     Converting HepMC3 event to internal EDM
17:42:25    HepMC3InputC   DEBUG     Finding primary vertex clusters took 0 ms
17:42:25    HepMC3InputC   DEBUG     Found 2 primary vertex clusters (~ primary vertices)
17:42:25    HepMC3InputC   DEBUG     Found 8 undecayed particles in the event
17:42:25    HepMC3InputC   DEBUG     Reserving 1 vertices and 8 particles
17:42:25    HepMC3InputC   DEBUG     Converting HepMC3 vertices to internal EDM took 0.007 ms
17:42:25    HepMC3InputC   DEBUG     Converted 8 particles and 2 vertices
17:42:25    HepMC3InputC   DEBUG     Sorting particles and vertices took 0 ms
17:42:25    FatrasSimula   DEBUG     8 input particles
17:42:25    FatrasSimula   DEBUG     8 simulated particles (initial state)
17:42:25    FatrasSimula   DEBUG     8 simulated particles (final state)
17:42:25    FatrasSimula   DEBUG     97 simulated hits
17:42:25    Digitization   DEBUG     Loaded 97 sim hits
17:42:25    Digitization   DEBUG     Starting loop over modules ...
17:42:25    Digitization   DEBUG     Created 97 measurements, 97 clusters from 97 sim hits.
17:42:25    ParticleSele   DEBUG     event 130 selected 8 from 8 particles
17:42:25    ParticleSele   DEBUG     filtered out because of charge: 0
17:42:25    ParticleSele   DEBUG     filtered out because of hit count: 0
17:42:25    ParticleSele   DEBUG     filtered out because of measurement count: 0
17:42:25    SpacePointMa   DEBUG     Created 40 pixel space points
17:42:25    SpacePointMa   DEBUG     Build strip space points
17:42:25    SpacePointMa   DEBUG     Created 0 strip space points
17:42:25    SpacePointMa   DEBUG     Created 40 space points
17:42:25    GridTripletS   DEBUG     Created 34 track seeds from 40 space points
17:42:25    TrackParamsE   DEBUG     Estimated 34 track parameters from 34 seeds
17:42:25    SeedsToTrack   DEBUG     Received 34 seeds
17:42:25    SeedsToTrack   DEBUG     Produced 34 tracks
17:42:25    RzTrackFindi   DEBUG     Binned 97 of 97 measurements
17:42:25    RzTrackFindi   DEBUG     Found 33 tracks from 34 seeds
17:42:25    Sequencer      DEBUG     finished event 130
17:42:25    Sequencer      DEBUG     start processing event 131 on thread 0
17:42:25    EventGenerat   DEBUG     Generating primary vertices took 0.003084 ms total, 1.542 us +- 0.083 us per sample (#2)
17:42:25    EventGenerat   DEBUG     Merging HepMC3 events took 0.003542 ms total, 1.771 us +- 0.146 us per sample (#2)
17:42:25    EventGenerat   DEBUG     event=131 n_primary_vertices=2 n_particles=10
17:42:25    HepMC3InputC   DEBUG     HepMC3InputConverter::execute
17:42:25    HepMC3InputC   DEBUG     Have 2 vertices
17:42:25    HepMC3InputC   DEBUG     Have 10 particles
17:42:25    HepMC3InputC   DEBUG     Have 131 event number
17:42:25    HepMC3InputC   DEBUG     Converting HepMC3 event to internal EDM
17:42:25    HepMC3InputC   DEBUG     Finding primary vertex clusters took 0 ms
17:42:25    HepMC3InputC   DEBUG     Found 2 primary vertex clusters (~ primary vertices)
17:42:25    HepMC3InputC   DEBUG     Found 8 undecayed particles in the event
17:42:25    HepMC3InputC   DEBUG     Reserving 1 vertices and 8 particles
17:42:25    HepMC3InputC   DEBUG     Converting HepMC3 vertices to internal EDM took 0.007 ms
17:42:25    HepMC3InputC   DEBUG     Converted 8 particles and 2 vertices
17:42:25    HepMC3InputC   DEBUG     Sorting particles and vertices took 0 ms
17:42:25    FatrasSimula   DEBUG     8 input particles
17:42:25    FatrasSimula   DEBUG     8 simulated particles (initial state)
17:42:25    FatrasSimula   DEBUG     8 simulated particles (final state)
17:42:25    FatrasSimula   DEBUG     90 simulated hits
17:42:25    Digitization   DEBUG     Loaded 90 sim hits
17:42:25    Digitization   DEBUG     Starting loop over modules ...
17:42:25    Digitization   DEBUG     Created 90 measurements, 90 clusters from 90 sim hits.
17:42:25    ParticleSele   DEBUG     event 131 selected 8 from 8 particles
17:42:25    ParticleSele   DEBUG     filtered out because of charge: 0
17:42:25    ParticleSele   DEBUG     filtered out because of hit count: 0
17:42:25    ParticleSele   DEBUG     filtered out because of measurement count: 0
17:42:25    SpacePointMa   DEBUG     Created 33 pixel space points
17:42:25    SpacePointMa   DEBUG     Build strip space points
17:42:25    SpacePointMa   DEBUG     Created 0 strip space points
17:42:25    SpacePointMa   DEBUG     Created 33 space points
17:42:25    GridTripletS   DEBUG     Created 33 track seeds from 33 space points
17:42:25    TrackParamsE   DEBUG     Estimated 33 track parameters from 33 seeds
17:42:25    SeedsToTrack   DEBUG     Received 33 seeds
17:42:25    SeedsToTrack   DEBUG     Produced 33 tracks
17:42:25    RzTrackFindi   DEBUG     Binned 90 of 90 measurements
17:42:25    RzTrackFindi   DEBUG     Found 33 tracks from 33 seeds
17:42:25    Sequencer      DEBUG     finished event 131
17:42:25    Sequencer      DEBUG     start processing event 132 on thread 0
17:42:25    EventGenerat   DEBUG     Generating primary vertices took 0.003292 ms total, 1.646 us +- 0.104 us per sample (#2)
17:42:25    EventGenerat   DEBUG     Merging HepMC3 events took 0.003833 ms total, 1.9165 us +- 0.1665 us per sample (#2)
17:42:25    EventGenerat   DEBUG     event=132 n_primary_vertices=2 n_particles=10
17:42:25    HepMC3InputC   DEBUG     HepMC3InputConverter::execute
17:42:25    HepMC3InputC   DEBUG     Have 2 vertices
17:42:25    HepMC3InputC   DEBUG     Have 10 particles
17:42:25    HepMC3InputC   DEBUG     Have 132 event number
17:42:25    HepMC3InputC   DEBUG     Converting HepMC3 event to internal EDM
17:42:25    HepMC3InputC   DEBUG     Finding primary vertex clusters took 0 ms
17:42:25    HepMC3InputC   DEBUG     Found 2 primary vertex clusters (~ primary vertices)
17:42:25    HepMC3InputC   DEBUG     Found 8 undecayed particles in the event
17:42:25    HepMC3InputC   DEBUG     Reserving 1 vertices and 8 particles
17:42:25    HepMC3InputC   DEBUG     Converting HepMC3 vertices to internal EDM took 0.008 ms
17:42:25    HepMC3InputC   DEBUG     Converted 8 particles and 2 vertices
17:42:25    HepMC3InputC   DEBUG     Sorting particles and vertices took 0 ms
17:42:25    FatrasSimula   DEBUG     8 input particles
17:42:25    FatrasSimula   DEBUG     8 simulated particles (initial state)
17:42:25    FatrasSimula   DEBUG     8 simulated particles (final state)
17:42:25    FatrasSimula   DEBUG     105 simulated hits
17:42:25    Digitization   DEBUG     Loaded 105 sim hits
17:42:25    Digitization   DEBUG     Starting loop over modules ...
17:42:25    Digitization   DEBUG     Created 105 measurements, 105 clusters from 105 sim hits.
17:42:25    ParticleSele   DEBUG     event 132 selected 8 from 8 particles
17:42:25    ParticleSele   DEBUG     filtered out because of charge: 0
17:42:25    ParticleSele   DEBUG     filtered out because of hit count: 0
17:42:25    ParticleSele   DEBUG     filtered out because of measurement count: 0
17:42:25    SpacePointMa   DEBUG     Created 39 pixel space points
17:42:25    SpacePointMa   DEBUG     Build strip space points
17:42:25    SpacePointMa   DEBUG     Created 0 strip space points
17:42:25    SpacePointMa   DEBUG     Created 39 space points
17:42:25    GridTripletS   DEBUG     Created 36 track seeds from 39 space points
17:42:25    TrackParamsE   DEBUG     Estimated 36 track parameters from 36 seeds
17:42:25    SeedsToTrack   DEBUG     Received 36 seeds
17:42:25    SeedsToTrack   DEBUG     Produced 36 tracks
17:42:25    RzTrackFindi   DEBUG     Binned 105 of 105 measurements
17:42:25    RzTrackFindi   DEBUG     Found 36 tracks from 36 seeds
17:42:25    Sequencer      DEBUG     finished event 132
17:42:25    Sequencer      DEBUG     start processing event 133 on thread 0
17:42:25    EventGenerat   DEBUG     Generating primary vertices took 0.003125 ms total, 1.5625 us +- 0.1875 us per sample (#2)
17:42:25    EventGenerat   DEBUG     Merging HepMC3 events took 0.003541 ms total, 1.7705 us +- 0.1455 us per sample (#2)
17:42:25    EventGenerat   DEBUG     event=133 n_primary_vertices=2 n_particles=10
17:42:25    HepMC3InputC   DEBUG     HepMC3InputConverter::execute
17:42:25    HepMC3InputC   DEBUG     Have 2 vertices
17:42:25    HepMC3InputC   DEBUG     Have 10 particles
17:42:25    HepMC3InputC   DEBUG     Have 133 event number
17:42:25    HepMC3InputC   DEBUG     Converting HepMC3 event to internal EDM
17:42:25    HepMC3InputC   DEBUG     Finding primary vertex clusters took 0 ms
17:42:25    HepMC3InputC   DEBUG     Found 2 primary vertex clusters (~ primary vertices)
17:42:25    HepMC3InputC   DEBUG     Found 8 undecayed particles in the event
17:42:25    HepMC3InputC   DEBUG     Reserving 1 vertices and 8 particles
17:42:25    HepMC3InputC   DEBUG     Converting HepMC3 vertices to internal EDM took 0.007 ms
17:42:25    HepMC3InputC   DEBUG     Converted 8 particles and 2 vertices
17:42:25    HepMC3InputC   DEBUG     Sorting particles and vertices took 0 ms
17:42:25    FatrasSimula   DEBUG     8 input particles
17:42:25    FatrasSimula   DEBUG     8 simulated particles (initial state)
17:42:25    FatrasSimula   DEBUG     8 simulated particles (final state)
17:42:25    FatrasSimula   DEBUG     88 simulated hits
17:42:25    Digitization   DEBUG     Loaded 88 sim hits
17:42:25    Digitization   DEBUG     Starting loop over modules ...
17:42:25    Digitization   DEBUG     Created 88 measurements, 88 clusters from 88 sim hits.
17:42:25    ParticleSele   DEBUG     event 133 selected 8 from 8 particles
17:42:25    ParticleSele   DEBUG     filtered out because of charge: 0
17:42:25    ParticleSele   DEBUG     filtered out because of hit count: 0
17:42:25    ParticleSele   DEBUG     filtered out because of measurement count: 0
17:42:25    SpacePointMa   DEBUG     Created 33 pixel space points
17:42:25    SpacePointMa   DEBUG     Build strip space points
17:42:25    SpacePointMa   DEBUG     Created 0 strip space points
17:42:25    SpacePointMa   DEBUG     Created 33 space points
17:42:25    GridTripletS   DEBUG     Created 29 track seeds from 33 space points
17:42:25    TrackParamsE   DEBUG     Estimated 29 track parameters from 29 seeds
17:42:25    SeedsToTrack   DEBUG     Received 29 seeds
17:42:25    SeedsToTrack   DEBUG     Produced 29 tracks
17:42:25    RzTrackFindi   DEBUG     Binned 88 of 88 measurements
17:42:25    RzTrackFindi   DEBUG     Found 29 tracks from 29 seeds
17:42:25    Sequencer      DEBUG     finished event 133
17:42:25    Sequencer      DEBUG     start processing event 134 on thread 0
17:42:25    EventGenerat   DEBUG     Generating primary vertices took 0.003041 ms total, 1.5205 us +- 0.1045 us per sample (#2)
17:42:25    EventGenerat   DEBUG     Merging HepMC3 events took 0.003542 ms total, 1.771 us +- 0.146 us per sample (#2)
17:42:25    EventGenerat   DEBUG     event=134 n_primary_vertices=2 n_particles=10
17:42:25    HepMC3InputC   DEBUG     HepMC3InputConverter::execute
17:42:25    HepMC3InputC   DEBUG     Have 2 vertices
17:42:25    HepMC3InputC   DEBUG     Have 10 particles
17:42:25    HepMC3InputC   DEBUG     Have 134 event number
17:42:25    HepMC3InputC   DEBUG     Converting HepMC3 event to internal EDM
17:42:25    HepMC3InputC   DEBUG     Finding primary vertex clusters took 0 ms
17:42:25    HepMC3InputC   DEBUG     Found 2 primary vertex clusters (~ primary vertices)
17:42:25    HepMC3InputC   DEBUG     Found 8 undecayed particles in the event
17:42:25    HepMC3InputC   DEBUG     Reserving 1 vertices and 8 particles
17:42:25    HepMC3InputC   DEBUG     Converting HepMC3 vertices to internal EDM took 0.007 ms
17:42:25    HepMC3InputC   DEBUG     Converted 8 particles and 2 vertices
17:42:25    HepMC3InputC   DEBUG     Sorting particles and vertices took 0 ms
17:42:25    FatrasSimula   DEBUG     8 input particles
17:42:25    FatrasSimula   DEBUG     8 simulated particles (initial state)
17:42:25    FatrasSimula   DEBUG     8 simulated particles (final state)
17:42:25    FatrasSimula   DEBUG     102 simulated hits
17:42:25    Digitization   DEBUG     Loaded 102 sim hits
17:42:25    Digitization   DEBUG     Starting loop over modules ...
17:42:25    Digitization   DEBUG     Created 102 measurements, 102 clusters from 102 sim hits.
17:42:25    ParticleSele   DEBUG     event 134 selected 8 from 8 particles
17:42:25    ParticleSele   DEBUG     filtered out because of charge: 0
17:42:25    ParticleSele   DEBUG     filtered out because of hit count: 0
17:42:25    ParticleSele   DEBUG     filtered out because of measurement count: 0
17:42:25    SpacePointMa   DEBUG     Created 44 pixel space points
17:42:25    SpacePointMa   DEBUG     Build strip space points
17:42:25    SpacePointMa   DEBUG     Created 0 strip space points
17:42:25    SpacePointMa   DEBUG     Created 44 space points
17:42:25    GridTripletS   DEBUG     Created 43 track seeds from 44 space points
17:42:25    TrackParamsE   DEBUG     Estimated 43 track parameters from 43 seeds
17:42:25    SeedsToTrack   DEBUG     Received 43 seeds
17:42:25    SeedsToTrack   DEBUG     Produced 43 tracks
17:42:25    RzTrackFindi   DEBUG     Binned 102 of 102 measurements
17:42:25    RzTrackFindi   DEBUG     Found 43 tracks from 43 seeds
17:42:25    Sequencer      DEBUG     finished event 134
17:42:25    Sequencer      DEBUG     start processing event 135 on thread 0
17:42:25    EventGenerat   DEBUG     Generating primary vertices took 0.003042 ms total, 1.521 us +- 0.146 us per sample (#2)
17:42:25    EventGenerat   DEBUG     Merging HepMC3 events took 0.003542 ms total, 1.771 us +- 0.146 us per sample (#2)
17:42:25    EventGenerat   DEBUG     event=135 n_primary_vertices=2 n_particles=10
17:42:25    HepMC3InputC   DEBUG     HepMC3InputConverter::execute
17:42:25    HepMC3InputC   DEBUG     Have 2 vertices
17:42:25    HepMC3InputC   DEBUG     Have 10 particles
17:42:25    HepMC3InputC   DEBUG     Have 135 event number
17:42:25    HepMC3InputC   DEBUG     Converting HepMC3 event to internal EDM
17:42:25    HepMC3InputC   DEBUG     Finding primary vertex clusters took 0 ms
17:42:25    HepMC3InputC   DEBUG     Found 2 primary vertex clusters (~ primary vertices)
17:42:25    HepMC3InputC   DEBUG     Found 8 undecayed particles in the event
17:42:25    HepMC3InputC   DEBUG     Reserving 1 vertices and 8 particles
17:42:25    HepMC3InputC   DEBUG     Converting HepMC3 vertices to internal EDM took 0.007 ms
17:42:25    HepMC3InputC   DEBUG     Converted 8 particles and 2 vertices
17:42:25    HepMC3InputC   DEBUG     Sorting particles and vertices took 0 ms
17:42:25    FatrasSimula   DEBUG     8 input particles
17:42:25    FatrasSimula   DEBUG     8 simulated particles (initial state)
17:42:25    FatrasSimula   DEBUG     8 simulated particles (final state)
17:42:25    FatrasSimula   DEBUG     91 simulated hits
17:42:25    Digitization   DEBUG     Loaded 91 sim hits
17:42:25    Digitization   DEBUG     Starting loop over modules ...
17:42:25    Digitization   DEBUG     Created 91 measurements, 91 clusters from 91 sim hits.
17:42:25    ParticleSele   DEBUG     event 135 selected 8 from 8 particles
17:42:25    ParticleSele   DEBUG     filtered out because of charge: 0
17:42:25    ParticleSele   DEBUG     filtered out because of hit count: 0
17:42:25    ParticleSele   DEBUG     filtered out because of measurement count: 0
17:42:25    SpacePointMa   DEBUG     Created 34 pixel space points
17:42:25    SpacePointMa   DEBUG     Build strip space points
17:42:25    SpacePointMa   DEBUG     Created 0 strip space points
17:42:25    SpacePointMa   DEBUG     Created 34 space points
17:42:25    GridTripletS   DEBUG     Created 28 track seeds from 34 space points
17:42:25    TrackParamsE   DEBUG     Estimated 28 track parameters from 28 seeds
17:42:25    SeedsToTrack   DEBUG     Received 28 seeds
17:42:25    SeedsToTrack   DEBUG     Produced 28 tracks
17:42:25    RzTrackFindi   DEBUG     Binned 91 of 91 measurements
17:42:25    RzTrackFindi   DEBUG     Found 27 tracks from 28 seeds
17:42:25    Sequencer      DEBUG     finished event 135
17:42:25    Sequencer      DEBUG     start processing event 136 on thread 0
17:42:25    EventGenerat   DEBUG     Generating primary vertices took 0.003459 ms total, 1.7295 us +- 0.1875 us per sample (#2)
17:42:25    EventGenerat   DEBUG     Merging HepMC3 events took 0.003834 ms total, 1.917 us +- 0.125 us per sample (#2)
17:42:25    EventGenerat   DEBUG     event=136 n_primary_vertices=2 n_particles=10
17:42:25    HepMC3InputC   DEBUG     HepMC3InputConverter::execute
17:42:25    HepMC3InputC   DEBUG     Have 2 vertices
17:42:25    HepMC3InputC   DEBUG     Have 10 particles
17:42:25    HepMC3InputC   DEBUG     Have 136 event number
17:42:25    HepMC3InputC   DEBUG     Converting HepMC3 event to internal EDM
17:42:25    HepMC3InputC   DEBUG     Finding primary vertex clusters took 0 ms
17:42:25    HepMC3InputC   DEBUG     Found 2 primary vertex clusters (~ primary vertices)
17:42:25    HepMC3InputC   DEBUG     Found 8 undecayed particles in the event
17:42:25    HepMC3InputC   DEBUG     Reserving 1 vertices and 8 particles
17:42:25    HepMC3InputC   DEBUG     Converting HepMC3 vertices to internal EDM took 0.008 ms
17:42:25    HepMC3InputC   DEBUG     Converted 8 particles and 2 vertices
17:42:25    HepMC3InputC   DEBUG     Sorting particles and vertices took 0 ms
17:42:25    FatrasSimula   DEBUG     8 input particles
17:42:25    FatrasSimula   DEBUG     8 simulated particles (initial state)
17:42:25    FatrasSimula   DEBUG     8 simulated particles (final state)
17:42:25    FatrasSimula   DEBUG     96 simulated hits
17:42:25    Digitization   DEBUG     Loaded 96 sim hits
17:42:25    Digitization   DEBUG     Starting loop over modules ...
17:42:25    Digitization   DEBUG     Created 96 measurements, 96 clusters from 96 sim hits.
17:42:25    ParticleSele   DEBUG     event 136 selected 8 from 8 particles
17:42:25    ParticleSele   DEBUG     filtered out because of charge: 0
17:42:25    ParticleSele   DEBUG     filtered out because of hit count: 0
17:42:25    ParticleSele   DEBUG     filtered out because of measurement count: 0
17:42:25    SpacePointMa   DEBUG     Created 43 pixel space points
17:42:25    SpacePointMa   DEBUG     Build strip space points
17:42:25    SpacePointMa   DEBUG     Created 0 strip space points
17:42:25    SpacePointMa   DEBUG     Created 43 space points
17:42:25    GridTripletS   DEBUG     Created 40 track seeds from 43 space points
17:42:25    TrackParamsE   DEBUG     Estimated 40 track parameters from 40 seeds
17:42:25    SeedsToTrack   DEBUG     Received 40 seeds
17:42:25    SeedsToTrack   DEBUG     Produced 40 tracks
17:42:25    RzTrackFindi   DEBUG     Binned 96 of 96 measurements
17:42:25    RzTrackFindi   DEBUG     Found 40 tracks from 40 seeds
17:42:25    Sequencer      DEBUG     finished event 136
17:42:25    Sequencer      DEBUG     start processing event 137 on thread 0
17:42:25    EventGenerat   DEBUG     Generating primary vertices took 0.003041 ms total, 1.5205 us +- 0.1045 us per sample (#2)
17:42:25    EventGenerat   DEBUG     Merging HepMC3 events took 0.003541 ms total, 1.7705 us +- 0.1875 us per sample (#2)
17:42:25    EventGenerat   DEBUG     event=137 n_primary_vertices=2 n_particles=10
17:42:25    HepMC3InputC   DEBUG     HepMC3InputConverter::execute
17:42:25    HepMC3InputC   DEBUG     Have 2 vertices
17:42:25    HepMC3InputC   DEBUG     Have 10 particles
17:42:25    HepMC3InputC   DEBUG     Have 137 event number
17:42:25    HepMC3InputC   DEBUG     Converting HepMC3 event to internal EDM
17:42:25    HepMC3InputC   DEBUG     Finding primary vertex clusters took 0 ms
17:42:25    HepMC3InputC   DEBUG     Found 2 primary vertex clusters (~ primary vertices)
17:42:25    HepMC3InputC   DEBUG     Found 8 undecayed particles in the event
17:42:25    HepMC3InputC   DEBUG     Reserving 1 vertices and 8 particles
17:42:25    HepMC3InputC   DEBUG     Converting HepMC3 vertices to internal EDM took 0.007 ms
17:42:25    HepMC3InputC   DEBUG     Converted 8 particles and 2 vertices
17:42:25    HepMC3InputC   DEBUG     Sorting particles and vertices took 0 ms
17:42:25    FatrasSimula   DEBUG     8 input particles
17:42:25    FatrasSimula   DEBUG     8 simulated particles (initial state)
17:42:25    FatrasSimula   DEBUG     8 simulated particles (final state)
17:42:25    FatrasSimula   DEBUG     100 simulated hits
17:42:25    Digitization   DEBUG     Loaded 100 sim hits
17:42:25    Digitization   DEBUG     Starting loop over modules ...
17:42:25    Digitization   DEBUG     Created 100 measurements, 100 clusters from 100 sim hits.
17:42:25    ParticleSele   DEBUG     event 137 selected 8 from 8 particles
17:42:25    ParticleSele   DEBUG     filtered out because of charge: 0
17:42:25    ParticleSele   DEBUG     filtered out because of hit count: 0
17:42:25    ParticleSele   DEBUG     filtered out because of measurement count: 0
17:42:25    SpacePointMa   DEBUG     Created 41 pixel space points
17:42:25    SpacePointMa   DEBUG     Build strip space points
17:42:25    SpacePointMa   DEBUG     Created 0 strip space points
17:42:25    SpacePointMa   DEBUG     Created 41 space points
17:42:25    GridTripletS   DEBUG     Created 40 track seeds from 41 space points
17:42:25    TrackParamsE   DEBUG     Estimated 40 track parameters from 40 seeds
17:42:25    SeedsToTrack   DEBUG     Received 40 seeds
17:42:25    SeedsToTrack   DEBUG     Produced 40 tracks
17:42:25    RzTrackFindi   DEBUG     Binned 100 of 100 measurements
17:42:25    RzTrackFindi   DEBUG     Found 40 tracks from 40 seeds
17:42:25    Sequencer      DEBUG     finished event 137
17:42:25    Sequencer      DEBUG     start processing event 138 on thread 0
17:42:25    EventGenerat   DEBUG     Generating primary vertices took 0.003083 ms total, 1.5415 us +- 0.1665 us per sample (#2)
17:42:25    EventGenerat   DEBUG     Merging HepMC3 events took 0.003625 ms total, 1.8125 us +- 0.1455 us per sample (#2)
17:42:25    EventGenerat   DEBUG     event=138 n_primary_vertices=2 n_particles=10
17:42:25    HepMC3InputC   DEBUG     HepMC3InputConverter::execute
17:42:25    HepMC3InputC   DEBUG     Have 2 vertices
17:42:25    HepMC3InputC   DEBUG     Have 10 particles
17:42:25    HepMC3InputC   DEBUG     Have 138 event number
17:42:25    HepMC3InputC   DEBUG     Converting HepMC3 event to internal EDM
17:42:25    HepMC3InputC   DEBUG     Finding primary vertex clusters took 0 ms
17:42:25    HepMC3InputC   DEBUG     Found 2 primary vertex clusters (~ primary vertices)
17:42:25    HepMC3InputC   DEBUG     Found 8 undecayed particles in the event
17:42:25    HepMC3InputC   DEBUG     Reserving 1 vertices and 8 particles
17:42:25    HepMC3InputC   DEBUG     Converting HepMC3 vertices to internal EDM took 0.007 ms
17:42:25    HepMC3InputC   DEBUG     Converted 8 particles and 2 vertices
17:42:25    HepMC3InputC   DEBUG     Sorting particles and vertices took 0 ms
17:42:25    FatrasSimula   DEBUG     8 input particles
17:42:25    FatrasSimula   DEBUG     8 simulated particles (initial state)
17:42:25    FatrasSimula   DEBUG     8 simulated particles (final state)
17:42:25    FatrasSimula   DEBUG     105 simulated hits
17:42:25    Digitization   DEBUG     Loaded 105 sim hits
17:42:25    Digitization   DEBUG     Starting loop over modules ...
17:42:25    Digitization   DEBUG     Created 105 measurements, 105 clusters from 105 sim hits.
17:42:25    ParticleSele   DEBUG     event 138 selected 8 from 8 particles
17:42:25    ParticleSele   DEBUG     filtered out because of charge: 0
17:42:25    ParticleSele   DEBUG     filtered out because of hit count: 0
17:42:25    ParticleSele   DEBUG     filtered out because of measurement count: 0
17:42:25    SpacePointMa   DEBUG     Created 45 pixel space points
17:42:25    SpacePointMa   DEBUG     Build strip space points
17:42:25    SpacePointMa   DEBUG     Created 0 strip space points
17:42:25    SpacePointMa   DEBUG     Created 45 space points
17:42:25    GridTripletS   DEBUG     Created 42 track seeds from 45 space points
17:42:25    TrackParamsE   DEBUG     Estimated 42 track parameters from 42 seeds
17:42:25    SeedsToTrack   DEBUG     Received 42 seeds
17:42:25    SeedsToTrack   DEBUG     Produced 42 tracks
17:42:25    RzTrackFindi   DEBUG     Binned 105 of 105 measurements
17:42:25    RzTrackFindi   DEBUG     Found 42 tracks from 42 seeds
17:42:25    Sequencer      DEBUG     finished event 138
17:42:25    Sequencer      DEBUG     start processing event 139 on thread 0
17:42:25    EventGenerat   DEBUG     Generating primary vertices took 0.003083 ms total, 1.5415 us +- 0.1245 us per sample (#2)
17:42:25    EventGenerat   DEBUG     Merging HepMC3 events took 0.003583 ms total, 1.7915 us +- 0.1665 us per sample (#2)
17:42:25    EventGenerat   DEBUG     event=139 n_primary_vertices=2 n_particles=10
17:42:25    HepMC3InputC   DEBUG     HepMC3InputConverter::execute
17:42:25    HepMC3InputC   DEBUG     Have 2 vertices
17:42:25    HepMC3InputC   DEBUG     Have 10 particles
17:42:25    HepMC3InputC   DEBUG     Have 139 event number
17:42:25    HepMC3InputC   DEBUG     Converting HepMC3 event to internal EDM
17:42:25    HepMC3InputC   DEBUG     Finding primary vertex clusters took 0 ms
17:42:25    HepMC3InputC   DEBUG     Found 2 primary vertex clusters (~ primary vertices)
17:42:25    HepMC3InputC   DEBUG     Found 8 undecayed particles in the event
17:42:25    HepMC3InputC   DEBUG     Reserving 1 vertices and 8 particles
17:42:25    HepMC3InputC   DEBUG     Converting HepMC3 vertices to internal EDM took 0.007 ms
17:42:25    HepMC3InputC   DEBUG     Converted 8 particles and 2 vertices
17:42:25    HepMC3InputC   DEBUG     Sorting particles and vertices took 0 ms
17:42:25    FatrasSimula   DEBUG     8 input particles
17:42:25    FatrasSimula   DEBUG     8 simulated particles (initial state)
17:42:25    FatrasSimula   DEBUG     8 simulated particles (final state)
17:42:25    FatrasSimula   DEBUG     100 simulated hits
17:42:25    Digitization   DEBUG     Loaded 100 sim hits
17:42:25    Digitization   DEBUG     Starting loop over modules ...
17:42:25    Digitization   DEBUG     Created 100 measurements, 100 clusters from 100 sim hits.
17:42:25    ParticleSele   DEBUG     event 139 selected 8 from 8 particles
17:42:25    ParticleSele   DEBUG     filtered out because of charge: 0
17:42:25    ParticleSele   DEBUG     filtered out because of hit count: 0
17:42:25    ParticleSele   DEBUG     filtered out because of measurement count: 0
17:42:25    SpacePointMa   DEBUG     Created 42 pixel space points
17:42:25    SpacePointMa   DEBUG     Build strip space points
17:42:25    SpacePointMa   DEBUG     Created 0 strip space points
17:42:25    SpacePointMa   DEBUG     Created 42 space points
17:42:25    GridTripletS   DEBUG     Created 38 track seeds from 42 space points
17:42:25    TrackParamsE   DEBUG     Estimated 38 track parameters from 38 seeds
17:42:25    SeedsToTrack   DEBUG     Received 38 seeds
17:42:25    SeedsToTrack   DEBUG     Produced 38 tracks
17:42:25    RzTrackFindi   DEBUG     Binned 100 of 100 measurements
17:42:25    RzTrackFindi   DEBUG     Found 38 tracks from 38 seeds
17:42:25    Sequencer      DEBUG     finished event 139
17:42:25    Sequencer      DEBUG     start processing event 140 on thread 0
17:42:25    EventGenerat   DEBUG     Generating primary vertices took 0.003083 ms total, 1.5415 us +- 0.0835 us per sample (#2)
17:42:25    EventGenerat   DEBUG     Merging HepMC3 events took 0.003583 ms total, 1.7915 us +- 0.1245 us per sample (#2)
17:42:25    EventGenerat   DEBUG     event=140 n_primary_vertices=2 n_particles=10
17:42:25    HepMC3InputC   DEBUG     HepMC3InputConverter::execute
17:42:25    HepMC3InputC   DEBUG     Have 2 vertices
17:42:25    HepMC3InputC   DEBUG     Have 10 particles
17:42:25    HepMC3InputC   DEBUG     Have 140 event number
17:42:25    HepMC3InputC   DEBUG     Converting HepMC3 event to internal EDM
17:42:25    HepMC3InputC   DEBUG     Finding primary vertex clusters took 0 ms
17:42:25    HepMC3InputC   DEBUG     Found 2 primary vertex clusters (~ primary vertices)
17:42:25    HepMC3InputC   DEBUG     Found 8 undecayed particles in the event
17:42:25    HepMC3InputC   DEBUG     Reserving 1 vertices and 8 particles
17:42:25    HepMC3InputC   DEBUG     Converting HepMC3 vertices to internal EDM took 0.007 ms
17:42:25    HepMC3InputC   DEBUG     Converted 8 particles and 2 vertices
17:42:25    HepMC3InputC   DEBUG     Sorting particles and vertices took 0 ms
17:42:25    FatrasSimula   DEBUG     8 input particles
17:42:25    FatrasSimula   DEBUG     8 simulated particles (initial state)
17:42:25    FatrasSimula   DEBUG     8 simulated particles (final state)
17:42:25    FatrasSimula   DEBUG     100 simulated hits
17:42:25    Digitization   DEBUG     Loaded 100 sim hits
17:42:25    Digitization   DEBUG     Starting loop over modules ...
17:42:25    Digitization   DEBUG     Created 100 measurements, 100 clusters from 100 sim hits.
17:42:25    ParticleSele   DEBUG     event 140 selected 8 from 8 particles
17:42:25    ParticleSele   DEBUG     filtered out because of charge: 0
17:42:25    ParticleSele   DEBUG     filtered out because of hit count: 0
17:42:25    ParticleSele   DEBUG     filtered out because of measurement count: 0
17:42:25    SpacePointMa   DEBUG     Created 38 pixel space points
17:42:25    SpacePointMa   DEBUG     Build strip space points
17:42:25    SpacePointMa   DEBUG     Created 0 strip space points
17:42:25    SpacePointMa   DEBUG     Created 38 space points
17:42:25    GridTripletS   DEBUG     Created 36 track seeds from 38 space points
17:42:25    TrackParamsE   DEBUG     Estimated 36 track parameters from 36 seeds
17:42:25    SeedsToTrack   DEBUG     Received 36 seeds
17:42:25    SeedsToTrack   DEBUG     Produced 36 tracks
17:42:25    RzTrackFindi   DEBUG     Binned 100 of 100 measurements
17:42:25    RzTrackFindi   DEBUG     Found 35 tracks from 36 seeds
17:42:25    Sequencer      DEBUG     finished event 140
17:42:25    Sequencer      DEBUG     start processing event 141 on thread 0
17:42:25    EventGenerat   DEBUG     Generating primary vertices took 0.003042 ms total, 1.521 us +- 0.104 us per sample (#2)
17:42:25    EventGenerat   DEBUG     Merging HepMC3 events took 0.003499 ms total, 1.7495 us +- 0.1665 us per sample (#2)
17:42:25    EventGenerat   DEBUG     event=141 n_primary_vertices=2 n_particles=10
17:42:25    HepMC3InputC   DEBUG     HepMC3InputConverter::execute
17:42:25    HepMC3InputC   DEBUG     Have 2 vertices
17:42:25    HepMC3InputC   DEBUG     Have 10 particles
17:42:25    HepMC3InputC   DEBUG     Have 141 event number
17:42:25    HepMC3InputC   DEBUG     Converting HepMC3 event to internal EDM
17:42:25    HepMC3InputC   DEBUG     Finding primary vertex clusters took 0 ms
17:42:25    HepMC3InputC   DEBUG     Found 2 primary vertex clusters (~ primary vertices)
17:42:25    HepMC3InputC   DEBUG     Found 8 undecayed particles in the event
17:42:25    HepMC3InputC   DEBUG     Reserving 1 vertices and 8 particles
17:42:25    HepMC3InputC   DEBUG     Converting HepMC3 vertices to internal EDM took 0.007 ms
17:42:25    HepMC3InputC   DEBUG     Converted 8 particles and 2 vertices
17:42:25    HepMC3InputC   DEBUG     Sorting particles and vertices took 0 ms
17:42:25    FatrasSimula   DEBUG     8 input particles
17:42:25    FatrasSimula   DEBUG     8 simulated particles (initial state)
17:42:25    FatrasSimula   DEBUG     8 simulated particles (final state)
17:42:25    FatrasSimula   DEBUG     90 simulated hits
17:42:25    Digitization   DEBUG     Loaded 90 sim hits
17:42:25    Digitization   DEBUG     Starting loop over modules ...
17:42:25    Digitization   DEBUG     Created 90 measurements, 90 clusters from 90 sim hits.
17:42:25    ParticleSele   DEBUG     event 141 selected 8 from 8 particles
17:42:25    ParticleSele   DEBUG     filtered out because of charge: 0
17:42:25    ParticleSele   DEBUG     filtered out because of hit count: 0
17:42:25    ParticleSele   DEBUG     filtered out because of measurement count: 0
17:42:25    SpacePointMa   DEBUG     Created 35 pixel space points
17:42:25    SpacePointMa   DEBUG     Build strip space points
17:42:25    SpacePointMa   DEBUG     Created 0 strip space points
17:42:25    SpacePointMa   DEBUG     Created 35 space points
17:42:25    GridTripletS   DEBUG     Created 32 track seeds from 35 space points
17:42:25    TrackParamsE   DEBUG     Estimated 32 track parameters from 32 seeds
17:42:25    SeedsToTrack   DEBUG     Received 32 seeds
17:42:25    SeedsToTrack   DEBUG     Produced 32 tracks
17:42:25    RzTrackFindi   DEBUG     Binned 90 of 90 measurements
17:42:25    RzTrackFindi   DEBUG     Found 32 tracks from 32 seeds
17:42:25    Sequencer      DEBUG     finished event 141
17:42:25    Sequencer      DEBUG     start processing event 142 on thread 0
17:42:25    EventGenerat   DEBUG     Generating primary vertices took 0.003376 ms total, 1.688 us +- 0.146 us per sample (#2)
17:42:25    EventGenerat   DEBUG     Merging HepMC3 events took 0.003875 ms total, 1.9375 us +- 0.1455 us per sample (#2)
17:42:25    EventGenerat   DEBUG     event=142 n_primary_vertices=2 n_particles=10
17:42:25    HepMC3InputC   DEBUG     HepMC3InputConverter::execute
17:42:25    HepMC3InputC   DEBUG     Have 2 vertices
17:42:25    HepMC3InputC   DEBUG     Have 10 particles
17:42:25    HepMC3InputC   DEBUG     Have 142 event number
17:42:25    HepMC3InputC   DEBUG     Converting HepMC3 event to internal EDM
17:42:25    HepMC3InputC   DEBUG     Finding primary vertex clusters took 0 ms
17:42:25    HepMC3InputC   DEBUG     Found 2 primary vertex clusters (~ primary vertices)
17:42:25    HepMC3InputC   DEBUG     Found 8 undecayed particles in the event
17:42:25    HepMC3InputC   DEBUG     Reserving 1 vertices and 8 particles
17:42:25    HepMC3InputC   DEBUG     Converting HepMC3 vertices to internal EDM took 0.008 ms
17:42:25    HepMC3InputC   DEBUG     Converted 8 particles and 2 vertices
17:42:25    HepMC3InputC   DEBUG     Sorting particles and vertices took 0 ms
17:42:25    FatrasSimula   DEBUG     8 input particles
17:42:25    FatrasSimula   DEBUG     8 simulated particles (initial state)
17:42:25    FatrasSimula   DEBUG     8 simulated particles (final state)
17:42:25    FatrasSimula   DEBUG     102 simulated hits
17:42:25    Digitization   DEBUG     Loaded 102 sim hits
17:42:25    Digitization   DEBUG     Starting loop over modules ...
17:42:25    Digitization   DEBUG     Created 102 measurements, 102 clusters from 102 sim hits.
17:42:25    ParticleSele   DEBUG     event 142 selected 8 from 8 particles
17:42:25    ParticleSele   DEBUG     filtered out because of charge: 0
17:42:25    ParticleSele   DEBUG     filtered out because of hit count: 0
17:42:25    ParticleSele   DEBUG     filtered out because of measurement count: 0
17:42:25    SpacePointMa   DEBUG     Created 41 pixel space points
17:42:25    SpacePointMa   DEBUG     Build strip space points
17:42:25    SpacePointMa   DEBUG     Created 0 strip space points
17:42:25    SpacePointMa   DEBUG     Created 41 space points
17:42:25    GridTripletS   DEBUG     Created 38 track seeds from 41 space points
17:42:25    TrackParamsE   DEBUG     Estimated 38 track parameters from 38 seeds
17:42:25    SeedsToTrack   DEBUG     Received 38 seeds
17:42:25    SeedsToTrack   DEBUG     Produced 38 tracks
17:42:25    RzTrackFindi   DEBUG     Binned 102 of 102 measurements
17:42:25    RzTrackFindi   DEBUG     Found 36 tracks from 38 seeds
17:42:25    Sequencer      DEBUG     finished event 142
17:42:25    Sequencer      DEBUG     start processing event 143 on thread 0
17:42:25    EventGenerat   DEBUG     Generating primary vertices took 0.003041 ms total, 1.5205 us +- 0.1045 us per sample (#2)
17:42:25    EventGenerat   DEBUG     Merging HepMC3 events took 0.003666 ms total, 1.833 us +- 0.125 us per sample (#2)
17:42:25    EventGenerat   DEBUG     event=143 n_primary_vertices=2 n_particles=10
17:42:25    HepMC3InputC   DEBUG     HepMC3InputConverter::execute
17:42:25    HepMC3InputC   DEBUG     Have 2 vertices
17:42:25    HepMC3InputC   DEBUG     Have 10 particles
17:42:25    HepMC3InputC   DEBUG     Have 143 event number
17:42:25    HepMC3InputC   DEBUG     Converting HepMC3 event to internal EDM
17:42:25    HepMC3InputC   DEBUG     Finding primary vertex clusters took 0 ms
17:42:25    HepMC3InputC   DEBUG     Found 2 primary vertex clusters (~ primary vertices)
17:42:25    HepMC3InputC   DEBUG     Found 8 undecayed particles in the event
17:42:25    HepMC3InputC   DEBUG     Reserving 1 vertices and 8 particles
17:42:25    HepMC3InputC   DEBUG     Converting HepMC3 vertices to internal EDM took 0.007 ms
17:42:25    HepMC3InputC   DEBUG     Converted 8 particles and 2 vertices
17:42:25    HepMC3InputC   DEBUG     Sorting particles and vertices took 0 ms
17:42:25    FatrasSimula   DEBUG     8 input particles
17:42:25    FatrasSimula   DEBUG     8 simulated particles (initial state)
17:42:25    FatrasSimula   DEBUG     8 simulated particles (final state)
17:42:25    FatrasSimula   DEBUG     94 simulated hits
17:42:25    Digitization   DEBUG     Loaded 94 sim hits
17:42:25    Digitization   DEBUG     Starting loop over modules ...
17:42:25    Digitization   DEBUG     Created 94 measurements, 94 clusters from 94 sim hits.
17:42:25    ParticleSele   DEBUG     event 143 selected 8 from 8 particles
17:42:25    ParticleSele   DEBUG     filtered out because of charge: 0
17:42:25    ParticleSele   DEBUG     filtered out because of hit count: 0
17:42:25    ParticleSele   DEBUG     filtered out because of measurement count: 0
17:42:25    SpacePointMa   DEBUG     Created 36 pixel space points
17:42:25    SpacePointMa   DEBUG     Build strip space points
17:42:25    SpacePointMa   DEBUG     Created 0 strip space points
17:42:25    SpacePointMa   DEBUG     Created 36 space points
17:42:25    GridTripletS   DEBUG     Created 32 track seeds from 36 space points
17:42:25    TrackParamsE   DEBUG     Estimated 32 track parameters from 32 seeds
17:42:25    SeedsToTrack   DEBUG     Received 32 seeds
17:42:25    SeedsToTrack   DEBUG     Produced 32 tracks
17:42:25    RzTrackFindi   DEBUG     Binned 94 of 94 measurements
17:42:25    RzTrackFindi   DEBUG     Found 32 tracks from 32 seeds
17:42:25    Sequencer      DEBUG     finished event 143
17:42:25    Sequencer      DEBUG     start processing event 144 on thread 0
17:42:25    EventGenerat   DEBUG     Generating primary vertices took 0.003083 ms total, 1.5415 us +- 0.0835 us per sample (#2)
17:42:25    EventGenerat   DEBUG     Merging HepMC3 events took 0.003626 ms total, 1.813 us +- 0.146 us per sample (#2)
17:42:25    EventGenerat   DEBUG     event=144 n_primary_vertices=2 n_particles=10
17:42:25    HepMC3InputC   DEBUG     HepMC3InputConverter::execute
17:42:25    HepMC3InputC   DEBUG     Have 2 vertices
17:42:25    HepMC3InputC   DEBUG     Have 10 particles
17:42:25    HepMC3InputC   DEBUG     Have 144 event number
17:42:25    HepMC3InputC   DEBUG     Converting HepMC3 event to internal EDM
17:42:25    HepMC3InputC   DEBUG     Finding primary vertex clusters took 0 ms
17:42:25    HepMC3InputC   DEBUG     Found 2 primary vertex clusters (~ primary vertices)
17:42:25    HepMC3InputC   DEBUG     Found 8 undecayed particles in the event
17:42:25    HepMC3InputC   DEBUG     Reserving 1 vertices and 8 particles
17:42:25    HepMC3InputC   DEBUG     Converting HepMC3 vertices to internal EDM took 0.007 ms
17:42:25    HepMC3InputC   DEBUG     Converted 8 particles and 2 vertices
17:42:25    HepMC3InputC   DEBUG     Sorting particles and vertices took 0 ms
17:42:25    FatrasSimula   DEBUG     8 input particles
17:42:25    FatrasSimula   DEBUG     8 simulated particles (initial state)
17:42:25    FatrasSimula   DEBUG     8 simulated particles (final state)
17:42:25    FatrasSimula   DEBUG     98 simulated hits
17:42:25    Digitization   DEBUG     Loaded 98 sim hits
17:42:25    Digitization   DEBUG     Starting loop over modules ...
17:42:25    Digitization   DEBUG     Created 98 measurements, 98 clusters from 98 sim hits.
17:42:25    ParticleSele   DEBUG     event 144 selected 8 from 8 particles
17:42:25    ParticleSele   DEBUG     filtered out because of charge: 0
17:42:25    ParticleSele   DEBUG     filtered out because of hit count: 0
17:42:25    ParticleSele   DEBUG     filtered out because of measurement count: 0
17:42:25    SpacePointMa   DEBUG     Created 37 pixel space points
17:42:25    SpacePointMa   DEBUG     Build strip space points
17:42:25    SpacePointMa   DEBUG     Created 0 strip space points
17:42:25    SpacePointMa   DEBUG     Created 37 space points
17:42:25    GridTripletS   DEBUG     Created 30 track seeds from 37 space points
17:42:25    TrackParamsE   DEBUG     Estimated 30 track parameters from 30 seeds
17:42:25    SeedsToTrack   DEBUG     Received 30 seeds
17:42:25    SeedsToTrack   DEBUG     Produced 30 tracks
17:42:25    RzTrackFindi   DEBUG     Binned 98 of 98 measurements
17:42:25    RzTrackFindi   DEBUG     Found 30 tracks from 30 seeds
17:42:25    Sequencer      DEBUG     finished event 144
17:42:25    Sequencer      DEBUG     start processing event 145 on thread 0
17:42:25    EventGenerat   DEBUG     Generating primary vertices took 0.003125 ms total, 1.5625 us +- 0.1455 us per sample (#2)
17:42:25    EventGenerat   DEBUG     Merging HepMC3 events took 0.003542 ms total, 1.771 us +- 0.146 us per sample (#2)
17:42:25    EventGenerat   DEBUG     event=145 n_primary_vertices=2 n_particles=10
17:42:25    HepMC3InputC   DEBUG     HepMC3InputConverter::execute
17:42:25    HepMC3InputC   DEBUG     Have 2 vertices
17:42:25    HepMC3InputC   DEBUG     Have 10 particles
17:42:25    HepMC3InputC   DEBUG     Have 145 event number
17:42:25    HepMC3InputC   DEBUG     Converting HepMC3 event to internal EDM
17:42:25    HepMC3InputC   DEBUG     Finding primary vertex clusters took 0 ms
17:42:25    HepMC3InputC   DEBUG     Found 2 primary vertex clusters (~ primary vertices)
17:42:25    HepMC3InputC   DEBUG     Found 8 undecayed particles in the event
17:42:25    HepMC3InputC   DEBUG     Reserving 1 vertices and 8 particles
17:42:25    HepMC3InputC   DEBUG     Converting HepMC3 vertices to internal EDM took 0.007 ms
17:42:25    HepMC3InputC   DEBUG     Converted 8 particles and 2 vertices
17:42:25    HepMC3InputC   DEBUG     Sorting particles and vertices took 0 ms
17:42:25    FatrasSimula   DEBUG     8 input particles
17:42:25    FatrasSimula   DEBUG     8 simulated particles (initial state)
17:42:25    FatrasSimula   DEBUG     8 simulated particles (final state)
17:42:25    FatrasSimula   DEBUG     101 simulated hits
17:42:25    Digitization   DEBUG     Loaded 101 sim hits
17:42:25    Digitization   DEBUG     Starting loop over modules ...
17:42:25    Digitization   DEBUG     Created 101 measurements, 101 clusters from 101 sim hits.
17:42:25    ParticleSele   DEBUG     event 145 selected 8 from 8 particles
17:42:25    ParticleSele   DEBUG     filtered out because of charge: 0
17:42:25    ParticleSele   DEBUG     filtered out because of hit count: 0
17:42:25    ParticleSele   DEBUG     filtered out because of measurement count: 0
17:42:25    SpacePointMa   DEBUG     Created 41 pixel space points
17:42:25    SpacePointMa   DEBUG     Build strip space points
17:42:25    SpacePointMa   DEBUG     Created 0 strip space points
17:42:25    SpacePointMa   DEBUG     Created 41 space points
17:42:25    GridTripletS   DEBUG     Created 38 track seeds from 41 space points
17:42:25    TrackParamsE   DEBUG     Estimated 38 track parameters from 38 seeds
17:42:25    SeedsToTrack   DEBUG     Received 38 seeds
17:42:25    SeedsToTrack   DEBUG     Produced 38 tracks
17:42:25    RzTrackFindi   DEBUG     Binned 101 of 101 measurements
17:42:25    RzTrackFindi   DEBUG     Found 38 tracks from 38 seeds
17:42:25    Sequencer      DEBUG     finished event 145
17:42:25    Sequencer      DEBUG     start processing event 146 on thread 0
17:42:25    EventGenerat   DEBUG     Generating primary vertices took 0.003625 ms total, 1.8125 us +- 0.1455 us per sample (#2)
17:42:25    EventGenerat   DEBUG     Merging HepMC3 events took 0.003917 ms total, 1.9585 us +- 0.1665 us per sample (#2)
17:42:25    EventGenerat   DEBUG     event=146 n_primary_vertices=2 n_particles=10
17:42:25    HepMC3InputC   DEBUG     HepMC3InputConverter::execute
17:42:25    HepMC3InputC   DEBUG     Have 2 vertices
17:42:25    HepMC3InputC   DEBUG     Have 10 particles
17:42:25    HepMC3InputC   DEBUG     Have 146 event number
17:42:25    HepMC3InputC   DEBUG     Converting HepMC3 event to internal EDM
17:42:25    HepMC3InputC   DEBUG     Finding primary vertex clusters took 0 ms
17:42:25    HepMC3InputC   DEBUG     Found 2 primary vertex clusters (~ primary vertices)
17:42:25    HepMC3InputC   DEBUG     Found 8 undecayed particles in the event
17:42:25    HepMC3InputC   DEBUG     Reserving 1 vertices and 8 particles
17:42:25    HepMC3InputC   DEBUG     Converting HepMC3 vertices to internal EDM took 0.008 ms
17:42:25    HepMC3InputC   DEBUG     Converted 8 particles and 2 vertices
17:42:25    HepMC3InputC   DEBUG     Sorting particles and vertices took 0 ms
17:42:25    FatrasSimula   DEBUG     8 input particles
17:42:25    FatrasSimula   DEBUG     8 simulated particles (initial state)
17:42:25    FatrasSimula   DEBUG     8 simulated particles (final state)
17:42:25    FatrasSimula   DEBUG     96 simulated hits
17:42:25    Digitization   DEBUG     Loaded 96 sim hits
17:42:25    Digitization   DEBUG     Starting loop over modules ...
17:42:25    Digitization   DEBUG     Created 96 measurements, 96 clusters from 96 sim hits.
17:42:25    ParticleSele   DEBUG     event 146 selected 8 from 8 particles
17:42:25    ParticleSele   DEBUG     filtered out because of charge: 0
17:42:25    ParticleSele   DEBUG     filtered out because of hit count: 0
17:42:25    ParticleSele   DEBUG     filtered out because of measurement count: 0
17:42:25    SpacePointMa   DEBUG     Created 41 pixel space points
17:42:25    SpacePointMa   DEBUG     Build strip space points
17:42:25    SpacePointMa   DEBUG     Created 0 strip space points
17:42:25    SpacePointMa   DEBUG     Created 41 space points
17:42:25    GridTripletS   DEBUG     Created 34 track seeds from 41 space points
17:42:25    TrackParamsE   DEBUG     Estimated 34 track parameters from 34 seeds
17:42:25    SeedsToTrack   DEBUG     Received 34 seeds
17:42:25    SeedsToTrack   DEBUG     Produced 34 tracks
17:42:25    RzTrackFindi   DEBUG     Binned 96 of 96 measurements
17:42:25    RzTrackFindi   DEBUG     Found 32 tracks from 34 seeds
17:42:25    Sequencer      DEBUG     finished event 146
17:42:25    Sequencer      DEBUG     start processing event 147 on thread 0
17:42:25    EventGenerat   DEBUG     Generating primary vertices took 0.003208 ms total, 1.604 us +- 0.146 us per sample (#2)
17:42:25    EventGenerat   DEBUG     Merging HepMC3 events took 0.003624 ms total, 1.812 us +- 0.104 us per sample (#2)
17:42:25    EventGenerat   DEBUG     event=147 n_primary_vertices=2 n_particles=10
17:42:25    HepMC3InputC   DEBUG     HepMC3InputConverter::execute
17:42:25    HepMC3InputC   DEBUG     Have 2 vertices
17:42:25    HepMC3InputC   DEBUG     Have 10 particles
17:42:25    HepMC3InputC   DEBUG     Have 147 event number
17:42:25    HepMC3InputC   DEBUG     Converting HepMC3 event to internal EDM
17:42:25    HepMC3InputC   DEBUG     Finding primary vertex clusters took 0 ms
17:42:25    HepMC3InputC   DEBUG     Found 2 primary vertex clusters (~ primary vertices)
17:42:25    HepMC3InputC   DEBUG     Found 8 undecayed particles in the event
17:42:25    HepMC3InputC   DEBUG     Reserving 1 vertices and 8 particles
17:42:25    HepMC3InputC   DEBUG     Converting HepMC3 vertices to internal EDM took 0.007 ms
17:42:25    HepMC3InputC   DEBUG     Converted 8 particles and 2 vertices
17:42:25    HepMC3InputC   DEBUG     Sorting particles and vertices took 0 ms
17:42:25    FatrasSimula   DEBUG     8 input particles
17:42:25    FatrasSimula   DEBUG     8 simulated particles (initial state)
17:42:25    FatrasSimula   DEBUG     8 simulated particles (final state)
17:42:25    FatrasSimula   DEBUG     106 simulated hits
17:42:25    Digitization   DEBUG     Loaded 106 sim hits
17:42:25    Digitization   DEBUG     Starting loop over modules ...
17:42:25    Digitization   DEBUG     Created 106 measurements, 106 clusters from 106 sim hits.
17:42:25    ParticleSele   DEBUG     event 147 selected 8 from 8 particles
17:42:25    ParticleSele   DEBUG     filtered out because of charge: 0
17:42:25    ParticleSele   DEBUG     filtered out because of hit count: 0
17:42:25    ParticleSele   DEBUG     filtered out because of measurement count: 0
17:42:25    SpacePointMa   DEBUG     Created 43 pixel space points
17:42:25    SpacePointMa   DEBUG     Build strip space points
17:42:25    SpacePointMa   DEBUG     Created 0 strip space points
17:42:25    SpacePointMa   DEBUG     Created 43 space points
17:42:25    GridTripletS   DEBUG     Created 31 track seeds from 43 space points
17:42:25    TrackParamsE   DEBUG     Estimated 31 track parameters from 31 seeds
17:42:25    SeedsToTrack   DEBUG     Received 31 seeds
17:42:25    SeedsToTrack   DEBUG     Produced 31 tracks
17:42:25    RzTrackFindi   DEBUG     Binned 106 of 106 measurements
17:42:25    RzTrackFindi   DEBUG     Found 31 tracks from 31 seeds
17:42:25    Sequencer      DEBUG     finished event 147
17:42:25    Sequencer      DEBUG     start processing event 148 on thread 0
17:42:25    EventGenerat   DEBUG     Generating primary vertices took 0.003208 ms total, 1.604 us +- 0.188 us per sample (#2)
17:42:25    EventGenerat   DEBUG     Merging HepMC3 events took 0.003625 ms total, 1.8125 us +- 0.1455 us per sample (#2)
17:42:25    EventGenerat   DEBUG     event=148 n_primary_vertices=2 n_particles=10
17:42:25    HepMC3InputC   DEBUG     HepMC3InputConverter::execute
17:42:25    HepMC3InputC   DEBUG     Have 2 vertices
17:42:25    HepMC3InputC   DEBUG     Have 10 particles
17:42:25    HepMC3InputC   DEBUG     Have 148 event number
17:42:25    HepMC3InputC   DEBUG     Converting HepMC3 event to internal EDM
17:42:25    HepMC3InputC   DEBUG     Finding primary vertex clusters took 0 ms
17:42:25    HepMC3InputC   DEBUG     Found 2 primary vertex clusters (~ primary vertices)
17:42:25    HepMC3InputC   DEBUG     Found 8 undecayed particles in the event
17:42:25    HepMC3InputC   DEBUG     Reserving 1 vertices and 8 particles
17:42:25    HepMC3InputC   DEBUG     Converting HepMC3 vertices to internal EDM took 0.007 ms
17:42:25    HepMC3InputC   DEBUG     Converted 8 particles and 2 vertices
17:42:25    HepMC3InputC   DEBUG     Sorting particles and vertices took 0 ms
17:42:25    FatrasSimula   DEBUG     8 input particles
17:42:25    FatrasSimula   DEBUG     8 simulated particles (initial state)
17:42:25    FatrasSimula   DEBUG     8 simulated particles (final state)
17:42:25    FatrasSimula   DEBUG     96 simulated hits
17:42:25    Digitization   DEBUG     Loaded 96 sim hits
17:42:25    Digitization   DEBUG     Starting loop over modules ...
17:42:25    Digitization   DEBUG     Created 96 measurements, 96 clusters from 96 sim hits.
17:42:25    ParticleSele   DEBUG     event 148 selected 8 from 8 particles
17:42:25    ParticleSele   DEBUG     filtered out because of charge: 0
17:42:25    ParticleSele   DEBUG     filtered out because of hit count: 0
17:42:25    ParticleSele   DEBUG     filtered out because of measurement count: 0
17:42:25    SpacePointMa   DEBUG     Created 45 pixel space points
17:42:25    SpacePointMa   DEBUG     Build strip space points
17:42:25    SpacePointMa   DEBUG     Created 0 strip space points
17:42:25    SpacePointMa   DEBUG     Created 45 space points
17:42:25    GridTripletS   DEBUG     Created 36 track seeds from 45 space points
17:42:25    TrackParamsE   DEBUG     Estimated 36 track parameters from 36 seeds
17:42:25    SeedsToTrack   DEBUG     Received 36 seeds
17:42:25    SeedsToTrack   DEBUG     Produced 36 tracks
17:42:25    RzTrackFindi   DEBUG     Binned 96 of 96 measurements
17:42:25    RzTrackFindi   DEBUG     Found 36 tracks from 36 seeds
17:42:25    Sequencer      DEBUG     finished event 148
17:42:25    Sequencer      DEBUG     start processing event 149 on thread 0
17:42:25    EventGenerat   DEBUG     Generating primary vertices took 0.003083 ms total, 1.5415 us +- 0.1245 us per sample (#2)
17:42:25    EventGenerat   DEBUG     Merging HepMC3 events took 0.003542 ms total, 1.771 us +- 0.146 us per sample (#2)
17:42:25    EventGenerat   DEBUG     event=149 n_primary_vertices=2 n_particles=10
17:42:25    HepMC3InputC   DEBUG     HepMC3InputConverter::execute
17:42:25    HepMC3InputC   DEBUG     Have 2 vertices
17:42:25    HepMC3InputC   DEBUG     Have 10 particles
17:42:25    HepMC3InputC   DEBUG     Have 149 event number
17:42:25    HepMC3InputC   DEBUG     Converting HepMC3 event to internal EDM
17:42:25    HepMC3InputC   DEBUG     Finding primary vertex clusters took 0 ms
17:42:25    HepMC3InputC   DEBUG     Found 2 primary vertex clusters (~ primary vertices)
17:42:25    HepMC3InputC   DEBUG     Found 8 undecayed particles in the event
17:42:25    HepMC3InputC   DEBUG     Reserving 1 vertices and 8 particles
17:42:25    HepMC3InputC   DEBUG     Converting HepMC3 vertices to internal EDM took 0.008 ms
17:42:25    HepMC3InputC   DEBUG     Converted 8 particles and 2 vertices
17:42:25    HepMC3InputC   DEBUG     Sorting particles and vertices took 0 ms
17:42:25    FatrasSimula   DEBUG     8 input particles
17:42:25    FatrasSimula   DEBUG     8 simulated particles (initial state)
17:42:25    FatrasSimula   DEBUG     8 simulated particles (final state)
17:42:25    FatrasSimula   DEBUG     100 simulated hits
17:42:25    Digitization   DEBUG     Loaded 100 sim hits
17:42:25    Digitization   DEBUG     Starting loop over modules ...
17:42:25    Digitization   DEBUG     Created 100 measurements, 100 clusters from 100 sim hits.
17:42:25    ParticleSele   DEBUG     event 149 selected 8 from 8 particles
17:42:25    ParticleSele   DEBUG     filtered out because of charge: 0
17:42:25    ParticleSele   DEBUG     filtered out because of hit count: 0
17:42:25    ParticleSele   DEBUG     filtered out because of measurement count: 0
17:42:25    SpacePointMa   DEBUG     Created 42 pixel space points
17:42:25    SpacePointMa   DEBUG     Build strip space points
17:42:25    SpacePointMa   DEBUG     Created 0 strip space points
17:42:25    SpacePointMa   DEBUG     Created 42 space points
17:42:25    GridTripletS   DEBUG     Created 32 track seeds from 42 space points
17:42:25    TrackParamsE   DEBUG     Estimated 32 track parameters from 32 seeds
17:42:25    SeedsToTrack   DEBUG     Received 32 seeds
17:42:25    SeedsToTrack   DEBUG     Produced 32 tracks
17:42:25    RzTrackFindi   DEBUG     Binned 100 of 100 measurements
17:42:25    RzTrackFindi   DEBUG     Found 32 tracks from 32 seeds
17:42:25    Sequencer      DEBUG     finished event 149
17:42:25    Sequencer      DEBUG     start processing event 150 on thread 0
17:42:25    EventGenerat   DEBUG     Generating primary vertices took 0.003291 ms total, 1.6455 us +- 0.1045 us per sample (#2)
17:42:25    EventGenerat   DEBUG     Merging HepMC3 events took 0.003791 ms total, 1.8955 us +- 0.1455 us per sample (#2)
17:42:25    EventGenerat   DEBUG     event=150 n_primary_vertices=2 n_particles=10
17:42:25    HepMC3InputC   DEBUG     HepMC3InputConverter::execute
17:42:25    HepMC3InputC   DEBUG     Have 2 vertices
17:42:25    HepMC3InputC   DEBUG     Have 10 particles
17:42:25    HepMC3InputC   DEBUG     Have 150 event number
17:42:25    HepMC3InputC   DEBUG     Converting HepMC3 event to internal EDM
17:42:25    HepMC3InputC   DEBUG     Finding primary vertex clusters took 0 ms
17:42:25    HepMC3InputC   DEBUG     Found 2 primary vertex clusters (~ primary vertices)
17:42:25    HepMC3InputC   DEBUG     Found 8 undecayed particles in the event
17:42:25    HepMC3InputC   DEBUG     Reserving 1 vertices and 8 particles
17:42:25    HepMC3InputC   DEBUG     Converting HepMC3 vertices to internal EDM took 0.008 ms
17:42:25    HepMC3InputC   DEBUG     Converted 8 particles and 2 vertices
17:42:25    HepMC3InputC   DEBUG     Sorting particles and vertices took 0 ms
17:42:25    FatrasSimula   DEBUG     8 input particles
17:42:25    FatrasSimula   DEBUG     8 simulated particles (initial state)
17:42:25    FatrasSimula   DEBUG     8 simulated particles (final state)
17:42:25    FatrasSimula   DEBUG     97 simulated hits
17:42:25    Digitization   DEBUG     Loaded 97 sim hits
17:42:25    Digitization   DEBUG     Starting loop over modules ...
17:42:25    Digitization   DEBUG     Created 97 measurements, 97 clusters from 97 sim hits.
17:42:25    ParticleSele   DEBUG     event 150 selected 8 from 8 particles
17:42:25    ParticleSele   DEBUG     filtered out because of charge: 0
17:42:25    ParticleSele   DEBUG     filtered out because of hit count: 0
17:42:25    ParticleSele   DEBUG     filtered out because of measurement count: 0
17:42:25    SpacePointMa   DEBUG     Created 38 pixel space points
17:42:25    SpacePointMa   DEBUG     Build strip space points
17:42:25    SpacePointMa   DEBUG     Created 0 strip space points
17:42:25    SpacePointMa   DEBUG     Created 38 space points
17:42:25    GridTripletS   DEBUG     Created 30 track seeds from 38 space points
17:42:25    TrackParamsE   DEBUG     Estimated 30 track parameters from 30 seeds
17:42:25    SeedsToTrack   DEBUG     Received 30 seeds
17:42:25    SeedsToTrack   DEBUG     Produced 30 tracks
17:42:25    RzTrackFindi   DEBUG     Binned 97 of 97 measurements
17:42:25    RzTrackFindi   DEBUG     Found 30 tracks from 30 seeds
17:42:25    Sequencer      DEBUG     finished event 150
17:42:25    Sequencer      DEBUG     start processing event 151 on thread 0
17:42:25    EventGenerat   DEBUG     Generating primary vertices took 0.003208 ms total, 1.604 us +- 0.146 us per sample (#2)
17:42:25    EventGenerat   DEBUG     Merging HepMC3 events took 0.003666 ms total, 1.833 us +- 0.125 us per sample (#2)
17:42:25    EventGenerat   DEBUG     event=151 n_primary_vertices=2 n_particles=10
17:42:25    HepMC3InputC   DEBUG     HepMC3InputConverter::execute
17:42:25    HepMC3InputC   DEBUG     Have 2 vertices
17:42:25    HepMC3InputC   DEBUG     Have 10 particles
17:42:25    HepMC3InputC   DEBUG     Have 151 event number
17:42:25    HepMC3InputC   DEBUG     Converting HepMC3 event to internal EDM
17:42:25    HepMC3InputC   DEBUG     Finding primary vertex clusters took 0 ms
17:42:25    HepMC3InputC   DEBUG     Found 2 primary vertex clusters (~ primary vertices)
17:42:25    HepMC3InputC   DEBUG     Found 8 undecayed particles in the event
17:42:25    HepMC3InputC   DEBUG     Reserving 1 vertices and 8 particles
17:42:25    HepMC3InputC   DEBUG     Converting HepMC3 vertices to internal EDM took 0.01 ms
17:42:25    HepMC3InputC   DEBUG     Converted 8 particles and 2 vertices
17:42:25    HepMC3InputC   DEBUG     Sorting particles and vertices took 0 ms
17:42:25    FatrasSimula   DEBUG     8 input particles
17:42:25    FatrasSimula   DEBUG     8 simulated particles (initial state)
17:42:25    FatrasSimula   DEBUG     8 simulated particles (final state)
17:42:25    FatrasSimula   DEBUG     90 simulated hits
17:42:25    Digitization   DEBUG     Loaded 90 sim hits
17:42:25    Digitization   DEBUG     Starting loop over modules ...
17:42:25    Digitization   DEBUG     Created 90 measurements, 90 clusters from 90 sim hits.
17:42:25    ParticleSele   DEBUG     event 151 selected 8 from 8 particles
17:42:25    ParticleSele   DEBUG     filtered out because of charge: 0
17:42:25    ParticleSele   DEBUG     filtered out because of hit count: 0
17:42:25    ParticleSele   DEBUG     filtered out because of measurement count: 0
17:42:25    SpacePointMa   DEBUG     Created 38 pixel space points
17:42:25    SpacePointMa   DEBUG     Build strip space points
17:42:25    SpacePointMa   DEBUG     Created 0 strip space points
17:42:25    SpacePointMa   DEBUG     Created 38 space points
17:42:25    GridTripletS   DEBUG     Created 36 track seeds from 38 space points
17:42:25    TrackParamsE   DEBUG     Estimated 36 track parameters from 36 seeds
17:42:25    SeedsToTrack   DEBUG     Received 36 seeds
17:42:25    SeedsToTrack   DEBUG     Produced 36 tracks
17:42:25    RzTrackFindi   DEBUG     Binned 90 of 90 measurements
17:42:25    RzTrackFindi   DEBUG     Found 36 tracks from 36 seeds
17:42:25    Sequencer      DEBUG     finished event 151
17:42:25    Sequencer      DEBUG     start processing event 152 on thread 0
17:42:25    EventGenerat   DEBUG     Generating primary vertices took 0.003459 ms total, 1.7295 us +- 0.0625 us per sample (#2)
17:42:25    EventGenerat   DEBUG     Merging HepMC3 events took 0.003833 ms total, 1.9165 us +- 0.1665 us per sample (#2)
17:42:25    EventGenerat   DEBUG     event=152 n_primary_vertices=2 n_particles=10
17:42:25    HepMC3InputC   DEBUG     HepMC3InputConverter::execute
17:42:25    HepMC3InputC   DEBUG     Have 2 vertices
17:42:25    HepMC3InputC   DEBUG     Have 10 particles
17:42:25    HepMC3InputC   DEBUG     Have 152 event number
17:42:25    HepMC3InputC   DEBUG     Converting HepMC3 event to internal EDM
17:42:25    HepMC3InputC   DEBUG     Finding primary vertex clusters took 0 ms
17:42:25    HepMC3InputC   DEBUG     Found 2 primary vertex clusters (~ primary vertices)
17:42:25    HepMC3InputC   DEBUG     Found 8 undecayed particles in the event
17:42:25    HepMC3InputC   DEBUG     Reserving 1 vertices and 8 particles
17:42:25    HepMC3InputC   DEBUG     Converting HepMC3 vertices to internal EDM took 0.008 ms
17:42:25    HepMC3InputC   DEBUG     Converted 8 particles and 2 vertices
17:42:25    HepMC3InputC   DEBUG     Sorting particles and vertices took 0 ms
17:42:25    FatrasSimula   DEBUG     8 input particles
17:42:25    FatrasSimula   DEBUG     8 simulated particles (initial state)
17:42:25    FatrasSimula   DEBUG     8 simulated particles (final state)
17:42:25    FatrasSimula   DEBUG     96 simulated hits
17:42:25    Digitization   DEBUG     Loaded 96 sim hits
17:42:25    Digitization   DEBUG     Starting loop over modules ...
17:42:25    Digitization   DEBUG     Created 96 measurements, 96 clusters from 96 sim hits.
17:42:25    ParticleSele   DEBUG     event 152 selected 8 from 8 particles
17:42:25    ParticleSele   DEBUG     filtered out because of charge: 0
17:42:25    ParticleSele   DEBUG     filtered out because of hit count: 0
17:42:25    ParticleSele   DEBUG     filtered out because of measurement count: 0
17:42:25    SpacePointMa   DEBUG     Created 38 pixel space points
17:42:25    SpacePointMa   DEBUG     Build strip space points
17:42:25    SpacePointMa   DEBUG     Created 0 strip space points
17:42:25    SpacePointMa   DEBUG     Created 38 space points
17:42:25    GridTripletS   DEBUG     Created 36 track seeds from 38 space points
17:42:25    TrackParamsE   DEBUG     Estimated 36 track parameters from 36 seeds
17:42:25    SeedsToTrack   DEBUG     Received 36 seeds
17:42:25    SeedsToTrack   DEBUG     Produced 36 tracks
17:42:25    RzTrackFindi   DEBUG     Binned 96 of 96 measurements
17:42:25    RzTrackFindi   DEBUG     Found 36 tracks from 36 seeds
17:42:25    Sequencer      DEBUG     finished event 152
17:42:25    Sequencer      DEBUG     start processing event 153 on thread 0
17:42:25    EventGenerat   DEBUG     Generating primary vertices took 0.003209 ms total, 1.6045 us +- 0.1455 us per sample (#2)
17:42:25    EventGenerat   DEBUG     Merging HepMC3 events took 0.003625 ms total, 1.8125 us +- 0.1465 us per sample (#2)
17:42:25    EventGenerat   DEBUG     event=153 n_primary_vertices=2 n_particles=10
17:42:25    HepMC3InputC   DEBUG     HepMC3InputConverter::execute
17:42:25    HepMC3InputC   DEBUG     Have 2 vertices
17:42:25    HepMC3InputC   DEBUG     Have 10 particles
17:42:25    HepMC3InputC   DEBUG     Have 153 event number
17:42:25    HepMC3InputC   DEBUG     Converting HepMC3 event to internal EDM
17:42:25    HepMC3InputC   DEBUG     Finding primary vertex clusters took 0 ms
17:42:25    HepMC3InputC   DEBUG     Found 2 primary vertex clusters (~ primary vertices)
17:42:25    HepMC3InputC   DEBUG     Found 8 undecayed particles in the event
17:42:25    HepMC3InputC   DEBUG     Reserving 1 vertices and 8 particles
17:42:25    HepMC3InputC   DEBUG     Converting HepMC3 vertices to internal EDM took 0.007 ms
17:42:25    HepMC3InputC   DEBUG     Converted 8 particles and 2 vertices
17:42:25    HepMC3InputC   DEBUG     Sorting particles and vertices took 0 ms
17:42:25    FatrasSimula   DEBUG     8 input particles
17:42:25    FatrasSimula   DEBUG     8 simulated particles (initial state)
17:42:25    FatrasSimula   DEBUG     8 simulated particles (final state)
17:42:25    FatrasSimula   DEBUG     100 simulated hits
17:42:25    Digitization   DEBUG     Loaded 100 sim hits
17:42:25    Digitization   DEBUG     Starting loop over modules ...
17:42:25    Digitization   DEBUG     Created 100 measurements, 100 clusters from 100 sim hits.
17:42:25    ParticleSele   DEBUG     event 153 selected 8 from 8 particles
17:42:25    ParticleSele   DEBUG     filtered out because of charge: 0
17:42:25    ParticleSele   DEBUG     filtered out because of hit count: 0
17:42:25    ParticleSele   DEBUG     filtered out because of measurement count: 0
17:42:25    SpacePointMa   DEBUG     Created 35 pixel space points
17:42:25    SpacePointMa   DEBUG     Build strip space points
17:42:25    SpacePointMa   DEBUG     Created 0 strip space points
17:42:25    SpacePointMa   DEBUG     Created 35 space points
17:42:25    GridTripletS   DEBUG     Created 32 track seeds from 35 space points
17:42:25    TrackParamsE   DEBUG     Estimated 32 track parameters from 32 seeds
17:42:25    SeedsToTrack   DEBUG     Received 32 seeds
17:42:25    SeedsToTrack   DEBUG     Produced 32 tracks
17:42:25    RzTrackFindi   DEBUG     Binned 100 of 100 measurements
17:42:25    RzTrackFindi   DEBUG     Found 32 tracks from 32 seeds
17:42:25    Sequencer      DEBUG     finished event 153
17:42:25    Sequencer      DEBUG     start processing event 154 on thread 0
17:42:25    EventGenerat   DEBUG     Generating primary vertices took 0.003084 ms total, 1.542 us +- 0.125 us per sample (#2)
17:42:25    EventGenerat   DEBUG     Merging HepMC3 events took 0.003625 ms total, 1.8125 us +- 0.1465 us per sample (#2)
17:42:25    EventGenerat   DEBUG     event=154 n_primary_vertices=2 n_particles=10
17:42:25    HepMC3InputC   DEBUG     HepMC3InputConverter::execute
17:42:25    HepMC3InputC   DEBUG     Have 2 vertices
17:42:25    HepMC3InputC   DEBUG     Have 10 particles
17:42:25    HepMC3InputC   DEBUG     Have 154 event number
17:42:25    HepMC3InputC   DEBUG     Converting HepMC3 event to internal EDM
17:42:25    HepMC3InputC   DEBUG     Finding primary vertex clusters took 0 ms
17:42:25    HepMC3InputC   DEBUG     Found 2 primary vertex clusters (~ primary vertices)
17:42:25    HepMC3InputC   DEBUG     Found 8 undecayed particles in the event
17:42:25    HepMC3InputC   DEBUG     Reserving 1 vertices and 8 particles
17:42:25    HepMC3InputC   DEBUG     Converting HepMC3 vertices to internal EDM took 0.007 ms
17:42:25    HepMC3InputC   DEBUG     Converted 8 particles and 2 vertices
17:42:25    HepMC3InputC   DEBUG     Sorting particles and vertices took 0 ms
17:42:25    FatrasSimula   DEBUG     8 input particles
17:42:25    FatrasSimula   DEBUG     8 simulated particles (initial state)
17:42:25    FatrasSimula   DEBUG     8 simulated particles (final state)
17:42:25    FatrasSimula   DEBUG     97 simulated hits
17:42:25    Digitization   DEBUG     Loaded 97 sim hits
17:42:25    Digitization   DEBUG     Starting loop over modules ...
17:42:25    Digitization   DEBUG     Created 97 measurements, 97 clusters from 97 sim hits.
17:42:25    ParticleSele   DEBUG     event 154 selected 8 from 8 particles
17:42:25    ParticleSele   DEBUG     filtered out because of charge: 0
17:42:25    ParticleSele   DEBUG     filtered out because of hit count: 0
17:42:25    ParticleSele   DEBUG     filtered out because of measurement count: 0
17:42:25    SpacePointMa   DEBUG     Created 42 pixel space points
17:42:25    SpacePointMa   DEBUG     Build strip space points
17:42:25    SpacePointMa   DEBUG     Created 0 strip space points
17:42:25    SpacePointMa   DEBUG     Created 42 space points
17:42:25    GridTripletS   DEBUG     Created 42 track seeds from 42 space points
17:42:25    TrackParamsE   DEBUG     Estimated 42 track parameters from 42 seeds
17:42:25    SeedsToTrack   DEBUG     Received 42 seeds
17:42:25    SeedsToTrack   DEBUG     Produced 42 tracks
17:42:25    RzTrackFindi   DEBUG     Binned 97 of 97 measurements
17:42:25    RzTrackFindi   DEBUG     Found 42 tracks from 42 seeds
17:42:25    Sequencer      DEBUG     finished event 154
17:42:25    Sequencer      DEBUG     start processing event 155 on thread 0
17:42:25    EventGenerat   DEBUG     Generating primary vertices took 0.003166 ms total, 1.583 us +- 0.125 us per sample (#2)
17:42:25    EventGenerat   DEBUG     Merging HepMC3 events took 0.0035 ms total, 1.75 us +- 0.125 us per sample (#2)
17:42:25    EventGenerat   DEBUG     event=155 n_primary_vertices=2 n_particles=10
17:42:25    HepMC3InputC   DEBUG     HepMC3InputConverter::execute
17:42:25    HepMC3InputC   DEBUG     Have 2 vertices
17:42:25    HepMC3InputC   DEBUG     Have 10 particles
17:42:25    HepMC3InputC   DEBUG     Have 155 event number
17:42:25    HepMC3InputC   DEBUG     Converting HepMC3 event to internal EDM
17:42:25    HepMC3InputC   DEBUG     Finding primary vertex clusters took 0 ms
17:42:25    HepMC3InputC   DEBUG     Found 2 primary vertex clusters (~ primary vertices)
17:42:25    HepMC3InputC   DEBUG     Found 8 undecayed particles in the event
17:42:25    HepMC3InputC   DEBUG     Reserving 1 vertices and 8 particles
17:42:25    HepMC3InputC   DEBUG     Converting HepMC3 vertices to internal EDM took 0.007 ms
17:42:25    HepMC3InputC   DEBUG     Converted 8 particles and 2 vertices
17:42:25    HepMC3InputC   DEBUG     Sorting particles and vertices took 0 ms
17:42:25    FatrasSimula   DEBUG     8 input particles
17:42:25    FatrasSimula   DEBUG     8 simulated particles (initial state)
17:42:25    FatrasSimula   DEBUG     8 simulated particles (final state)
17:42:25    FatrasSimula   DEBUG     100 simulated hits
17:42:25    Digitization   DEBUG     Loaded 100 sim hits
17:42:25    Digitization   DEBUG     Starting loop over modules ...
17:42:25    Digitization   DEBUG     Created 100 measurements, 100 clusters from 100 sim hits.
17:42:25    ParticleSele   DEBUG     event 155 selected 8 from 8 particles
17:42:25    ParticleSele   DEBUG     filtered out because of charge: 0
17:42:25    ParticleSele   DEBUG     filtered out because of hit count: 0
17:42:25    ParticleSele   DEBUG     filtered out because of measurement count: 0
17:42:25    SpacePointMa   DEBUG     Created 42 pixel space points
17:42:25    SpacePointMa   DEBUG     Build strip space points
17:42:25    SpacePointMa   DEBUG     Created 0 strip space points
17:42:25    SpacePointMa   DEBUG     Created 42 space points
17:42:25    GridTripletS   DEBUG     Created 42 track seeds from 42 space points
17:42:25    TrackParamsE   DEBUG     Estimated 42 track parameters from 42 seeds
17:42:25    SeedsToTrack   DEBUG     Received 42 seeds
17:42:25    SeedsToTrack   DEBUG     Produced 42 tracks
17:42:25    RzTrackFindi   DEBUG     Binned 100 of 100 measurements
17:42:25    RzTrackFindi   DEBUG     Found 42 tracks from 42 seeds
17:42:25    Sequencer      DEBUG     finished event 155
17:42:25    Sequencer      DEBUG     start processing event 156 on thread 0
17:42:25    EventGenerat   DEBUG     Generating primary vertices took 0.003125 ms total, 1.5625 us +- 0.1455 us per sample (#2)
17:42:25    EventGenerat   DEBUG     Merging HepMC3 events took 0.003541 ms total, 1.7705 us +- 0.1455 us per sample (#2)
17:42:25    EventGenerat   DEBUG     event=156 n_primary_vertices=2 n_particles=10
17:42:25    HepMC3InputC   DEBUG     HepMC3InputConverter::execute
17:42:25    HepMC3InputC   DEBUG     Have 2 vertices
17:42:25    HepMC3InputC   DEBUG     Have 10 particles
17:42:25    HepMC3InputC   DEBUG     Have 156 event number
17:42:25    HepMC3InputC   DEBUG     Converting HepMC3 event to internal EDM
17:42:25    HepMC3InputC   DEBUG     Finding primary vertex clusters took 0 ms
17:42:25    HepMC3InputC   DEBUG     Found 2 primary vertex clusters (~ primary vertices)
17:42:25    HepMC3InputC   DEBUG     Found 8 undecayed particles in the event
17:42:25    HepMC3InputC   DEBUG     Reserving 1 vertices and 8 particles
17:42:25    HepMC3InputC   DEBUG     Converting HepMC3 vertices to internal EDM took 0.007 ms
17:42:25    HepMC3InputC   DEBUG     Converted 8 particles and 2 vertices
17:42:25    HepMC3InputC   DEBUG     Sorting particles and vertices took 0 ms
17:42:25    FatrasSimula   DEBUG     8 input particles
17:42:25    FatrasSimula   DEBUG     8 simulated particles (initial state)
17:42:25    FatrasSimula   DEBUG     8 simulated particles (final state)
17:42:25    FatrasSimula   DEBUG     98 simulated hits
17:42:25    Digitization   DEBUG     Loaded 98 sim hits
17:42:25    Digitization   DEBUG     Starting loop over modules ...
17:42:25    Digitization   DEBUG     Created 98 measurements, 98 clusters from 98 sim hits.
17:42:25    ParticleSele   DEBUG     event 156 selected 8 from 8 particles
17:42:25    ParticleSele   DEBUG     filtered out because of charge: 0
17:42:25    ParticleSele   DEBUG     filtered out because of hit count: 0
17:42:25    ParticleSele   DEBUG     filtered out because of measurement count: 0
17:42:25    SpacePointMa   DEBUG     Created 41 pixel space points
17:42:25    SpacePointMa   DEBUG     Build strip space points
17:42:25    SpacePointMa   DEBUG     Created 0 strip space points
17:42:25    SpacePointMa   DEBUG     Created 41 space points
17:42:25    GridTripletS   DEBUG     Created 37 track seeds from 41 space points
17:42:25    TrackParamsE   DEBUG     Estimated 37 track parameters from 37 seeds
17:42:25    SeedsToTrack   DEBUG     Received 37 seeds
17:42:25    SeedsToTrack   DEBUG     Produced 37 tracks
17:42:25    RzTrackFindi   DEBUG     Binned 98 of 98 measurements
17:42:25    RzTrackFindi   DEBUG     Found 37 tracks from 37 seeds
17:42:25    Sequencer      DEBUG     finished event 156
17:42:25    Sequencer      DEBUG     start processing event 157 on thread 0
17:42:25    EventGenerat   DEBUG     Generating primary vertices took 0.003375 ms total, 1.6875 us +- 0.1045 us per sample (#2)
17:42:25    EventGenerat   DEBUG     Merging HepMC3 events took 0.003875 ms total, 1.9375 us +- 0.1875 us per sample (#2)
17:42:25    EventGenerat   DEBUG     event=157 n_primary_vertices=2 n_particles=10
17:42:25    HepMC3InputC   DEBUG     HepMC3InputConverter::execute
17:42:25    HepMC3InputC   DEBUG     Have 2 vertices
17:42:25    HepMC3InputC   DEBUG     Have 10 particles
17:42:25    HepMC3InputC   DEBUG     Have 157 event number
17:42:25    HepMC3InputC   DEBUG     Converting HepMC3 event to internal EDM
17:42:25    HepMC3InputC   DEBUG     Finding primary vertex clusters took 0 ms
17:42:25    HepMC3InputC   DEBUG     Found 2 primary vertex clusters (~ primary vertices)
17:42:25    HepMC3InputC   DEBUG     Found 8 undecayed particles in the event
17:42:25    HepMC3InputC   DEBUG     Reserving 1 vertices and 8 particles
17:42:25    HepMC3InputC   DEBUG     Converting HepMC3 vertices to internal EDM took 0.008 ms
17:42:25    HepMC3InputC   DEBUG     Converted 8 particles and 2 vertices
17:42:25    HepMC3InputC   DEBUG     Sorting particles and vertices took 0 ms
17:42:25    FatrasSimula   DEBUG     8 input particles
17:42:25    FatrasSimula   DEBUG     8 simulated particles (initial state)
17:42:25    FatrasSimula   DEBUG     8 simulated particles (final state)
17:42:25    FatrasSimula   DEBUG     89 simulated hits
17:42:25    Digitization   DEBUG     Loaded 89 sim hits
17:42:25    Digitization   DEBUG     Starting loop over modules ...
17:42:25    Digitization   DEBUG     Created 89 measurements, 89 clusters from 89 sim hits.
17:42:25    ParticleSele   DEBUG     event 157 selected 8 from 8 particles
17:42:25    ParticleSele   DEBUG     filtered out because of charge: 0
17:42:25    ParticleSele   DEBUG     filtered out because of hit count: 0
17:42:25    ParticleSele   DEBUG     filtered out because of measurement count: 0
17:42:25    SpacePointMa   DEBUG     Created 37 pixel space points
17:42:25    SpacePointMa   DEBUG     Build strip space points
17:42:25    SpacePointMa   DEBUG     Created 0 strip space points
17:42:25    SpacePointMa   DEBUG     Created 37 space points
17:42:25    GridTripletS   DEBUG     Created 34 track seeds from 37 space points
17:42:25    TrackParamsE   DEBUG     Estimated 34 track parameters from 34 seeds
17:42:25    SeedsToTrack   DEBUG     Received 34 seeds
17:42:25    SeedsToTrack   DEBUG     Produced 34 tracks
17:42:25    RzTrackFindi   DEBUG     Binned 89 of 89 measurements
17:42:25    RzTrackFindi   DEBUG     Found 34 tracks from 34 seeds
17:42:25    Sequencer      DEBUG     finished event 157
17:42:25    Sequencer      DEBUG     start processing event 158 on thread 0
17:42:25    EventGenerat   DEBUG     Generating primary vertices took 0.003125 ms total, 1.5625 us +- 0.1045 us per sample (#2)
17:42:25    EventGenerat   DEBUG     Merging HepMC3 events took 0.003583 ms total, 1.7915 us +- 0.1255 us per sample (#2)
17:42:25    EventGenerat   DEBUG     event=158 n_primary_vertices=2 n_particles=10
17:42:25    HepMC3InputC   DEBUG     HepMC3InputConverter::execute
17:42:25    HepMC3InputC   DEBUG     Have 2 vertices
17:42:25    HepMC3InputC   DEBUG     Have 10 particles
17:42:25    HepMC3InputC   DEBUG     Have 158 event number
17:42:25    HepMC3InputC   DEBUG     Converting HepMC3 event to internal EDM
17:42:25    HepMC3InputC   DEBUG     Finding primary vertex clusters took 0 ms
17:42:25    HepMC3InputC   DEBUG     Found 2 primary vertex clusters (~ primary vertices)
17:42:25    HepMC3InputC   DEBUG     Found 8 undecayed particles in the event
17:42:25    HepMC3InputC   DEBUG     Reserving 1 vertices and 8 particles
17:42:25    HepMC3InputC   DEBUG     Converting HepMC3 vertices to internal EDM took 0.007 ms
17:42:25    HepMC3InputC   DEBUG     Converted 8 particles and 2 vertices
17:42:25    HepMC3InputC   DEBUG     Sorting particles and vertices took 0 ms
17:42:25    FatrasSimula   DEBUG     8 input particles
17:42:25    FatrasSimula   DEBUG     8 simulated particles (initial state)
17:42:25    FatrasSimula   DEBUG     8 simulated particles (final state)
17:42:25    FatrasSimula   DEBUG     94 simulated hits
17:42:25    Digitization   DEBUG     Loaded 94 sim hits
17:42:25    Digitization   DEBUG     Starting loop over modules ...
17:42:25    Digitization   DEBUG     Created 94 measurements, 94 clusters from 94 sim hits.
17:42:25    ParticleSele   DEBUG     event 158 selected 8 from 8 particles
17:42:25    ParticleSele   DEBUG     filtered out because of charge: 0
17:42:25    ParticleSele   DEBUG     filtered out because of hit count: 0
17:42:25    ParticleSele   DEBUG     filtered out because of measurement count: 0
17:42:25    SpacePointMa   DEBUG     Created 40 pixel space points
17:42:25    SpacePointMa   DEBUG     Build strip space points
17:42:25    SpacePointMa   DEBUG     Created 0 strip space points
17:42:25    SpacePointMa   DEBUG     Created 40 space points
17:42:25    GridTripletS   DEBUG     Created 40 track seeds from 40 space points
17:42:25    TrackParamsE   DEBUG     Estimated 40 track parameters from 40 seeds
17:42:25    SeedsToTrack   DEBUG     Received 40 seeds
17:42:25    SeedsToTrack   DEBUG     Produced 40 tracks
17:42:25    RzTrackFindi   DEBUG     Binned 94 of 94 measurements
17:42:25    RzTrackFindi   DEBUG     Found 40 tracks from 40 seeds
17:42:25    Sequencer      DEBUG     finished event 158
17:42:25    Sequencer      DEBUG     start processing event 159 on thread 0
17:42:25    EventGenerat   DEBUG     Generating primary vertices took 0.003166 ms total, 1.583 us +- 0.125 us per sample (#2)
17:42:25    EventGenerat   DEBUG     Merging HepMC3 events took 0.003583 ms total, 1.7915 us +- 0.1665 us per sample (#2)
17:42:25    EventGenerat   DEBUG     event=159 n_primary_vertices=2 n_particles=10
17:42:25    HepMC3InputC   DEBUG     HepMC3InputConverter::execute
17:42:25    HepMC3InputC   DEBUG     Have 2 vertices
17:42:25    HepMC3InputC   DEBUG     Have 10 particles
17:42:25    HepMC3InputC   DEBUG     Have 159 event number
17:42:25    HepMC3InputC   DEBUG     Converting HepMC3 event to internal EDM
17:42:25    HepMC3InputC   DEBUG     Finding primary vertex clusters took 0 ms
17:42:25    HepMC3InputC   DEBUG     Found 2 primary vertex clusters (~ primary vertices)
17:42:25    HepMC3InputC   DEBUG     Found 8 undecayed particles in the event
17:42:25    HepMC3InputC   DEBUG     Reserving 1 vertices and 8 particles
17:42:25    HepMC3InputC   DEBUG     Converting HepMC3 vertices to internal EDM took 0.007 ms
17:42:25    HepMC3InputC   DEBUG     Converted 8 particles and 2 vertices
17:42:25    HepMC3InputC   DEBUG     Sorting particles and vertices took 0 ms
17:42:25    FatrasSimula   DEBUG     8 input particles
17:42:25    FatrasSimula   DEBUG     8 simulated particles (initial state)
17:42:25    FatrasSimula   DEBUG     8 simulated particles (final state)
17:42:25    FatrasSimula   DEBUG     95 simulated hits
17:42:25    Digitization   DEBUG     Loaded 95 sim hits
17:42:25    Digitization   DEBUG     Starting loop over modules ...
17:42:25    Digitization   DEBUG     Created 95 measurements, 95 clusters from 95 sim hits.
17:42:25    ParticleSele   DEBUG     event 159 selected 8 from 8 particles
17:42:25    ParticleSele   DEBUG     filtered out because of charge: 0
17:42:25    ParticleSele   DEBUG     filtered out because of hit count: 0
17:42:25    ParticleSele   DEBUG     filtered out because of measurement count: 0
17:42:25    SpacePointMa   DEBUG     Created 39 pixel space points
17:42:25    SpacePointMa   DEBUG     Build strip space points
17:42:25    SpacePointMa   DEBUG     Created 0 strip space points
17:42:25    SpacePointMa   DEBUG     Created 39 space points
17:42:25    GridTripletS   DEBUG     Created 29 track seeds from 39 space points
17:42:25    TrackParamsE   DEBUG     Estimated 29 track parameters from 29 seeds
17:42:25    SeedsToTrack   DEBUG     Received 29 seeds
17:42:25    SeedsToTrack   DEBUG     Produced 29 tracks
17:42:25    RzTrackFindi   DEBUG     Binned 95 of 95 measurements
17:42:25    RzTrackFindi   DEBUG     Found 29 tracks from 29 seeds
17:42:25    Sequencer      DEBUG     finished event 159
17:42:25    Sequencer      DEBUG     start processing event 160 on thread 0
17:42:25    EventGenerat   DEBUG     Generating primary vertices took 0.00325 ms total, 1.625 us +- 0.125 us per sample (#2)
17:42:25    EventGenerat   DEBUG     Merging HepMC3 events took 0.003542 ms total, 1.771 us +- 0.146 us per sample (#2)
17:42:25    EventGenerat   DEBUG     event=160 n_primary_vertices=2 n_particles=10
17:42:25    HepMC3InputC   DEBUG     HepMC3InputConverter::execute
17:42:25    HepMC3InputC   DEBUG     Have 2 vertices
17:42:25    HepMC3InputC   DEBUG     Have 10 particles
17:42:25    HepMC3InputC   DEBUG     Have 160 event number
17:42:25    HepMC3InputC   DEBUG     Converting HepMC3 event to internal EDM
17:42:25    HepMC3InputC   DEBUG     Finding primary vertex clusters took 0 ms
17:42:25    HepMC3InputC   DEBUG     Found 2 primary vertex clusters (~ primary vertices)
17:42:25    HepMC3InputC   DEBUG     Found 8 undecayed particles in the event
17:42:25    HepMC3InputC   DEBUG     Reserving 1 vertices and 8 particles
17:42:25    HepMC3InputC   DEBUG     Converting HepMC3 vertices to internal EDM took 0.007 ms
17:42:25    HepMC3InputC   DEBUG     Converted 8 particles and 2 vertices
17:42:25    HepMC3InputC   DEBUG     Sorting particles and vertices took 0 ms
17:42:25    FatrasSimula   DEBUG     8 input particles
17:42:25    FatrasSimula   DEBUG     8 simulated particles (initial state)
17:42:25    FatrasSimula   DEBUG     8 simulated particles (final state)
17:42:25    FatrasSimula   DEBUG     93 simulated hits
17:42:25    Digitization   DEBUG     Loaded 93 sim hits
17:42:25    Digitization   DEBUG     Starting loop over modules ...
17:42:25    Digitization   DEBUG     Created 93 measurements, 93 clusters from 93 sim hits.
17:42:25    ParticleSele   DEBUG     event 160 selected 8 from 8 particles
17:42:25    ParticleSele   DEBUG     filtered out because of charge: 0
17:42:25    ParticleSele   DEBUG     filtered out because of hit count: 0
17:42:25    ParticleSele   DEBUG     filtered out because of measurement count: 0
17:42:25    SpacePointMa   DEBUG     Created 40 pixel space points
17:42:25    SpacePointMa   DEBUG     Build strip space points
17:42:25    SpacePointMa   DEBUG     Created 0 strip space points
17:42:25    SpacePointMa   DEBUG     Created 40 space points
17:42:25    GridTripletS   DEBUG     Created 30 track seeds from 40 space points
17:42:25    TrackParamsE   DEBUG     Estimated 30 track parameters from 30 seeds
17:42:25    SeedsToTrack   DEBUG     Received 30 seeds
17:42:25    SeedsToTrack   DEBUG     Produced 30 tracks
17:42:25    RzTrackFindi   DEBUG     Binned 93 of 93 measurements
17:42:25    RzTrackFindi   DEBUG     Found 30 tracks from 30 seeds
17:42:25    Sequencer      DEBUG     finished event 160
17:42:25    Sequencer      DEBUG     start processing event 161 on thread 0
17:42:25    EventGenerat   DEBUG     Generating primary vertices took 0.003374 ms total, 1.687 us +- 0.146 us per sample (#2)
17:42:25    EventGenerat   DEBUG     Merging HepMC3 events took 0.003917 ms total, 1.9585 us +- 0.1665 us per sample (#2)
17:42:25    EventGenerat   DEBUG     event=161 n_primary_vertices=2 n_particles=10
17:42:25    HepMC3InputC   DEBUG     HepMC3InputConverter::execute
17:42:25    HepMC3InputC   DEBUG     Have 2 vertices
17:42:25    HepMC3InputC   DEBUG     Have 10 particles
17:42:25    HepMC3InputC   DEBUG     Have 161 event number
17:42:25    HepMC3InputC   DEBUG     Converting HepMC3 event to internal EDM
17:42:25    HepMC3InputC   DEBUG     Finding primary vertex clusters took 0 ms
17:42:25    HepMC3InputC   DEBUG     Found 2 primary vertex clusters (~ primary vertices)
17:42:25    HepMC3InputC   DEBUG     Found 8 undecayed particles in the event
17:42:25    HepMC3InputC   DEBUG     Reserving 1 vertices and 8 particles
17:42:25    HepMC3InputC   DEBUG     Converting HepMC3 vertices to internal EDM took 0.008 ms
17:42:25    HepMC3InputC   DEBUG     Converted 8 particles and 2 vertices
17:42:25    HepMC3InputC   DEBUG     Sorting particles and vertices took 0 ms
17:42:25    FatrasSimula   DEBUG     8 input particles
17:42:25    FatrasSimula   DEBUG     8 simulated particles (initial state)
17:42:25    FatrasSimula   DEBUG     8 simulated particles (final state)
17:42:25    FatrasSimula   DEBUG     92 simulated hits
17:42:25    Digitization   DEBUG     Loaded 92 sim hits
17:42:25    Digitization   DEBUG     Starting loop over modules ...
17:42:25    Digitization   DEBUG     Created 92 measurements, 92 clusters from 92 sim hits.
17:42:25    ParticleSele   DEBUG     event 161 selected 8 from 8 particles
17:42:25    ParticleSele   DEBUG     filtered out because of charge: 0
17:42:25    ParticleSele   DEBUG     filtered out because of hit count: 0
17:42:25    ParticleSele   DEBUG     filtered out because of measurement count: 0
17:42:25    SpacePointMa   DEBUG     Created 41 pixel space points
17:42:25    SpacePointMa   DEBUG     Build strip space points
17:42:25    SpacePointMa   DEBUG     Created 0 strip space points
17:42:25    SpacePointMa   DEBUG     Created 41 space points
17:42:25    GridTripletS   DEBUG     Created 36 track seeds from 41 space points
17:42:25    TrackParamsE   DEBUG     Estimated 36 track parameters from 36 seeds
17:42:25    SeedsToTrack   DEBUG     Received 36 seeds
17:42:25    SeedsToTrack   DEBUG     Produced 36 tracks
17:42:25    RzTrackFindi   DEBUG     Binned 92 of 92 measurements
17:42:25    RzTrackFindi   DEBUG     Found 36 tracks from 36 seeds
17:42:25    Sequencer      DEBUG     finished event 161
17:42:25    Sequencer      DEBUG     start processing event 162 on thread 0
17:42:25    EventGenerat   DEBUG     Generating primary vertices took 0.003042 ms total, 1.521 us +- 0.104 us per sample (#2)
17:42:25    EventGenerat   DEBUG     Merging HepMC3 events took 0.003542 ms total, 1.771 us +- 0.146 us per sample (#2)
17:42:25    EventGenerat   DEBUG     event=162 n_primary_vertices=2 n_particles=10
17:42:25    HepMC3InputC   DEBUG     HepMC3InputConverter::execute
17:42:25    HepMC3InputC   DEBUG     Have 2 vertices
17:42:25    HepMC3InputC   DEBUG     Have 10 particles
17:42:25    HepMC3InputC   DEBUG     Have 162 event number
17:42:25    HepMC3InputC   DEBUG     Converting HepMC3 event to internal EDM
17:42:25    HepMC3InputC   DEBUG     Finding primary vertex clusters took 0 ms
17:42:25    HepMC3InputC   DEBUG     Found 2 primary vertex clusters (~ primary vertices)
17:42:25    HepMC3InputC   DEBUG     Found 8 undecayed particles in the event
17:42:25    HepMC3InputC   DEBUG     Reserving 1 vertices and 8 particles
17:42:25    HepMC3InputC   DEBUG     Converting HepMC3 vertices to internal EDM took 0.007 ms
17:42:25    HepMC3InputC   DEBUG     Converted 8 particles and 2 vertices
17:42:25    HepMC3InputC   DEBUG     Sorting particles and vertices took 0 ms
17:42:25    FatrasSimula   DEBUG     8 input particles
17:42:25    FatrasSimula   DEBUG     8 simulated particles (initial state)
17:42:25    FatrasSimula   DEBUG     8 simulated particles (final state)
17:42:25    FatrasSimula   DEBUG     104 simulated hits
17:42:25    Digitization   DEBUG     Loaded 104 sim hits
17:42:25    Digitization   DEBUG     Starting loop over modules ...
17:42:25    Digitization   DEBUG     Created 104 measurements, 104 clusters from 104 sim hits.
17:42:25    ParticleSele   DEBUG     event 162 selected 8 from 8 particles
17:42:25    ParticleSele   DEBUG     filtered out because of charge: 0
17:42:25    ParticleSele   DEBUG     filtered out because of hit count: 0
17:42:25    ParticleSele   DEBUG     filtered out because of measurement count: 0
17:42:25    SpacePointMa   DEBUG     Created 42 pixel space points
17:42:25    SpacePointMa   DEBUG     Build strip space points
17:42:25    SpacePointMa   DEBUG     Created 0 strip space points
17:42:25    SpacePointMa   DEBUG     Created 42 space points
17:42:25    GridTripletS   DEBUG     Created 33 track seeds from 42 space points
17:42:25    TrackParamsE   DEBUG     Estimated 33 track parameters from 33 seeds
17:42:25    SeedsToTrack   DEBUG     Received 33 seeds
17:42:25    SeedsToTrack   DEBUG     Produced 33 tracks
17:42:25    RzTrackFindi   DEBUG     Binned 104 of 104 measurements
17:42:25    RzTrackFindi   DEBUG     Found 33 tracks from 33 seeds
17:42:25    Sequencer      DEBUG     finished event 162
17:42:25    Sequencer      DEBUG     start processing event 163 on thread 0
17:42:25    EventGenerat   DEBUG     Generating primary vertices took 0.003208 ms total, 1.604 us +- 0.146 us per sample (#2)
17:42:25    EventGenerat   DEBUG     Merging HepMC3 events took 0.003584 ms total, 1.792 us +- 0.167 us per sample (#2)
17:42:25    EventGenerat   DEBUG     event=163 n_primary_vertices=2 n_particles=10
17:42:25    HepMC3InputC   DEBUG     HepMC3InputConverter::execute
17:42:25    HepMC3InputC   DEBUG     Have 2 vertices
17:42:25    HepMC3InputC   DEBUG     Have 10 particles
17:42:25    HepMC3InputC   DEBUG     Have 163 event number
17:42:25    HepMC3InputC   DEBUG     Converting HepMC3 event to internal EDM
17:42:25    HepMC3InputC   DEBUG     Finding primary vertex clusters took 0 ms
17:42:25    HepMC3InputC   DEBUG     Found 2 primary vertex clusters (~ primary vertices)
17:42:25    HepMC3InputC   DEBUG     Found 8 undecayed particles in the event
17:42:25    HepMC3InputC   DEBUG     Reserving 1 vertices and 8 particles
17:42:25    HepMC3InputC   DEBUG     Converting HepMC3 vertices to internal EDM took 0.007 ms
17:42:25    HepMC3InputC   DEBUG     Converted 8 particles and 2 vertices
17:42:25    HepMC3InputC   DEBUG     Sorting particles and vertices took 0 ms
17:42:25    FatrasSimula   DEBUG     8 input particles
17:42:25    FatrasSimula   DEBUG     8 simulated particles (initial state)
17:42:25    FatrasSimula   DEBUG     8 simulated particles (final state)
17:42:25    FatrasSimula   DEBUG     92 simulated hits
17:42:25    Digitization   DEBUG     Loaded 92 sim hits
17:42:25    Digitization   DEBUG     Starting loop over modules ...
17:42:25    Digitization   DEBUG     Created 92 measurements, 92 clusters from 92 sim hits.
17:42:25    ParticleSele   DEBUG     event 163 selected 8 from 8 particles
17:42:25    ParticleSele   DEBUG     filtered out because of charge: 0
17:42:25    ParticleSele   DEBUG     filtered out because of hit count: 0
17:42:25    ParticleSele   DEBUG     filtered out because of measurement count: 0
17:42:25    SpacePointMa   DEBUG     Created 40 pixel space points
17:42:25    SpacePointMa   DEBUG     Build strip space points
17:42:25    SpacePointMa   DEBUG     Created 0 strip space points
17:42:25    SpacePointMa   DEBUG     Created 40 space points
17:42:25    GridTripletS   DEBUG     Created 38 track seeds from 40 space points
17:42:25    TrackParamsE   DEBUG     Estimated 38 track parameters from 38 seeds
17:42:25    SeedsToTrack   DEBUG     Received 38 seeds
17:42:25    SeedsToTrack   DEBUG     Produced 38 tracks
17:42:25    RzTrackFindi   DEBUG     Binned 92 of 92 measurements
17:42:25    RzTrackFindi   DEBUG     Found 38 tracks from 38 seeds
17:42:25    Sequencer      DEBUG     finished event 163
17:42:25    Sequencer      DEBUG     start processing event 164 on thread 0
17:42:25    EventGenerat   DEBUG     Generating primary vertices took 0.003083 ms total, 1.5415 us +- 0.1665 us per sample (#2)
17:42:25    EventGenerat   DEBUG     Merging HepMC3 events took 0.003501 ms total, 1.7505 us +- 0.1665 us per sample (#2)
17:42:25    EventGenerat   DEBUG     event=164 n_primary_vertices=2 n_particles=10
17:42:25    HepMC3InputC   DEBUG     HepMC3InputConverter::execute
17:42:25    HepMC3InputC   DEBUG     Have 2 vertices
17:42:25    HepMC3InputC   DEBUG     Have 10 particles
17:42:25    HepMC3InputC   DEBUG     Have 164 event number
17:42:25    HepMC3InputC   DEBUG     Converting HepMC3 event to internal EDM
17:42:25    HepMC3InputC   DEBUG     Finding primary vertex clusters took 0 ms
17:42:25    HepMC3InputC   DEBUG     Found 2 primary vertex clusters (~ primary vertices)
17:42:25    HepMC3InputC   DEBUG     Found 8 undecayed particles in the event
17:42:25    HepMC3InputC   DEBUG     Reserving 1 vertices and 8 particles
17:42:25    HepMC3InputC   DEBUG     Converting HepMC3 vertices to internal EDM took 0.007 ms
17:42:25    HepMC3InputC   DEBUG     Converted 8 particles and 2 vertices
17:42:25    HepMC3InputC   DEBUG     Sorting particles and vertices took 0 ms
17:42:25    FatrasSimula   DEBUG     8 input particles
17:42:25    FatrasSimula   DEBUG     8 simulated particles (initial state)
17:42:25    FatrasSimula   DEBUG     8 simulated particles (final state)
17:42:25    FatrasSimula   DEBUG     92 simulated hits
17:42:25    Digitization   DEBUG     Loaded 92 sim hits
17:42:25    Digitization   DEBUG     Starting loop over modules ...
17:42:25    Digitization   DEBUG     Created 92 measurements, 92 clusters from 92 sim hits.
17:42:25    ParticleSele   DEBUG     event 164 selected 8 from 8 particles
17:42:25    ParticleSele   DEBUG     filtered out because of charge: 0
17:42:25    ParticleSele   DEBUG     filtered out because of hit count: 0
17:42:25    ParticleSele   DEBUG     filtered out because of measurement count: 0
17:42:25    SpacePointMa   DEBUG     Created 42 pixel space points
17:42:25    SpacePointMa   DEBUG     Build strip space points
17:42:25    SpacePointMa   DEBUG     Created 0 strip space points
17:42:25    SpacePointMa   DEBUG     Created 42 space points
17:42:25    GridTripletS   DEBUG     Created 36 track seeds from 42 space points
17:42:25    TrackParamsE   DEBUG     Estimated 36 track parameters from 36 seeds
17:42:25    SeedsToTrack   DEBUG     Received 36 seeds
17:42:25    SeedsToTrack   DEBUG     Produced 36 tracks
17:42:25    RzTrackFindi   DEBUG     Binned 92 of 92 measurements
17:42:25    RzTrackFindi   DEBUG     Found 36 tracks from 36 seeds
17:42:25    Sequencer      DEBUG     finished event 164
17:42:25    Sequencer      DEBUG     start processing event 165 on thread 0
17:42:25    EventGenerat   DEBUG     Generating primary vertices took 0.003416 ms total, 1.708 us +- 0.125 us per sample (#2)
17:42:25    EventGenerat   DEBUG     Merging HepMC3 events took 0.003793 ms total, 1.8965 us +- 0.1875 us per sample (#2)
17:42:25    EventGenerat   DEBUG     event=165 n_primary_vertices=2 n_particles=10
17:42:25    HepMC3InputC   DEBUG     HepMC3InputConverter::execute
17:42:25    HepMC3InputC   DEBUG     Have 2 vertices
17:42:25    HepMC3InputC   DEBUG     Have 10 particles
17:42:25    HepMC3InputC   DEBUG     Have 165 event number
17:42:25    HepMC3InputC   DEBUG     Converting HepMC3 event to internal EDM
17:42:25    HepMC3InputC   DEBUG     Finding primary vertex clusters took 0 ms
17:42:25    HepMC3InputC   DEBUG     Found 2 primary vertex clusters (~ primary vertices)
17:42:25    HepMC3InputC   DEBUG     Found 8 undecayed particles in the event
17:42:25    HepMC3InputC   DEBUG     Reserving 1 vertices and 8 particles
17:42:25    HepMC3InputC   DEBUG     Converting HepMC3 vertices to internal EDM took 0.008 ms
17:42:25    HepMC3InputC   DEBUG     Converted 8 particles and 2 vertices
17:42:25    HepMC3InputC   DEBUG     Sorting particles and vertices took 0 ms
17:42:25    FatrasSimula   DEBUG     8 input particles
17:42:25    FatrasSimula   DEBUG     8 simulated particles (initial state)
17:42:25    FatrasSimula   DEBUG     8 simulated particles (final state)
17:42:25    FatrasSimula   DEBUG     98 simulated hits
17:42:25    Digitization   DEBUG     Loaded 98 sim hits
17:42:25    Digitization   DEBUG     Starting loop over modules ...
17:42:25    Digitization   DEBUG     Created 98 measurements, 98 clusters from 98 sim hits.
17:42:25    ParticleSele   DEBUG     event 165 selected 8 from 8 particles
17:42:25    ParticleSele   DEBUG     filtered out because of charge: 0
17:42:25    ParticleSele   DEBUG     filtered out because of hit count: 0
17:42:25    ParticleSele   DEBUG     filtered out because of measurement count: 0
17:42:25    SpacePointMa   DEBUG     Created 37 pixel space points
17:42:25    SpacePointMa   DEBUG     Build strip space points
17:42:25    SpacePointMa   DEBUG     Created 0 strip space points
17:42:25    SpacePointMa   DEBUG     Created 37 space points
17:42:25    GridTripletS   DEBUG     Created 29 track seeds from 37 space points
17:42:25    TrackParamsE   DEBUG     Estimated 29 track parameters from 29 seeds
17:42:25    SeedsToTrack   DEBUG     Received 29 seeds
17:42:25    SeedsToTrack   DEBUG     Produced 29 tracks
17:42:25    RzTrackFindi   DEBUG     Binned 98 of 98 measurements
17:42:25    RzTrackFindi   DEBUG     Found 29 tracks from 29 seeds
17:42:25    Sequencer      DEBUG     finished event 165
17:42:25    Sequencer      DEBUG     start processing event 166 on thread 0
17:42:25    EventGenerat   DEBUG     Generating primary vertices took 0.003124 ms total, 1.562 us +- 0.146 us per sample (#2)
17:42:25    EventGenerat   DEBUG     Merging HepMC3 events took 0.003625 ms total, 1.8125 us +- 0.1465 us per sample (#2)
17:42:25    EventGenerat   DEBUG     event=166 n_primary_vertices=2 n_particles=10
17:42:25    HepMC3InputC   DEBUG     HepMC3InputConverter::execute
17:42:25    HepMC3InputC   DEBUG     Have 2 vertices
17:42:25    HepMC3InputC   DEBUG     Have 10 particles
17:42:25    HepMC3InputC   DEBUG     Have 166 event number
17:42:25    HepMC3InputC   DEBUG     Converting HepMC3 event to internal EDM
17:42:25    HepMC3InputC   DEBUG     Finding primary vertex clusters took 0 ms
17:42:25    HepMC3InputC   DEBUG     Found 2 primary vertex clusters (~ primary vertices)
17:42:25    HepMC3InputC   DEBUG     Found 8 undecayed particles in the event
17:42:25    HepMC3InputC   DEBUG     Reserving 1 vertices and 8 particles
17:42:25    HepMC3InputC   DEBUG     Converting HepMC3 vertices to internal EDM took 0.007 ms
17:42:25    HepMC3InputC   DEBUG     Converted 8 particles and 2 vertices
17:42:25    HepMC3InputC   DEBUG     Sorting particles and vertices took 0 ms
17:42:25    FatrasSimula   DEBUG     8 input particles
17:42:25    FatrasSimula   DEBUG     8 simulated particles (initial state)
17:42:25    FatrasSimula   DEBUG     8 simulated particles (final state)
17:42:25    FatrasSimula   DEBUG     95 simulated hits
17:42:25    Digitization   DEBUG     Loaded 95 sim hits
17:42:25    Digitization   DEBUG     Starting loop over modules ...
17:42:25    Digitization   DEBUG     Created 95 measurements, 95 clusters from 95 sim hits.
17:42:25    ParticleSele   DEBUG     event 166 selected 8 from 8 particles
17:42:25    ParticleSele   DEBUG     filtered out because of charge: 0
17:42:25    ParticleSele   DEBUG     filtered out because of hit count: 0
17:42:25    ParticleSele   DEBUG     filtered out because of measurement count: 0
17:42:25    SpacePointMa   DEBUG     Created 41 pixel space points
17:42:25    SpacePointMa   DEBUG     Build strip space points
17:42:25    SpacePointMa   DEBUG     Created 0 strip space points
17:42:25    SpacePointMa   DEBUG     Created 41 space points
17:42:25    GridTripletS   DEBUG     Created 40 track seeds from 41 space points
17:42:25    TrackParamsE   DEBUG     Estimated 40 track parameters from 40 seeds
17:42:25    SeedsToTrack   DEBUG     Received 40 seeds
17:42:25    SeedsToTrack   DEBUG     Produced 40 tracks
17:42:25    RzTrackFindi   DEBUG     Binned 95 of 95 measurements
17:42:25    RzTrackFindi   DEBUG     Found 40 tracks from 40 seeds
17:42:25    Sequencer      DEBUG     finished event 166
17:42:25    Sequencer      DEBUG     start processing event 167 on thread 0
17:42:25    EventGenerat   DEBUG     Generating primary vertices took 0.003208 ms total, 1.604 us +- 0.146 us per sample (#2)
17:42:25    EventGenerat   DEBUG     Merging HepMC3 events took 0.003625 ms total, 1.8125 us +- 0.1875 us per sample (#2)
17:42:25    EventGenerat   DEBUG     event=167 n_primary_vertices=2 n_particles=10
17:42:25    HepMC3InputC   DEBUG     HepMC3InputConverter::execute
17:42:25    HepMC3InputC   DEBUG     Have 2 vertices
17:42:25    HepMC3InputC   DEBUG     Have 10 particles
17:42:25    HepMC3InputC   DEBUG     Have 167 event number
17:42:25    HepMC3InputC   DEBUG     Converting HepMC3 event to internal EDM
17:42:25    HepMC3InputC   DEBUG     Finding primary vertex clusters took 0 ms
17:42:25    HepMC3InputC   DEBUG     Found 2 primary vertex clusters (~ primary vertices)
17:42:25    HepMC3InputC   DEBUG     Found 8 undecayed particles in the event
17:42:25    HepMC3InputC   DEBUG     Reserving 1 vertices and 8 particles
17:42:25    HepMC3InputC   DEBUG     Converting HepMC3 vertices to internal EDM took 0.007 ms
17:42:25    HepMC3InputC   DEBUG     Converted 8 particles and 2 vertices
17:42:25    HepMC3InputC   DEBUG     Sorting particles and vertices took 0 ms
17:42:25    FatrasSimula   DEBUG     8 input particles
17:42:25    FatrasSimula   DEBUG     8 simulated particles (initial state)
17:42:25    FatrasSimula   DEBUG     8 simulated particles (final state)
17:42:25    FatrasSimula   DEBUG     91 simulated hits
17:42:25    Digitization   DEBUG     Loaded 91 sim hits
17:42:25    Digitization   DEBUG     Starting loop over modules ...
17:42:25    Digitization   DEBUG     Created 91 measurements, 91 clusters from 91 sim hits.
17:42:25    ParticleSele   DEBUG     event 167 selected 8 from 8 particles
17:42:25    ParticleSele   DEBUG     filtered out because of charge: 0
17:42:25    ParticleSele   DEBUG     filtered out because of hit count: 0
17:42:25    ParticleSele   DEBUG     filtered out because of measurement count: 0
17:42:25    SpacePointMa   DEBUG     Created 43 pixel space points
17:42:25    SpacePointMa   DEBUG     Build strip space points
17:42:25    SpacePointMa   DEBUG     Created 0 strip space points
17:42:25    SpacePointMa   DEBUG     Created 43 space points
17:42:25    GridTripletS   DEBUG     Created 40 track seeds from 43 space points
17:42:25    TrackParamsE   DEBUG     Estimated 40 track parameters from 40 seeds
17:42:25    SeedsToTrack   DEBUG     Received 40 seeds
17:42:25    SeedsToTrack   DEBUG     Produced 40 tracks
17:42:25    RzTrackFindi   DEBUG     Binned 91 of 91 measurements
17:42:25    RzTrackFindi   DEBUG     Found 40 tracks from 40 seeds
17:42:25    Sequencer      DEBUG     finished event 167
17:42:25    Sequencer      DEBUG     start processing event 168 on thread 0
17:42:25    EventGenerat   DEBUG     Generating primary vertices took 0.003126 ms total, 1.563 us +- 0.146 us per sample (#2)
17:42:25    EventGenerat   DEBUG     Merging HepMC3 events took 0.003583 ms total, 1.7915 us +- 0.1255 us per sample (#2)
17:42:25    EventGenerat   DEBUG     event=168 n_primary_vertices=2 n_particles=10
17:42:25    HepMC3InputC   DEBUG     HepMC3InputConverter::execute
17:42:25    HepMC3InputC   DEBUG     Have 2 vertices
17:42:25    HepMC3InputC   DEBUG     Have 10 particles
17:42:25    HepMC3InputC   DEBUG     Have 168 event number
17:42:25    HepMC3InputC   DEBUG     Converting HepMC3 event to internal EDM
17:42:25    HepMC3InputC   DEBUG     Finding primary vertex clusters took 0 ms
17:42:25    HepMC3InputC   DEBUG     Found 2 primary vertex clusters (~ primary vertices)
17:42:25    HepMC3InputC   DEBUG     Found 8 undecayed particles in the event
17:42:25    HepMC3InputC   DEBUG     Reserving 1 vertices and 8 particles
17:42:25    HepMC3InputC   DEBUG     Converting HepMC3 vertices to internal EDM took 0.007 ms
17:42:25    HepMC3InputC   DEBUG     Converted 8 particles and 2 vertices
17:42:25    HepMC3InputC   DEBUG     Sorting particles and vertices took 0 ms
17:42:25    FatrasSimula   DEBUG     8 input particles
17:42:25    FatrasSimula   DEBUG     8 simulated particles (initial state)
17:42:25    FatrasSimula   DEBUG     8 simulated particles (final state)
17:42:25    FatrasSimula   DEBUG     96 simulated hits
17:42:25    Digitization   DEBUG     Loaded 96 sim hits
17:42:25    Digitization   DEBUG     Starting loop over modules ...
17:42:25    Digitization   DEBUG     Created 96 measurements, 96 clusters from 96 sim hits.
17:42:25    ParticleSele   DEBUG     event 168 selected 8 from 8 particles
17:42:25    ParticleSele   DEBUG     filtered out because of charge: 0
17:42:25    ParticleSele   DEBUG     filtered out because of hit count: 0
17:42:25    ParticleSele   DEBUG     filtered out because of measurement count: 0
17:42:25    SpacePointMa   DEBUG     Created 43 pixel space points
17:42:25    SpacePointMa   DEBUG     Build strip space points
17:42:25    SpacePointMa   DEBUG     Created 0 strip space points
17:42:25    SpacePointMa   DEBUG     Created 43 space points
17:42:25    GridTripletS   DEBUG     Created 40 track seeds from 43 space points
17:42:25    TrackParamsE   DEBUG     Estimated 40 track parameters from 40 seeds
17:42:25    SeedsToTrack   DEBUG     Received 40 seeds
17:42:25    SeedsToTrack   DEBUG     Produced 40 tracks
17:42:25    RzTrackFindi   DEBUG     Binned 96 of 96 measurements
17:42:25    RzTrackFindi   DEBUG     Found 40 tracks from 40 seeds
17:42:25    Sequencer      DEBUG     finished event 168
17:42:25    Sequencer      DEBUG     start processing event 169 on thread 0
17:42:25    EventGenerat   DEBUG     Generating primary vertices took 0.003292 ms total, 1.646 us +- 0.104 us per sample (#2)
17:42:25    EventGenerat   DEBUG     Merging HepMC3 events took 0.003833 ms total, 1.9165 us +- 0.1665 us per sample (#2)
17:42:25    EventGenerat   DEBUG     event=169 n_primary_vertices=2 n_particles=10
17:42:25    HepMC3InputC   DEBUG     HepMC3InputConverter::execute
17:42:25    HepMC3InputC   DEBUG     Have 2 vertices
17:42:25    HepMC3InputC   DEBUG     Have 10 particles
17:42:25    HepMC3InputC   DEBUG     Have 169 event number
17:42:25    HepMC3InputC   DEBUG     Converting HepMC3 event to internal EDM
17:42:25    HepMC3InputC   DEBUG     Finding primary vertex clusters took 0 ms
17:42:25    HepMC3InputC   DEBUG     Found 2 primary vertex clusters (~ primary vertices)
17:42:25    HepMC3InputC   DEBUG     Found 8 undecayed particles in the event
17:42:25    HepMC3InputC   DEBUG     Reserving 1 vertices and 8 particles
17:42:25    HepMC3InputC   DEBUG     Converting HepMC3 vertices to internal EDM took 0.008 ms
17:42:25    HepMC3InputC   DEBUG     Converted 8 particles and 2 vertices
17:42:25    HepMC3InputC   DEBUG     Sorting particles and vertices took 0 ms
17:42:25    FatrasSimula   DEBUG     8 input particles
17:42:25    FatrasSimula   DEBUG     8 simulated particles (initial state)
17:42:25    FatrasSimula   DEBUG     8 simulated particles (final state)
17:42:25    FatrasSimula   DEBUG     98 simulated hits
17:42:25    Digitization   DEBUG     Loaded 98 sim hits
17:42:25    Digitization   DEBUG     Starting loop over modules ...
17:42:25    Digitization   DEBUG     Created 98 measurements, 98 clusters from 98 sim hits.
17:42:25    ParticleSele   DEBUG     event 169 selected 8 from 8 particles
17:42:25    ParticleSele   DEBUG     filtered out because of charge: 0
17:42:25    ParticleSele   DEBUG     filtered out because of hit count: 0
17:42:25    ParticleSele   DEBUG     filtered out because of measurement count: 0
17:42:25    SpacePointMa   DEBUG     Created 40 pixel space points
17:42:25    SpacePointMa   DEBUG     Build strip space points
17:42:25    SpacePointMa   DEBUG     Created 0 strip space points
17:42:25    SpacePointMa   DEBUG     Created 40 space points
17:42:25    GridTripletS   DEBUG     Created 35 track seeds from 40 space points
17:42:25    TrackParamsE   DEBUG     Estimated 35 track parameters from 35 seeds
17:42:25    SeedsToTrack   DEBUG     Received 35 seeds
17:42:25    SeedsToTrack   DEBUG     Produced 35 tracks
17:42:25    RzTrackFindi   DEBUG     Binned 98 of 98 measurements
17:42:25    RzTrackFindi   DEBUG     Found 35 tracks from 35 seeds
17:42:25    Sequencer      DEBUG     finished event 169
17:42:25    Sequencer      DEBUG     start processing event 170 on thread 0
17:42:25    EventGenerat   DEBUG     Generating primary vertices took 0.003209 ms total, 1.6045 us +- 0.1455 us per sample (#2)
17:42:25    EventGenerat   DEBUG     Merging HepMC3 events took 0.003541 ms total, 1.7705 us +- 0.1455 us per sample (#2)
17:42:25    EventGenerat   DEBUG     event=170 n_primary_vertices=2 n_particles=10
17:42:25    HepMC3InputC   DEBUG     HepMC3InputConverter::execute
17:42:25    HepMC3InputC   DEBUG     Have 2 vertices
17:42:25    HepMC3InputC   DEBUG     Have 10 particles
17:42:25    HepMC3InputC   DEBUG     Have 170 event number
17:42:25    HepMC3InputC   DEBUG     Converting HepMC3 event to internal EDM
17:42:25    HepMC3InputC   DEBUG     Finding primary vertex clusters took 0 ms
17:42:25    HepMC3InputC   DEBUG     Found 2 primary vertex clusters (~ primary vertices)
17:42:25    HepMC3InputC   DEBUG     Found 8 undecayed particles in the event
17:42:25    HepMC3InputC   DEBUG     Reserving 1 vertices and 8 particles
17:42:25    HepMC3InputC   DEBUG     Converting HepMC3 vertices to internal EDM took 0.007 ms
17:42:25    HepMC3InputC   DEBUG     Converted 8 particles and 2 vertices
17:42:25    HepMC3InputC   DEBUG     Sorting particles and vertices took 0 ms
17:42:25    FatrasSimula   DEBUG     8 input particles
17:42:25    FatrasSimula   DEBUG     8 simulated particles (initial state)
17:42:25    FatrasSimula   DEBUG     8 simulated particles (final state)
17:42:25    FatrasSimula   DEBUG     89 simulated hits
17:42:25    Digitization   DEBUG     Loaded 89 sim hits
17:42:25    Digitization   DEBUG     Starting loop over modules ...
17:42:25    Digitization   DEBUG     Created 89 measurements, 89 clusters from 89 sim hits.
17:42:25    ParticleSele   DEBUG     event 170 selected 8 from 8 particles
17:42:25    ParticleSele   DEBUG     filtered out because of charge: 0
17:42:25    ParticleSele   DEBUG     filtered out because of hit count: 0
17:42:25    ParticleSele   DEBUG     filtered out because of measurement count: 0
17:42:25    SpacePointMa   DEBUG     Created 38 pixel space points
17:42:25    SpacePointMa   DEBUG     Build strip space points
17:42:25    SpacePointMa   DEBUG     Created 0 strip space points
17:42:25    SpacePointMa   DEBUG     Created 38 space points
17:42:25    GridTripletS   DEBUG     Created 34 track seeds from 38 space points
17:42:25    TrackParamsE   DEBUG     Estimated 34 track parameters from 34 seeds
17:42:25    SeedsToTrack   DEBUG     Received 34 seeds
17:42:25    SeedsToTrack   DEBUG     Produced 34 tracks
17:42:25    RzTrackFindi   DEBUG     Binned 89 of 89 measurements
17:42:25    RzTrackFindi   DEBUG     Found 34 tracks from 34 seeds
17:42:25    Sequencer      DEBUG     finished event 170
17:42:25    Sequencer      DEBUG     start processing event 171 on thread 0
17:42:25    EventGenerat   DEBUG     Generating primary vertices took 0.003083 ms total, 1.5415 us +- 0.1665 us per sample (#2)
17:42:25    EventGenerat   DEBUG     Merging HepMC3 events took 0.003542 ms total, 1.771 us +- 0.104 us per sample (#2)
17:42:25    EventGenerat   DEBUG     event=171 n_primary_vertices=2 n_particles=10
17:42:25    HepMC3InputC   DEBUG     HepMC3InputConverter::execute
17:42:25    HepMC3InputC   DEBUG     Have 2 vertices
17:42:25    HepMC3InputC   DEBUG     Have 10 particles
17:42:25    HepMC3InputC   DEBUG     Have 171 event number
17:42:25    HepMC3InputC   DEBUG     Converting HepMC3 event to internal EDM
17:42:25    HepMC3InputC   DEBUG     Finding primary vertex clusters took 0 ms
17:42:25    HepMC3InputC   DEBUG     Found 2 primary vertex clusters (~ primary vertices)
17:42:25    HepMC3InputC   DEBUG     Found 8 undecayed particles in the event
17:42:25    HepMC3InputC   DEBUG     Reserving 1 vertices and 8 particles
17:42:25    HepMC3InputC   DEBUG     Converting HepMC3 vertices to internal EDM took 0.008 ms
17:42:25    HepMC3InputC   DEBUG     Converted 8 particles and 2 vertices
17:42:25    HepMC3InputC   DEBUG     Sorting particles and vertices took 0 ms
17:42:25    FatrasSimula   DEBUG     8 input particles
17:42:25    FatrasSimula   DEBUG     8 simulated particles (initial state)
17:42:25    FatrasSimula   DEBUG     8 simulated particles (final state)
17:42:25    FatrasSimula   DEBUG     90 simulated hits
17:42:25    Digitization   DEBUG     Loaded 90 sim hits
17:42:25    Digitization   DEBUG     Starting loop over modules ...
17:42:25    Digitization   DEBUG     Created 90 measurements, 90 clusters from 90 sim hits.
17:42:25    ParticleSele   DEBUG     event 171 selected 8 from 8 particles
17:42:25    ParticleSele   DEBUG     filtered out because of charge: 0
17:42:25    ParticleSele   DEBUG     filtered out because of hit count: 0
17:42:25    ParticleSele   DEBUG     filtered out because of measurement count: 0
17:42:25    SpacePointMa   DEBUG     Created 41 pixel space points
17:42:25    SpacePointMa   DEBUG     Build strip space points
17:42:25    SpacePointMa   DEBUG     Created 0 strip space points
17:42:25    SpacePointMa   DEBUG     Created 41 space points
17:42:25    GridTripletS   DEBUG     Created 34 track seeds from 41 space points
17:42:25    TrackParamsE   DEBUG     Estimated 34 track parameters from 34 seeds
17:42:25    SeedsToTrack   DEBUG     Received 34 seeds
17:42:25    SeedsToTrack   DEBUG     Produced 34 tracks
17:42:25    RzTrackFindi   DEBUG     Binned 90 of 90 measurements
17:42:25    RzTrackFindi   DEBUG     Found 33 tracks from 34 seeds
17:42:25    Sequencer      DEBUG     finished event 171
17:42:25    Sequencer      DEBUG     start processing event 172 on thread 0
17:42:25    EventGenerat   DEBUG     Generating primary vertices took 0.003499 ms total, 1.7495 us +- 0.1665 us per sample (#2)
17:42:25    EventGenerat   DEBUG     Merging HepMC3 events took 0.003959 ms total, 1.9795 us +- 0.1455 us per sample (#2)
17:42:25    EventGenerat   DEBUG     event=172 n_primary_vertices=2 n_particles=10
17:42:25    HepMC3InputC   DEBUG     HepMC3InputConverter::execute
17:42:25    HepMC3InputC   DEBUG     Have 2 vertices
17:42:25    HepMC3InputC   DEBUG     Have 10 particles
17:42:25    HepMC3InputC   DEBUG     Have 172 event number
17:42:25    HepMC3InputC   DEBUG     Converting HepMC3 event to internal EDM
17:42:25    HepMC3InputC   DEBUG     Finding primary vertex clusters took 0 ms
17:42:25    HepMC3InputC   DEBUG     Found 2 primary vertex clusters (~ primary vertices)
17:42:25    HepMC3InputC   DEBUG     Found 8 undecayed particles in the event
17:42:25    HepMC3InputC   DEBUG     Reserving 1 vertices and 8 particles
17:42:25    HepMC3InputC   DEBUG     Converting HepMC3 vertices to internal EDM took 0.011 ms
17:42:25    HepMC3InputC   DEBUG     Converted 8 particles and 2 vertices
17:42:25    HepMC3InputC   DEBUG     Sorting particles and vertices took 0 ms
17:42:25    FatrasSimula   DEBUG     8 input particles
17:42:25    FatrasSimula   DEBUG     8 simulated particles (initial state)
17:42:25    FatrasSimula   DEBUG     8 simulated particles (final state)
17:42:25    FatrasSimula   DEBUG     96 simulated hits
17:42:25    Digitization   DEBUG     Loaded 96 sim hits
17:42:25    Digitization   DEBUG     Starting loop over modules ...
17:42:25    Digitization   DEBUG     Created 96 measurements, 96 clusters from 96 sim hits.
17:42:25    ParticleSele   DEBUG     event 172 selected 8 from 8 particles
17:42:25    ParticleSele   DEBUG     filtered out because of charge: 0
17:42:25    ParticleSele   DEBUG     filtered out because of hit count: 0
17:42:25    ParticleSele   DEBUG     filtered out because of measurement count: 0
17:42:25    SpacePointMa   DEBUG     Created 42 pixel space points
17:42:25    SpacePointMa   DEBUG     Build strip space points
17:42:25    SpacePointMa   DEBUG     Created 0 strip space points
17:42:25    SpacePointMa   DEBUG     Created 42 space points
17:42:25    GridTripletS   DEBUG     Created 38 track seeds from 42 space points
17:42:25    TrackParamsE   DEBUG     Estimated 38 track parameters from 38 seeds
17:42:25    SeedsToTrack   DEBUG     Received 38 seeds
17:42:25    SeedsToTrack   DEBUG     Produced 38 tracks
17:42:25    RzTrackFindi   DEBUG     Binned 96 of 96 measurements
17:42:25    RzTrackFindi   DEBUG     Found 38 tracks from 38 seeds
17:42:25    Sequencer      DEBUG     finished event 172
17:42:25    Sequencer      DEBUG     start processing event 173 on thread 0
17:42:25    EventGenerat   DEBUG     Generating primary vertices took 0.003625 ms total, 1.8125 us +- 0.3545 us per sample (#2)
17:42:25    EventGenerat   DEBUG     Merging HepMC3 events took 0.003833 ms total, 1.9165 us +- 0.2085 us per sample (#2)
17:42:25    EventGenerat   DEBUG     event=173 n_primary_vertices=2 n_particles=10
17:42:25    HepMC3InputC   DEBUG     HepMC3InputConverter::execute
17:42:25    HepMC3InputC   DEBUG     Have 2 vertices
17:42:25    HepMC3InputC   DEBUG     Have 10 particles
17:42:25    HepMC3InputC   DEBUG     Have 173 event number
17:42:25    HepMC3InputC   DEBUG     Converting HepMC3 event to internal EDM
17:42:25    HepMC3InputC   DEBUG     Finding primary vertex clusters took 0 ms
17:42:25    HepMC3InputC   DEBUG     Found 2 primary vertex clusters (~ primary vertices)
17:42:25    HepMC3InputC   DEBUG     Found 8 undecayed particles in the event
17:42:25    HepMC3InputC   DEBUG     Reserving 1 vertices and 8 particles
17:42:25    HepMC3InputC   DEBUG     Converting HepMC3 vertices to internal EDM took 0.011 ms
17:42:25    HepMC3InputC   DEBUG     Converted 8 particles and 2 vertices
17:42:25    HepMC3InputC   DEBUG     Sorting particles and vertices took 0 ms
17:42:25    FatrasSimula   DEBUG     8 input particles
17:42:25    FatrasSimula   DEBUG     8 simulated particles (initial state)
17:42:25    FatrasSimula   DEBUG     8 simulated particles (final state)
17:42:25    FatrasSimula   DEBUG     98 simulated hits
17:42:25    Digitization   DEBUG     Loaded 98 sim hits
17:42:25    Digitization   DEBUG     Starting loop over modules ...
17:42:25    Digitization   DEBUG     Created 98 measurements, 98 clusters from 98 sim hits.
17:42:25    ParticleSele   DEBUG     event 173 selected 8 from 8 particles
17:42:25    ParticleSele   DEBUG     filtered out because of charge: 0
17:42:25    ParticleSele   DEBUG     filtered out because of hit count: 0
17:42:25    ParticleSele   DEBUG     filtered out because of measurement count: 0
17:42:25    SpacePointMa   DEBUG     Created 46 pixel space points
17:42:25    SpacePointMa   DEBUG     Build strip space points
17:42:25    SpacePointMa   DEBUG     Created 0 strip space points
17:42:25    SpacePointMa   DEBUG     Created 46 space points
17:42:25    GridTripletS   DEBUG     Created 42 track seeds from 46 space points
17:42:25    TrackParamsE   DEBUG     Estimated 42 track parameters from 42 seeds
17:42:25    SeedsToTrack   DEBUG     Received 42 seeds
17:42:25    SeedsToTrack   DEBUG     Produced 42 tracks
17:42:25    RzTrackFindi   DEBUG     Binned 98 of 98 measurements
17:42:25    RzTrackFindi   DEBUG     Found 42 tracks from 42 seeds
17:42:25    Sequencer      DEBUG     finished event 173
17:42:25    Sequencer      DEBUG     start processing event 174 on thread 0
17:42:25    EventGenerat   DEBUG     Generating primary vertices took 0.0035 ms total, 1.75 us +- 0.084 us per sample (#2)
17:42:25    EventGenerat   DEBUG     Merging HepMC3 events took 0.004 ms total, 2 us +- 0.208 us per sample (#2)
17:42:25    EventGenerat   DEBUG     event=174 n_primary_vertices=2 n_particles=10
17:42:25    HepMC3InputC   DEBUG     HepMC3InputConverter::execute
17:42:25    HepMC3InputC   DEBUG     Have 2 vertices
17:42:25    HepMC3InputC   DEBUG     Have 10 particles
17:42:25    HepMC3InputC   DEBUG     Have 174 event number
17:42:25    HepMC3InputC   DEBUG     Converting HepMC3 event to internal EDM
17:42:25    HepMC3InputC   DEBUG     Finding primary vertex clusters took 0 ms
17:42:25    HepMC3InputC   DEBUG     Found 2 primary vertex clusters (~ primary vertices)
17:42:25    HepMC3InputC   DEBUG     Found 8 undecayed particles in the event
17:42:25    HepMC3InputC   DEBUG     Reserving 1 vertices and 8 particles
17:42:25    HepMC3InputC   DEBUG     Converting HepMC3 vertices to internal EDM took 0.008 ms
17:42:25    HepMC3InputC   DEBUG     Converted 8 particles and 2 vertices
17:42:25    HepMC3InputC   DEBUG     Sorting particles and vertices took 0 ms
17:42:25    FatrasSimula   DEBUG     8 input particles
17:42:25    FatrasSimula   DEBUG     8 simulated particles (initial state)
17:42:25    FatrasSimula   DEBUG     8 simulated particles (final state)
17:42:25    FatrasSimula   DEBUG     95 simulated hits
17:42:25    Digitization   DEBUG     Loaded 95 sim hits
17:42:25    Digitization   DEBUG     Starting loop over modules ...
17:42:25    Digitization   DEBUG     Created 95 measurements, 95 clusters from 95 sim hits.
17:42:25    ParticleSele   DEBUG     event 174 selected 8 from 8 particles
17:42:25    ParticleSele   DEBUG     filtered out because of charge: 0
17:42:25    ParticleSele   DEBUG     filtered out because of hit count: 0
17:42:25    ParticleSele   DEBUG     filtered out because of measurement count: 0
17:42:25    SpacePointMa   DEBUG     Created 36 pixel space points
17:42:25    SpacePointMa   DEBUG     Build strip space points
17:42:25    SpacePointMa   DEBUG     Created 0 strip space points
17:42:25    SpacePointMa   DEBUG     Created 36 space points
17:42:25    GridTripletS   DEBUG     Created 33 track seeds from 36 space points
17:42:25    TrackParamsE   DEBUG     Estimated 33 track parameters from 33 seeds
17:42:25    SeedsToTrack   DEBUG     Received 33 seeds
17:42:25    SeedsToTrack   DEBUG     Produced 33 tracks
17:42:25    RzTrackFindi   DEBUG     Binned 95 of 95 measurements
17:42:25    RzTrackFindi   DEBUG     Found 33 tracks from 33 seeds
17:42:25    Sequencer      DEBUG     finished event 174
17:42:25    Sequencer      DEBUG     start processing event 175 on thread 0
17:42:25    EventGenerat   DEBUG     Generating primary vertices took 0.003292 ms total, 1.646 us +- 0.104 us per sample (#2)
17:42:25    EventGenerat   DEBUG     Merging HepMC3 events took 0.003625 ms total, 1.8125 us +- 0.1875 us per sample (#2)
17:42:25    EventGenerat   DEBUG     event=175 n_primary_vertices=2 n_particles=10
17:42:25    HepMC3InputC   DEBUG     HepMC3InputConverter::execute
17:42:25    HepMC3InputC   DEBUG     Have 2 vertices
17:42:25    HepMC3InputC   DEBUG     Have 10 particles
17:42:25    HepMC3InputC   DEBUG     Have 175 event number
17:42:25    HepMC3InputC   DEBUG     Converting HepMC3 event to internal EDM
17:42:25    HepMC3InputC   DEBUG     Finding primary vertex clusters took 0 ms
17:42:25    HepMC3InputC   DEBUG     Found 2 primary vertex clusters (~ primary vertices)
17:42:25    HepMC3InputC   DEBUG     Found 8 undecayed particles in the event
17:42:25    HepMC3InputC   DEBUG     Reserving 1 vertices and 8 particles
17:42:25    HepMC3InputC   DEBUG     Converting HepMC3 vertices to internal EDM took 0.007 ms
17:42:25    HepMC3InputC   DEBUG     Converted 8 particles and 2 vertices
17:42:25    HepMC3InputC   DEBUG     Sorting particles and vertices took 0 ms
17:42:25    FatrasSimula   DEBUG     8 input particles
17:42:25    FatrasSimula   DEBUG     8 simulated particles (initial state)
17:42:25    FatrasSimula   DEBUG     8 simulated particles (final state)
17:42:25    FatrasSimula   DEBUG     94 simulated hits
17:42:25    Digitization   DEBUG     Loaded 94 sim hits
17:42:25    Digitization   DEBUG     Starting loop over modules ...
17:42:25    Digitization   DEBUG     Created 94 measurements, 94 clusters from 94 sim hits.
17:42:25    ParticleSele   DEBUG     event 175 selected 8 from 8 particles
17:42:25    ParticleSele   DEBUG     filtered out because of charge: 0
17:42:25    ParticleSele   DEBUG     filtered out because of hit count: 0
17:42:25    ParticleSele   DEBUG     filtered out because of measurement count: 0
17:42:25    SpacePointMa   DEBUG     Created 43 pixel space points
17:42:25    SpacePointMa   DEBUG     Build strip space points
17:42:25    SpacePointMa   DEBUG     Created 0 strip space points
17:42:25    SpacePointMa   DEBUG     Created 43 space points
17:42:25    GridTripletS   DEBUG     Created 32 track seeds from 43 space points
17:42:25    TrackParamsE   DEBUG     Estimated 32 track parameters from 32 seeds
17:42:25    SeedsToTrack   DEBUG     Received 32 seeds
17:42:25    SeedsToTrack   DEBUG     Produced 32 tracks
17:42:25    RzTrackFindi   DEBUG     Binned 94 of 94 measurements
17:42:25    RzTrackFindi   DEBUG     Found 32 tracks from 32 seeds
17:42:25    Sequencer      DEBUG     finished event 175
17:42:25    Sequencer      DEBUG     start processing event 176 on thread 0
17:42:25    EventGenerat   DEBUG     Generating primary vertices took 0.003125 ms total, 1.5625 us +- 0.1455 us per sample (#2)
17:42:25    EventGenerat   DEBUG     Merging HepMC3 events took 0.003583 ms total, 1.7915 us +- 0.1665 us per sample (#2)
17:42:25    EventGenerat   DEBUG     event=176 n_primary_vertices=2 n_particles=10
17:42:25    HepMC3InputC   DEBUG     HepMC3InputConverter::execute
17:42:25    HepMC3InputC   DEBUG     Have 2 vertices
17:42:25    HepMC3InputC   DEBUG     Have 10 particles
17:42:25    HepMC3InputC   DEBUG     Have 176 event number
17:42:25    HepMC3InputC   DEBUG     Converting HepMC3 event to internal EDM
17:42:25    HepMC3InputC   DEBUG     Finding primary vertex clusters took 0 ms
17:42:25    HepMC3InputC   DEBUG     Found 2 primary vertex clusters (~ primary vertices)
17:42:25    HepMC3InputC   DEBUG     Found 8 undecayed particles in the event
17:42:25    HepMC3InputC   DEBUG     Reserving 1 vertices and 8 particles
17:42:25    HepMC3InputC   DEBUG     Converting HepMC3 vertices to internal EDM took 0.007 ms
17:42:25    HepMC3InputC   DEBUG     Converted 8 particles and 2 vertices
17:42:25    HepMC3InputC   DEBUG     Sorting particles and vertices took 0 ms
17:42:25    FatrasSimula   DEBUG     8 input particles
17:42:25    FatrasSimula   DEBUG     8 simulated particles (initial state)
17:42:25    FatrasSimula   DEBUG     8 simulated particles (final state)
17:42:25    FatrasSimula   DEBUG     96 simulated hits
17:42:25    Digitization   DEBUG     Loaded 96 sim hits
17:42:25    Digitization   DEBUG     Starting loop over modules ...
17:42:25    Digitization   DEBUG     Created 96 measurements, 96 clusters from 96 sim hits.
17:42:25    ParticleSele   DEBUG     event 176 selected 8 from 8 particles
17:42:25    ParticleSele   DEBUG     filtered out because of charge: 0
17:42:25    ParticleSele   DEBUG     filtered out because of hit count: 0
17:42:25    ParticleSele   DEBUG     filtered out because of measurement count: 0
17:42:25    SpacePointMa   DEBUG     Created 40 pixel space points
17:42:25    SpacePointMa   DEBUG     Build strip space points
17:42:25    SpacePointMa   DEBUG     Created 0 strip space points
17:42:25    SpacePointMa   DEBUG     Created 40 space points
17:42:25    GridTripletS   DEBUG     Created 32 track seeds from 40 space points
17:42:25    TrackParamsE   DEBUG     Estimated 32 track parameters from 32 seeds
17:42:25    SeedsToTrack   DEBUG     Received 32 seeds
17:42:25    SeedsToTrack   DEBUG     Produced 32 tracks
17:42:25    RzTrackFindi   DEBUG     Binned 96 of 96 measurements
17:42:25    RzTrackFindi   DEBUG     Found 32 tracks from 32 seeds
17:42:25    Sequencer      DEBUG     finished event 176
17:42:25    Sequencer      DEBUG     start processing event 177 on thread 0
17:42:25    EventGenerat   DEBUG     Generating primary vertices took 0.003334 ms total, 1.667 us +- 0.25 us per sample (#2)
17:42:25    EventGenerat   DEBUG     Merging HepMC3 events took 0.0035 ms total, 1.75 us +- 0.167 us per sample (#2)
17:42:25    EventGenerat   DEBUG     event=177 n_primary_vertices=2 n_particles=10
17:42:25    HepMC3InputC   DEBUG     HepMC3InputConverter::execute
17:42:25    HepMC3InputC   DEBUG     Have 2 vertices
17:42:25    HepMC3InputC   DEBUG     Have 10 particles
17:42:25    HepMC3InputC   DEBUG     Have 177 event number
17:42:25    HepMC3InputC   DEBUG     Converting HepMC3 event to internal EDM
17:42:25    HepMC3InputC   DEBUG     Finding primary vertex clusters took 0 ms
17:42:25    HepMC3InputC   DEBUG     Found 2 primary vertex clusters (~ primary vertices)
17:42:25    HepMC3InputC   DEBUG     Found 8 undecayed particles in the event
17:42:25    HepMC3InputC   DEBUG     Reserving 1 vertices and 8 particles
17:42:25    HepMC3InputC   DEBUG     Converting HepMC3 vertices to internal EDM took 0.007 ms
17:42:25    HepMC3InputC   DEBUG     Converted 8 particles and 2 vertices
17:42:25    HepMC3InputC   DEBUG     Sorting particles and vertices took 0 ms
17:42:25    FatrasSimula   DEBUG     8 input particles
17:42:25    FatrasSimula   DEBUG     8 simulated particles (initial state)
17:42:25    FatrasSimula   DEBUG     8 simulated particles (final state)
17:42:25    FatrasSimula   DEBUG     100 simulated hits
17:42:25    Digitization   DEBUG     Loaded 100 sim hits
17:42:25    Digitization   DEBUG     Starting loop over modules ...
17:42:25    Digitization   DEBUG     Created 100 measurements, 100 clusters from 100 sim hits.
17:42:25    ParticleSele   DEBUG     event 177 selected 8 from 8 particles
17:42:25    ParticleSele   DEBUG     filtered out because of charge: 0
17:42:25    ParticleSele   DEBUG     filtered out because of hit count: 0
17:42:25    ParticleSele   DEBUG     filtered out because of measurement count: 0
17:42:25    SpacePointMa   DEBUG     Created 45 pixel space points
17:42:25    SpacePointMa   DEBUG     Build strip space points
17:42:25    SpacePointMa   DEBUG     Created 0 strip space points
17:42:25    SpacePointMa   DEBUG     Created 45 space points
17:42:25    GridTripletS   DEBUG     Created 40 track seeds from 45 space points
17:42:25    TrackParamsE   DEBUG     Estimated 40 track parameters from 40 seeds
17:42:25    SeedsToTrack   DEBUG     Received 40 seeds
17:42:25    SeedsToTrack   DEBUG     Produced 40 tracks
17:42:25    RzTrackFindi   DEBUG     Binned 100 of 100 measurements
17:42:25    RzTrackFindi   DEBUG     Found 40 tracks from 40 seeds
17:42:25    Sequencer      DEBUG     finished event 177
17:42:25    Sequencer      DEBUG     start processing event 178 on thread 0
17:42:25    EventGenerat   DEBUG     Generating primary vertices took 0.0035 ms total, 1.75 us +- 0.209 us per sample (#2)
17:42:25    EventGenerat   DEBUG     Merging HepMC3 events took 0.003917 ms total, 1.9585 us +- 0.1665 us per sample (#2)
17:42:25    EventGenerat   DEBUG     event=178 n_primary_vertices=2 n_particles=10
17:42:25    HepMC3InputC   DEBUG     HepMC3InputConverter::execute
17:42:25    HepMC3InputC   DEBUG     Have 2 vertices
17:42:25    HepMC3InputC   DEBUG     Have 10 particles
17:42:25    HepMC3InputC   DEBUG     Have 178 event number
17:42:25    HepMC3InputC   DEBUG     Converting HepMC3 event to internal EDM
17:42:25    HepMC3InputC   DEBUG     Finding primary vertex clusters took 0 ms
17:42:25    HepMC3InputC   DEBUG     Found 2 primary vertex clusters (~ primary vertices)
17:42:25    HepMC3InputC   DEBUG     Found 8 undecayed particles in the event
17:42:25    HepMC3InputC   DEBUG     Reserving 1 vertices and 8 particles
17:42:25    HepMC3InputC   DEBUG     Converting HepMC3 vertices to internal EDM took 0.008 ms
17:42:25    HepMC3InputC   DEBUG     Converted 8 particles and 2 vertices
17:42:25    HepMC3InputC   DEBUG     Sorting particles and vertices took 0 ms
17:42:25    FatrasSimula   DEBUG     8 input particles
17:42:25    FatrasSimula   DEBUG     8 simulated particles (initial state)
17:42:25    FatrasSimula   DEBUG     8 simulated particles (final state)
17:42:25    FatrasSimula   DEBUG     99 simulated hits
17:42:25    Digitization   DEBUG     Loaded 99 sim hits
17:42:25    Digitization   DEBUG     Starting loop over modules ...
17:42:25    Digitization   DEBUG     Created 99 measurements, 99 clusters from 99 sim hits.
17:42:25    ParticleSele   DEBUG     event 178 selected 8 from 8 particles
17:42:25    ParticleSele   DEBUG     filtered out because of charge: 0
17:42:25    ParticleSele   DEBUG     filtered out because of hit count: 0
17:42:25    ParticleSele   DEBUG     filtered out because of measurement count: 0
17:42:25    SpacePointMa   DEBUG     Created 40 pixel space points
17:42:25    SpacePointMa   DEBUG     Build strip space points
17:42:25    SpacePointMa   DEBUG     Created 0 strip space points
17:42:25    SpacePointMa   DEBUG     Created 40 space points
17:42:25    GridTripletS   DEBUG     Created 41 track seeds from 40 space points
17:42:25    TrackParamsE   DEBUG     Estimated 41 track parameters from 41 seeds
17:42:25    SeedsToTrack   DEBUG     Received 41 seeds
17:42:25    SeedsToTrack   DEBUG     Produced 41 tracks
17:42:25    RzTrackFindi   DEBUG     Binned 99 of 99 measurements
17:42:25    RzTrackFindi   DEBUG     Found 41 tracks from 41 seeds
17:42:25    Sequencer      DEBUG     finished event 178
17:42:25    Sequencer      DEBUG     start processing event 179 on thread 0
17:42:25    EventGenerat   DEBUG     Generating primary vertices took 0.00325 ms total, 1.625 us +- 0.125 us per sample (#2)
17:42:25    EventGenerat   DEBUG     Merging HepMC3 events took 0.003625 ms total, 1.8125 us +- 0.1455 us per sample (#2)
17:42:25    EventGenerat   DEBUG     event=179 n_primary_vertices=2 n_particles=10
17:42:25    HepMC3InputC   DEBUG     HepMC3InputConverter::execute
17:42:25    HepMC3InputC   DEBUG     Have 2 vertices
17:42:25    HepMC3InputC   DEBUG     Have 10 particles
17:42:25    HepMC3InputC   DEBUG     Have 179 event number
17:42:25    HepMC3InputC   DEBUG     Converting HepMC3 event to internal EDM
17:42:25    HepMC3InputC   DEBUG     Finding primary vertex clusters took 0 ms
17:42:25    HepMC3InputC   DEBUG     Found 2 primary vertex clusters (~ primary vertices)
17:42:25    HepMC3InputC   DEBUG     Found 8 undecayed particles in the event
17:42:25    HepMC3InputC   DEBUG     Reserving 1 vertices and 8 particles
17:42:25    HepMC3InputC   DEBUG     Converting HepMC3 vertices to internal EDM took 0.007 ms
17:42:25    HepMC3InputC   DEBUG     Converted 8 particles and 2 vertices
17:42:25    HepMC3InputC   DEBUG     Sorting particles and vertices took 0 ms
17:42:25    FatrasSimula   DEBUG     8 input particles
17:42:25    FatrasSimula   DEBUG     8 simulated particles (initial state)
17:42:25    FatrasSimula   DEBUG     8 simulated particles (final state)
17:42:25    FatrasSimula   DEBUG     101 simulated hits
17:42:25    Digitization   DEBUG     Loaded 101 sim hits
17:42:25    Digitization   DEBUG     Starting loop over modules ...
17:42:25    Digitization   DEBUG     Created 101 measurements, 101 clusters from 101 sim hits.
17:42:25    ParticleSele   DEBUG     event 179 selected 8 from 8 particles
17:42:25    ParticleSele   DEBUG     filtered out because of charge: 0
17:42:25    ParticleSele   DEBUG     filtered out because of hit count: 0
17:42:25    ParticleSele   DEBUG     filtered out because of measurement count: 0
17:42:25    SpacePointMa   DEBUG     Created 41 pixel space points
17:42:25    SpacePointMa   DEBUG     Build strip space points
17:42:25    SpacePointMa   DEBUG     Created 0 strip space points
17:42:25    SpacePointMa   DEBUG     Created 41 space points
17:42:25    GridTripletS   DEBUG     Created 38 track seeds from 41 space points
17:42:25    TrackParamsE   DEBUG     Estimated 38 track parameters from 38 seeds
17:42:25    SeedsToTrack   DEBUG     Received 38 seeds
17:42:25    SeedsToTrack   DEBUG     Produced 38 tracks
17:42:25    RzTrackFindi   DEBUG     Binned 101 of 101 measurements
17:42:25    RzTrackFindi   DEBUG     Found 38 tracks from 38 seeds
17:42:25    Sequencer      DEBUG     finished event 179
17:42:25    Sequencer      DEBUG     start processing event 180 on thread 0
17:42:25    EventGenerat   DEBUG     Generating primary vertices took 0.003 ms total, 1.5 us +- 0.125 us per sample (#2)
17:42:25    EventGenerat   DEBUG     Merging HepMC3 events took 0.003709 ms total, 1.8545 us +- 0.2295 us per sample (#2)
17:42:25    EventGenerat   DEBUG     event=180 n_primary_vertices=2 n_particles=10
17:42:25    HepMC3InputC   DEBUG     HepMC3InputConverter::execute
17:42:25    HepMC3InputC   DEBUG     Have 2 vertices
17:42:25    HepMC3InputC   DEBUG     Have 10 particles
17:42:25    HepMC3InputC   DEBUG     Have 180 event number
17:42:25    HepMC3InputC   DEBUG     Converting HepMC3 event to internal EDM
17:42:25    HepMC3InputC   DEBUG     Finding primary vertex clusters took 0 ms
17:42:25    HepMC3InputC   DEBUG     Found 2 primary vertex clusters (~ primary vertices)
17:42:25    HepMC3InputC   DEBUG     Found 8 undecayed particles in the event
17:42:25    HepMC3InputC   DEBUG     Reserving 1 vertices and 8 particles
17:42:25    HepMC3InputC   DEBUG     Converting HepMC3 vertices to internal EDM took 0.007 ms
17:42:25    HepMC3InputC   DEBUG     Converted 8 particles and 2 vertices
17:42:25    HepMC3InputC   DEBUG     Sorting particles and vertices took 0 ms
17:42:25    FatrasSimula   DEBUG     8 input particles
17:42:25    FatrasSimula   DEBUG     8 simulated particles (initial state)
17:42:25    FatrasSimula   DEBUG     8 simulated particles (final state)
17:42:25    FatrasSimula   DEBUG     89 simulated hits
17:42:25    Digitization   DEBUG     Loaded 89 sim hits
17:42:25    Digitization   DEBUG     Starting loop over modules ...
17:42:25    Digitization   DEBUG     Created 89 measurements, 89 clusters from 89 sim hits.
17:42:25    ParticleSele   DEBUG     event 180 selected 8 from 8 particles
17:42:25    ParticleSele   DEBUG     filtered out because of charge: 0
17:42:25    ParticleSele   DEBUG     filtered out because of hit count: 0
17:42:25    ParticleSele   DEBUG     filtered out because of measurement count: 0
17:42:25    SpacePointMa   DEBUG     Created 36 pixel space points
17:42:25    SpacePointMa   DEBUG     Build strip space points
17:42:25    SpacePointMa   DEBUG     Created 0 strip space points
17:42:25    SpacePointMa   DEBUG     Created 36 space points
17:42:25    GridTripletS   DEBUG     Created 34 track seeds from 36 space points
17:42:25    TrackParamsE   DEBUG     Estimated 34 track parameters from 34 seeds
17:42:25    SeedsToTrack   DEBUG     Received 34 seeds
17:42:25    SeedsToTrack   DEBUG     Produced 34 tracks
17:42:25    RzTrackFindi   DEBUG     Binned 89 of 89 measurements
17:42:25    RzTrackFindi   DEBUG     Found 34 tracks from 34 seeds
17:42:25    Sequencer      DEBUG     finished event 180
17:42:25    Sequencer      DEBUG     start processing event 181 on thread 0
17:42:25    EventGenerat   DEBUG     Generating primary vertices took 0.003208 ms total, 1.604 us +- 0.062 us per sample (#2)
17:42:25    EventGenerat   DEBUG     Merging HepMC3 events took 0.003666 ms total, 1.833 us +- 0.125 us per sample (#2)
17:42:25    EventGenerat   DEBUG     event=181 n_primary_vertices=2 n_particles=10
17:42:25    HepMC3InputC   DEBUG     HepMC3InputConverter::execute
17:42:25    HepMC3InputC   DEBUG     Have 2 vertices
17:42:25    HepMC3InputC   DEBUG     Have 10 particles
17:42:25    HepMC3InputC   DEBUG     Have 181 event number
17:42:25    HepMC3InputC   DEBUG     Converting HepMC3 event to internal EDM
17:42:25    HepMC3InputC   DEBUG     Finding primary vertex clusters took 0 ms
17:42:25    HepMC3InputC   DEBUG     Found 2 primary vertex clusters (~ primary vertices)
17:42:25    HepMC3InputC   DEBUG     Found 8 undecayed particles in the event
17:42:25    HepMC3InputC   DEBUG     Reserving 1 vertices and 8 particles
17:42:25    HepMC3InputC   DEBUG     Converting HepMC3 vertices to internal EDM took 0.008 ms
17:42:25    HepMC3InputC   DEBUG     Converted 8 particles and 2 vertices
17:42:25    HepMC3InputC   DEBUG     Sorting particles and vertices took 0 ms
17:42:25    FatrasSimula   DEBUG     8 input particles
17:42:25    FatrasSimula   DEBUG     8 simulated particles (initial state)
17:42:25    FatrasSimula   DEBUG     8 simulated particles (final state)
17:42:25    FatrasSimula   DEBUG     89 simulated hits
17:42:25    Digitization   DEBUG     Loaded 89 sim hits
17:42:25    Digitization   DEBUG     Starting loop over modules ...
17:42:25    Digitization   DEBUG     Created 89 measurements, 89 clusters from 89 sim hits.
17:42:25    ParticleSele   DEBUG     event 181 selected 8 from 8 particles
17:42:25    ParticleSele   DEBUG     filtered out because of charge: 0
17:42:25    ParticleSele   DEBUG     filtered out because of hit count: 0
17:42:25    ParticleSele   DEBUG     filtered out because of measurement count: 0
17:42:25    SpacePointMa   DEBUG     Created 38 pixel space points
17:42:25    SpacePointMa   DEBUG     Build strip space points
17:42:25    SpacePointMa   DEBUG     Created 0 strip space points
17:42:25    SpacePointMa   DEBUG     Created 38 space points
17:42:25    GridTripletS   DEBUG     Created 34 track seeds from 38 space points
17:42:25    TrackParamsE   DEBUG     Estimated 34 track parameters from 34 seeds
17:42:25    SeedsToTrack   DEBUG     Received 34 seeds
17:42:25    SeedsToTrack   DEBUG     Produced 34 tracks
17:42:25    RzTrackFindi   DEBUG     Binned 89 of 89 measurements
17:42:25    RzTrackFindi   DEBUG     Found 34 tracks from 34 seeds
17:42:25    Sequencer      DEBUG     finished event 181
17:42:25    Sequencer      DEBUG     start processing event 182 on thread 0
17:42:25    EventGenerat   DEBUG     Generating primary vertices took 0.003333 ms total, 1.6665 us +- 0.1245 us per sample (#2)
17:42:25    EventGenerat   DEBUG     Merging HepMC3 events took 0.003792 ms total, 1.896 us +- 0.104 us per sample (#2)
17:42:25    EventGenerat   DEBUG     event=182 n_primary_vertices=2 n_particles=10
17:42:25    HepMC3InputC   DEBUG     HepMC3InputConverter::execute
17:42:25    HepMC3InputC   DEBUG     Have 2 vertices
17:42:25    HepMC3InputC   DEBUG     Have 10 particles
17:42:25    HepMC3InputC   DEBUG     Have 182 event number
17:42:25    HepMC3InputC   DEBUG     Converting HepMC3 event to internal EDM
17:42:25    HepMC3InputC   DEBUG     Finding primary vertex clusters took 0 ms
17:42:25    HepMC3InputC   DEBUG     Found 2 primary vertex clusters (~ primary vertices)
17:42:25    HepMC3InputC   DEBUG     Found 8 undecayed particles in the event
17:42:25    HepMC3InputC   DEBUG     Reserving 1 vertices and 8 particles
17:42:25    HepMC3InputC   DEBUG     Converting HepMC3 vertices to internal EDM took 0.008 ms
17:42:25    HepMC3InputC   DEBUG     Converted 8 particles and 2 vertices
17:42:25    HepMC3InputC   DEBUG     Sorting particles and vertices took 0 ms
17:42:25    FatrasSimula   DEBUG     8 input particles
17:42:25    FatrasSimula   DEBUG     8 simulated particles (initial state)
17:42:25    FatrasSimula   DEBUG     8 simulated particles (final state)
17:42:25    FatrasSimula   DEBUG     96 simulated hits
17:42:25    Digitization   DEBUG     Loaded 96 sim hits
17:42:25    Digitization   DEBUG     Starting loop over modules ...
17:42:25    Digitization   DEBUG     Created 96 measurements, 96 clusters from 96 sim hits.
17:42:25    ParticleSele   DEBUG     event 182 selected 8 from 8 particles
17:42:25    ParticleSele   DEBUG     filtered out because of charge: 0
17:42:25    ParticleSele   DEBUG     filtered out because of hit count: 0
17:42:25    ParticleSele   DEBUG     filtered out because of measurement count: 0
17:42:25    SpacePointMa   DEBUG     Created 51 pixel space points
17:42:25    SpacePointMa   DEBUG     Build strip space points
17:42:25    SpacePointMa   DEBUG     Created 0 strip space points
17:42:25    SpacePointMa   DEBUG     Created 51 space points
17:42:25    GridTripletS   DEBUG     Created 38 track seeds from 51 space points
17:42:25    TrackParamsE   DEBUG     Estimated 38 track parameters from 38 seeds
17:42:25    SeedsToTrack   DEBUG     Received 38 seeds
17:42:25    SeedsToTrack   DEBUG     Produced 38 tracks
17:42:25    RzTrackFindi   DEBUG     Binned 96 of 96 measurements
17:42:25    RzTrackFindi   DEBUG     Found 38 tracks from 38 seeds
17:42:25    Sequencer      DEBUG     finished event 182
17:42:25    Sequencer      DEBUG     start processing event 183 on thread 0
17:42:25    EventGenerat   DEBUG     Generating primary vertices took 0.003208 ms total, 1.604 us +- 0.104 us per sample (#2)
17:42:25    EventGenerat   DEBUG     Merging HepMC3 events took 0.003667 ms total, 1.8335 us +- 0.1665 us per sample (#2)
17:42:25    EventGenerat   DEBUG     event=183 n_primary_vertices=2 n_particles=10
17:42:25    HepMC3InputC   DEBUG     HepMC3InputConverter::execute
17:42:25    HepMC3InputC   DEBUG     Have 2 vertices
17:42:25    HepMC3InputC   DEBUG     Have 10 particles
17:42:25    HepMC3InputC   DEBUG     Have 183 event number
17:42:25    HepMC3InputC   DEBUG     Converting HepMC3 event to internal EDM
17:42:25    HepMC3InputC   DEBUG     Finding primary vertex clusters took 0 ms
17:42:25    HepMC3InputC   DEBUG     Found 2 primary vertex clusters (~ primary vertices)
17:42:25    HepMC3InputC   DEBUG     Found 8 undecayed particles in the event
17:42:25    HepMC3InputC   DEBUG     Reserving 1 vertices and 8 particles
17:42:25    HepMC3InputC   DEBUG     Converting HepMC3 vertices to internal EDM took 0.007 ms
17:42:25    HepMC3InputC   DEBUG     Converted 8 particles and 2 vertices
17:42:25    HepMC3InputC   DEBUG     Sorting particles and vertices took 0 ms
17:42:25    FatrasSimula   DEBUG     8 input particles
17:42:25    FatrasSimula   DEBUG     8 simulated particles (initial state)
17:42:25    FatrasSimula   DEBUG     8 simulated particles (final state)
17:42:25    FatrasSimula   DEBUG     94 simulated hits
17:42:25    Digitization   DEBUG     Loaded 94 sim hits
17:42:25    Digitization   DEBUG     Starting loop over modules ...
17:42:25    Digitization   DEBUG     Created 94 measurements, 94 clusters from 94 sim hits.
17:42:25    ParticleSele   DEBUG     event 183 selected 8 from 8 particles
17:42:25    ParticleSele   DEBUG     filtered out because of charge: 0
17:42:25    ParticleSele   DEBUG     filtered out because of hit count: 0
17:42:25    ParticleSele   DEBUG     filtered out because of measurement count: 0
17:42:25    SpacePointMa   DEBUG     Created 38 pixel space points
17:42:25    SpacePointMa   DEBUG     Build strip space points
17:42:25    SpacePointMa   DEBUG     Created 0 strip space points
17:42:25    SpacePointMa   DEBUG     Created 38 space points
17:42:25    GridTripletS   DEBUG     Created 30 track seeds from 38 space points
17:42:25    TrackParamsE   DEBUG     Estimated 30 track parameters from 30 seeds
17:42:25    SeedsToTrack   DEBUG     Received 30 seeds
17:42:25    SeedsToTrack   DEBUG     Produced 30 tracks
17:42:25    RzTrackFindi   DEBUG     Binned 94 of 94 measurements
17:42:25    RzTrackFindi   DEBUG     Found 30 tracks from 30 seeds
17:42:25    Sequencer      DEBUG     finished event 183
17:42:25    Sequencer      DEBUG     start processing event 184 on thread 0
17:42:25    EventGenerat   DEBUG     Generating primary vertices took 0.003083 ms total, 1.5415 us +- 0.1245 us per sample (#2)
17:42:25    EventGenerat   DEBUG     Merging HepMC3 events took 0.003583 ms total, 1.7915 us +- 0.1665 us per sample (#2)
17:42:25    EventGenerat   DEBUG     event=184 n_primary_vertices=2 n_particles=10
17:42:25    HepMC3InputC   DEBUG     HepMC3InputConverter::execute
17:42:25    HepMC3InputC   DEBUG     Have 2 vertices
17:42:25    HepMC3InputC   DEBUG     Have 10 particles
17:42:25    HepMC3InputC   DEBUG     Have 184 event number
17:42:25    HepMC3InputC   DEBUG     Converting HepMC3 event to internal EDM
17:42:25    HepMC3InputC   DEBUG     Finding primary vertex clusters took 0 ms
17:42:25    HepMC3InputC   DEBUG     Found 2 primary vertex clusters (~ primary vertices)
17:42:25    HepMC3InputC   DEBUG     Found 8 undecayed particles in the event
17:42:25    HepMC3InputC   DEBUG     Reserving 1 vertices and 8 particles
17:42:25    HepMC3InputC   DEBUG     Converting HepMC3 vertices to internal EDM took 0.007 ms
17:42:25    HepMC3InputC   DEBUG     Converted 8 particles and 2 vertices
17:42:25    HepMC3InputC   DEBUG     Sorting particles and vertices took 0 ms
17:42:25    FatrasSimula   DEBUG     8 input particles
17:42:25    FatrasSimula   DEBUG     8 simulated particles (initial state)
17:42:25    FatrasSimula   DEBUG     8 simulated particles (final state)
17:42:25    FatrasSimula   DEBUG     99 simulated hits
17:42:25    Digitization   DEBUG     Loaded 99 sim hits
17:42:25    Digitization   DEBUG     Starting loop over modules ...
17:42:25    Digitization   DEBUG     Created 99 measurements, 99 clusters from 99 sim hits.
17:42:25    ParticleSele   DEBUG     event 184 selected 8 from 8 particles
17:42:25    ParticleSele   DEBUG     filtered out because of charge: 0
17:42:25    ParticleSele   DEBUG     filtered out because of hit count: 0
17:42:25    ParticleSele   DEBUG     filtered out because of measurement count: 0
17:42:25    SpacePointMa   DEBUG     Created 43 pixel space points
17:42:25    SpacePointMa   DEBUG     Build strip space points
17:42:25    SpacePointMa   DEBUG     Created 0 strip space points
17:42:25    SpacePointMa   DEBUG     Created 43 space points
17:42:25    GridTripletS   DEBUG     Created 47 track seeds from 43 space points
17:42:25    TrackParamsE   DEBUG     Estimated 47 track parameters from 47 seeds
17:42:25    SeedsToTrack   DEBUG     Received 47 seeds
17:42:25    SeedsToTrack   DEBUG     Produced 47 tracks
17:42:25    RzTrackFindi   DEBUG     Binned 99 of 99 measurements
17:42:25    RzTrackFindi   DEBUG     Found 47 tracks from 47 seeds
17:42:25    Sequencer      DEBUG     finished event 184
17:42:25    Sequencer      DEBUG     start processing event 185 on thread 0
17:42:25    EventGenerat   DEBUG     Generating primary vertices took 0.003125 ms total, 1.5625 us +- 0.1455 us per sample (#2)
17:42:25    EventGenerat   DEBUG     Merging HepMC3 events took 0.003499 ms total, 1.7495 us +- 0.1665 us per sample (#2)
17:42:25    EventGenerat   DEBUG     event=185 n_primary_vertices=2 n_particles=10
17:42:25    HepMC3InputC   DEBUG     HepMC3InputConverter::execute
17:42:25    HepMC3InputC   DEBUG     Have 2 vertices
17:42:25    HepMC3InputC   DEBUG     Have 10 particles
17:42:25    HepMC3InputC   DEBUG     Have 185 event number
17:42:25    HepMC3InputC   DEBUG     Converting HepMC3 event to internal EDM
17:42:25    HepMC3InputC   DEBUG     Finding primary vertex clusters took 0 ms
17:42:25    HepMC3InputC   DEBUG     Found 2 primary vertex clusters (~ primary vertices)
17:42:25    HepMC3InputC   DEBUG     Found 8 undecayed particles in the event
17:42:25    HepMC3InputC   DEBUG     Reserving 1 vertices and 8 particles
17:42:25    HepMC3InputC   DEBUG     Converting HepMC3 vertices to internal EDM took 0.007 ms
17:42:25    HepMC3InputC   DEBUG     Converted 8 particles and 2 vertices
17:42:25    HepMC3InputC   DEBUG     Sorting particles and vertices took 0 ms
17:42:25    FatrasSimula   DEBUG     8 input particles
17:42:25    FatrasSimula   DEBUG     8 simulated particles (initial state)
17:42:25    FatrasSimula   DEBUG     8 simulated particles (final state)
17:42:25    FatrasSimula   DEBUG     96 simulated hits
17:42:25    Digitization   DEBUG     Loaded 96 sim hits
17:42:25    Digitization   DEBUG     Starting loop over modules ...
17:42:25    Digitization   DEBUG     Created 96 measurements, 96 clusters from 96 sim hits.
17:42:25    ParticleSele   DEBUG     event 185 selected 8 from 8 particles
17:42:25    ParticleSele   DEBUG     filtered out because of charge: 0
17:42:25    ParticleSele   DEBUG     filtered out because of hit count: 0
17:42:25    ParticleSele   DEBUG     filtered out because of measurement count: 0
17:42:25    SpacePointMa   DEBUG     Created 40 pixel space points
17:42:25    SpacePointMa   DEBUG     Build strip space points
17:42:25    SpacePointMa   DEBUG     Created 0 strip space points
17:42:25    SpacePointMa   DEBUG     Created 40 space points
17:42:25    GridTripletS   DEBUG     Created 34 track seeds from 40 space points
17:42:25    TrackParamsE   DEBUG     Estimated 34 track parameters from 34 seeds
17:42:25    SeedsToTrack   DEBUG     Received 34 seeds
17:42:25    SeedsToTrack   DEBUG     Produced 34 tracks
17:42:25    RzTrackFindi   DEBUG     Binned 96 of 96 measurements
17:42:25    RzTrackFindi   DEBUG     Found 34 tracks from 34 seeds
17:42:25    Sequencer      DEBUG     finished event 185
17:42:25    Sequencer      DEBUG     start processing event 186 on thread 0
17:42:25    EventGenerat   DEBUG     Generating primary vertices took 0.004333 ms total, 2.1665 us +- 0.1255 us per sample (#2)
17:42:25    EventGenerat   DEBUG     Merging HepMC3 events took 0.004917 ms total, 2.4585 us +- 0.3335 us per sample (#2)
17:42:25    EventGenerat   DEBUG     event=186 n_primary_vertices=2 n_particles=10
17:42:25    HepMC3InputC   DEBUG     HepMC3InputConverter::execute
17:42:25    HepMC3InputC   DEBUG     Have 2 vertices
17:42:25    HepMC3InputC   DEBUG     Have 10 particles
17:42:25    HepMC3InputC   DEBUG     Have 186 event number
17:42:25    HepMC3InputC   DEBUG     Converting HepMC3 event to internal EDM
17:42:25    HepMC3InputC   DEBUG     Finding primary vertex clusters took 0 ms
17:42:25    HepMC3InputC   DEBUG     Found 2 primary vertex clusters (~ primary vertices)
17:42:25    HepMC3InputC   DEBUG     Found 8 undecayed particles in the event
17:42:25    HepMC3InputC   DEBUG     Reserving 1 vertices and 8 particles
17:42:25    HepMC3InputC   DEBUG     Converting HepMC3 vertices to internal EDM took 0.007 ms
17:42:25    HepMC3InputC   DEBUG     Converted 8 particles and 2 vertices
17:42:25    HepMC3InputC   DEBUG     Sorting particles and vertices took 0 ms
17:42:25    FatrasSimula   DEBUG     8 input particles
17:42:25    FatrasSimula   DEBUG     8 simulated particles (initial state)
17:42:25    FatrasSimula   DEBUG     8 simulated particles (final state)
17:42:25    FatrasSimula   DEBUG     103 simulated hits
17:42:25    Digitization   DEBUG     Loaded 103 sim hits
17:42:25    Digitization   DEBUG     Starting loop over modules ...
17:42:25    Digitization   DEBUG     Created 103 measurements, 103 clusters from 103 sim hits.
17:42:25    ParticleSele   DEBUG     event 186 selected 8 from 8 particles
17:42:25    ParticleSele   DEBUG     filtered out because of charge: 0
17:42:25    ParticleSele   DEBUG     filtered out because of hit count: 0
17:42:25    ParticleSele   DEBUG     filtered out because of measurement count: 0
17:42:25    SpacePointMa   DEBUG     Created 43 pixel space points
17:42:25    SpacePointMa   DEBUG     Build strip space points
17:42:25    SpacePointMa   DEBUG     Created 0 strip space points
17:42:25    SpacePointMa   DEBUG     Created 43 space points
17:42:25    GridTripletS   DEBUG     Created 40 track seeds from 43 space points
17:42:25    TrackParamsE   DEBUG     Estimated 40 track parameters from 40 seeds
17:42:25    SeedsToTrack   DEBUG     Received 40 seeds
17:42:25    SeedsToTrack   DEBUG     Produced 40 tracks
17:42:25    RzTrackFindi   DEBUG     Binned 103 of 103 measurements
17:42:25    RzTrackFindi   DEBUG     Found 40 tracks from 40 seeds
17:42:25    Sequencer      DEBUG     finished event 186
17:42:25    Sequencer      DEBUG     start processing event 187 on thread 0
17:42:25    EventGenerat   DEBUG     Generating primary vertices took 0.003667 ms total, 1.8335 us +- 0.2085 us per sample (#2)
17:42:25    EventGenerat   DEBUG     Merging HepMC3 events took 0.003667 ms total, 1.8335 us +- 0.1245 us per sample (#2)
17:42:25    EventGenerat   DEBUG     event=187 n_primary_vertices=2 n_particles=10
17:42:25    HepMC3InputC   DEBUG     HepMC3InputConverter::execute
17:42:25    HepMC3InputC   DEBUG     Have 2 vertices
17:42:25    HepMC3InputC   DEBUG     Have 10 particles
17:42:25    HepMC3InputC   DEBUG     Have 187 event number
17:42:25    HepMC3InputC   DEBUG     Converting HepMC3 event to internal EDM
17:42:25    HepMC3InputC   DEBUG     Finding primary vertex clusters took 0 ms
17:42:25    HepMC3InputC   DEBUG     Found 2 primary vertex clusters (~ primary vertices)
17:42:25    HepMC3InputC   DEBUG     Found 8 undecayed particles in the event
17:42:25    HepMC3InputC   DEBUG     Reserving 1 vertices and 8 particles
17:42:25    HepMC3InputC   DEBUG     Converting HepMC3 vertices to internal EDM took 0.007 ms
17:42:25    HepMC3InputC   DEBUG     Converted 8 particles and 2 vertices
17:42:25    HepMC3InputC   DEBUG     Sorting particles and vertices took 0 ms
17:42:25    FatrasSimula   DEBUG     8 input particles
17:42:25    FatrasSimula   DEBUG     8 simulated particles (initial state)
17:42:25    FatrasSimula   DEBUG     8 simulated particles (final state)
17:42:25    FatrasSimula   DEBUG     104 simulated hits
17:42:25    Digitization   DEBUG     Loaded 104 sim hits
17:42:25    Digitization   DEBUG     Starting loop over modules ...
17:42:25    Digitization   DEBUG     Created 104 measurements, 104 clusters from 104 sim hits.
17:42:25    ParticleSele   DEBUG     event 187 selected 8 from 8 particles
17:42:25    ParticleSele   DEBUG     filtered out because of charge: 0
17:42:25    ParticleSele   DEBUG     filtered out because of hit count: 0
17:42:25    ParticleSele   DEBUG     filtered out because of measurement count: 0
17:42:25    SpacePointMa   DEBUG     Created 44 pixel space points
17:42:25    SpacePointMa   DEBUG     Build strip space points
17:42:25    SpacePointMa   DEBUG     Created 0 strip space points
17:42:25    SpacePointMa   DEBUG     Created 44 space points
17:42:25    GridTripletS   DEBUG     Created 40 track seeds from 44 space points
17:42:25    TrackParamsE   DEBUG     Estimated 40 track parameters from 40 seeds
17:42:25    SeedsToTrack   DEBUG     Received 40 seeds
17:42:25    SeedsToTrack   DEBUG     Produced 40 tracks
17:42:25    RzTrackFindi   DEBUG     Binned 104 of 104 measurements
17:42:25    RzTrackFindi   DEBUG     Found 40 tracks from 40 seeds
17:42:25    Sequencer      DEBUG     finished event 187
17:42:25    Sequencer      DEBUG     start processing event 188 on thread 0
17:42:25    EventGenerat   DEBUG     Generating primary vertices took 0.003166 ms total, 1.583 us +- 0.125 us per sample (#2)
17:42:25    EventGenerat   DEBUG     Merging HepMC3 events took 0.003625 ms total, 1.8125 us +- 0.1455 us per sample (#2)
17:42:25    EventGenerat   DEBUG     event=188 n_primary_vertices=2 n_particles=10
17:42:25    HepMC3InputC   DEBUG     HepMC3InputConverter::execute
17:42:25    HepMC3InputC   DEBUG     Have 2 vertices
17:42:25    HepMC3InputC   DEBUG     Have 10 particles
17:42:25    HepMC3InputC   DEBUG     Have 188 event number
17:42:25    HepMC3InputC   DEBUG     Converting HepMC3 event to internal EDM
17:42:25    HepMC3InputC   DEBUG     Finding primary vertex clusters took 0 ms
17:42:25    HepMC3InputC   DEBUG     Found 2 primary vertex clusters (~ primary vertices)
17:42:25    HepMC3InputC   DEBUG     Found 8 undecayed particles in the event
17:42:25    HepMC3InputC   DEBUG     Reserving 1 vertices and 8 particles
17:42:25    HepMC3InputC   DEBUG     Converting HepMC3 vertices to internal EDM took 0.007 ms
17:42:25    HepMC3InputC   DEBUG     Converted 8 particles and 2 vertices
17:42:25    HepMC3InputC   DEBUG     Sorting particles and vertices took 0 ms
17:42:25    FatrasSimula   DEBUG     8 input particles
17:42:25    FatrasSimula   DEBUG     8 simulated particles (initial state)
17:42:25    FatrasSimula   DEBUG     8 simulated particles (final state)
17:42:25    FatrasSimula   DEBUG     101 simulated hits
17:42:25    Digitization   DEBUG     Loaded 101 sim hits
17:42:25    Digitization   DEBUG     Starting loop over modules ...
17:42:25    Digitization   DEBUG     Created 101 measurements, 101 clusters from 101 sim hits.
17:42:25    ParticleSele   DEBUG     event 188 selected 8 from 8 particles
17:42:25    ParticleSele   DEBUG     filtered out because of charge: 0
17:42:25    ParticleSele   DEBUG     filtered out because of hit count: 0
17:42:25    ParticleSele   DEBUG     filtered out because of measurement count: 0
17:42:25    SpacePointMa   DEBUG     Created 42 pixel space points
17:42:25    SpacePointMa   DEBUG     Build strip space points
17:42:25    SpacePointMa   DEBUG     Created 0 strip space points
17:42:25    SpacePointMa   DEBUG     Created 42 space points
17:42:25    GridTripletS   DEBUG     Created 46 track seeds from 42 space points
17:42:25    TrackParamsE   DEBUG     Estimated 46 track parameters from 46 seeds
17:42:25    SeedsToTrack   DEBUG     Received 46 seeds
17:42:25    SeedsToTrack   DEBUG     Produced 46 tracks
17:42:25    RzTrackFindi   DEBUG     Binned 101 of 101 measurements
17:42:25    RzTrackFindi   DEBUG     Found 46 tracks from 46 seeds
17:42:25    Sequencer      DEBUG     finished event 188
17:42:25    Sequencer      DEBUG     start processing event 189 on thread 0
17:42:25    EventGenerat   DEBUG     Generating primary vertices took 0.003292 ms total, 1.646 us +- 0.229 us per sample (#2)
17:42:25    EventGenerat   DEBUG     Merging HepMC3 events took 0.003708 ms total, 1.854 us +- 0.062 us per sample (#2)
17:42:25    EventGenerat   DEBUG     event=189 n_primary_vertices=2 n_particles=10
17:42:25    HepMC3InputC   DEBUG     HepMC3InputConverter::execute
17:42:25    HepMC3InputC   DEBUG     Have 2 vertices
17:42:25    HepMC3InputC   DEBUG     Have 10 particles
17:42:25    HepMC3InputC   DEBUG     Have 189 event number
17:42:25    HepMC3InputC   DEBUG     Converting HepMC3 event to internal EDM
17:42:25    HepMC3InputC   DEBUG     Finding primary vertex clusters took 0 ms
17:42:25    HepMC3InputC   DEBUG     Found 2 primary vertex clusters (~ primary vertices)
17:42:25    HepMC3InputC   DEBUG     Found 8 undecayed particles in the event
17:42:25    HepMC3InputC   DEBUG     Reserving 1 vertices and 8 particles
17:42:25    HepMC3InputC   DEBUG     Converting HepMC3 vertices to internal EDM took 0.007 ms
17:42:25    HepMC3InputC   DEBUG     Converted 8 particles and 2 vertices
17:42:25    HepMC3InputC   DEBUG     Sorting particles and vertices took 0 ms
17:42:25    FatrasSimula   DEBUG     8 input particles
17:42:25    FatrasSimula   DEBUG     8 simulated particles (initial state)
17:42:25    FatrasSimula   DEBUG     8 simulated particles (final state)
17:42:25    FatrasSimula   DEBUG     106 simulated hits
17:42:25    Digitization   DEBUG     Loaded 106 sim hits
17:42:25    Digitization   DEBUG     Starting loop over modules ...
17:42:25    Digitization   DEBUG     Created 106 measurements, 106 clusters from 106 sim hits.
17:42:25    ParticleSele   DEBUG     event 189 selected 8 from 8 particles
17:42:25    ParticleSele   DEBUG     filtered out because of charge: 0
17:42:25    ParticleSele   DEBUG     filtered out because of hit count: 0
17:42:25    ParticleSele   DEBUG     filtered out because of measurement count: 0
17:42:25    SpacePointMa   DEBUG     Created 47 pixel space points
17:42:25    SpacePointMa   DEBUG     Build strip space points
17:42:25    SpacePointMa   DEBUG     Created 0 strip space points
17:42:25    SpacePointMa   DEBUG     Created 47 space points
17:42:25    GridTripletS   DEBUG     Created 46 track seeds from 47 space points
17:42:25    TrackParamsE   DEBUG     Estimated 46 track parameters from 46 seeds
17:42:25    SeedsToTrack   DEBUG     Received 46 seeds
17:42:25    SeedsToTrack   DEBUG     Produced 46 tracks
17:42:25    RzTrackFindi   DEBUG     Binned 106 of 106 measurements
17:42:25    RzTrackFindi   DEBUG     Found 45 tracks from 46 seeds
17:42:25    Sequencer      DEBUG     finished event 189
17:42:25    Sequencer      DEBUG     start processing event 190 on thread 0
17:42:25    EventGenerat   DEBUG     Generating primary vertices took 0.003417 ms total, 1.7085 us +- 0.0415 us per sample (#2)
17:42:25    EventGenerat   DEBUG     Merging HepMC3 events took 0.003917 ms total, 1.9585 us +- 0.1665 us per sample (#2)
17:42:25    EventGenerat   DEBUG     event=190 n_primary_vertices=2 n_particles=10
17:42:25    HepMC3InputC   DEBUG     HepMC3InputConverter::execute
17:42:25    HepMC3InputC   DEBUG     Have 2 vertices
17:42:25    HepMC3InputC   DEBUG     Have 10 particles
17:42:25    HepMC3InputC   DEBUG     Have 190 event number
17:42:25    HepMC3InputC   DEBUG     Converting HepMC3 event to internal EDM
17:42:25    HepMC3InputC   DEBUG     Finding primary vertex clusters took 0 ms
17:42:25    HepMC3InputC   DEBUG     Found 2 primary vertex clusters (~ primary vertices)
17:42:25    HepMC3InputC   DEBUG     Found 8 undecayed particles in the event
17:42:25    HepMC3InputC   DEBUG     Reserving 1 vertices and 8 particles
17:42:25    HepMC3InputC   DEBUG     Converting HepMC3 vertices to internal EDM took 0.008 ms
17:42:25    HepMC3InputC   DEBUG     Converted 8 particles and 2 vertices
17:42:25    HepMC3InputC   DEBUG     Sorting particles and vertices took 0 ms
17:42:25    FatrasSimula   DEBUG     8 input particles
17:42:25    FatrasSimula   DEBUG     8 simulated particles (initial state)
17:42:25    FatrasSimula   DEBUG     8 simulated particles (final state)
17:42:25    FatrasSimula   DEBUG     94 simulated hits
17:42:25    Digitization   DEBUG     Loaded 94 sim hits
17:42:25    Digitization   DEBUG     Starting loop over modules ...
17:42:25    Digitization   DEBUG     Created 94 measurements, 94 clusters from 94 sim hits.
17:42:25    ParticleSele   DEBUG     event 190 selected 8 from 8 particles
17:42:25    ParticleSele   DEBUG     filtered out because of charge: 0
17:42:25    ParticleSele   DEBUG     filtered out because of hit count: 0
17:42:25    ParticleSele   DEBUG     filtered out because of measurement count: 0
17:42:25    SpacePointMa   DEBUG     Created 42 pixel space points
17:42:25    SpacePointMa   DEBUG     Build strip space points
17:42:25    SpacePointMa   DEBUG     Created 0 strip space points
17:42:25    SpacePointMa   DEBUG     Created 42 space points
17:42:25    GridTripletS   DEBUG     Created 38 track seeds from 42 space points
17:42:25    TrackParamsE   DEBUG     Estimated 38 track parameters from 38 seeds
17:42:25    SeedsToTrack   DEBUG     Received 38 seeds
17:42:25    SeedsToTrack   DEBUG     Produced 38 tracks
17:42:25    RzTrackFindi   DEBUG     Binned 94 of 94 measurements
17:42:25    RzTrackFindi   DEBUG     Found 37 tracks from 38 seeds
17:42:25    Sequencer      DEBUG     finished event 190
17:42:25    Sequencer      DEBUG     start processing event 191 on thread 0
17:42:25    EventGenerat   DEBUG     Generating primary vertices took 0.003125 ms total, 1.5625 us +- 0.1455 us per sample (#2)
17:42:25    EventGenerat   DEBUG     Merging HepMC3 events took 0.003542 ms total, 1.771 us +- 0.146 us per sample (#2)
17:42:25    EventGenerat   DEBUG     event=191 n_primary_vertices=2 n_particles=10
17:42:25    HepMC3InputC   DEBUG     HepMC3InputConverter::execute
17:42:25    HepMC3InputC   DEBUG     Have 2 vertices
17:42:25    HepMC3InputC   DEBUG     Have 10 particles
17:42:25    HepMC3InputC   DEBUG     Have 191 event number
17:42:25    HepMC3InputC   DEBUG     Converting HepMC3 event to internal EDM
17:42:25    HepMC3InputC   DEBUG     Finding primary vertex clusters took 0 ms
17:42:25    HepMC3InputC   DEBUG     Found 2 primary vertex clusters (~ primary vertices)
17:42:25    HepMC3InputC   DEBUG     Found 8 undecayed particles in the event
17:42:25    HepMC3InputC   DEBUG     Reserving 1 vertices and 8 particles
17:42:25    HepMC3InputC   DEBUG     Converting HepMC3 vertices to internal EDM took 0.007 ms
17:42:25    HepMC3InputC   DEBUG     Converted 8 particles and 2 vertices
17:42:25    HepMC3InputC   DEBUG     Sorting particles and vertices took 0 ms
17:42:25    FatrasSimula   DEBUG     8 input particles
17:42:25    FatrasSimula   DEBUG     8 simulated particles (initial state)
17:42:25    FatrasSimula   DEBUG     8 simulated particles (final state)
17:42:25    FatrasSimula   DEBUG     96 simulated hits
17:42:25    Digitization   DEBUG     Loaded 96 sim hits
17:42:25    Digitization   DEBUG     Starting loop over modules ...
17:42:25    Digitization   DEBUG     Created 96 measurements, 96 clusters from 96 sim hits.
17:42:25    ParticleSele   DEBUG     event 191 selected 8 from 8 particles
17:42:25    ParticleSele   DEBUG     filtered out because of charge: 0
17:42:25    ParticleSele   DEBUG     filtered out because of hit count: 0
17:42:25    ParticleSele   DEBUG     filtered out because of measurement count: 0
17:42:25    SpacePointMa   DEBUG     Created 41 pixel space points
17:42:25    SpacePointMa   DEBUG     Build strip space points
17:42:25    SpacePointMa   DEBUG     Created 0 strip space points
17:42:25    SpacePointMa   DEBUG     Created 41 space points
17:42:25    GridTripletS   DEBUG     Created 35 track seeds from 41 space points
17:42:25    TrackParamsE   DEBUG     Estimated 35 track parameters from 35 seeds
17:42:25    SeedsToTrack   DEBUG     Received 35 seeds
17:42:25    SeedsToTrack   DEBUG     Produced 35 tracks
17:42:25    RzTrackFindi   DEBUG     Binned 96 of 96 measurements
17:42:25    RzTrackFindi   DEBUG     Found 35 tracks from 35 seeds
17:42:25    Sequencer      DEBUG     finished event 191
17:42:25    Sequencer      DEBUG     start processing event 192 on thread 0
17:42:25    EventGenerat   DEBUG     Generating primary vertices took 0.003125 ms total, 1.5625 us +- 0.1045 us per sample (#2)
17:42:25    EventGenerat   DEBUG     Merging HepMC3 events took 0.003584 ms total, 1.792 us +- 0.125 us per sample (#2)
17:42:25    EventGenerat   DEBUG     event=192 n_primary_vertices=2 n_particles=10
17:42:25    HepMC3InputC   DEBUG     HepMC3InputConverter::execute
17:42:25    HepMC3InputC   DEBUG     Have 2 vertices
17:42:25    HepMC3InputC   DEBUG     Have 10 particles
17:42:25    HepMC3InputC   DEBUG     Have 192 event number
17:42:25    HepMC3InputC   DEBUG     Converting HepMC3 event to internal EDM
17:42:25    HepMC3InputC   DEBUG     Finding primary vertex clusters took 0 ms
17:42:25    HepMC3InputC   DEBUG     Found 2 primary vertex clusters (~ primary vertices)
17:42:25    HepMC3InputC   DEBUG     Found 8 undecayed particles in the event
17:42:25    HepMC3InputC   DEBUG     Reserving 1 vertices and 8 particles
17:42:25    HepMC3InputC   DEBUG     Converting HepMC3 vertices to internal EDM took 0.007 ms
17:42:25    HepMC3InputC   DEBUG     Converted 8 particles and 2 vertices
17:42:25    HepMC3InputC   DEBUG     Sorting particles and vertices took 0 ms
17:42:25    FatrasSimula   DEBUG     8 input particles
17:42:25    FatrasSimula   DEBUG     8 simulated particles (initial state)
17:42:25    FatrasSimula   DEBUG     8 simulated particles (final state)
17:42:25    FatrasSimula   DEBUG     97 simulated hits
17:42:25    Digitization   DEBUG     Loaded 97 sim hits
17:42:25    Digitization   DEBUG     Starting loop over modules ...
17:42:25    Digitization   DEBUG     Created 97 measurements, 97 clusters from 97 sim hits.
17:42:25    ParticleSele   DEBUG     event 192 selected 8 from 8 particles
17:42:25    ParticleSele   DEBUG     filtered out because of charge: 0
17:42:25    ParticleSele   DEBUG     filtered out because of hit count: 0
17:42:25    ParticleSele   DEBUG     filtered out because of measurement count: 0
17:42:25    SpacePointMa   DEBUG     Created 42 pixel space points
17:42:25    SpacePointMa   DEBUG     Build strip space points
17:42:25    SpacePointMa   DEBUG     Created 0 strip space points
17:42:25    SpacePointMa   DEBUG     Created 42 space points
17:42:25    GridTripletS   DEBUG     Created 38 track seeds from 42 space points
17:42:25    TrackParamsE   DEBUG     Estimated 38 track parameters from 38 seeds
17:42:25    SeedsToTrack   DEBUG     Received 38 seeds
17:42:25    SeedsToTrack   DEBUG     Produced 38 tracks
17:42:25    RzTrackFindi   DEBUG     Binned 97 of 97 measurements
17:42:25    RzTrackFindi   DEBUG     Found 38 tracks from 38 seeds
17:42:25    Sequencer      DEBUG     finished event 192
17:42:25    Sequencer      DEBUG     start processing event 193 on thread 0
17:42:25    EventGenerat   DEBUG     Generating primary vertices took 0.003125 ms total, 1.5625 us +- 0.1455 us per sample (#2)
17:42:25    EventGenerat   DEBUG     Merging HepMC3 events took 0.003584 ms total, 1.792 us +- 0.167 us per sample (#2)
17:42:25    EventGenerat   DEBUG     event=193 n_primary_vertices=2 n_particles=10
17:42:25    HepMC3InputC   DEBUG     HepMC3InputConverter::execute
17:42:25    HepMC3InputC   DEBUG     Have 2 vertices
17:42:25    HepMC3InputC   DEBUG     Have 10 particles
17:42:25    HepMC3InputC   DEBUG     Have 193 event number
17:42:25    HepMC3InputC   DEBUG     Converting HepMC3 event to internal EDM
17:42:25    HepMC3InputC   DEBUG     Finding primary vertex clusters took 0 ms
17:42:25    HepMC3InputC   DEBUG     Found 2 primary vertex clusters (~ primary vertices)
17:42:25    HepMC3InputC   DEBUG     Found 8 undecayed particles in the event
17:42:25    HepMC3InputC   DEBUG     Reserving 1 vertices and 8 particles
17:42:25    HepMC3InputC   DEBUG     Converting HepMC3 vertices to internal EDM took 0.007 ms
17:42:25    HepMC3InputC   DEBUG     Converted 8 particles and 2 vertices
17:42:25    HepMC3InputC   DEBUG     Sorting particles and vertices took 0 ms
17:42:25    FatrasSimula   DEBUG     8 input particles
17:42:25    FatrasSimula   DEBUG     8 simulated particles (initial state)
17:42:25    FatrasSimula   DEBUG     8 simulated particles (final state)
17:42:25    FatrasSimula   DEBUG     98 simulated hits
17:42:25    Digitization   DEBUG     Loaded 98 sim hits
17:42:25    Digitization   DEBUG     Starting loop over modules ...
17:42:25    Digitization   DEBUG     Created 98 measurements, 98 clusters from 98 sim hits.
17:42:25    ParticleSele   DEBUG     event 193 selected 8 from 8 particles
17:42:25    ParticleSele   DEBUG     filtered out because of charge: 0
17:42:25    ParticleSele   DEBUG     filtered out because of hit count: 0
17:42:25    ParticleSele   DEBUG     filtered out because of measurement count: 0
17:42:25    SpacePointMa   DEBUG     Created 43 pixel space points
17:42:25    SpacePointMa   DEBUG     Build strip space points
17:42:25    SpacePointMa   DEBUG     Created 0 strip space points
17:42:25    SpacePointMa   DEBUG     Created 43 space points
17:42:25    GridTripletS   DEBUG     Created 37 track seeds from 43 space points
17:42:25    TrackParamsE   DEBUG     Estimated 37 track parameters from 37 seeds
17:42:25    SeedsToTrack   DEBUG     Received 37 seeds
17:42:25    SeedsToTrack   DEBUG     Produced 37 tracks
17:42:25    RzTrackFindi   DEBUG     Binned 98 of 98 measurements
17:42:25    RzTrackFindi   DEBUG     Found 37 tracks from 37 seeds
17:42:25    Sequencer      DEBUG     finished event 193
17:42:25    Sequencer      DEBUG     start processing event 194 on thread 0
17:42:25    EventGenerat   DEBUG     Generating primary vertices took 0.003167 ms total, 1.5835 us +- 0.1665 us per sample (#2)
17:42:25    EventGenerat   DEBUG     Merging HepMC3 events took 0.003584 ms total, 1.792 us +- 0.125 us per sample (#2)
17:42:25    EventGenerat   DEBUG     event=194 n_primary_vertices=2 n_particles=10
17:42:25    HepMC3InputC   DEBUG     HepMC3InputConverter::execute
17:42:25    HepMC3InputC   DEBUG     Have 2 vertices
17:42:25    HepMC3InputC   DEBUG     Have 10 particles
17:42:25    HepMC3InputC   DEBUG     Have 194 event number
17:42:25    HepMC3InputC   DEBUG     Converting HepMC3 event to internal EDM
17:42:25    HepMC3InputC   DEBUG     Finding primary vertex clusters took 0 ms
17:42:25    HepMC3InputC   DEBUG     Found 2 primary vertex clusters (~ primary vertices)
17:42:25    HepMC3InputC   DEBUG     Found 8 undecayed particles in the event
17:42:25    HepMC3InputC   DEBUG     Reserving 1 vertices and 8 particles
17:42:25    HepMC3InputC   DEBUG     Converting HepMC3 vertices to internal EDM took 0.007 ms
17:42:25    HepMC3InputC   DEBUG     Converted 8 particles and 2 vertices
17:42:25    HepMC3InputC   DEBUG     Sorting particles and vertices took 0 ms
17:42:25    FatrasSimula   DEBUG     8 input particles
17:42:25    FatrasSimula   DEBUG     8 simulated particles (initial state)
17:42:25    FatrasSimula   DEBUG     8 simulated particles (final state)
17:42:25    FatrasSimula   DEBUG     94 simulated hits
17:42:25    Digitization   DEBUG     Loaded 94 sim hits
17:42:25    Digitization   DEBUG     Starting loop over modules ...
17:42:25    Digitization   DEBUG     Created 94 measurements, 94 clusters from 94 sim hits.
17:42:25    ParticleSele   DEBUG     event 194 selected 8 from 8 particles
17:42:25    ParticleSele   DEBUG     filtered out because of charge: 0
17:42:25    ParticleSele   DEBUG     filtered out because of hit count: 0
17:42:25    ParticleSele   DEBUG     filtered out because of measurement count: 0
17:42:25    SpacePointMa   DEBUG     Created 38 pixel space points
17:42:25    SpacePointMa   DEBUG     Build strip space points
17:42:25    SpacePointMa   DEBUG     Created 0 strip space points
17:42:25    SpacePointMa   DEBUG     Created 38 space points
17:42:25    GridTripletS   DEBUG     Created 27 track seeds from 38 space points
17:42:25    TrackParamsE   DEBUG     Estimated 27 track parameters from 27 seeds
17:42:25    SeedsToTrack   DEBUG     Received 27 seeds
17:42:25    SeedsToTrack   DEBUG     Produced 27 tracks
17:42:25    RzTrackFindi   DEBUG     Binned 94 of 94 measurements
17:42:25    RzTrackFindi   DEBUG     Found 27 tracks from 27 seeds
17:42:25    Sequencer      DEBUG     finished event 194
17:42:25    Sequencer      DEBUG     start processing event 195 on thread 0
17:42:25    EventGenerat   DEBUG     Generating primary vertices took 0.003292 ms total, 1.646 us +- 0.146 us per sample (#2)
17:42:25    EventGenerat   DEBUG     Merging HepMC3 events took 0.003833 ms total, 1.9165 us +- 0.1665 us per sample (#2)
17:42:25    EventGenerat   DEBUG     event=195 n_primary_vertices=2 n_particles=10
17:42:25    HepMC3InputC   DEBUG     HepMC3InputConverter::execute
17:42:25    HepMC3InputC   DEBUG     Have 2 vertices
17:42:25    HepMC3InputC   DEBUG     Have 10 particles
17:42:25    HepMC3InputC   DEBUG     Have 195 event number
17:42:25    HepMC3InputC   DEBUG     Converting HepMC3 event to internal EDM
17:42:25    HepMC3InputC   DEBUG     Finding primary vertex clusters took 0 ms
17:42:25    HepMC3InputC   DEBUG     Found 2 primary vertex clusters (~ primary vertices)
17:42:25    HepMC3InputC   DEBUG     Found 8 undecayed particles in the event
17:42:25    HepMC3InputC   DEBUG     Reserving 1 vertices and 8 particles
17:42:25    HepMC3InputC   DEBUG     Converting HepMC3 vertices to internal EDM took 0.008 ms
17:42:25    HepMC3InputC   DEBUG     Converted 8 particles and 2 vertices
17:42:25    HepMC3InputC   DEBUG     Sorting particles and vertices took 0 ms
17:42:25    FatrasSimula   DEBUG     8 input particles
17:42:25    FatrasSimula   DEBUG     8 simulated particles (initial state)
17:42:25    FatrasSimula   DEBUG     8 simulated particles (final state)
17:42:25    FatrasSimula   DEBUG     92 simulated hits
17:42:25    Digitization   DEBUG     Loaded 92 sim hits
17:42:25    Digitization   DEBUG     Starting loop over modules ...
17:42:25    Digitization   DEBUG     Created 92 measurements, 92 clusters from 92 sim hits.
17:42:25    ParticleSele   DEBUG     event 195 selected 8 from 8 particles
17:42:25    ParticleSele   DEBUG     filtered out because of charge: 0
17:42:25    ParticleSele   DEBUG     filtered out because of hit count: 0
17:42:25    ParticleSele   DEBUG     filtered out because of measurement count: 0
17:42:25    SpacePointMa   DEBUG     Created 38 pixel space points
17:42:25    SpacePointMa   DEBUG     Build strip space points
17:42:25    SpacePointMa   DEBUG     Created 0 strip space points
17:42:25    SpacePointMa   DEBUG     Created 38 space points
17:42:25    GridTripletS   DEBUG     Created 36 track seeds from 38 space points
17:42:25    TrackParamsE   DEBUG     Estimated 36 track parameters from 36 seeds
17:42:25    SeedsToTrack   DEBUG     Received 36 seeds
17:42:25    SeedsToTrack   DEBUG     Produced 36 tracks
17:42:25    RzTrackFindi   DEBUG     Binned 92 of 92 measurements
17:42:25    RzTrackFindi   DEBUG     Found 36 tracks from 36 seeds
17:42:25    Sequencer      DEBUG     finished event 195
17:42:25    Sequencer      DEBUG     start processing event 196 on thread 0
17:42:25    EventGenerat   DEBUG     Generating primary vertices took 0.003625 ms total, 1.8125 us +- 0.1045 us per sample (#2)
17:42:25    EventGenerat   DEBUG     Merging HepMC3 events took 0.003917 ms total, 1.9585 us +- 0.1665 us per sample (#2)
17:42:25    EventGenerat   DEBUG     event=196 n_primary_vertices=2 n_particles=10
17:42:25    HepMC3InputC   DEBUG     HepMC3InputConverter::execute
17:42:25    HepMC3InputC   DEBUG     Have 2 vertices
17:42:25    HepMC3InputC   DEBUG     Have 10 particles
17:42:25    HepMC3InputC   DEBUG     Have 196 event number
17:42:25    HepMC3InputC   DEBUG     Converting HepMC3 event to internal EDM
17:42:25    HepMC3InputC   DEBUG     Finding primary vertex clusters took 0 ms
17:42:25    HepMC3InputC   DEBUG     Found 2 primary vertex clusters (~ primary vertices)
17:42:25    HepMC3InputC   DEBUG     Found 8 undecayed particles in the event
17:42:25    HepMC3InputC   DEBUG     Reserving 1 vertices and 8 particles
17:42:25    HepMC3InputC   DEBUG     Converting HepMC3 vertices to internal EDM took 0.008 ms
17:42:25    HepMC3InputC   DEBUG     Converted 8 particles and 2 vertices
17:42:25    HepMC3InputC   DEBUG     Sorting particles and vertices took 0 ms
17:42:25    FatrasSimula   DEBUG     8 input particles
17:42:25    FatrasSimula   DEBUG     8 simulated particles (initial state)
17:42:25    FatrasSimula   DEBUG     8 simulated particles (final state)
17:42:25    FatrasSimula   DEBUG     103 simulated hits
17:42:25    Digitization   DEBUG     Loaded 103 sim hits
17:42:25    Digitization   DEBUG     Starting loop over modules ...
17:42:25    Digitization   DEBUG     Created 103 measurements, 103 clusters from 103 sim hits.
17:42:25    ParticleSele   DEBUG     event 196 selected 8 from 8 particles
17:42:25    ParticleSele   DEBUG     filtered out because of charge: 0
17:42:25    ParticleSele   DEBUG     filtered out because of hit count: 0
17:42:25    ParticleSele   DEBUG     filtered out because of measurement count: 0
17:42:25    SpacePointMa   DEBUG     Created 44 pixel space points
17:42:25    SpacePointMa   DEBUG     Build strip space points
17:42:25    SpacePointMa   DEBUG     Created 0 strip space points
17:42:25    SpacePointMa   DEBUG     Created 44 space points
17:42:25    GridTripletS   DEBUG     Created 36 track seeds from 44 space points
17:42:25    TrackParamsE   DEBUG     Estimated 36 track parameters from 36 seeds
17:42:25    SeedsToTrack   DEBUG     Received 36 seeds
17:42:25    SeedsToTrack   DEBUG     Produced 36 tracks
17:42:25    RzTrackFindi   DEBUG     Binned 103 of 103 measurements
17:42:25    RzTrackFindi   DEBUG     Found 36 tracks from 36 seeds
17:42:25    Sequencer      DEBUG     finished event 196
17:42:25    Sequencer      DEBUG     start processing event 197 on thread 0
17:42:25    EventGenerat   DEBUG     Generating primary vertices took 0.00325 ms total, 1.625 us +- 0.125 us per sample (#2)
17:42:25    EventGenerat   DEBUG     Merging HepMC3 events took 0.003583 ms total, 1.7915 us +- 0.1665 us per sample (#2)
17:42:25    EventGenerat   DEBUG     event=197 n_primary_vertices=2 n_particles=10
17:42:25    HepMC3InputC   DEBUG     HepMC3InputConverter::execute
17:42:25    HepMC3InputC   DEBUG     Have 2 vertices
17:42:25    HepMC3InputC   DEBUG     Have 10 particles
17:42:25    HepMC3InputC   DEBUG     Have 197 event number
17:42:25    HepMC3InputC   DEBUG     Converting HepMC3 event to internal EDM
17:42:25    HepMC3InputC   DEBUG     Finding primary vertex clusters took 0 ms
17:42:25    HepMC3InputC   DEBUG     Found 2 primary vertex clusters (~ primary vertices)
17:42:25    HepMC3InputC   DEBUG     Found 8 undecayed particles in the event
17:42:25    HepMC3InputC   DEBUG     Reserving 1 vertices and 8 particles
17:42:25    HepMC3InputC   DEBUG     Converting HepMC3 vertices to internal EDM took 0.007 ms
17:42:25    HepMC3InputC   DEBUG     Converted 8 particles and 2 vertices
17:42:25    HepMC3InputC   DEBUG     Sorting particles and vertices took 0 ms
17:42:25    FatrasSimula   DEBUG     8 input particles
17:42:25    FatrasSimula   DEBUG     8 simulated particles (initial state)
17:42:25    FatrasSimula   DEBUG     8 simulated particles (final state)
17:42:25    FatrasSimula   DEBUG     94 simulated hits
17:42:25    Digitization   DEBUG     Loaded 94 sim hits
17:42:25    Digitization   DEBUG     Starting loop over modules ...
17:42:25    Digitization   DEBUG     Created 94 measurements, 94 clusters from 94 sim hits.
17:42:25    ParticleSele   DEBUG     event 197 selected 8 from 8 particles
17:42:25    ParticleSele   DEBUG     filtered out because of charge: 0
17:42:25    ParticleSele   DEBUG     filtered out because of hit count: 0
17:42:25    ParticleSele   DEBUG     filtered out because of measurement count: 0
17:42:25    SpacePointMa   DEBUG     Created 39 pixel space points
17:42:25    SpacePointMa   DEBUG     Build strip space points
17:42:25    SpacePointMa   DEBUG     Created 0 strip space points
17:42:25    SpacePointMa   DEBUG     Created 39 space points
17:42:25    GridTripletS   DEBUG     Created 39 track seeds from 39 space points
17:42:25    TrackParamsE   DEBUG     Estimated 39 track parameters from 39 seeds
17:42:25    SeedsToTrack   DEBUG     Received 39 seeds
17:42:25    SeedsToTrack   DEBUG     Produced 39 tracks
17:42:25    RzTrackFindi   DEBUG     Binned 94 of 94 measurements
17:42:25    RzTrackFindi   DEBUG     Found 38 tracks from 39 seeds
17:42:25    Sequencer      DEBUG     finished event 197
17:42:25    Sequencer      DEBUG     start processing event 198 on thread 0
17:42:25    EventGenerat   DEBUG     Generating primary vertices took 0.003084 ms total, 1.542 us +- 0.125 us per sample (#2)
17:42:25    EventGenerat   DEBUG     Merging HepMC3 events took 0.00375 ms total, 1.875 us +- 0.209 us per sample (#2)
17:42:25    EventGenerat   DEBUG     event=198 n_primary_vertices=2 n_particles=10
17:42:25    HepMC3InputC   DEBUG     HepMC3InputConverter::execute
17:42:25    HepMC3InputC   DEBUG     Have 2 vertices
17:42:25    HepMC3InputC   DEBUG     Have 10 particles
17:42:25    HepMC3InputC   DEBUG     Have 198 event number
17:42:25    HepMC3InputC   DEBUG     Converting HepMC3 event to internal EDM
17:42:25    HepMC3InputC   DEBUG     Finding primary vertex clusters took 0 ms
17:42:25    HepMC3InputC   DEBUG     Found 2 primary vertex clusters (~ primary vertices)
17:42:25    HepMC3InputC   DEBUG     Found 8 undecayed particles in the event
17:42:25    HepMC3InputC   DEBUG     Reserving 1 vertices and 8 particles
17:42:25    HepMC3InputC   DEBUG     Converting HepMC3 vertices to internal EDM took 0.007 ms
17:42:25    HepMC3InputC   DEBUG     Converted 8 particles and 2 vertices
17:42:25    HepMC3InputC   DEBUG     Sorting particles and vertices took 0 ms
17:42:25    FatrasSimula   DEBUG     8 input particles
17:42:25    FatrasSimula   DEBUG     8 simulated particles (initial state)
17:42:25    FatrasSimula   DEBUG     8 simulated particles (final state)
17:42:25    FatrasSimula   DEBUG     95 simulated hits
17:42:25    Digitization   DEBUG     Loaded 95 sim hits
17:42:25    Digitization   DEBUG     Starting loop over modules ...
17:42:25    Digitization   DEBUG     Created 95 measurements, 95 clusters from 95 sim hits.
17:42:25    ParticleSele   DEBUG     event 198 selected 8 from 8 particles
17:42:25    ParticleSele   DEBUG     filtered out because of charge: 0
17:42:25    ParticleSele   DEBUG     filtered out because of hit count: 0
17:42:25    ParticleSele   DEBUG     filtered out because of measurement count: 0
17:42:25    SpacePointMa   DEBUG     Created 39 pixel space points
17:42:25    SpacePointMa   DEBUG     Build strip space points
17:42:25    SpacePointMa   DEBUG     Created 0 strip space points
17:42:25    SpacePointMa   DEBUG     Created 39 space points
17:42:25    GridTripletS   DEBUG     Created 30 track seeds from 39 space points
17:42:25    TrackParamsE   DEBUG     Estimated 30 track parameters from 30 seeds
17:42:25    SeedsToTrack   DEBUG     Received 30 seeds
17:42:25    SeedsToTrack   DEBUG     Produced 30 tracks
17:42:25    RzTrackFindi   DEBUG     Binned 95 of 95 measurements
17:42:25    RzTrackFindi   DEBUG     Found 30 tracks from 30 seeds
17:42:25    Sequencer      DEBUG     finished event 198
17:42:25    Sequencer      DEBUG     start processing event 199 on thread 0
17:42:25    EventGenerat   DEBUG     Generating primary vertices took 0.003041 ms total, 1.5205 us +- 0.1455 us per sample (#2)
17:42:25    EventGenerat   DEBUG     Merging HepMC3 events took 0.003625 ms total, 1.8125 us +- 0.1465 us per sample (#2)
17:42:25    EventGenerat   DEBUG     event=199 n_primary_vertices=2 n_particles=10
17:42:25    HepMC3InputC   DEBUG     HepMC3InputConverter::execute
17:42:25    HepMC3InputC   DEBUG     Have 2 vertices
17:42:25    HepMC3InputC   DEBUG     Have 10 particles
17:42:25    HepMC3InputC   DEBUG     Have 199 event number
17:42:25    HepMC3InputC   DEBUG     Converting HepMC3 event to internal EDM
17:42:25    HepMC3InputC   DEBUG     Finding primary vertex clusters took 0 ms
17:42:25    HepMC3InputC   DEBUG     Found 2 primary vertex clusters (~ primary vertices)
17:42:25    HepMC3InputC   DEBUG     Found 8 undecayed particles in the event
17:42:25    HepMC3InputC   DEBUG     Reserving 1 vertices and 8 particles
17:42:25    HepMC3InputC   DEBUG     Converting HepMC3 vertices to internal EDM took 0.007 ms
17:42:25    HepMC3InputC   DEBUG     Converted 8 particles and 2 vertices
17:42:25    HepMC3InputC   DEBUG     Sorting particles and vertices took 0 ms
17:42:25    FatrasSimula   DEBUG     8 input particles
17:42:25    FatrasSimula   DEBUG     8 simulated particles (initial state)
17:42:25    FatrasSimula   DEBUG     8 simulated particles (final state)
17:42:25    FatrasSimula   DEBUG     98 simulated hits
17:42:25    Digitization   DEBUG     Loaded 98 sim hits
17:42:25    Digitization   DEBUG     Starting loop over modules ...
17:42:25    Digitization   DEBUG     Created 98 measurements, 98 clusters from 98 sim hits.
17:42:25    ParticleSele   DEBUG     event 199 selected 8 from 8 particles
17:42:25    ParticleSele   DEBUG     filtered out because of charge: 0
17:42:25    ParticleSele   DEBUG     filtered out because of hit count: 0
17:42:25    ParticleSele   DEBUG     filtered out because of measurement count: 0
17:42:25    SpacePointMa   DEBUG     Created 35 pixel space points
17:42:25    SpacePointMa   DEBUG     Build strip space points
17:42:25    SpacePointMa   DEBUG     Created 0 strip space points
17:42:25    SpacePointMa   DEBUG     Created 35 space points
17:42:25    GridTripletS   DEBUG     Created 28 track seeds from 35 space points
17:42:25    TrackParamsE   DEBUG     Estimated 28 track parameters from 28 seeds
17:42:25    SeedsToTrack   DEBUG     Received 28 seeds
17:42:25    SeedsToTrack   DEBUG     Produced 28 tracks
17:42:25    RzTrackFindi   DEBUG     Binned 98 of 98 measurements
17:42:25    RzTrackFindi   DEBUG     Found 28 tracks from 28 seeds
17:42:25    Sequencer      DEBUG     finished event 199
17:42:25    RootPatternR   DEBUG     nTotalseeds                = 7263
17:42:25    RootPatternR   DEBUG     nTotalMatchedseeds         = 7250
17:42:25    RootPatternR   DEBUG     nTotalDuplicateseeds       = 5654
17:42:25    RootPatternR   DEBUG     nTotalFakeseeds            = 0
17:42:25    RootPatternR   INFO      Efficiency with seeds (nMatchedseeds/nAllseeds) = 0.99821
17:42:25    RootPatternR   INFO      Fake ratio with seeds (nFakeseeds/nAllseeds) = 0
17:42:25    RootPatternR   INFO      Duplicate ratio with seeds (nDuplicateseeds/nAllseeds) = 0.778466
17:42:25    RootPatternR   INFO      Efficiency with particles (nMatchedParticles/nTrueParticles) = 1
17:42:25    RootPatternR   INFO      Fake ratio with particles (nFakeParticles/nTrueParticles) = 0
17:42:25    RootPatternR   INFO      Duplicate ratio with particles (nDuplicateParticles/nTrueParticles) = 0.967419
17:42:25    RootPatternR   INFO      Wrote performance plots to 'output/dbg/performance_seeding.root:/'
17:42:25    RootTrackPar   INFO      Wrote estimated parameters from seed to tree 'estimatedparams' in 'output/dbg/estimatedparams.root'
17:42:25    RzTrackFindi   INFO      RzTrackFinding: 7263 seeds, 7234 tracks, 21.1067 stops and 14.4659 candidates per seed, 11.9513 measurements and 0.0832181 holes per track, 7 backward pass failures
17:42:25    RootTrackSum   INFO      Wrote parameters of tracks to tree 'tracksummary' in 'output/dbg/tracksummary_rz.root'
17:42:25    RootTrackPar   INFO      === Track Parameter Performance Summary ===
17:42:25    RootTrackPar   INFO      Total tracks: 7234
17:42:25    RootTrackPar   INFO      Total matched tracks: 1594
17:42:25    RootTrackPar   INFO      Total particles: 1596
17:42:25    RootTrackPar   INFO      Total matched particles: 1594
17:42:25    RootTrackPar   INFO      Track efficiency: 22.0348%
17:42:25    RootTrackPar   DEBUG     Failed to fit initial Gaussian to 'res_t_vs_eta_slice_11'
17:42:25    RootTrackPar   DEBUG     Failed to fit initial Gaussian to 'res_t_vs_eta_slice_28'
17:42:25    RootTrackPar   DEBUG     Failed to fit initial Gaussian to 'res_d0_vs_eta_phi_slice_7_15'
17:42:25    RootTrackPar   DEBUG     Failed to fit initial Gaussian to 'res_d0_vs_eta_phi_slice_7_34'
17:42:25    RootTrackPar   DEBUG     Failed to fit initial Gaussian to 'res_d0_vs_eta_phi_slice_7_37'
17:42:25    RootTrackPar   DEBUG     Failed to fit initial Gaussian to 'res_d0_vs_eta_phi_slice_7_39'
17:42:25    RootTrackPar   DEBUG     Failed to fit initial Gaussian to 'res_d0_vs_eta_phi_slice_8_19'
17:42:25    RootTrackPar   DEBUG     Failed to fit initial Gaussian to 'res_d0_vs_eta_phi_slice_8_34'
17:42:25    RootTrackPar   DEBUG     Failed to fit initial Gaussian to 'res_d0_vs_eta_phi_slice_8_39'
17:42:25    RootTrackPar   DEBUG     Failed to fit initial Gaussian to 'res_d0_vs_eta_phi_slice_9_33'
17:42:25    RootTrackPar   DEBUG     Failed to fit initial Gaussian to 'res_d0_vs_eta_phi_slice_10_32'
17:42:25    RootTrackPar   DEBUG     Failed to fit initial Gaussian to 'res_d0_vs_eta_phi_slice_10_39'
17:42:25    RootTrackPar   DEBUG     Failed to fit initial Gaussian to 'res_d0_vs_eta_phi_slice_11_3'
17:42:25    RootTrackPar   DEBUG     Failed to fit initial Gaussian to 'res_d0_vs_eta_phi_slice_11_12'
17:42:25    RootTrackPar   DEBUG     Failed to fit initial Gaussian to 'res_d0_vs_eta_phi_slice_11_14'
17:42:25    RootTrackPar   DEBUG     Failed to fit initial Gaussian to 'res_d0_vs_eta_phi_slice_11_17'
17:42:25    RootTrackPar   DEBUG     Failed to fit initial Gaussian to 'res_d0_vs_eta_phi_slice_11_32'
17:42:25    RootTrackPar   DEBUG     Failed to fit initial Gaussian to 'res_d0_vs_eta_phi_slice_11_36'
Warning in <Fit>: Fit data is empty 
17:42:25    RootTrackPar   DEBUG     Failed to fit iteration 0 Gaussian to 'res_d0_vs_eta_phi_slice_12_2'
17:42:25    RootTrackPar   DEBUG     Failed to fit initial Gaussian to 'res_d0_vs_eta_phi_slice_12_17'
17:42:25    RootTrackPar   DEBUG     Failed to fit initial Gaussian to 'res_d0_vs_eta_phi_slice_14_10'
17:42:25    RootTrackPar   DEBUG     Failed to fit initial Gaussian to 'res_d0_vs_eta_phi_slice_14_24'
17:42:25    RootTrackPar   DEBUG     Failed to fit initial Gaussian to 'res_d0_vs_eta_phi_slice_14_31'
17:42:25    RootTrackPar   DEBUG     Failed to fit iteration 0 Gaussian to 'res_d0_vs_eta_phi_slice_14_36'
17:42:25    RootTrackPar   DEBUG     Failed to fit initial Gaussian to 'res_d0_vs_eta_phi_slice_15_9'
17:42:25    RootTrackPar   DEBUG     Failed to fit initial Gaussian to 'res_d0_vs_eta_phi_slice_15_17'
17:42:25    RootTrackPar   DEBUG     Failed to fit initial Gaussian to 'res_d0_vs_eta_phi_slice_15_30'
17:42:25    RootTrackPar   DEBUG     Failed to fit initial Gaussian to 'res_d0_vs_eta_phi_slice_15_32'
17:42:25    RootTrackPar   DEBUG     Failed to fit initial Gaussian to 'res_d0_vs_eta_phi_slice_15_33'
17:42:25    RootTrackPar   DEBUG     Failed to fit initial Gaussian to 'res_d0_vs_eta_phi_slice_16_7'
17:42:25    RootTrackPar   DEBUG     Failed to fit initial Gaussian to 'res_d0_vs_eta_phi_slice_16_26'
17:42:25    RootTrackPar   DEBUG     Failed to fit initial Gaussian to 'res_d0_vs_eta_phi_slice_17_10'
17:42:25    RootTrackPar   DEBUG     Failed to fit initial Gaussian to 'res_d0_vs_eta_phi_slice_17_21'
17:42:25    RootTrackPar   DEBUG     Failed to fit initial Gaussian to 'res_d0_vs_eta_phi_slice_17_27'
17:42:25    RootTrackPar   DEBUG     Failed to fit iteration 0 Gaussian to 'res_d0_vs_eta_phi_slice_17_32'
17:42:25    RootTrackPar   DEBUG     Failed to fit initial Gaussian to 'res_d0_vs_eta_phi_slice_17_39'
17:42:25    RootTrackPar   DEBUG     Failed to fit initial Gaussian to 'res_d0_vs_eta_phi_slice_18_1'
17:42:25    RootTrackPar   DEBUG     Failed to fit initial Gaussian to 'res_d0_vs_eta_phi_slice_18_5'
17:42:25    RootTrackPar   DEBUG     Failed to fit initial Gaussian to 'res_d0_vs_eta_phi_slice_18_17'
17:42:25    RootTrackPar   DEBUG     Failed to fit initial Gaussian to 'res_d0_vs_eta_phi_slice_18_27'
17:42:25    RootTrackPar   DEBUG     Failed to fit initial Gaussian to 'res_d0_vs_eta_phi_slice_19_1'
17:42:25    RootTrackPar   DEBUG     Failed to fit initial Gaussian to 'res_d0_vs_eta_phi_slice_19_12'
Warning in <ROOT::Fit::FillData>: fit range is outside histogram range, no fit data for xaxis
Warning in <Fit>: Fit data is empty 
17:42:25    RootTrackPar   DEBUG     Failed to fit iteration 0 Gaussian to 'res_d0_vs_eta_phi_slice_19_21'
17:42:25    RootTrackPar   DEBUG     Failed to fit initial Gaussian to 'res_d0_vs_eta_phi_slice_20_3'
17:42:25    RootTrackPar   DEBUG     Failed to fit initial Gaussian to 'res_d0_vs_eta_phi_slice_20_9'
17:42:25    RootTrackPar   DEBUG     Failed to fit initial Gaussian to 'res_d0_vs_eta_phi_slice_20_12'
17:42:25    RootTrackPar   DEBUG     Failed to fit initial Gaussian to 'res_d0_vs_eta_phi_slice_20_15'
Warning in <Fit>: Fit data is empty 
17:42:25    RootTrackPar   DEBUG     Failed to fit iteration 0 Gaussian to 'res_d0_vs_eta_phi_slice_20_34'
17:42:25    RootTrackPar   DEBUG     Failed to fit initial Gaussian to 'res_d0_vs_eta_phi_slice_21_1'
17:42:25    RootTrackPar   DEBUG     Failed to fit initial Gaussian to 'res_d0_vs_eta_phi_slice_21_2'
17:42:25    RootTrackPar   DEBUG     Failed to fit initial Gaussian to 'res_d0_vs_eta_phi_slice_21_5'
17:42:25    RootTrackPar   DEBUG     Failed to fit initial Gaussian to 'res_d0_vs_eta_phi_slice_21_8'
17:42:25    RootTrackPar   DEBUG     Failed to fit initial Gaussian to 'res_d0_vs_eta_phi_slice_21_10'
17:42:25    RootTrackPar   DEBUG     Failed to fit initial Gaussian to 'res_d0_vs_eta_phi_slice_21_14'
17:42:25    RootTrackPar   DEBUG     Failed to fit initial Gaussian to 'res_d0_vs_eta_phi_slice_21_25'
17:42:25    RootTrackPar   DEBUG     Failed to fit initial Gaussian to 'res_d0_vs_eta_phi_slice_21_27'
17:42:25    RootTrackPar   DEBUG     Failed to fit initial Gaussian to 'res_d0_vs_eta_phi_slice_22_2'
17:42:25    RootTrackPar   DEBUG     Failed to fit initial Gaussian to 'res_d0_vs_eta_phi_slice_22_3'
17:42:25    RootTrackPar   DEBUG     Failed to fit initial Gaussian to 'res_d0_vs_eta_phi_slice_22_6'
Warning in <Fit>: Fit data is empty 
17:42:25    RootTrackPar   DEBUG     Failed to fit iteration 0 Gaussian to 'res_d0_vs_eta_phi_slice_22_8'
17:42:25    RootTrackPar   DEBUG     Failed to fit initial Gaussian to 'res_d0_vs_eta_phi_slice_22_23'
17:42:25    RootTrackPar   DEBUG     Failed to fit initial Gaussian to 'res_d0_vs_eta_phi_slice_22_32'
Warning in <Fit>: Fit data is empty 
17:42:25    RootTrackPar   DEBUG     Failed to fit iteration 0 Gaussian to 'res_d0_vs_eta_phi_slice_22_33'
17:42:25    RootTrackPar   DEBUG     Failed to fit initial Gaussian to 'res_d0_vs_eta_phi_slice_23_2'
17:42:25    RootTrackPar   DEBUG     Failed to fit initial Gaussian to 'res_d0_vs_eta_phi_slice_23_37'
17:42:25    RootTrackPar   DEBUG     Failed to fit initial Gaussian to 'res_d0_vs_eta_phi_slice_24_0'
17:42:25    RootTrackPar   DEBUG     Failed to fit initial Gaussian to 'res_d0_vs_eta_phi_slice_24_22'
17:42:25    RootTrackPar   DEBUG     Failed to fit initial Gaussian to 'res_d0_vs_eta_phi_slice_25_21'
17:42:25    RootTrackPar   DEBUG     Failed to fit initial Gaussian to 'res_d0_vs_eta_phi_slice_25_39'
17:42:25    RootTrackPar   DEBUG     Failed to fit initial Gaussian to 'res_d0_vs_eta_phi_slice_26_1'
17:42:25    RootTrackPar   DEBUG     Failed to fit initial Gaussian to 'res_d0_vs_eta_phi_slice_26_4'
17:42:25    RootTrackPar   DEBUG     Failed to fit initial Gaussian to 'res_d0_vs_eta_phi_slice_26_17'
17:42:25    RootTrackPar   DEBUG     Failed to fit initial Gaussian to 'res_d0_vs_eta_phi_slice_26_18'
17:42:25    RootTrackPar   DEBUG     Failed to fit initial Gaussian to 'res_d0_vs_eta_phi_slice_26_36'
17:42:25    RootTrackPar   DEBUG     Failed to fit initial Gaussian to 'res_d0_vs_eta_phi_slice_27_4'
17:42:25    RootTrackPar   DEBUG     Failed to fit initial Gaussian to 'res_d0_vs_eta_phi_slice_27_6'
17:42:25    RootTrackPar   DEBUG     Failed to fit initial Gaussian to 'res_d0_vs_eta_phi_slice_27_17'
17:42:25    RootTrackPar   DEBUG     Failed to fit initial Gaussian to 'res_d0_vs_eta_phi_slice_27_29'
17:42:25    RootTrackPar   DEBUG     Failed to fit initial Gaussian to 'res_d0_vs_eta_phi_slice_27_33'
17:42:25    RootTrackPar   DEBUG     Failed to fit initial Gaussian to 'res_d0_vs_eta_phi_slice_27_35'
17:42:25    RootTrackPar   DEBUG     Failed to fit initial Gaussian to 'res_d0_vs_eta_phi_slice_27_38'
17:42:25    RootTrackPar   DEBUG     Failed to fit initial Gaussian to 'res_d0_vs_eta_phi_slice_28_8'
17:42:25    RootTrackPar   DEBUG     Failed to fit initial Gaussian to 'res_d0_vs_eta_phi_slice_28_22'
17:42:25    RootTrackPar   DEBUG     Failed to fit initial Gaussian to 'res_d0_vs_eta_phi_slice_29_34'
Warning in <Fit>: Fit data is empty 
17:42:25    RootTrackPar   DEBUG     Failed to fit iteration 0 Gaussian to 'res_d0_vs_eta_phi_slice_30_8'
17:42:25    RootTrackPar   DEBUG     Failed to fit initial Gaussian to 'res_d0_vs_eta_phi_slice_30_19'
17:42:25    RootTrackPar   DEBUG     Failed to fit iteration 0 Gaussian to 'res_d0_vs_eta_phi_slice_30_31'
17:42:25    RootTrackPar   DEBUG     Failed to fit iteration 0 Gaussian to 'res_d0_vs_eta_phi_slice_31_5'
17:42:25    RootTrackPar   DEBUG     Failed to fit initial Gaussian to 'res_d0_vs_eta_phi_slice_31_9'
17:42:25    RootTrackPar   DEBUG     Failed to fit initial Gaussian to 'res_d0_vs_eta_phi_slice_31_19'
17:42:25    RootTrackPar   DEBUG     Failed to fit iteration 0 Gaussian to 'res_d0_vs_eta_phi_slice_32_22'
17:42:25    RootTrackPar   DEBUG     Failed to fit initial Gaussian to 'res_d0_vs_eta_phi_slice_32_31'
17:42:25    RootTrackPar   DEBUG     Failed to fit initial Gaussian to 'res_phi_vs_eta_phi_slice_7_3'
17:42:25    RootTrackPar   DEBUG     Failed to fit initial Gaussian to 'res_phi_vs_eta_phi_slice_7_15'
17:42:25    RootTrackPar   DEBUG     Failed to fit initial Gaussian to 'res_phi_vs_eta_phi_slice_7_33'
17:42:25    RootTrackPar   DEBUG     Failed to fit initial Gaussian to 'res_phi_vs_eta_phi_slice_7_34'
17:42:25    RootTrackPar   DEBUG     Failed to fit initial Gaussian to 'res_phi_vs_eta_phi_slice_7_37'
17:42:25    RootTrackPar   DEBUG     Failed to fit initial Gaussian to 'res_phi_vs_eta_phi_slice_7_39'
17:42:25    RootTrackPar   DEBUG     Failed to fit initial Gaussian to 'res_phi_vs_eta_phi_slice_8_19'
17:42:25    RootTrackPar   DEBUG     Failed to fit initial Gaussian to 'res_phi_vs_eta_phi_slice_8_34'
17:42:25    RootTrackPar   DEBUG     Failed to fit initial Gaussian to 'res_phi_vs_eta_phi_slice_8_39'
17:42:25    RootTrackPar   DEBUG     Failed to fit initial Gaussian to 'res_phi_vs_eta_phi_slice_9_11'
17:42:25    RootTrackPar   DEBUG     Failed to fit initial Gaussian to 'res_phi_vs_eta_phi_slice_9_19'
17:42:25    RootTrackPar   DEBUG     Failed to fit initial Gaussian to 'res_phi_vs_eta_phi_slice_9_30'
17:42:25    RootTrackPar   DEBUG     Failed to fit initial Gaussian to 'res_phi_vs_eta_phi_slice_9_31'
17:42:25    RootTrackPar   DEBUG     Failed to fit initial Gaussian to 'res_phi_vs_eta_phi_slice_9_33'
17:42:25    RootTrackPar   DEBUG     Failed to fit initial Gaussian to 'res_phi_vs_eta_phi_slice_9_37'
17:42:25    RootTrackPar   DEBUG     Failed to fit initial Gaussian to 'res_phi_vs_eta_phi_slice_10_3'
17:42:25    RootTrackPar   DEBUG     Failed to fit initial Gaussian to 'res_phi_vs_eta_phi_slice_10_21'
17:42:25    RootTrackPar   DEBUG     Failed to fit initial Gaussian to 'res_phi_vs_eta_phi_slice_11_12'
17:42:25    RootTrackPar   DEBUG     Failed to fit initial Gaussian to 'res_phi_vs_eta_phi_slice_11_21'
Warning in <Fit>: Fit data is empty 
17:42:25    RootTrackPar   DEBUG     Failed to fit iteration 0 Gaussian to 'res_phi_vs_eta_phi_slice_11_30'
17:42:25    RootTrackPar   DEBUG     Failed to fit initial Gaussian to 'res_phi_vs_eta_phi_slice_11_31'
17:42:25    RootTrackPar   DEBUG     Failed to fit initial Gaussian to 'res_phi_vs_eta_phi_slice_11_32'
17:42:25    RootTrackPar   DEBUG     Failed to fit initial Gaussian to 'res_phi_vs_eta_phi_slice_11_35'
17:42:25    RootTrackPar   DEBUG     Failed to fit initial Gaussian to 'res_phi_vs_eta_phi_slice_11_36'
17:42:25    RootTrackPar   DEBUG     Failed to fit initial Gaussian to 'res_phi_vs_eta_phi_slice_12_17'
17:42:25    RootTrackPar   DEBUG     Failed to fit initial Gaussian to 'res_phi_vs_eta_phi_slice_12_27'
Warning in <Fit>: Fit data is empty 
17:42:25    RootTrackPar   DEBUG     Failed to fit iteration 0 Gaussian to 'res_phi_vs_eta_phi_slice_13_21'
17:42:25    RootTrackPar   DEBUG     Failed to fit iteration 0 Gaussian to 'res_phi_vs_eta_phi_slice_14_1'
17:42:25    RootTrackPar   DEBUG     Failed to fit initial Gaussian to 'res_phi_vs_eta_phi_slice_14_12'
17:42:25    RootTrackPar   DEBUG     Failed to fit initial Gaussian to 'res_phi_vs_eta_phi_slice_14_31'
17:42:25    RootTrackPar   DEBUG     Failed to fit iteration 1 Gaussian to 'res_phi_vs_eta_phi_slice_15_7'
17:42:25    RootTrackPar   DEBUG     Failed to fit initial Gaussian to 'res_phi_vs_eta_phi_slice_15_30'
17:42:25    RootTrackPar   DEBUG     Failed to fit iteration 0 Gaussian to 'res_phi_vs_eta_phi_slice_15_31'
17:42:25    RootTrackPar   DEBUG     Failed to fit initial Gaussian to 'res_phi_vs_eta_phi_slice_16_21'
17:42:25    RootTrackPar   DEBUG     Failed to fit initial Gaussian to 'res_phi_vs_eta_phi_slice_16_24'
17:42:25    RootTrackPar   DEBUG     Failed to fit initial Gaussian to 'res_phi_vs_eta_phi_slice_16_26'
17:42:25    RootTrackPar   DEBUG     Failed to fit initial Gaussian to 'res_phi_vs_eta_phi_slice_17_6'
17:42:25    RootTrackPar   DEBUG     Failed to fit initial Gaussian to 'res_phi_vs_eta_phi_slice_17_21'
17:42:25    RootTrackPar   DEBUG     Failed to fit initial Gaussian to 'res_phi_vs_eta_phi_slice_17_27'
Warning in <Fit>: Fit data is empty 
17:42:25    RootTrackPar   DEBUG     Failed to fit iteration 0 Gaussian to 'res_phi_vs_eta_phi_slice_17_28'
17:42:25    RootTrackPar   DEBUG     Failed to fit initial Gaussian to 'res_phi_vs_eta_phi_slice_17_31'
17:42:25    RootTrackPar   DEBUG     Failed to fit initial Gaussian to 'res_phi_vs_eta_phi_slice_18_9'
17:42:25    RootTrackPar   DEBUG     Failed to fit initial Gaussian to 'res_phi_vs_eta_phi_slice_18_14'
17:42:25    RootTrackPar   DEBUG     Failed to fit initial Gaussian to 'res_phi_vs_eta_phi_slice_18_17'
17:42:26    RootTrackPar   DEBUG     Failed to fit initial Gaussian to 'res_phi_vs_eta_phi_slice_19_6'
17:42:26    RootTrackPar   DEBUG     Failed to fit initial Gaussian to 'res_phi_vs_eta_phi_slice_19_12'
17:42:26    RootTrackPar   DEBUG     Failed to fit iteration 0 Gaussian to 'res_phi_vs_eta_phi_slice_19_33'
17:42:26    RootTrackPar   DEBUG     Failed to fit initial Gaussian to 'res_phi_vs_eta_phi_slice_19_39'
17:42:26    RootTrackPar   DEBUG     Failed to fit initial Gaussian to 'res_phi_vs_eta_phi_slice_20_3'
Warning in <Fit>: Fit data is empty 
17:42:26    RootTrackPar   DEBUG     Failed to fit iteration 0 Gaussian to 'res_phi_vs_eta_phi_slice_20_9'
17:42:26    RootTrackPar   DEBUG     Failed to fit initial Gaussian to 'res_phi_vs_eta_phi_slice_20_15'
17:42:26    RootTrackPar   DEBUG     Failed to fit initial Gaussian to 'res_phi_vs_eta_phi_slice_20_22'
17:42:26    RootTrackPar   DEBUG     Failed to fit initial Gaussian to 'res_phi_vs_eta_phi_slice_20_34'
17:42:26    RootTrackPar   DEBUG     Failed to fit initial Gaussian to 'res_phi_vs_eta_phi_slice_21_0'
17:42:26    RootTrackPar   DEBUG     Failed to fit iteration 0 Gaussian to 'res_phi_vs_eta_phi_slice_21_3'
17:42:26    RootTrackPar   DEBUG     Failed to fit initial Gaussian to 'res_phi_vs_eta_phi_slice_21_10'
17:42:26    RootTrackPar   DEBUG     Failed to fit initial Gaussian to 'res_phi_vs_eta_phi_slice_21_12'
17:42:26    RootTrackPar   DEBUG     Failed to fit initial Gaussian to 'res_phi_vs_eta_phi_slice_21_16'
Warning in <Fit>: Fit data is empty 
17:42:26    RootTrackPar   DEBUG     Failed to fit iteration 0 Gaussian to 'res_phi_vs_eta_phi_slice_21_25'
17:42:26    RootTrackPar   DEBUG     Failed to fit initial Gaussian to 'res_phi_vs_eta_phi_slice_21_26'
17:42:26    RootTrackPar   DEBUG     Failed to fit initial Gaussian to 'res_phi_vs_eta_phi_slice_21_27'
17:42:26    RootTrackPar   DEBUG     Failed to fit initial Gaussian to 'res_phi_vs_eta_phi_slice_22_2'
17:42:26    RootTrackPar   DEBUG     Failed to fit initial Gaussian to 'res_phi_vs_eta_phi_slice_22_8'
17:42:26    RootTrackPar   DEBUG     Failed to fit initial Gaussian to 'res_phi_vs_eta_phi_slice_22_10'
17:42:26    RootTrackPar   DEBUG     Failed to fit initial Gaussian to 'res_phi_vs_eta_phi_slice_22_23'
17:42:26    RootTrackPar   DEBUG     Failed to fit initial Gaussian to 'res_phi_vs_eta_phi_slice_22_32'
17:42:26    RootTrackPar   DEBUG     Failed to fit initial Gaussian to 'res_phi_vs_eta_phi_slice_22_33'
17:42:26    RootTrackPar   DEBUG     Failed to fit initial Gaussian to 'res_phi_vs_eta_phi_slice_23_2'
17:42:26    RootTrackPar   DEBUG     Failed to fit initial Gaussian to 'res_phi_vs_eta_phi_slice_23_8'
17:42:26    RootTrackPar   DEBUG     Failed to fit initial Gaussian to 'res_phi_vs_eta_phi_slice_23_33'
17:42:26    RootTrackPar   DEBUG     Failed to fit initial Gaussian to 'res_phi_vs_eta_phi_slice_23_35'
17:42:26    RootTrackPar   DEBUG     Failed to fit initial Gaussian to 'res_phi_vs_eta_phi_slice_24_0'
17:42:26    RootTrackPar   DEBUG     Failed to fit initial Gaussian to 'res_phi_vs_eta_phi_slice_24_10'
17:42:26    RootTrackPar   DEBUG     Failed to fit initial Gaussian to 'res_phi_vs_eta_phi_slice_24_21'
17:42:26    RootTrackPar   DEBUG     Failed to fit initial Gaussian to 'res_phi_vs_eta_phi_slice_24_24'
17:42:26    RootTrackPar   DEBUG     Failed to fit initial Gaussian to 'res_phi_vs_eta_phi_slice_25_21'
17:42:26    RootTrackPar   DEBUG     Failed to fit initial Gaussian to 'res_phi_vs_eta_phi_slice_25_33'
17:42:26    RootTrackPar   DEBUG     Failed to fit initial Gaussian to 'res_phi_vs_eta_phi_slice_25_39'
17:42:26    RootTrackPar   DEBUG     Failed to fit initial Gaussian to 'res_phi_vs_eta_phi_slice_26_8'
17:42:26    RootTrackPar   DEBUG     Failed to fit initial Gaussian to 'res_phi_vs_eta_phi_slice_26_10'
17:42:26    RootTrackPar   DEBUG     Failed to fit initial Gaussian to 'res_phi_vs_eta_phi_slice_26_13'
17:42:26    RootTrackPar   DEBUG     Failed to fit initial Gaussian to 'res_phi_vs_eta_phi_slice_26_14'
17:42:26    RootTrackPar   DEBUG     Failed to fit iteration 0 Gaussian to 'res_phi_vs_eta_phi_slice_26_18'
17:42:26    RootTrackPar   DEBUG     Failed to fit initial Gaussian to 'res_phi_vs_eta_phi_slice_26_33'
17:42:26    RootTrackPar   DEBUG     Failed to fit initial Gaussian to 'res_phi_vs_eta_phi_slice_26_35'
17:42:26    RootTrackPar   DEBUG     Failed to fit iteration 0 Gaussian to 'res_phi_vs_eta_phi_slice_26_36'
17:42:26    RootTrackPar   DEBUG     Failed to fit initial Gaussian to 'res_phi_vs_eta_phi_slice_27_2'
Warning in <Fit>: Fit data is empty 
17:42:26    RootTrackPar   DEBUG     Failed to fit iteration 0 Gaussian to 'res_phi_vs_eta_phi_slice_27_17'
17:42:26    RootTrackPar   DEBUG     Failed to fit initial Gaussian to 'res_phi_vs_eta_phi_slice_27_29'
17:42:26    RootTrackPar   DEBUG     Failed to fit initial Gaussian to 'res_phi_vs_eta_phi_slice_28_8'
17:42:26    RootTrackPar   DEBUG     Failed to fit initial Gaussian to 'res_phi_vs_eta_phi_slice_28_25'
17:42:26    RootTrackPar   DEBUG     Failed to fit initial Gaussian to 'res_phi_vs_eta_phi_slice_29_34'
17:42:26    RootTrackPar   DEBUG     Failed to fit initial Gaussian to 'res_phi_vs_eta_phi_slice_30_13'
17:42:26    RootTrackPar   DEBUG     Failed to fit initial Gaussian to 'res_phi_vs_eta_phi_slice_30_15'
17:42:26    RootTrackPar   DEBUG     Failed to fit initial Gaussian to 'res_phi_vs_eta_phi_slice_30_19'
17:42:26    RootTrackPar   DEBUG     Failed to fit initial Gaussian to 'res_phi_vs_eta_phi_slice_30_26'
17:42:26    RootTrackPar   DEBUG     Failed to fit initial Gaussian to 'res_phi_vs_eta_phi_slice_30_32'
17:42:26    RootTrackPar   DEBUG     Failed to fit initial Gaussian to 'res_phi_vs_eta_phi_slice_31_5'
17:42:26    RootTrackPar   DEBUG     Failed to fit initial Gaussian to 'res_phi_vs_eta_phi_slice_31_15'
Warning in <Fit>: Fit data is empty 
17:42:26    RootTrackPar   DEBUG     Failed to fit iteration 0 Gaussian to 'res_phi_vs_eta_phi_slice_31_16'
17:42:26    RootTrackPar   DEBUG     Failed to fit initial Gaussian to 'res_phi_vs_eta_phi_slice_31_18'
17:42:26    RootTrackPar   DEBUG     Failed to fit initial Gaussian to 'res_phi_vs_eta_phi_slice_31_28'
17:42:26    RootTrackPar   DEBUG     Failed to fit initial Gaussian to 'res_phi_vs_eta_phi_slice_31_31'
17:42:26    RootTrackPar   DEBUG     Failed to fit iteration 0 Gaussian to 'res_phi_vs_eta_phi_slice_31_38'
17:42:26    RootTrackPar   DEBUG     Failed to fit initial Gaussian to 'res_phi_vs_eta_phi_slice_32_6'
17:42:26    RootTrackPar   DEBUG     Failed to fit initial Gaussian to 'res_phi_vs_eta_phi_slice_32_22'
17:42:26    RootTrackPar   DEBUG     Failed to fit initial Gaussian to 'res_phi_vs_eta_phi_slice_32_31'
17:42:26    RootTrackPar   DEBUG     Failed to fit initial Gaussian to 'res_qop_vs_eta_phi_slice_7_3'
17:42:26    RootTrackPar   DEBUG     Failed to fit initial Gaussian to 'res_qop_vs_eta_phi_slice_7_15'
17:42:26    RootTrackPar   DEBUG     Failed to fit initial Gaussian to 'res_qop_vs_eta_phi_slice_7_19'
17:42:26    RootTrackPar   DEBUG     Failed to fit initial Gaussian to 'res_qop_vs_eta_phi_slice_7_33'
17:42:26    RootTrackPar   DEBUG     Failed to fit initial Gaussian to 'res_qop_vs_eta_phi_slice_7_34'
17:42:26    RootTrackPar   DEBUG     Failed to fit initial Gaussian to 'res_qop_vs_eta_phi_slice_7_39'
17:42:26    RootTrackPar   DEBUG     Failed to fit iteration 0 Gaussian to 'res_qop_vs_eta_phi_slice_8_3'
17:42:26    RootTrackPar   DEBUG     Failed to fit initial Gaussian to 'res_qop_vs_eta_phi_slice_8_13'
17:42:26    RootTrackPar   DEBUG     Failed to fit initial Gaussian to 'res_qop_vs_eta_phi_slice_8_16'
17:42:26    RootTrackPar   DEBUG     Failed to fit initial Gaussian to 'res_qop_vs_eta_phi_slice_8_19'
17:42:26    RootTrackPar   DEBUG     Failed to fit initial Gaussian to 'res_qop_vs_eta_phi_slice_8_34'
17:42:26    RootTrackPar   DEBUG     Failed to fit initial Gaussian to 'res_qop_vs_eta_phi_slice_8_37'
17:42:26    RootTrackPar   DEBUG     Failed to fit initial Gaussian to 'res_qop_vs_eta_phi_slice_9_2'
17:42:26    RootTrackPar   DEBUG     Failed to fit initial Gaussian to 'res_qop_vs_eta_phi_slice_9_3'
17:42:26    RootTrackPar   DEBUG     Failed to fit initial Gaussian to 'res_qop_vs_eta_phi_slice_9_14'
17:42:26    RootTrackPar   DEBUG     Failed to fit initial Gaussian to 'res_qop_vs_eta_phi_slice_9_15'
17:42:26    RootTrackPar   DEBUG     Failed to fit initial Gaussian to 'res_qop_vs_eta_phi_slice_9_17'
17:42:26    RootTrackPar   DEBUG     Failed to fit initial Gaussian to 'res_qop_vs_eta_phi_slice_9_19'
17:42:26    RootTrackPar   DEBUG     Failed to fit initial Gaussian to 'res_qop_vs_eta_phi_slice_9_24'
17:42:26    RootTrackPar   DEBUG     Failed to fit initial Gaussian to 'res_qop_vs_eta_phi_slice_9_30'
17:42:26    RootTrackPar   DEBUG     Failed to fit initial Gaussian to 'res_qop_vs_eta_phi_slice_9_37'
17:42:26    RootTrackPar   DEBUG     Failed to fit initial Gaussian to 'res_qop_vs_eta_phi_slice_9_38'
17:42:26    RootTrackPar   DEBUG     Failed to fit initial Gaussian to 'res_qop_vs_eta_phi_slice_10_0'
17:42:26    RootTrackPar   DEBUG     Failed to fit initial Gaussian to 'res_qop_vs_eta_phi_slice_10_7'
17:42:26    RootTrackPar   DEBUG     Failed to fit initial Gaussian to 'res_qop_vs_eta_phi_slice_10_15'
17:42:26    RootTrackPar   DEBUG     Failed to fit initial Gaussian to 'res_qop_vs_eta_phi_slice_10_21'
17:42:26    RootTrackPar   DEBUG     Failed to fit initial Gaussian to 'res_qop_vs_eta_phi_slice_10_23'
17:42:26    RootTrackPar   DEBUG     Failed to fit initial Gaussian to 'res_qop_vs_eta_phi_slice_11_3'
17:42:26    RootTrackPar   DEBUG     Failed to fit initial Gaussian to 'res_qop_vs_eta_phi_slice_11_12'
17:42:26    RootTrackPar   DEBUG     Failed to fit initial Gaussian to 'res_qop_vs_eta_phi_slice_11_22'
17:42:26    RootTrackPar   DEBUG     Failed to fit initial Gaussian to 'res_qop_vs_eta_phi_slice_11_30'
17:42:26    RootTrackPar   DEBUG     Failed to fit initial Gaussian to 'res_qop_vs_eta_phi_slice_11_31'
17:42:26    RootTrackPar   DEBUG     Failed to fit initial Gaussian to 'res_qop_vs_eta_phi_slice_11_32'
17:42:26    RootTrackPar   DEBUG     Failed to fit initial Gaussian to 'res_qop_vs_eta_phi_slice_12_2'
17:42:26    RootTrackPar   DEBUG     Failed to fit initial Gaussian to 'res_qop_vs_eta_phi_slice_12_8'
17:42:26    RootTrackPar   DEBUG     Failed to fit initial Gaussian to 'res_qop_vs_eta_phi_slice_12_14'
17:42:26    RootTrackPar   DEBUG     Failed to fit initial Gaussian to 'res_qop_vs_eta_phi_slice_12_16'
17:42:26    RootTrackPar   DEBUG     Failed to fit initial Gaussian to 'res_qop_vs_eta_phi_slice_12_17'
17:42:26    RootTrackPar   DEBUG     Failed to fit initial Gaussian to 'res_qop_vs_eta_phi_slice_12_27'
17:42:26    RootTrackPar   DEBUG     Failed to fit initial Gaussian to 'res_qop_vs_eta_phi_slice_12_28'
17:42:26    RootTrackPar   DEBUG     Failed to fit initial Gaussian to 'res_qop_vs_eta_phi_slice_12_38'
17:42:26    RootTrackPar   DEBUG     Failed to fit initial Gaussian to 'res_qop_vs_eta_phi_slice_13_0'
17:42:26    RootTrackPar   DEBUG     Failed to fit initial Gaussian to 'res_qop_vs_eta_phi_slice_13_3'
17:42:26    RootTrackPar   DEBUG     Failed to fit initial Gaussian to 'res_qop_vs_eta_phi_slice_13_9'
17:42:26    RootTrackPar   DEBUG     Failed to fit initial Gaussian to 'res_qop_vs_eta_phi_slice_13_37'
17:42:26    RootTrackPar   DEBUG     Failed to fit initial Gaussian to 'res_qop_vs_eta_phi_slice_14_1'
17:42:26    RootTrackPar   DEBUG     Failed to fit initial Gaussian to 'res_qop_vs_eta_phi_slice_14_4'
17:42:26    RootTrackPar   DEBUG     Failed to fit initial Gaussian to 'res_qop_vs_eta_phi_slice_14_10'
17:42:26    RootTrackPar   DEBUG     Failed to fit initial Gaussian to 'res_qop_vs_eta_phi_slice_14_17'
17:42:26    RootTrackPar   DEBUG     Failed to fit initial Gaussian to 'res_qop_vs_eta_phi_slice_14_18'
17:42:26    RootTrackPar   DEBUG     Failed to fit initial Gaussian to 'res_qop_vs_eta_phi_slice_14_23'
17:42:26    RootTrackPar   DEBUG     Failed to fit initial Gaussian to 'res_qop_vs_eta_phi_slice_14_24'
17:42:26    RootTrackPar   DEBUG     Failed to fit initial Gaussian to 'res_qop_vs_eta_phi_slice_14_28'
17:42:26    RootTrackPar   DEBUG     Failed to fit initial Gaussian to 'res_qop_vs_eta_phi_slice_14_36'
17:42:26    RootTrackPar   DEBUG     Failed to fit initial Gaussian to 'res_qop_vs_eta_phi_slice_14_38'
17:42:26    RootTrackPar   DEBUG     Failed to fit initial Gaussian to 'res_qop_vs_eta_phi_slice_15_7'
17:42:26    RootTrackPar   DEBUG     Failed to fit initial Gaussian to 'res_qop_vs_eta_phi_slice_15_9'
17:42:26    RootTrackPar   DEBUG     Failed to fit initial Gaussian to 'res_qop_vs_eta_phi_slice_15_13'
17:42:26    RootTrackPar   DEBUG     Failed to fit initial Gaussian to 'res_qop_vs_eta_phi_slice_15_23'
17:42:26    RootTrackPar   DEBUG     Failed to fit initial Gaussian to 'res_qop_vs_eta_phi_slice_15_25'
17:42:26    RootTrackPar   DEBUG     Failed to fit initial Gaussian to 'res_qop_vs_eta_phi_slice_15_27'
17:42:26    RootTrackPar   DEBUG     Failed to fit initial Gaussian to 'res_qop_vs_eta_phi_slice_15_30'
17:42:26    RootTrackPar   DEBUG     Failed to fit initial Gaussian to 'res_qop_vs_eta_phi_slice_15_33'
Warning in <Fit>: Fit data is empty 
17:42:26    RootTrackPar   DEBUG     Failed to fit iteration 0 Gaussian to 'res_qop_vs_eta_phi_slice_16_5'
17:42:26    RootTrackPar   DEBUG     Failed to fit initial Gaussian to 'res_qop_vs_eta_phi_slice_16_21'
17:42:26    RootTrackPar   DEBUG     Failed to fit initial Gaussian to 'res_qop_vs_eta_phi_slice_16_23'
17:42:26    RootTrackPar   DEBUG     Failed to fit initial Gaussian to 'res_qop_vs_eta_phi_slice_16_26'
17:42:26    RootTrackPar   DEBUG     Failed to fit initial Gaussian to 'res_qop_vs_eta_phi_slice_16_27'
17:42:26    RootTrackPar   DEBUG     Failed to fit initial Gaussian to 'res_qop_vs_eta_phi_slice_16_39'
17:42:26    RootTrackPar   DEBUG     Failed to fit initial Gaussian to 'res_qop_vs_eta_phi_slice_17_2'
17:42:26    RootTrackPar   DEBUG     Failed to fit initial Gaussian to 'res_qop_vs_eta_phi_slice_17_6'
17:42:26    RootTrackPar   DEBUG     Failed to fit initial Gaussian to 'res_qop_vs_eta_phi_slice_17_7'
17:42:26    RootTrackPar   DEBUG     Failed to fit initial Gaussian to 'res_qop_vs_eta_phi_slice_17_8'
17:42:26    RootTrackPar   DEBUG     Failed to fit initial Gaussian to 'res_qop_vs_eta_phi_slice_17_9'
17:42:26    RootTrackPar   DEBUG     Failed to fit initial Gaussian to 'res_qop_vs_eta_phi_slice_17_10'
17:42:26    RootTrackPar   DEBUG     Failed to fit initial Gaussian to 'res_qop_vs_eta_phi_slice_17_27'
17:42:26    RootTrackPar   DEBUG     Failed to fit initial Gaussian to 'res_qop_vs_eta_phi_slice_17_28'
17:42:26    RootTrackPar   DEBUG     Failed to fit initial Gaussian to 'res_qop_vs_eta_phi_slice_17_30'
17:42:26    RootTrackPar   DEBUG     Failed to fit initial Gaussian to 'res_qop_vs_eta_phi_slice_17_32'
17:42:26    RootTrackPar   DEBUG     Failed to fit initial Gaussian to 'res_qop_vs_eta_phi_slice_17_39'
17:42:26    RootTrackPar   DEBUG     Failed to fit initial Gaussian to 'res_qop_vs_eta_phi_slice_18_5'
17:42:26    RootTrackPar   DEBUG     Failed to fit initial Gaussian to 'res_qop_vs_eta_phi_slice_18_14'
17:42:26    RootTrackPar   DEBUG     Failed to fit initial Gaussian to 'res_qop_vs_eta_phi_slice_18_17'
17:42:26    RootTrackPar   DEBUG     Failed to fit initial Gaussian to 'res_qop_vs_eta_phi_slice_18_27'
17:42:26    RootTrackPar   DEBUG     Failed to fit initial Gaussian to 'res_qop_vs_eta_phi_slice_18_31'
17:42:26    RootTrackPar   DEBUG     Failed to fit initial Gaussian to 'res_qop_vs_eta_phi_slice_19_0'
17:42:26    RootTrackPar   DEBUG     Failed to fit initial Gaussian to 'res_qop_vs_eta_phi_slice_19_1'
17:42:26    RootTrackPar   DEBUG     Failed to fit initial Gaussian to 'res_qop_vs_eta_phi_slice_19_6'
17:42:26    RootTrackPar   DEBUG     Failed to fit initial Gaussian to 'res_qop_vs_eta_phi_slice_19_9'
17:42:26    RootTrackPar   DEBUG     Failed to fit initial Gaussian to 'res_qop_vs_eta_phi_slice_19_11'
17:42:26    RootTrackPar   DEBUG     Failed to fit initial Gaussian to 'res_qop_vs_eta_phi_slice_19_12'
17:42:26    RootTrackPar   DEBUG     Failed to fit initial Gaussian to 'res_qop_vs_eta_phi_slice_19_14'
17:42:26    RootTrackPar   DEBUG     Failed to fit initial Gaussian to 'res_qop_vs_eta_phi_slice_19_37'
17:42:26    RootTrackPar   DEBUG     Failed to fit initial Gaussian to 'res_qop_vs_eta_phi_slice_19_39'
17:42:26    RootTrackPar   DEBUG     Failed to fit initial Gaussian to 'res_qop_vs_eta_phi_slice_20_4'
17:42:26    RootTrackPar   DEBUG     Failed to fit initial Gaussian to 'res_qop_vs_eta_phi_slice_20_12'
17:42:26    RootTrackPar   DEBUG     Failed to fit initial Gaussian to 'res_qop_vs_eta_phi_slice_20_23'
17:42:26    RootTrackPar   DEBUG     Failed to fit initial Gaussian to 'res_qop_vs_eta_phi_slice_20_31'
17:42:26    RootTrackPar   DEBUG     Failed to fit initial Gaussian to 'res_qop_vs_eta_phi_slice_20_34'
17:42:26    RootTrackPar   DEBUG     Failed to fit initial Gaussian to 'res_qop_vs_eta_phi_slice_20_35'
17:42:26    RootTrackPar   DEBUG     Failed to fit initial Gaussian to 'res_qop_vs_eta_phi_slice_21_0'
Warning in <Fit>: Fit data is empty 
17:42:26    RootTrackPar   DEBUG     Failed to fit iteration 0 Gaussian to 'res_qop_vs_eta_phi_slice_21_2'
17:42:26    RootTrackPar   DEBUG     Failed to fit initial Gaussian to 'res_qop_vs_eta_phi_slice_21_3'
17:42:26    RootTrackPar   DEBUG     Failed to fit initial Gaussian to 'res_qop_vs_eta_phi_slice_21_8'
17:42:26    RootTrackPar   DEBUG     Failed to fit initial Gaussian to 'res_qop_vs_eta_phi_slice_21_14'
17:42:26    RootTrackPar   DEBUG     Failed to fit initial Gaussian to 'res_qop_vs_eta_phi_slice_21_16'
17:42:26    RootTrackPar   DEBUG     Failed to fit initial Gaussian to 'res_qop_vs_eta_phi_slice_21_25'
17:42:26    RootTrackPar   DEBUG     Failed to fit initial Gaussian to 'res_qop_vs_eta_phi_slice_21_27'
17:42:26    RootTrackPar   DEBUG     Failed to fit initial Gaussian to 'res_qop_vs_eta_phi_slice_22_2'
17:42:26    RootTrackPar   DEBUG     Failed to fit initial Gaussian to 'res_qop_vs_eta_phi_slice_22_8'
17:42:26    RootTrackPar   DEBUG     Failed to fit initial Gaussian to 'res_qop_vs_eta_phi_slice_22_16'
17:42:26    RootTrackPar   DEBUG     Failed to fit initial Gaussian to 'res_qop_vs_eta_phi_slice_22_23'
17:42:26    RootTrackPar   DEBUG     Failed to fit initial Gaussian to 'res_qop_vs_eta_phi_slice_22_24'
17:42:26    RootTrackPar   DEBUG     Failed to fit initial Gaussian to 'res_qop_vs_eta_phi_slice_22_27'
17:42:26    RootTrackPar   DEBUG     Failed to fit initial Gaussian to 'res_qop_vs_eta_phi_slice_22_28'
17:42:26    RootTrackPar   DEBUG     Failed to fit initial Gaussian to 'res_qop_vs_eta_phi_slice_22_34'
17:42:26    RootTrackPar   DEBUG     Failed to fit initial Gaussian to 'res_qop_vs_eta_phi_slice_22_38'
17:42:26    RootTrackPar   DEBUG     Failed to fit initial Gaussian to 'res_qop_vs_eta_phi_slice_23_0'
Warning in <Fit>: Fit data is empty 
17:42:26    RootTrackPar   DEBUG     Failed to fit iteration 0 Gaussian to 'res_qop_vs_eta_phi_slice_23_2'
17:42:26    RootTrackPar   DEBUG     Failed to fit initial Gaussian to 'res_qop_vs_eta_phi_slice_23_15'
17:42:26    RootTrackPar   DEBUG     Failed to fit initial Gaussian to 'res_qop_vs_eta_phi_slice_23_29'
17:42:26    RootTrackPar   DEBUG     Failed to fit initial Gaussian to 'res_qop_vs_eta_phi_slice_23_35'
17:42:26    RootTrackPar   DEBUG     Failed to fit initial Gaussian to 'res_qop_vs_eta_phi_slice_23_37'
17:42:26    RootTrackPar   DEBUG     Failed to fit initial Gaussian to 'res_qop_vs_eta_phi_slice_24_0'
17:42:26    RootTrackPar   DEBUG     Failed to fit initial Gaussian to 'res_qop_vs_eta_phi_slice_24_4'
17:42:26    RootTrackPar   DEBUG     Failed to fit initial Gaussian to 'res_qop_vs_eta_phi_slice_24_19'
17:42:26    RootTrackPar   DEBUG     Failed to fit initial Gaussian to 'res_qop_vs_eta_phi_slice_24_37'
17:42:26    RootTrackPar   DEBUG     Failed to fit initial Gaussian to 'res_qop_vs_eta_phi_slice_25_2'
17:42:26    RootTrackPar   DEBUG     Failed to fit initial Gaussian to 'res_qop_vs_eta_phi_slice_25_9'
17:42:26    RootTrackPar   DEBUG     Failed to fit initial Gaussian to 'res_qop_vs_eta_phi_slice_25_13'
17:42:26    RootTrackPar   DEBUG     Failed to fit initial Gaussian to 'res_qop_vs_eta_phi_slice_25_14'
17:42:26    RootTrackPar   DEBUG     Failed to fit initial Gaussian to 'res_qop_vs_eta_phi_slice_25_33'
17:42:26    RootTrackPar   DEBUG     Failed to fit initial Gaussian to 'res_qop_vs_eta_phi_slice_25_39'
17:42:26    RootTrackPar   DEBUG     Failed to fit initial Gaussian to 'res_qop_vs_eta_phi_slice_26_1'
17:42:26    RootTrackPar   DEBUG     Failed to fit initial Gaussian to 'res_qop_vs_eta_phi_slice_26_6'
17:42:26    RootTrackPar   DEBUG     Failed to fit initial Gaussian to 'res_qop_vs_eta_phi_slice_26_15'
17:42:26    RootTrackPar   DEBUG     Failed to fit initial Gaussian to 'res_qop_vs_eta_phi_slice_26_18'
17:42:26    RootTrackPar   DEBUG     Failed to fit initial Gaussian to 'res_qop_vs_eta_phi_slice_26_21'
17:42:26    RootTrackPar   DEBUG     Failed to fit initial Gaussian to 'res_qop_vs_eta_phi_slice_26_26'
17:42:26    RootTrackPar   DEBUG     Failed to fit initial Gaussian to 'res_qop_vs_eta_phi_slice_26_28'
17:42:26    RootTrackPar   DEBUG     Failed to fit initial Gaussian to 'res_qop_vs_eta_phi_slice_26_29'
17:42:26    RootTrackPar   DEBUG     Failed to fit initial Gaussian to 'res_qop_vs_eta_phi_slice_26_33'
17:42:26    RootTrackPar   DEBUG     Failed to fit initial Gaussian to 'res_qop_vs_eta_phi_slice_26_35'
17:42:26    RootTrackPar   DEBUG     Failed to fit initial Gaussian to 'res_qop_vs_eta_phi_slice_26_36'
17:42:26    RootTrackPar   DEBUG     Failed to fit initial Gaussian to 'res_qop_vs_eta_phi_slice_27_0'
17:42:26    RootTrackPar   DEBUG     Failed to fit initial Gaussian to 'res_qop_vs_eta_phi_slice_27_4'
17:42:26    RootTrackPar   DEBUG     Failed to fit initial Gaussian to 'res_qop_vs_eta_phi_slice_27_6'
17:42:26    RootTrackPar   DEBUG     Failed to fit initial Gaussian to 'res_qop_vs_eta_phi_slice_27_13'
17:42:26    RootTrackPar   DEBUG     Failed to fit initial Gaussian to 'res_qop_vs_eta_phi_slice_27_17'
17:42:26    RootTrackPar   DEBUG     Failed to fit initial Gaussian to 'res_qop_vs_eta_phi_slice_27_33'
17:42:26    RootTrackPar   DEBUG     Failed to fit initial Gaussian to 'res_qop_vs_eta_phi_slice_27_35'
17:42:26    RootTrackPar   DEBUG     Failed to fit initial Gaussian to 'res_qop_vs_eta_phi_slice_27_37'
17:42:26    RootTrackPar   DEBUG     Failed to fit initial Gaussian to 'res_qop_vs_eta_phi_slice_27_38'
17:42:26    RootTrackPar   DEBUG     Failed to fit initial Gaussian to 'res_qop_vs_eta_phi_slice_27_39'
17:42:26    RootTrackPar   DEBUG     Failed to fit initial Gaussian to 'res_qop_vs_eta_phi_slice_28_22'
17:42:26    RootTrackPar   DEBUG     Failed to fit initial Gaussian to 'res_qop_vs_eta_phi_slice_28_25'
17:42:26    RootTrackPar   DEBUG     Failed to fit initial Gaussian to 'res_qop_vs_eta_phi_slice_28_28'
17:42:26    RootTrackPar   DEBUG     Failed to fit initial Gaussian to 'res_qop_vs_eta_phi_slice_28_32'
17:42:26    RootTrackPar   DEBUG     Failed to fit initial Gaussian to 'res_qop_vs_eta_phi_slice_28_33'
17:42:26    RootTrackPar   DEBUG     Failed to fit initial Gaussian to 'res_qop_vs_eta_phi_slice_28_34'
17:42:26    RootTrackPar   DEBUG     Failed to fit initial Gaussian to 'res_qop_vs_eta_phi_slice_29_1'
17:42:26    RootTrackPar   DEBUG     Failed to fit initial Gaussian to 'res_qop_vs_eta_phi_slice_29_32'
17:42:26    RootTrackPar   DEBUG     Failed to fit initial Gaussian to 'res_qop_vs_eta_phi_slice_29_38'
17:42:26    RootTrackPar   DEBUG     Failed to fit initial Gaussian to 'res_qop_vs_eta_phi_slice_30_5'
17:42:26    RootTrackPar   DEBUG     Failed to fit initial Gaussian to 'res_qop_vs_eta_phi_slice_30_8'
17:42:26    RootTrackPar   DEBUG     Failed to fit initial Gaussian to 'res_qop_vs_eta_phi_slice_30_12'
17:42:26    RootTrackPar   DEBUG     Failed to fit initial Gaussian to 'res_qop_vs_eta_phi_slice_30_13'
17:42:26    RootTrackPar   DEBUG     Failed to fit initial Gaussian to 'res_qop_vs_eta_phi_slice_30_15'
17:42:26    RootTrackPar   DEBUG     Failed to fit initial Gaussian to 'res_qop_vs_eta_phi_slice_30_19'
17:42:26    RootTrackPar   DEBUG     Failed to fit initial Gaussian to 'res_qop_vs_eta_phi_slice_30_26'
17:42:26    RootTrackPar   DEBUG     Failed to fit initial Gaussian to 'res_qop_vs_eta_phi_slice_30_31'
17:42:26    RootTrackPar   DEBUG     Failed to fit iteration 0 Gaussian to 'res_qop_vs_eta_phi_slice_30_32'
17:42:26    RootTrackPar   DEBUG     Failed to fit initial Gaussian to 'res_qop_vs_eta_phi_slice_30_36'
17:42:26    RootTrackPar   DEBUG     Failed to fit initial Gaussian to 'res_qop_vs_eta_phi_slice_31_5'
17:42:26    RootTrackPar   DEBUG     Failed to fit initial Gaussian to 'res_qop_vs_eta_phi_slice_31_9'
17:42:26    RootTrackPar   DEBUG     Failed to fit initial Gaussian to 'res_qop_vs_eta_phi_slice_31_16'
17:42:26    RootTrackPar   DEBUG     Failed to fit initial Gaussian to 'res_qop_vs_eta_phi_slice_31_18'
17:42:26    RootTrackPar   DEBUG     Failed to fit initial Gaussian to 'res_qop_vs_eta_phi_slice_31_19'
17:42:26    RootTrackPar   DEBUG     Failed to fit initial Gaussian to 'res_qop_vs_eta_phi_slice_31_31'
17:42:26    RootTrackPar   DEBUG     Failed to fit initial Gaussian to 'res_qop_vs_eta_phi_slice_31_36'
17:42:26    RootTrackPar   DEBUG     Failed to fit initial Gaussian to 'res_qop_vs_eta_phi_slice_31_37'
17:42:26    RootTrackPar   DEBUG     Failed to fit initial Gaussian to 'res_qop_vs_eta_phi_slice_32_6'
Warning in <Fit>: Fit data is empty 
17:42:26    RootTrackPar   DEBUG     Failed to fit iteration 0 Gaussian to 'res_qop_vs_eta_phi_slice_32_22'
17:42:26    RootTrackPar   DEBUG     Failed to fit initial Gaussian to 'res_qop_vs_eta_phi_slice_32_25'
17:42:26    RootTrackPar   DEBUG     Failed to fit initial Gaussian to 'res_qop_vs_eta_phi_slice_32_31'
17:42:26    RootTrackPar   DEBUG     Failed to fit initial Gaussian to 'res_qopt_vs_eta_phi_slice_7_2'
17:42:26    RootTrackPar   DEBUG     Failed to fit initial Gaussian to 'res_qopt_vs_eta_phi_slice_7_3'
17:42:26    RootTrackPar   DEBUG     Failed to fit initial Gaussian to 'res_qopt_vs_eta_phi_slice_7_15'
17:42:26    RootTrackPar   DEBUG     Failed to fit initial Gaussian to 'res_qopt_vs_eta_phi_slice_7_19'
17:42:26    RootTrackPar   DEBUG     Failed to fit initial Gaussian to 'res_qopt_vs_eta_phi_slice_7_33'
17:42:26    RootTrackPar   DEBUG     Failed to fit initial Gaussian to 'res_qopt_vs_eta_phi_slice_7_34'
17:42:26    RootTrackPar   DEBUG     Failed to fit initial Gaussian to 'res_qopt_vs_eta_phi_slice_7_39'
17:42:26    RootTrackPar   DEBUG     Failed to fit initial Gaussian to 'res_qopt_vs_eta_phi_slice_8_13'
17:42:26    RootTrackPar   DEBUG     Failed to fit iteration 0 Gaussian to 'res_qopt_vs_eta_phi_slice_8_16'
Warning in <Fit>: Fit data is empty 
17:42:26    RootTrackPar   DEBUG     Failed to fit iteration 0 Gaussian to 'res_qopt_vs_eta_phi_slice_8_19'
17:42:26    RootTrackPar   DEBUG     Failed to fit initial Gaussian to 'res_qopt_vs_eta_phi_slice_8_34'
17:42:26    RootTrackPar   DEBUG     Failed to fit initial Gaussian to 'res_qopt_vs_eta_phi_slice_8_37'
17:42:26    RootTrackPar   DEBUG     Failed to fit initial Gaussian to 'res_qopt_vs_eta_phi_slice_9_15'
17:42:26    RootTrackPar   DEBUG     Failed to fit initial Gaussian to 'res_qopt_vs_eta_phi_slice_9_19'
17:42:26    RootTrackPar   DEBUG     Failed to fit initial Gaussian to 'res_qopt_vs_eta_phi_slice_9_24'
17:42:26    RootTrackPar   DEBUG     Failed to fit iteration 0 Gaussian to 'res_qopt_vs_eta_phi_slice_9_33'
17:42:26    RootTrackPar   DEBUG     Failed to fit initial Gaussian to 'res_qopt_vs_eta_phi_slice_9_37'
17:42:26    RootTrackPar   DEBUG     Failed to fit initial Gaussian to 'res_qopt_vs_eta_phi_slice_10_7'
17:42:26    RootTrackPar   DEBUG     Failed to fit initial Gaussian to 'res_qopt_vs_eta_phi_slice_10_39'
17:42:26    RootTrackPar   DEBUG     Failed to fit initial Gaussian to 'res_qopt_vs_eta_phi_slice_11_1'
17:42:26    RootTrackPar   DEBUG     Failed to fit initial Gaussian to 'res_qopt_vs_eta_phi_slice_11_3'
17:42:26    RootTrackPar   DEBUG     Failed to fit initial Gaussian to 'res_qopt_vs_eta_phi_slice_11_12'
17:42:26    RootTrackPar   DEBUG     Failed to fit initial Gaussian to 'res_qopt_vs_eta_phi_slice_11_14'
17:42:26    RootTrackPar   DEBUG     Failed to fit initial Gaussian to 'res_qopt_vs_eta_phi_slice_11_17'
17:42:26    RootTrackPar   DEBUG     Failed to fit initial Gaussian to 'res_qopt_vs_eta_phi_slice_11_31'
17:42:26    RootTrackPar   DEBUG     Failed to fit initial Gaussian to 'res_qopt_vs_eta_phi_slice_11_32'
17:42:26    RootTrackPar   DEBUG     Failed to fit initial Gaussian to 'res_qopt_vs_eta_phi_slice_12_2'
17:42:26    RootTrackPar   DEBUG     Failed to fit initial Gaussian to 'res_qopt_vs_eta_phi_slice_12_3'
17:42:26    RootTrackPar   DEBUG     Failed to fit initial Gaussian to 'res_qopt_vs_eta_phi_slice_12_8'
17:42:26    RootTrackPar   DEBUG     Failed to fit initial Gaussian to 'res_qopt_vs_eta_phi_slice_12_17'
17:42:26    RootTrackPar   DEBUG     Failed to fit initial Gaussian to 'res_qopt_vs_eta_phi_slice_12_27'
17:42:26    RootTrackPar   DEBUG     Failed to fit initial Gaussian to 'res_qopt_vs_eta_phi_slice_12_38'
17:42:26    RootTrackPar   DEBUG     Failed to fit initial Gaussian to 'res_qopt_vs_eta_phi_slice_13_0'
17:42:26    RootTrackPar   DEBUG     Failed to fit initial Gaussian to 'res_qopt_vs_eta_phi_slice_13_3'
17:42:26    RootTrackPar   DEBUG     Failed to fit initial Gaussian to 'res_qopt_vs_eta_phi_slice_14_1'
17:42:26    RootTrackPar   DEBUG     Failed to fit initial Gaussian to 'res_qopt_vs_eta_phi_slice_14_3'
17:42:26    RootTrackPar   DEBUG     Failed to fit initial Gaussian to 'res_qopt_vs_eta_phi_slice_14_10'
17:42:26    RootTrackPar   DEBUG     Failed to fit initial Gaussian to 'res_qopt_vs_eta_phi_slice_14_17'
17:42:26    RootTrackPar   DEBUG     Failed to fit initial Gaussian to 'res_qopt_vs_eta_phi_slice_14_18'
17:42:26    RootTrackPar   DEBUG     Failed to fit initial Gaussian to 'res_qopt_vs_eta_phi_slice_14_23'
17:42:26    RootTrackPar   DEBUG     Failed to fit initial Gaussian to 'res_qopt_vs_eta_phi_slice_14_24'
17:42:26    RootTrackPar   DEBUG     Failed to fit initial Gaussian to 'res_qopt_vs_eta_phi_slice_14_25'
17:42:26    RootTrackPar   DEBUG     Failed to fit initial Gaussian to 'res_qopt_vs_eta_phi_slice_14_28'
17:42:26    RootTrackPar   DEBUG     Failed to fit initial Gaussian to 'res_qopt_vs_eta_phi_slice_14_36'
17:42:26    RootTrackPar   DEBUG     Failed to fit initial Gaussian to 'res_qopt_vs_eta_phi_slice_15_7'
17:42:26    RootTrackPar   DEBUG     Failed to fit initial Gaussian to 'res_qopt_vs_eta_phi_slice_15_9'
17:42:26    RootTrackPar   DEBUG     Failed to fit initial Gaussian to 'res_qopt_vs_eta_phi_slice_15_23'
17:42:26    RootTrackPar   DEBUG     Failed to fit initial Gaussian to 'res_qopt_vs_eta_phi_slice_15_27'
17:42:26    RootTrackPar   DEBUG     Failed to fit initial Gaussian to 'res_qopt_vs_eta_phi_slice_15_30'
17:42:26    RootTrackPar   DEBUG     Failed to fit initial Gaussian to 'res_qopt_vs_eta_phi_slice_15_33'
17:42:26    RootTrackPar   DEBUG     Failed to fit initial Gaussian to 'res_qopt_vs_eta_phi_slice_16_0'
Warning in <Fit>: Fit data is empty 
17:42:26    RootTrackPar   DEBUG     Failed to fit iteration 0 Gaussian to 'res_qopt_vs_eta_phi_slice_16_5'
17:42:26    RootTrackPar   DEBUG     Failed to fit initial Gaussian to 'res_qopt_vs_eta_phi_slice_16_7'
17:42:26    RootTrackPar   DEBUG     Failed to fit initial Gaussian to 'res_qopt_vs_eta_phi_slice_16_13'
17:42:26    RootTrackPar   DEBUG     Failed to fit initial Gaussian to 'res_qopt_vs_eta_phi_slice_16_18'
17:42:26    RootTrackPar   DEBUG     Failed to fit initial Gaussian to 'res_qopt_vs_eta_phi_slice_16_27'
17:42:26    RootTrackPar   DEBUG     Failed to fit initial Gaussian to 'res_qopt_vs_eta_phi_slice_16_39'
17:42:26    RootTrackPar   DEBUG     Failed to fit initial Gaussian to 'res_qopt_vs_eta_phi_slice_17_2'
17:42:26    RootTrackPar   DEBUG     Failed to fit initial Gaussian to 'res_qopt_vs_eta_phi_slice_17_6'
17:42:26    RootTrackPar   DEBUG     Failed to fit initial Gaussian to 'res_qopt_vs_eta_phi_slice_17_9'
17:42:26    RootTrackPar   DEBUG     Failed to fit initial Gaussian to 'res_qopt_vs_eta_phi_slice_17_10'
17:42:26    RootTrackPar   DEBUG     Failed to fit initial Gaussian to 'res_qopt_vs_eta_phi_slice_17_24'
17:42:26    RootTrackPar   DEBUG     Failed to fit initial Gaussian to 'res_qopt_vs_eta_phi_slice_17_27'
17:42:26    RootTrackPar   DEBUG     Failed to fit initial Gaussian to 'res_qopt_vs_eta_phi_slice_17_28'
17:42:26    RootTrackPar   DEBUG     Failed to fit initial Gaussian to 'res_qopt_vs_eta_phi_slice_17_30'
17:42:26    RootTrackPar   DEBUG     Failed to fit initial Gaussian to 'res_qopt_vs_eta_phi_slice_17_32'
17:42:26    RootTrackPar   DEBUG     Failed to fit initial Gaussian to 'res_qopt_vs_eta_phi_slice_17_38'
17:42:26    RootTrackPar   DEBUG     Failed to fit initial Gaussian to 'res_qopt_vs_eta_phi_slice_17_39'
17:42:26    RootTrackPar   DEBUG     Failed to fit initial Gaussian to 'res_qopt_vs_eta_phi_slice_18_5'
Warning in <Fit>: Fit data is empty 
17:42:26    RootTrackPar   DEBUG     Failed to fit iteration 0 Gaussian to 'res_qopt_vs_eta_phi_slice_18_10'
17:42:26    RootTrackPar   DEBUG     Failed to fit initial Gaussian to 'res_qopt_vs_eta_phi_slice_18_14'
17:42:26    RootTrackPar   DEBUG     Failed to fit initial Gaussian to 'res_qopt_vs_eta_phi_slice_18_17'
17:42:26    RootTrackPar   DEBUG     Failed to fit initial Gaussian to 'res_qopt_vs_eta_phi_slice_18_31'
17:42:26    RootTrackPar   DEBUG     Failed to fit initial Gaussian to 'res_qopt_vs_eta_phi_slice_19_0'
17:42:26    RootTrackPar   DEBUG     Failed to fit initial Gaussian to 'res_qopt_vs_eta_phi_slice_19_1'
17:42:26    RootTrackPar   DEBUG     Failed to fit initial Gaussian to 'res_qopt_vs_eta_phi_slice_19_6'
17:42:26    RootTrackPar   DEBUG     Failed to fit initial Gaussian to 'res_qopt_vs_eta_phi_slice_19_9'
17:42:26    RootTrackPar   DEBUG     Failed to fit initial Gaussian to 'res_qopt_vs_eta_phi_slice_19_11'
17:42:26    RootTrackPar   DEBUG     Failed to fit initial Gaussian to 'res_qopt_vs_eta_phi_slice_19_12'
17:42:26    RootTrackPar   DEBUG     Failed to fit initial Gaussian to 'res_qopt_vs_eta_phi_slice_19_14'
17:42:26    RootTrackPar   DEBUG     Failed to fit initial Gaussian to 'res_qopt_vs_eta_phi_slice_19_37'
17:42:26    RootTrackPar   DEBUG     Failed to fit initial Gaussian to 'res_qopt_vs_eta_phi_slice_19_39'
17:42:26    RootTrackPar   DEBUG     Failed to fit initial Gaussian to 'res_qopt_vs_eta_phi_slice_20_4'
17:42:26    RootTrackPar   DEBUG     Failed to fit initial Gaussian to 'res_qopt_vs_eta_phi_slice_20_12'
17:42:26    RootTrackPar   DEBUG     Failed to fit initial Gaussian to 'res_qopt_vs_eta_phi_slice_20_23'
17:42:26    RootTrackPar   DEBUG     Failed to fit initial Gaussian to 'res_qopt_vs_eta_phi_slice_20_31'
17:42:26    RootTrackPar   DEBUG     Failed to fit initial Gaussian to 'res_qopt_vs_eta_phi_slice_20_34'
17:42:26    RootTrackPar   DEBUG     Failed to fit initial Gaussian to 'res_qopt_vs_eta_phi_slice_20_35'
17:42:26    RootTrackPar   DEBUG     Failed to fit initial Gaussian to 'res_qopt_vs_eta_phi_slice_21_0'
Warning in <Fit>: Fit data is empty 
17:42:26    RootTrackPar   DEBUG     Failed to fit iteration 0 Gaussian to 'res_qopt_vs_eta_phi_slice_21_2'
17:42:26    RootTrackPar   DEBUG     Failed to fit initial Gaussian to 'res_qopt_vs_eta_phi_slice_21_3'
17:42:26    RootTrackPar   DEBUG     Failed to fit initial Gaussian to 'res_qopt_vs_eta_phi_slice_21_8'
17:42:26    RootTrackPar   DEBUG     Failed to fit initial Gaussian to 'res_qopt_vs_eta_phi_slice_21_14'
17:42:26    RootTrackPar   DEBUG     Failed to fit initial Gaussian to 'res_qopt_vs_eta_phi_slice_21_16'
17:42:26    RootTrackPar   DEBUG     Failed to fit initial Gaussian to 'res_qopt_vs_eta_phi_slice_21_25'
17:42:26    RootTrackPar   DEBUG     Failed to fit initial Gaussian to 'res_qopt_vs_eta_phi_slice_21_26'
17:42:26    RootTrackPar   DEBUG     Failed to fit initial Gaussian to 'res_qopt_vs_eta_phi_slice_21_27'
17:42:26    RootTrackPar   DEBUG     Failed to fit initial Gaussian to 'res_qopt_vs_eta_phi_slice_22_2'
17:42:26    RootTrackPar   DEBUG     Failed to fit initial Gaussian to 'res_qopt_vs_eta_phi_slice_22_8'
17:42:26    RootTrackPar   DEBUG     Failed to fit initial Gaussian to 'res_qopt_vs_eta_phi_slice_22_14'
17:42:26    RootTrackPar   DEBUG     Failed to fit initial Gaussian to 'res_qopt_vs_eta_phi_slice_22_16'
17:42:26    RootTrackPar   DEBUG     Failed to fit initial Gaussian to 'res_qopt_vs_eta_phi_slice_22_23'
17:42:26    RootTrackPar   DEBUG     Failed to fit initial Gaussian to 'res_qopt_vs_eta_phi_slice_22_25'
17:42:26    RootTrackPar   DEBUG     Failed to fit initial Gaussian to 'res_qopt_vs_eta_phi_slice_22_27'
17:42:26    RootTrackPar   DEBUG     Failed to fit initial Gaussian to 'res_qopt_vs_eta_phi_slice_22_28'
17:42:26    RootTrackPar   DEBUG     Failed to fit initial Gaussian to 'res_qopt_vs_eta_phi_slice_23_0'
Warning in <Fit>: Fit data is empty 
17:42:26    RootTrackPar   DEBUG     Failed to fit iteration 0 Gaussian to 'res_qopt_vs_eta_phi_slice_23_2'
17:42:26    RootTrackPar   DEBUG     Failed to fit initial Gaussian to 'res_qopt_vs_eta_phi_slice_23_3'
17:42:26    RootTrackPar   DEBUG     Failed to fit initial Gaussian to 'res_qopt_vs_eta_phi_slice_23_15'
17:42:26    RootTrackPar   DEBUG     Failed to fit initial Gaussian to 'res_qopt_vs_eta_phi_slice_23_29'
17:42:26    RootTrackPar   DEBUG     Failed to fit initial Gaussian to 'res_qopt_vs_eta_phi_slice_23_35'
17:42:26    RootTrackPar   DEBUG     Failed to fit initial Gaussian to 'res_qopt_vs_eta_phi_slice_23_37'
17:42:26    RootTrackPar   DEBUG     Failed to fit initial Gaussian to 'res_qopt_vs_eta_phi_slice_24_0'
17:42:26    RootTrackPar   DEBUG     Failed to fit initial Gaussian to 'res_qopt_vs_eta_phi_slice_24_4'
17:42:26    RootTrackPar   DEBUG     Failed to fit initial Gaussian to 'res_qopt_vs_eta_phi_slice_24_19'
17:42:26    RootTrackPar   DEBUG     Failed to fit initial Gaussian to 'res_qopt_vs_eta_phi_slice_25_2'
17:42:26    RootTrackPar   DEBUG     Failed to fit initial Gaussian to 'res_qopt_vs_eta_phi_slice_25_9'
17:42:26    RootTrackPar   DEBUG     Failed to fit initial Gaussian to 'res_qopt_vs_eta_phi_slice_25_13'
17:42:26    RootTrackPar   DEBUG     Failed to fit initial Gaussian to 'res_qopt_vs_eta_phi_slice_25_14'
17:42:26    RootTrackPar   DEBUG     Failed to fit initial Gaussian to 'res_qopt_vs_eta_phi_slice_25_39'
17:42:26    RootTrackPar   DEBUG     Failed to fit initial Gaussian to 'res_qopt_vs_eta_phi_slice_26_8'
17:42:26    RootTrackPar   DEBUG     Failed to fit initial Gaussian to 'res_qopt_vs_eta_phi_slice_26_15'
17:42:26    RootTrackPar   DEBUG     Failed to fit initial Gaussian to 'res_qopt_vs_eta_phi_slice_26_18'
17:42:26    RootTrackPar   DEBUG     Failed to fit initial Gaussian to 'res_qopt_vs_eta_phi_slice_26_21'
17:42:26    RootTrackPar   DEBUG     Failed to fit initial Gaussian to 'res_qopt_vs_eta_phi_slice_26_26'
17:42:26    RootTrackPar   DEBUG     Failed to fit initial Gaussian to 'res_qopt_vs_eta_phi_slice_26_28'
17:42:26    RootTrackPar   DEBUG     Failed to fit initial Gaussian to 'res_qopt_vs_eta_phi_slice_26_29'
Warning in <Fit>: Fit data is empty 
17:42:26    RootTrackPar   DEBUG     Failed to fit iteration 0 Gaussian to 'res_qopt_vs_eta_phi_slice_26_33'
17:42:26    RootTrackPar   DEBUG     Failed to fit initial Gaussian to 'res_qopt_vs_eta_phi_slice_26_35'
17:42:26    RootTrackPar   DEBUG     Failed to fit initial Gaussian to 'res_qopt_vs_eta_phi_slice_27_0'
17:42:26    RootTrackPar   DEBUG     Failed to fit initial Gaussian to 'res_qopt_vs_eta_phi_slice_27_4'
17:42:26    RootTrackPar   DEBUG     Failed to fit initial Gaussian to 'res_qopt_vs_eta_phi_slice_27_6'
17:42:26    RootTrackPar   DEBUG     Failed to fit initial Gaussian to 'res_qopt_vs_eta_phi_slice_27_33'
17:42:26    RootTrackPar   DEBUG     Failed to fit initial Gaussian to 'res_qopt_vs_eta_phi_slice_27_38'
17:42:26    RootTrackPar   DEBUG     Failed to fit initial Gaussian to 'res_qopt_vs_eta_phi_slice_27_39'
17:42:26    RootTrackPar   DEBUG     Failed to fit initial Gaussian to 'res_qopt_vs_eta_phi_slice_28_8'
17:42:26    RootTrackPar   DEBUG     Failed to fit initial Gaussian to 'res_qopt_vs_eta_phi_slice_28_22'
17:42:26    RootTrackPar   DEBUG     Failed to fit initial Gaussian to 'res_qopt_vs_eta_phi_slice_28_33'
17:42:26    RootTrackPar   DEBUG     Failed to fit initial Gaussian to 'res_qopt_vs_eta_phi_slice_28_39'
17:42:26    RootTrackPar   DEBUG     Failed to fit initial Gaussian to 'res_qopt_vs_eta_phi_slice_29_34'
17:42:26    RootTrackPar   DEBUG     Failed to fit initial Gaussian to 'res_qopt_vs_eta_phi_slice_30_5'
17:42:26    RootTrackPar   DEBUG     Failed to fit initial Gaussian to 'res_qopt_vs_eta_phi_slice_30_8'
17:42:26    RootTrackPar   DEBUG     Failed to fit initial Gaussian to 'res_qopt_vs_eta_phi_slice_30_13'
17:42:26    RootTrackPar   DEBUG     Failed to fit initial Gaussian to 'res_qopt_vs_eta_phi_slice_30_15'
17:42:26    RootTrackPar   DEBUG     Failed to fit initial Gaussian to 'res_qopt_vs_eta_phi_slice_30_19'
17:42:26    RootTrackPar   DEBUG     Failed to fit initial Gaussian to 'res_qopt_vs_eta_phi_slice_30_26'
17:42:26    RootTrackPar   DEBUG     Failed to fit initial Gaussian to 'res_qopt_vs_eta_phi_slice_30_31'
17:42:26    RootTrackPar   DEBUG     Failed to fit initial Gaussian to 'res_qopt_vs_eta_phi_slice_30_39'
17:42:26    RootTrackPar   DEBUG     Failed to fit initial Gaussian to 'res_qopt_vs_eta_phi_slice_31_0'
17:42:26    RootTrackPar   DEBUG     Failed to fit initial Gaussian to 'res_qopt_vs_eta_phi_slice_31_9'
Warning in <Fit>: Fit data is empty 
17:42:26    RootTrackPar   DEBUG     Failed to fit iteration 0 Gaussian to 'res_qopt_vs_eta_phi_slice_31_15'
17:42:26    RootTrackPar   DEBUG     Failed to fit initial Gaussian to 'res_qopt_vs_eta_phi_slice_31_16'
17:42:26    RootTrackPar   DEBUG     Failed to fit initial Gaussian to 'res_qopt_vs_eta_phi_slice_31_28'
17:42:26    RootTrackPar   DEBUG     Failed to fit initial Gaussian to 'res_qopt_vs_eta_phi_slice_31_31'
17:42:26    RootTrackPar   DEBUG     Failed to fit initial Gaussian to 'res_qopt_vs_eta_phi_slice_31_36'
Warning in <Fit>: Fit data is empty 
17:42:26    RootTrackPar   DEBUG     Failed to fit iteration 0 Gaussian to 'res_qopt_vs_eta_phi_slice_31_38'
17:42:26    RootTrackPar   DEBUG     Failed to fit initial Gaussian to 'res_qopt_vs_eta_phi_slice_32_31'
17:42:26    RootTrackPar   DEBUG     Failed to fit initial Gaussian to 'res_qopt_rel_vs_eta_phi_slice_7_3'
17:42:26    RootTrackPar   DEBUG     Failed to fit initial Gaussian to 'res_qopt_rel_vs_eta_phi_slice_7_8'
17:42:26    RootTrackPar   DEBUG     Failed to fit initial Gaussian to 'res_qopt_rel_vs_eta_phi_slice_7_34'
17:42:26    RootTrackPar   DEBUG     Failed to fit initial Gaussian to 'res_qopt_rel_vs_eta_phi_slice_7_37'
17:42:26    RootTrackPar   DEBUG     Failed to fit initial Gaussian to 'res_qopt_rel_vs_eta_phi_slice_7_39'
Warning in <Fit>: Fit data is empty 
17:42:26    RootTrackPar   DEBUG     Failed to fit iteration 0 Gaussian to 'res_qopt_rel_vs_eta_phi_slice_8_16'
17:42:26    RootTrackPar   DEBUG     Failed to fit initial Gaussian to 'res_qopt_rel_vs_eta_phi_slice_8_19'
17:42:26    RootTrackPar   DEBUG     Failed to fit initial Gaussian to 'res_qopt_rel_vs_eta_phi_slice_8_27'
Warning in <Fit>: Fit data is empty 
17:42:26    RootTrackPar   DEBUG     Failed to fit iteration 0 Gaussian to 'res_qopt_rel_vs_eta_phi_slice_8_39'
17:42:26    RootTrackPar   DEBUG     Failed to fit initial Gaussian to 'res_qopt_rel_vs_eta_phi_slice_9_2'
17:42:26    RootTrackPar   DEBUG     Failed to fit initial Gaussian to 'res_qopt_rel_vs_eta_phi_slice_9_33'
17:42:26    RootTrackPar   DEBUG     Failed to fit initial Gaussian to 'res_qopt_rel_vs_eta_phi_slice_9_37'
17:42:26    RootTrackPar   DEBUG     Failed to fit initial Gaussian to 'res_qopt_rel_vs_eta_phi_slice_10_0'
Warning in <Fit>: Fit data is empty 
17:42:26    RootTrackPar   DEBUG     Failed to fit iteration 0 Gaussian to 'res_qopt_rel_vs_eta_phi_slice_10_3'
17:42:26    RootTrackPar   DEBUG     Failed to fit initial Gaussian to 'res_qopt_rel_vs_eta_phi_slice_10_23'
17:42:26    RootTrackPar   DEBUG     Failed to fit iteration 0 Gaussian to 'res_qopt_rel_vs_eta_phi_slice_10_39'
17:42:26    RootTrackPar   DEBUG     Failed to fit initial Gaussian to 'res_qopt_rel_vs_eta_phi_slice_11_22'
17:42:26    RootTrackPar   DEBUG     Failed to fit initial Gaussian to 'res_qopt_rel_vs_eta_phi_slice_11_36'
17:42:26    RootTrackPar   DEBUG     Failed to fit iteration 0 Gaussian to 'res_qopt_rel_vs_eta_phi_slice_11_37'
17:42:26    RootTrackPar   DEBUG     Failed to fit initial Gaussian to 'res_qopt_rel_vs_eta_phi_slice_12_12'
17:42:26    RootTrackPar   DEBUG     Failed to fit initial Gaussian to 'res_qopt_rel_vs_eta_phi_slice_12_17'
Warning in <Fit>: Fit data is empty 
17:42:26    RootTrackPar   DEBUG     Failed to fit iteration 0 Gaussian to 'res_qopt_rel_vs_eta_phi_slice_12_38'
17:42:26    RootTrackPar   DEBUG     Failed to fit initial Gaussian to 'res_qopt_rel_vs_eta_phi_slice_13_9'
17:42:26    RootTrackPar   DEBUG     Failed to fit iteration 0 Gaussian to 'res_qopt_rel_vs_eta_phi_slice_13_24'
17:42:26    RootTrackPar   DEBUG     Failed to fit initial Gaussian to 'res_qopt_rel_vs_eta_phi_slice_14_1'
Warning in <Fit>: Fit data is empty 
17:42:26    RootTrackPar   DEBUG     Failed to fit iteration 0 Gaussian to 'res_qopt_rel_vs_eta_phi_slice_14_4'
17:42:26    RootTrackPar   DEBUG     Failed to fit iteration 0 Gaussian to 'res_qopt_rel_vs_eta_phi_slice_14_10'
17:42:26    RootTrackPar   DEBUG     Failed to fit initial Gaussian to 'res_qopt_rel_vs_eta_phi_slice_14_24'
17:42:26    RootTrackPar   DEBUG     Failed to fit initial Gaussian to 'res_qopt_rel_vs_eta_phi_slice_14_25'
17:42:26    RootTrackPar   DEBUG     Failed to fit initial Gaussian to 'res_qopt_rel_vs_eta_phi_slice_14_31'
17:42:26    RootTrackPar   DEBUG     Failed to fit initial Gaussian to 'res_qopt_rel_vs_eta_phi_slice_15_8'
17:42:26    RootTrackPar   DEBUG     Failed to fit initial Gaussian to 'res_qopt_rel_vs_eta_phi_slice_15_9'
17:42:26    RootTrackPar   DEBUG     Failed to fit initial Gaussian to 'res_qopt_rel_vs_eta_phi_slice_15_21'
17:42:26    RootTrackPar   DEBUG     Failed to fit initial Gaussian to 'res_qopt_rel_vs_eta_phi_slice_15_27'
17:42:26    RootTrackPar   DEBUG     Failed to fit initial Gaussian to 'res_qopt_rel_vs_eta_phi_slice_15_30'
17:42:26    RootTrackPar   DEBUG     Failed to fit initial Gaussian to 'res_qopt_rel_vs_eta_phi_slice_15_33'
17:42:26    RootTrackPar   DEBUG     Failed to fit initial Gaussian to 'res_qopt_rel_vs_eta_phi_slice_16_0'
17:42:26    RootTrackPar   DEBUG     Failed to fit iteration 0 Gaussian to 'res_qopt_rel_vs_eta_phi_slice_16_14'
17:42:26    RootTrackPar   DEBUG     Failed to fit initial Gaussian to 'res_qopt_rel_vs_eta_phi_slice_16_21'
17:42:26    RootTrackPar   DEBUG     Failed to fit iteration 0 Gaussian to 'res_qopt_rel_vs_eta_phi_slice_16_26'
17:42:26    RootTrackPar   DEBUG     Failed to fit initial Gaussian to 'res_qopt_rel_vs_eta_phi_slice_17_2'
17:42:26    RootTrackPar   DEBUG     Failed to fit initial Gaussian to 'res_qopt_rel_vs_eta_phi_slice_17_6'
17:42:26    RootTrackPar   DEBUG     Failed to fit initial Gaussian to 'res_qopt_rel_vs_eta_phi_slice_17_8'
17:42:26    RootTrackPar   DEBUG     Failed to fit initial Gaussian to 'res_qopt_rel_vs_eta_phi_slice_17_24'
17:42:26    RootTrackPar   DEBUG     Failed to fit initial Gaussian to 'res_qopt_rel_vs_eta_phi_slice_17_27'
17:42:26    RootTrackPar   DEBUG     Failed to fit initial Gaussian to 'res_qopt_rel_vs_eta_phi_slice_17_28'
17:42:26    RootTrackPar   DEBUG     Failed to fit initial Gaussian to 'res_qopt_rel_vs_eta_phi_slice_17_30'
17:42:26    RootTrackPar   DEBUG     Failed to fit initial Gaussian to 'res_qopt_rel_vs_eta_phi_slice_17_32'
17:42:26    RootTrackPar   DEBUG     Failed to fit initial Gaussian to 'res_qopt_rel_vs_eta_phi_slice_17_38'
17:42:26    RootTrackPar   DEBUG     Failed to fit initial Gaussian to 'res_qopt_rel_vs_eta_phi_slice_18_10'
17:42:26    RootTrackPar   DEBUG     Failed to fit initial Gaussian to 'res_qopt_rel_vs_eta_phi_slice_18_14'
17:42:26    RootTrackPar   DEBUG     Failed to fit initial Gaussian to 'res_qopt_rel_vs_eta_phi_slice_18_17'
17:42:26    RootTrackPar   DEBUG     Failed to fit initial Gaussian to 'res_qopt_rel_vs_eta_phi_slice_18_27'
Warning in <Fit>: Fit data is empty 
17:42:26    RootTrackPar   DEBUG     Failed to fit iteration 0 Gaussian to 'res_qopt_rel_vs_eta_phi_slice_18_31'
17:42:26    RootTrackPar   DEBUG     Failed to fit initial Gaussian to 'res_qopt_rel_vs_eta_phi_slice_19_4'
17:42:26    RootTrackPar   DEBUG     Failed to fit initial Gaussian to 'res_qopt_rel_vs_eta_phi_slice_19_5'
Warning in <Fit>: Fit data is empty 
17:42:26    RootTrackPar   DEBUG     Failed to fit iteration 0 Gaussian to 'res_qopt_rel_vs_eta_phi_slice_19_6'
17:42:26    RootTrackPar   DEBUG     Failed to fit initial Gaussian to 'res_qopt_rel_vs_eta_phi_slice_19_9'
17:42:26    RootTrackPar   DEBUG     Failed to fit initial Gaussian to 'res_qopt_rel_vs_eta_phi_slice_19_12'
17:42:26    RootTrackPar   DEBUG     Failed to fit initial Gaussian to 'res_qopt_rel_vs_eta_phi_slice_19_14'
17:42:26    RootTrackPar   DEBUG     Failed to fit initial Gaussian to 'res_qopt_rel_vs_eta_phi_slice_19_29'
17:42:26    RootTrackPar   DEBUG     Failed to fit initial Gaussian to 'res_qopt_rel_vs_eta_phi_slice_19_33'
17:42:26    RootTrackPar   DEBUG     Failed to fit initial Gaussian to 'res_qopt_rel_vs_eta_phi_slice_19_36'
17:42:26    RootTrackPar   DEBUG     Failed to fit initial Gaussian to 'res_qopt_rel_vs_eta_phi_slice_19_39'
Warning in <Fit>: Fit data is empty 
17:42:26    RootTrackPar   DEBUG     Failed to fit iteration 0 Gaussian to 'res_qopt_rel_vs_eta_phi_slice_20_3'
17:42:26    RootTrackPar   DEBUG     Failed to fit initial Gaussian to 'res_qopt_rel_vs_eta_phi_slice_20_4'
17:42:26    RootTrackPar   DEBUG     Failed to fit initial Gaussian to 'res_qopt_rel_vs_eta_phi_slice_20_23'
17:42:26    RootTrackPar   DEBUG     Failed to fit initial Gaussian to 'res_qopt_rel_vs_eta_phi_slice_20_31'
17:42:26    RootTrackPar   DEBUG     Failed to fit initial Gaussian to 'res_qopt_rel_vs_eta_phi_slice_21_3'
17:42:26    RootTrackPar   DEBUG     Failed to fit initial Gaussian to 'res_qopt_rel_vs_eta_phi_slice_21_8'
17:42:26    RootTrackPar   DEBUG     Failed to fit initial Gaussian to 'res_qopt_rel_vs_eta_phi_slice_21_12'
17:42:26    RootTrackPar   DEBUG     Failed to fit iteration 0 Gaussian to 'res_qopt_rel_vs_eta_phi_slice_21_21'
17:42:26    RootTrackPar   DEBUG     Failed to fit initial Gaussian to 'res_qopt_rel_vs_eta_phi_slice_21_23'
17:42:26    RootTrackPar   DEBUG     Failed to fit initial Gaussian to 'res_qopt_rel_vs_eta_phi_slice_22_2'
17:42:26    RootTrackPar   DEBUG     Failed to fit initial Gaussian to 'res_qopt_rel_vs_eta_phi_slice_22_3'
17:42:26    RootTrackPar   DEBUG     Failed to fit initial Gaussian to 'res_qopt_rel_vs_eta_phi_slice_22_10'
17:42:26    RootTrackPar   DEBUG     Failed to fit initial Gaussian to 'res_qopt_rel_vs_eta_phi_slice_22_11'
17:42:26    RootTrackPar   DEBUG     Failed to fit initial Gaussian to 'res_qopt_rel_vs_eta_phi_slice_22_16'
17:42:26    RootTrackPar   DEBUG     Failed to fit initial Gaussian to 'res_qopt_rel_vs_eta_phi_slice_22_23'
Warning in <Fit>: Fit data is empty 
17:42:26    RootTrackPar   DEBUG     Failed to fit iteration 0 Gaussian to 'res_qopt_rel_vs_eta_phi_slice_22_34'
17:42:26    RootTrackPar   DEBUG     Failed to fit initial Gaussian to 'res_qopt_rel_vs_eta_phi_slice_23_2'
17:42:26    RootTrackPar   DEBUG     Failed to fit initial Gaussian to 'res_qopt_rel_vs_eta_phi_slice_23_37'
17:42:26    RootTrackPar   DEBUG     Failed to fit initial Gaussian to 'res_qopt_rel_vs_eta_phi_slice_24_0'
17:42:26    RootTrackPar   DEBUG     Failed to fit initial Gaussian to 'res_qopt_rel_vs_eta_phi_slice_24_22'
17:42:26    RootTrackPar   DEBUG     Failed to fit initial Gaussian to 'res_qopt_rel_vs_eta_phi_slice_25_9'
17:42:26    RootTrackPar   DEBUG     Failed to fit initial Gaussian to 'res_qopt_rel_vs_eta_phi_slice_25_14'
17:42:26    RootTrackPar   DEBUG     Failed to fit initial Gaussian to 'res_qopt_rel_vs_eta_phi_slice_25_33'
17:42:26    RootTrackPar   DEBUG     Failed to fit iteration 0 Gaussian to 'res_qopt_rel_vs_eta_phi_slice_25_39'
17:42:26    RootTrackPar   DEBUG     Failed to fit iteration 0 Gaussian to 'res_qopt_rel_vs_eta_phi_slice_26_1'
17:42:26    RootTrackPar   DEBUG     Failed to fit iteration 0 Gaussian to 'res_qopt_rel_vs_eta_phi_slice_26_10'
17:42:26    RootTrackPar   DEBUG     Failed to fit initial Gaussian to 'res_qopt_rel_vs_eta_phi_slice_26_15'
17:42:26    RootTrackPar   DEBUG     Failed to fit initial Gaussian to 'res_qopt_rel_vs_eta_phi_slice_26_17'
17:42:26    RootTrackPar   DEBUG     Failed to fit initial Gaussian to 'res_qopt_rel_vs_eta_phi_slice_26_29'
17:42:26    RootTrackPar   DEBUG     Failed to fit initial Gaussian to 'res_qopt_rel_vs_eta_phi_slice_26_33'
17:42:26    RootTrackPar   DEBUG     Failed to fit initial Gaussian to 'res_qopt_rel_vs_eta_phi_slice_27_2'
17:42:26    RootTrackPar   DEBUG     Failed to fit initial Gaussian to 'res_qopt_rel_vs_eta_phi_slice_27_6'
17:42:26    RootTrackPar   DEBUG     Failed to fit initial Gaussian to 'res_qopt_rel_vs_eta_phi_slice_27_22'
17:42:26    RootTrackPar   DEBUG     Failed to fit initial Gaussian to 'res_qopt_rel_vs_eta_phi_slice_27_29'
17:42:26    RootTrackPar   DEBUG     Failed to fit initial Gaussian to 'res_qopt_rel_vs_eta_phi_slice_27_38'
17:42:26    RootTrackPar   DEBUG     Failed to fit initial Gaussian to 'res_qopt_rel_vs_eta_phi_slice_28_8'
Warning in <Fit>: Fit data is empty 
17:42:26    RootTrackPar   DEBUG     Failed to fit iteration 0 Gaussian to 'res_qopt_rel_vs_eta_phi_slice_28_25'
17:42:26    RootTrackPar   DEBUG     Failed to fit initial Gaussian to 'res_qopt_rel_vs_eta_phi_slice_29_21'
17:42:26    RootTrackPar   DEBUG     Failed to fit initial Gaussian to 'res_qopt_rel_vs_eta_phi_slice_29_25'
17:42:26    RootTrackPar   DEBUG     Failed to fit initial Gaussian to 'res_qopt_rel_vs_eta_phi_slice_30_8'
17:42:26    RootTrackPar   DEBUG     Failed to fit initial Gaussian to 'res_qopt_rel_vs_eta_phi_slice_30_13'
Warning in <Fit>: Fit data is empty 
17:42:26    RootTrackPar   DEBUG     Failed to fit iteration 0 Gaussian to 'res_qopt_rel_vs_eta_phi_slice_30_19'
17:42:26    RootTrackPar   DEBUG     Failed to fit initial Gaussian to 'res_qopt_rel_vs_eta_phi_slice_30_31'
17:42:26    RootTrackPar   DEBUG     Failed to fit initial Gaussian to 'res_qopt_rel_vs_eta_phi_slice_31_0'
17:42:26    RootTrackPar   DEBUG     Failed to fit initial Gaussian to 'res_qopt_rel_vs_eta_phi_slice_31_9'
17:42:26    RootTrackPar   DEBUG     Failed to fit initial Gaussian to 'res_qopt_rel_vs_eta_phi_slice_31_19'
17:42:26    RootTrackPar   DEBUG     Failed to fit initial Gaussian to 'res_qopt_rel_vs_eta_phi_slice_31_28'
17:42:26    RootTrackPar   DEBUG     Failed to fit initial Gaussian to 'res_qopt_rel_vs_eta_phi_slice_31_38'
17:42:26    RootTrackPar   DEBUG     Failed to fit initial Gaussian to 'res_qopt_rel_vs_eta_phi_slice_32_12'
Warning in <Fit>: Fit data is empty 
17:42:26    RootTrackPar   DEBUG     Failed to fit iteration 1 Gaussian to 'res_qopt_rel_vs_eta_phi_slice_32_22'
Warning in <Fit>: Fit data is empty 
17:42:26    RootTrackPar   DEBUG     Failed to fit iteration 0 Gaussian to 'res_qopt_rel_vs_eta_phi_slice_32_31'
17:42:26    RootTrackPar   DEBUG     Failed to fit initial Gaussian to 'res_t_vs_eta_phi_slice_8_16'
17:42:26    RootTrackPar   DEBUG     Failed to fit initial Gaussian to 'res_t_vs_eta_phi_slice_8_37'
17:42:26    RootTrackPar   DEBUG     Failed to fit initial Gaussian to 'res_t_vs_eta_phi_slice_11_22'
17:42:26    RootTrackPar   DEBUG     Failed to fit initial Gaussian to 'res_t_vs_eta_phi_slice_14_3'
17:42:26    RootTrackPar   DEBUG     Failed to fit initial Gaussian to 'res_t_vs_eta_phi_slice_14_24'
17:42:26    RootTrackPar   DEBUG     Failed to fit initial Gaussian to 'res_t_vs_eta_phi_slice_15_33'
17:42:26    RootTrackPar   DEBUG     Failed to fit initial Gaussian to 'res_t_vs_eta_phi_slice_16_33'
17:42:26    RootTrackPar   DEBUG     Failed to fit initial Gaussian to 'res_t_vs_eta_phi_slice_20_12'
17:42:26    RootTrackPar   DEBUG     Failed to fit initial Gaussian to 'res_t_vs_eta_phi_slice_21_8'
17:42:26    RootTrackPar   DEBUG     Failed to fit initial Gaussian to 'res_t_vs_eta_phi_slice_22_31'
17:42:26    RootTrackPar   DEBUG     Failed to fit initial Gaussian to 'res_t_vs_eta_phi_slice_30_13'
17:42:26    RootTrackPar   DEBUG     Failed to fit initial Gaussian to 'res_t_vs_eta_phi_slice_30_32'
17:42:26    RootTrackPar   DEBUG     Failed to fit initial Gaussian to 'res_t_vs_eta_phi_slice_32_22'
17:42:26    RootTrackPar   DEBUG     Failed to fit initial Gaussian to 'res_theta_vs_eta_phi_slice_7_2'
17:42:26    RootTrackPar   DEBUG     Failed to fit initial Gaussian to 'res_theta_vs_eta_phi_slice_7_3'
17:42:26    RootTrackPar   DEBUG     Failed to fit initial Gaussian to 'res_theta_vs_eta_phi_slice_7_8'
17:42:26    RootTrackPar   DEBUG     Failed to fit initial Gaussian to 'res_theta_vs_eta_phi_slice_7_15'
17:42:26    RootTrackPar   DEBUG     Failed to fit initial Gaussian to 'res_theta_vs_eta_phi_slice_7_19'
17:42:26    RootTrackPar   DEBUG     Failed to fit initial Gaussian to 'res_theta_vs_eta_phi_slice_7_33'
17:42:26    RootTrackPar   DEBUG     Failed to fit initial Gaussian to 'res_theta_vs_eta_phi_slice_7_34'
17:42:26    RootTrackPar   DEBUG     Failed to fit initial Gaussian to 'res_theta_vs_eta_phi_slice_7_37'
17:42:26    RootTrackPar   DEBUG     Failed to fit initial Gaussian to 'res_theta_vs_eta_phi_slice_7_39'
17:42:26    RootTrackPar   DEBUG     Failed to fit initial Gaussian to 'res_theta_vs_eta_phi_slice_8_3'
17:42:26    RootTrackPar   DEBUG     Failed to fit initial Gaussian to 'res_theta_vs_eta_phi_slice_8_13'
17:42:26    RootTrackPar   DEBUG     Failed to fit initial Gaussian to 'res_theta_vs_eta_phi_slice_8_16'
17:42:26    RootTrackPar   DEBUG     Failed to fit initial Gaussian to 'res_theta_vs_eta_phi_slice_8_27'
Warning in <Fit>: Fit data is empty 
17:42:26    RootTrackPar   DEBUG     Failed to fit iteration 0 Gaussian to 'res_theta_vs_eta_phi_slice_8_34'
17:42:26    RootTrackPar   DEBUG     Failed to fit initial Gaussian to 'res_theta_vs_eta_phi_slice_9_2'
17:42:26    RootTrackPar   DEBUG     Failed to fit initial Gaussian to 'res_theta_vs_eta_phi_slice_9_3'
17:42:26    RootTrackPar   DEBUG     Failed to fit initial Gaussian to 'res_theta_vs_eta_phi_slice_9_11'
17:42:26    RootTrackPar   DEBUG     Failed to fit initial Gaussian to 'res_theta_vs_eta_phi_slice_9_14'
17:42:26    RootTrackPar   DEBUG     Failed to fit initial Gaussian to 'res_theta_vs_eta_phi_slice_9_15'
17:42:26    RootTrackPar   DEBUG     Failed to fit initial Gaussian to 'res_theta_vs_eta_phi_slice_9_23'
17:42:26    RootTrackPar   DEBUG     Failed to fit initial Gaussian to 'res_theta_vs_eta_phi_slice_9_24'
17:42:26    RootTrackPar   DEBUG     Failed to fit initial Gaussian to 'res_theta_vs_eta_phi_slice_9_31'
17:42:26    RootTrackPar   DEBUG     Failed to fit initial Gaussian to 'res_theta_vs_eta_phi_slice_9_33'
17:42:26    RootTrackPar   DEBUG     Failed to fit initial Gaussian to 'res_theta_vs_eta_phi_slice_9_37'
17:42:26    RootTrackPar   DEBUG     Failed to fit initial Gaussian to 'res_theta_vs_eta_phi_slice_9_38'
17:42:26    RootTrackPar   DEBUG     Failed to fit initial Gaussian to 'res_theta_vs_eta_phi_slice_10_0'
17:42:26    RootTrackPar   DEBUG     Failed to fit initial Gaussian to 'res_theta_vs_eta_phi_slice_10_23'
17:42:26    RootTrackPar   DEBUG     Failed to fit initial Gaussian to 'res_theta_vs_eta_phi_slice_10_39'
17:42:26    RootTrackPar   DEBUG     Failed to fit initial Gaussian to 'res_theta_vs_eta_phi_slice_11_1'
17:42:26    RootTrackPar   DEBUG     Failed to fit initial Gaussian to 'res_theta_vs_eta_phi_slice_11_3'
17:42:26    RootTrackPar   DEBUG     Failed to fit initial Gaussian to 'res_theta_vs_eta_phi_slice_11_12'
17:42:26    RootTrackPar   DEBUG     Failed to fit initial Gaussian to 'res_theta_vs_eta_phi_slice_11_14'
17:42:26    RootTrackPar   DEBUG     Failed to fit initial Gaussian to 'res_theta_vs_eta_phi_slice_11_21'
17:42:26    RootTrackPar   DEBUG     Failed to fit initial Gaussian to 'res_theta_vs_eta_phi_slice_11_22'
17:42:26    RootTrackPar   DEBUG     Failed to fit initial Gaussian to 'res_theta_vs_eta_phi_slice_11_32'
17:42:26    RootTrackPar   DEBUG     Failed to fit initial Gaussian to 'res_theta_vs_eta_phi_slice_11_35'
17:42:26    RootTrackPar   DEBUG     Failed to fit initial Gaussian to 'res_theta_vs_eta_phi_slice_11_37'
17:42:26    RootTrackPar   DEBUG     Failed to fit initial Gaussian to 'res_theta_vs_eta_phi_slice_12_0'
17:42:26    RootTrackPar   DEBUG     Failed to fit initial Gaussian to 'res_theta_vs_eta_phi_slice_12_17'
17:42:26    RootTrackPar   DEBUG     Failed to fit initial Gaussian to 'res_theta_vs_eta_phi_slice_12_27'
17:42:26    RootTrackPar   DEBUG     Failed to fit initial Gaussian to 'res_theta_vs_eta_phi_slice_12_28'
17:42:26    RootTrackPar   DEBUG     Failed to fit initial Gaussian to 'res_theta_vs_eta_phi_slice_13_0'
17:42:26    RootTrackPar   DEBUG     Failed to fit initial Gaussian to 'res_theta_vs_eta_phi_slice_13_9'
17:42:26    RootTrackPar   DEBUG     Failed to fit initial Gaussian to 'res_theta_vs_eta_phi_slice_13_15'
17:42:26    RootTrackPar   DEBUG     Failed to fit initial Gaussian to 'res_theta_vs_eta_phi_slice_13_24'
17:42:26    RootTrackPar   DEBUG     Failed to fit initial Gaussian to 'res_theta_vs_eta_phi_slice_13_35'
17:42:26    RootTrackPar   DEBUG     Failed to fit initial Gaussian to 'res_theta_vs_eta_phi_slice_14_3'
17:42:26    RootTrackPar   DEBUG     Failed to fit initial Gaussian to 'res_theta_vs_eta_phi_slice_14_6'
17:42:26    RootTrackPar   DEBUG     Failed to fit initial Gaussian to 'res_theta_vs_eta_phi_slice_14_24'
17:42:26    RootTrackPar   DEBUG     Failed to fit initial Gaussian to 'res_theta_vs_eta_phi_slice_15_14'
17:42:26    RootTrackPar   DEBUG     Failed to fit initial Gaussian to 'res_theta_vs_eta_phi_slice_15_23'
17:42:26    RootTrackPar   DEBUG     Failed to fit initial Gaussian to 'res_theta_vs_eta_phi_slice_15_25'
17:42:26    RootTrackPar   DEBUG     Failed to fit initial Gaussian to 'res_theta_vs_eta_phi_slice_15_30'
Warning in <Fit>: Fit data is empty 
17:42:26    RootTrackPar   DEBUG     Failed to fit iteration 0 Gaussian to 'res_theta_vs_eta_phi_slice_15_33'
Warning in <Fit>: Fit data is empty 
17:42:26    RootTrackPar   DEBUG     Failed to fit iteration 0 Gaussian to 'res_theta_vs_eta_phi_slice_16_5'
17:42:26    RootTrackPar   DEBUG     Failed to fit initial Gaussian to 'res_theta_vs_eta_phi_slice_16_13'
17:42:26    RootTrackPar   DEBUG     Failed to fit initial Gaussian to 'res_theta_vs_eta_phi_slice_16_18'
17:42:26    RootTrackPar   DEBUG     Failed to fit initial Gaussian to 'res_theta_vs_eta_phi_slice_16_23'
17:42:26    RootTrackPar   DEBUG     Failed to fit iteration 1 Gaussian to 'res_theta_vs_eta_phi_slice_16_24'
Warning in <Fit>: Fit data is empty 
17:42:26    RootTrackPar   DEBUG     Failed to fit iteration 0 Gaussian to 'res_theta_vs_eta_phi_slice_16_39'
17:42:26    RootTrackPar   DEBUG     Failed to fit initial Gaussian to 'res_theta_vs_eta_phi_slice_17_8'
17:42:26    RootTrackPar   DEBUG     Failed to fit initial Gaussian to 'res_theta_vs_eta_phi_slice_17_10'
17:42:26    RootTrackPar   DEBUG     Failed to fit initial Gaussian to 'res_theta_vs_eta_phi_slice_17_27'
17:42:26    RootTrackPar   DEBUG     Failed to fit initial Gaussian to 'res_theta_vs_eta_phi_slice_17_28'
17:42:26    RootTrackPar   DEBUG     Failed to fit iteration 0 Gaussian to 'res_theta_vs_eta_phi_slice_17_30'
17:42:26    RootTrackPar   DEBUG     Failed to fit initial Gaussian to 'res_theta_vs_eta_phi_slice_17_31'
17:42:26    RootTrackPar   DEBUG     Failed to fit initial Gaussian to 'res_theta_vs_eta_phi_slice_17_38'
17:42:26    RootTrackPar   DEBUG     Failed to fit initial Gaussian to 'res_theta_vs_eta_phi_slice_18_1'
17:42:26    RootTrackPar   DEBUG     Failed to fit initial Gaussian to 'res_theta_vs_eta_phi_slice_18_5'
17:42:26    RootTrackPar   DEBUG     Failed to fit initial Gaussian to 'res_theta_vs_eta_phi_slice_18_10'
17:42:26    RootTrackPar   DEBUG     Failed to fit initial Gaussian to 'res_theta_vs_eta_phi_slice_18_14'
17:42:26    RootTrackPar   DEBUG     Failed to fit initial Gaussian to 'res_theta_vs_eta_phi_slice_18_17'
17:42:26    RootTrackPar   DEBUG     Failed to fit initial Gaussian to 'res_theta_vs_eta_phi_slice_19_2'
17:42:26    RootTrackPar   DEBUG     Failed to fit initial Gaussian to 'res_theta_vs_eta_phi_slice_19_5'
17:42:26    RootTrackPar   DEBUG     Failed to fit initial Gaussian to 'res_theta_vs_eta_phi_slice_19_6'
17:42:26    RootTrackPar   DEBUG     Failed to fit initial Gaussian to 'res_theta_vs_eta_phi_slice_19_9'
17:42:26    RootTrackPar   DEBUG     Failed to fit initial Gaussian to 'res_theta_vs_eta_phi_slice_19_14'
17:42:26    RootTrackPar   DEBUG     Failed to fit initial Gaussian to 'res_theta_vs_eta_phi_slice_19_31'
17:42:26    RootTrackPar   DEBUG     Failed to fit initial Gaussian to 'res_theta_vs_eta_phi_slice_19_39'
Warning in <Fit>: Fit data is empty 
17:42:26    RootTrackPar   DEBUG     Failed to fit iteration 0 Gaussian to 'res_theta_vs_eta_phi_slice_20_9'
17:42:26    RootTrackPar   DEBUG     Failed to fit initial Gaussian to 'res_theta_vs_eta_phi_slice_20_12'
17:42:26    RootTrackPar   DEBUG     Failed to fit initial Gaussian to 'res_theta_vs_eta_phi_slice_20_22'
17:42:26    RootTrackPar   DEBUG     Failed to fit initial Gaussian to 'res_theta_vs_eta_phi_slice_20_23'
17:42:26    RootTrackPar   DEBUG     Failed to fit initial Gaussian to 'res_theta_vs_eta_phi_slice_20_25'
17:42:26    RootTrackPar   DEBUG     Failed to fit initial Gaussian to 'res_theta_vs_eta_phi_slice_20_34'
17:42:26    RootTrackPar   DEBUG     Failed to fit initial Gaussian to 'res_theta_vs_eta_phi_slice_20_35'
17:42:26    RootTrackPar   DEBUG     Failed to fit initial Gaussian to 'res_theta_vs_eta_phi_slice_21_5'
17:42:26    RootTrackPar   DEBUG     Failed to fit initial Gaussian to 'res_theta_vs_eta_phi_slice_21_10'
17:42:26    RootTrackPar   DEBUG     Failed to fit initial Gaussian to 'res_theta_vs_eta_phi_slice_21_14'
17:42:26    RootTrackPar   DEBUG     Failed to fit initial Gaussian to 'res_theta_vs_eta_phi_slice_21_26'
17:42:26    RootTrackPar   DEBUG     Failed to fit initial Gaussian to 'res_theta_vs_eta_phi_slice_22_2'
17:42:26    RootTrackPar   DEBUG     Failed to fit initial Gaussian to 'res_theta_vs_eta_phi_slice_22_6'
17:42:26    RootTrackPar   DEBUG     Failed to fit initial Gaussian to 'res_theta_vs_eta_phi_slice_22_8'
17:42:26    RootTrackPar   DEBUG     Failed to fit initial Gaussian to 'res_theta_vs_eta_phi_slice_22_11'
17:42:26    RootTrackPar   DEBUG     Failed to fit initial Gaussian to 'res_theta_vs_eta_phi_slice_22_22'
17:42:26    RootTrackPar   DEBUG     Failed to fit initial Gaussian to 'res_theta_vs_eta_phi_slice_22_23'
17:42:26    RootTrackPar   DEBUG     Failed to fit initial Gaussian to 'res_theta_vs_eta_phi_slice_22_28'
17:42:26    RootTrackPar   DEBUG     Failed to fit initial Gaussian to 'res_theta_vs_eta_phi_slice_22_31'
17:42:26    RootTrackPar   DEBUG     Failed to fit initial Gaussian to 'res_theta_vs_eta_phi_slice_22_32'
17:42:26    RootTrackPar   DEBUG     Failed to fit initial Gaussian to 'res_theta_vs_eta_phi_slice_23_15'
Warning in <Fit>: Fit data is empty 
17:42:26    RootTrackPar   DEBUG     Failed to fit iteration 0 Gaussian to 'res_theta_vs_eta_phi_slice_23_29'
17:42:26    RootTrackPar   DEBUG     Failed to fit initial Gaussian to 'res_theta_vs_eta_phi_slice_23_35'
17:42:26    RootTrackPar   DEBUG     Failed to fit initial Gaussian to 'res_theta_vs_eta_phi_slice_24_0'
17:42:26    RootTrackPar   DEBUG     Failed to fit initial Gaussian to 'res_theta_vs_eta_phi_slice_24_9'
17:42:26    RootTrackPar   DEBUG     Failed to fit initial Gaussian to 'res_theta_vs_eta_phi_slice_24_10'
17:42:26    RootTrackPar   DEBUG     Failed to fit initial Gaussian to 'res_theta_vs_eta_phi_slice_24_12'
17:42:26    RootTrackPar   DEBUG     Failed to fit initial Gaussian to 'res_theta_vs_eta_phi_slice_24_19'
Warning in <Fit>: Fit data is empty 
17:42:26    RootTrackPar   DEBUG     Failed to fit iteration 0 Gaussian to 'res_theta_vs_eta_phi_slice_24_37'
17:42:26    RootTrackPar   DEBUG     Failed to fit initial Gaussian to 'res_theta_vs_eta_phi_slice_25_2'
17:42:26    RootTrackPar   DEBUG     Failed to fit initial Gaussian to 'res_theta_vs_eta_phi_slice_25_5'
17:42:26    RootTrackPar   DEBUG     Failed to fit initial Gaussian to 'res_theta_vs_eta_phi_slice_25_13'
17:42:26    RootTrackPar   DEBUG     Failed to fit initial Gaussian to 'res_theta_vs_eta_phi_slice_25_24'
17:42:26    RootTrackPar   DEBUG     Failed to fit initial Gaussian to 'res_theta_vs_eta_phi_slice_25_36'
17:42:26    RootTrackPar   DEBUG     Failed to fit initial Gaussian to 'res_theta_vs_eta_phi_slice_26_1'
17:42:26    RootTrackPar   DEBUG     Failed to fit initial Gaussian to 'res_theta_vs_eta_phi_slice_26_10'
17:42:26    RootTrackPar   DEBUG     Failed to fit initial Gaussian to 'res_theta_vs_eta_phi_slice_26_15'
17:42:26    RootTrackPar   DEBUG     Failed to fit initial Gaussian to 'res_theta_vs_eta_phi_slice_26_21'
17:42:26    RootTrackPar   DEBUG     Failed to fit initial Gaussian to 'res_theta_vs_eta_phi_slice_26_26'
17:42:26    RootTrackPar   DEBUG     Failed to fit initial Gaussian to 'res_theta_vs_eta_phi_slice_26_28'
17:42:26    RootTrackPar   DEBUG     Failed to fit initial Gaussian to 'res_theta_vs_eta_phi_slice_26_33'
17:42:26    RootTrackPar   DEBUG     Failed to fit iteration 0 Gaussian to 'res_theta_vs_eta_phi_slice_26_35'
17:42:26    RootTrackPar   DEBUG     Failed to fit initial Gaussian to 'res_theta_vs_eta_phi_slice_27_17'
17:42:26    RootTrackPar   DEBUG     Failed to fit initial Gaussian to 'res_theta_vs_eta_phi_slice_27_33'
17:42:26    RootTrackPar   DEBUG     Failed to fit initial Gaussian to 'res_theta_vs_eta_phi_slice_28_22'
17:42:26    RootTrackPar   DEBUG     Failed to fit initial Gaussian to 'res_theta_vs_eta_phi_slice_28_25'
17:42:26    RootTrackPar   DEBUG     Failed to fit initial Gaussian to 'res_theta_vs_eta_phi_slice_28_28'
17:42:26    RootTrackPar   DEBUG     Failed to fit initial Gaussian to 'res_theta_vs_eta_phi_slice_28_39'
17:42:26    RootTrackPar   DEBUG     Failed to fit initial Gaussian to 'res_theta_vs_eta_phi_slice_29_34'
17:42:26    RootTrackPar   DEBUG     Failed to fit initial Gaussian to 'res_theta_vs_eta_phi_slice_30_0'
17:42:26    RootTrackPar   DEBUG     Failed to fit initial Gaussian to 'res_theta_vs_eta_phi_slice_30_5'
17:42:26    RootTrackPar   DEBUG     Failed to fit initial Gaussian to 'res_theta_vs_eta_phi_slice_30_12'
17:42:26    RootTrackPar   DEBUG     Failed to fit initial Gaussian to 'res_theta_vs_eta_phi_slice_30_13'
17:42:26    RootTrackPar   DEBUG     Failed to fit initial Gaussian to 'res_theta_vs_eta_phi_slice_30_15'
17:42:26    RootTrackPar   DEBUG     Failed to fit initial Gaussian to 'res_theta_vs_eta_phi_slice_30_19'
17:42:26    RootTrackPar   DEBUG     Failed to fit initial Gaussian to 'res_theta_vs_eta_phi_slice_30_31'
17:42:26    RootTrackPar   DEBUG     Failed to fit initial Gaussian to 'res_theta_vs_eta_phi_slice_31_5'
17:42:26    RootTrackPar   DEBUG     Failed to fit initial Gaussian to 'res_theta_vs_eta_phi_slice_31_9'
17:42:26    RootTrackPar   DEBUG     Failed to fit initial Gaussian to 'res_theta_vs_eta_phi_slice_31_16'
17:42:26    RootTrackPar   DEBUG     Failed to fit initial Gaussian to 'res_theta_vs_eta_phi_slice_31_18'
17:42:26    RootTrackPar   DEBUG     Failed to fit initial Gaussian to 'res_theta_vs_eta_phi_slice_31_19'
17:42:26    RootTrackPar   DEBUG     Failed to fit initial Gaussian to 'res_theta_vs_eta_phi_slice_31_31'
17:42:26    RootTrackPar   DEBUG     Failed to fit initial Gaussian to 'res_theta_vs_eta_phi_slice_32_6'
17:42:26    RootTrackPar   DEBUG     Failed to fit initial Gaussian to 'res_theta_vs_eta_phi_slice_32_12'
17:42:26    RootTrackPar   DEBUG     Failed to fit initial Gaussian to 'res_theta_vs_eta_phi_slice_32_22'
17:42:26    RootTrackPar   DEBUG     Failed to fit initial Gaussian to 'res_theta_vs_eta_phi_slice_32_25'
17:42:26    RootTrackPar   DEBUG     Failed to fit initial Gaussian to 'res_theta_vs_eta_phi_slice_32_31'
17:42:26    RootTrackPar   DEBUG     Failed to fit initial Gaussian to 'res_z0_vs_eta_phi_slice_7_15'
17:42:26    RootTrackPar   DEBUG     Failed to fit initial Gaussian to 'res_z0_vs_eta_phi_slice_7_34'
17:42:26    RootTrackPar   DEBUG     Failed to fit initial Gaussian to 'res_z0_vs_eta_phi_slice_8_16'
17:42:26    RootTrackPar   DEBUG     Failed to fit initial Gaussian to 'res_z0_vs_eta_phi_slice_8_19'
17:42:26    RootTrackPar   DEBUG     Failed to fit initial Gaussian to 'res_z0_vs_eta_phi_slice_9_15'
17:42:26    RootTrackPar   DEBUG     Failed to fit initial Gaussian to 'res_z0_vs_eta_phi_slice_9_17'
17:42:26    RootTrackPar   DEBUG     Failed to fit initial Gaussian to 'res_z0_vs_eta_phi_slice_9_33'
17:42:26    RootTrackPar   DEBUG     Failed to fit initial Gaussian to 'res_z0_vs_eta_phi_slice_11_21'
17:42:26    RootTrackPar   DEBUG     Failed to fit initial Gaussian to 'res_z0_vs_eta_phi_slice_11_32'
Warning in <Fit>: Fit data is empty 
17:42:26    RootTrackPar   DEBUG     Failed to fit iteration 0 Gaussian to 'res_z0_vs_eta_phi_slice_12_3'
Warning in <Fit>: Fit data is empty 
17:42:26    RootTrackPar   DEBUG     Failed to fit iteration 0 Gaussian to 'res_z0_vs_eta_phi_slice_13_15'
17:42:26    RootTrackPar   DEBUG     Failed to fit initial Gaussian to 'res_z0_vs_eta_phi_slice_13_24'
17:42:26    RootTrackPar   DEBUG     Failed to fit iteration 0 Gaussian to 'res_z0_vs_eta_phi_slice_14_1'
17:42:26    RootTrackPar   DEBUG     Failed to fit initial Gaussian to 'res_z0_vs_eta_phi_slice_14_3'
Warning in <Fit>: Fit data is empty 
17:42:26    RootTrackPar   DEBUG     Failed to fit iteration 0 Gaussian to 'res_z0_vs_eta_phi_slice_14_17'
17:42:26    RootTrackPar   DEBUG     Failed to fit initial Gaussian to 'res_z0_vs_eta_phi_slice_14_24'
17:42:26    RootTrackPar   DEBUG     Failed to fit initial Gaussian to 'res_z0_vs_eta_phi_slice_14_36'
17:42:26    RootTrackPar   DEBUG     Failed to fit initial Gaussian to 'res_z0_vs_eta_phi_slice_15_9'
17:42:26    RootTrackPar   DEBUG     Failed to fit initial Gaussian to 'res_z0_vs_eta_phi_slice_15_25'
17:42:26    RootTrackPar   DEBUG     Failed to fit initial Gaussian to 'res_z0_vs_eta_phi_slice_15_33'
17:42:26    RootTrackPar   DEBUG     Failed to fit initial Gaussian to 'res_z0_vs_eta_phi_slice_16_0'
17:42:26    RootTrackPar   DEBUG     Failed to fit initial Gaussian to 'res_z0_vs_eta_phi_slice_16_7'
17:42:26    RootTrackPar   DEBUG     Failed to fit initial Gaussian to 'res_z0_vs_eta_phi_slice_16_23'
17:42:26    RootTrackPar   DEBUG     Failed to fit initial Gaussian to 'res_z0_vs_eta_phi_slice_16_27'
17:42:26    RootTrackPar   DEBUG     Failed to fit initial Gaussian to 'res_z0_vs_eta_phi_slice_16_33'
17:42:26    RootTrackPar   DEBUG     Failed to fit initial Gaussian to 'res_z0_vs_eta_phi_slice_17_7'
17:42:26    RootTrackPar   DEBUG     Failed to fit initial Gaussian to 'res_z0_vs_eta_phi_slice_17_8'
17:42:26    RootTrackPar   DEBUG     Failed to fit initial Gaussian to 'res_z0_vs_eta_phi_slice_17_9'
17:42:26    RootTrackPar   DEBUG     Failed to fit initial Gaussian to 'res_z0_vs_eta_phi_slice_17_10'
17:42:26    RootTrackPar   DEBUG     Failed to fit initial Gaussian to 'res_z0_vs_eta_phi_slice_17_21'
17:42:26    RootTrackPar   DEBUG     Failed to fit initial Gaussian to 'res_z0_vs_eta_phi_slice_17_27'
17:42:26    RootTrackPar   DEBUG     Failed to fit initial Gaussian to 'res_z0_vs_eta_phi_slice_17_28'
17:42:26    RootTrackPar   DEBUG     Failed to fit initial Gaussian to 'res_z0_vs_eta_phi_slice_17_30'
17:42:26    RootTrackPar   DEBUG     Failed to fit initial Gaussian to 'res_z0_vs_eta_phi_slice_18_5'
17:42:26    RootTrackPar   DEBUG     Failed to fit initial Gaussian to 'res_z0_vs_eta_phi_slice_18_17'
17:42:26    RootTrackPar   DEBUG     Failed to fit initial Gaussian to 'res_z0_vs_eta_phi_slice_19_4'
17:42:26    RootTrackPar   DEBUG     Failed to fit initial Gaussian to 'res_z0_vs_eta_phi_slice_19_5'
17:42:26    RootTrackPar   DEBUG     Failed to fit initial Gaussian to 'res_z0_vs_eta_phi_slice_19_6'
17:42:26    RootTrackPar   DEBUG     Failed to fit iteration 0 Gaussian to 'res_z0_vs_eta_phi_slice_19_10'
17:42:26    RootTrackPar   DEBUG     Failed to fit initial Gaussian to 'res_z0_vs_eta_phi_slice_19_33'
17:42:26    RootTrackPar   DEBUG     Failed to fit initial Gaussian to 'res_z0_vs_eta_phi_slice_19_36'
Warning in <Fit>: Fit data is empty 
17:42:26    RootTrackPar   DEBUG     Failed to fit iteration 0 Gaussian to 'res_z0_vs_eta_phi_slice_19_39'
17:42:26    RootTrackPar   DEBUG     Failed to fit initial Gaussian to 'res_z0_vs_eta_phi_slice_20_3'
17:42:26    RootTrackPar   DEBUG     Failed to fit initial Gaussian to 'res_z0_vs_eta_phi_slice_20_12'
17:42:26    RootTrackPar   DEBUG     Failed to fit initial Gaussian to 'res_z0_vs_eta_phi_slice_20_23'
17:42:26    RootTrackPar   DEBUG     Failed to fit initial Gaussian to 'res_z0_vs_eta_phi_slice_20_25'
17:42:26    RootTrackPar   DEBUG     Failed to fit initial Gaussian to 'res_z0_vs_eta_phi_slice_20_34'
17:42:26    RootTrackPar   DEBUG     Failed to fit initial Gaussian to 'res_z0_vs_eta_phi_slice_21_8'
17:42:26    RootTrackPar   DEBUG     Failed to fit initial Gaussian to 'res_z0_vs_eta_phi_slice_21_12'
17:42:26    RootTrackPar   DEBUG     Failed to fit initial Gaussian to 'res_z0_vs_eta_phi_slice_21_14'
17:42:26    RootTrackPar   DEBUG     Failed to fit initial Gaussian to 'res_z0_vs_eta_phi_slice_21_23'
17:42:26    RootTrackPar   DEBUG     Failed to fit initial Gaussian to 'res_z0_vs_eta_phi_slice_22_2'
17:42:26    RootTrackPar   DEBUG     Failed to fit initial Gaussian to 'res_z0_vs_eta_phi_slice_22_8'
17:42:26    RootTrackPar   DEBUG     Failed to fit initial Gaussian to 'res_z0_vs_eta_phi_slice_22_11'
17:42:26    RootTrackPar   DEBUG     Failed to fit initial Gaussian to 'res_z0_vs_eta_phi_slice_22_14'
17:42:26    RootTrackPar   DEBUG     Failed to fit initial Gaussian to 'res_z0_vs_eta_phi_slice_22_23'
17:42:26    RootTrackPar   DEBUG     Failed to fit initial Gaussian to 'res_z0_vs_eta_phi_slice_22_25'
17:42:26    RootTrackPar   DEBUG     Failed to fit initial Gaussian to 'res_z0_vs_eta_phi_slice_22_27'
17:42:26    RootTrackPar   DEBUG     Failed to fit initial Gaussian to 'res_z0_vs_eta_phi_slice_22_31'
17:42:26    RootTrackPar   DEBUG     Failed to fit initial Gaussian to 'res_z0_vs_eta_phi_slice_22_32'
17:42:26    RootTrackPar   DEBUG     Failed to fit initial Gaussian to 'res_z0_vs_eta_phi_slice_22_38'
17:42:26    RootTrackPar   DEBUG     Failed to fit initial Gaussian to 'res_z0_vs_eta_phi_slice_23_29'
17:42:26    RootTrackPar   DEBUG     Failed to fit initial Gaussian to 'res_z0_vs_eta_phi_slice_24_0'
17:42:26    RootTrackPar   DEBUG     Failed to fit initial Gaussian to 'res_z0_vs_eta_phi_slice_24_7'
17:42:26    RootTrackPar   DEBUG     Failed to fit initial Gaussian to 'res_z0_vs_eta_phi_slice_24_9'
17:42:26    RootTrackPar   DEBUG     Failed to fit initial Gaussian to 'res_z0_vs_eta_phi_slice_24_12'
17:42:26    RootTrackPar   DEBUG     Failed to fit initial Gaussian to 'res_z0_vs_eta_phi_slice_24_14'
17:42:26    RootTrackPar   DEBUG     Failed to fit initial Gaussian to 'res_z0_vs_eta_phi_slice_25_2'
17:42:26    RootTrackPar   DEBUG     Failed to fit initial Gaussian to 'res_z0_vs_eta_phi_slice_25_5'
17:42:26    RootTrackPar   DEBUG     Failed to fit initial Gaussian to 'res_z0_vs_eta_phi_slice_25_9'
Warning in <Fit>: Fit data is empty 
17:42:26    RootTrackPar   DEBUG     Failed to fit iteration 0 Gaussian to 'res_z0_vs_eta_phi_slice_25_39'
17:42:26    RootTrackPar   DEBUG     Failed to fit initial Gaussian to 'res_z0_vs_eta_phi_slice_26_1'
17:42:26    RootTrackPar   DEBUG     Failed to fit initial Gaussian to 'res_z0_vs_eta_phi_slice_26_10'
17:42:26    RootTrackPar   DEBUG     Failed to fit initial Gaussian to 'res_z0_vs_eta_phi_slice_26_17'
Warning in <Fit>: Fit data is empty 
17:42:26    RootTrackPar   DEBUG     Failed to fit iteration 0 Gaussian to 'res_z0_vs_eta_phi_slice_26_26'
17:42:26    RootTrackPar   DEBUG     Failed to fit initial Gaussian to 'res_z0_vs_eta_phi_slice_26_29'
17:42:26    RootTrackPar   DEBUG     Failed to fit initial Gaussian to 'res_z0_vs_eta_phi_slice_26_33'
17:42:26    RootTrackPar   DEBUG     Failed to fit initial Gaussian to 'res_z0_vs_eta_phi_slice_27_6'
17:42:26    RootTrackPar   DEBUG     Failed to fit initial Gaussian to 'res_z0_vs_eta_phi_slice_27_29'
17:42:26    RootTrackPar   DEBUG     Failed to fit initial Gaussian to 'res_z0_vs_eta_phi_slice_28_8'
17:42:26    RootTrackPar   DEBUG     Failed to fit initial Gaussian to 'res_z0_vs_eta_phi_slice_30_0'
17:42:26    RootTrackPar   DEBUG     Failed to fit initial Gaussian to 'res_z0_vs_eta_phi_slice_30_8'
17:42:26    RootTrackPar   DEBUG     Failed to fit initial Gaussian to 'res_z0_vs_eta_phi_slice_30_12'
17:42:26    RootTrackPar   DEBUG     Failed to fit initial Gaussian to 'res_z0_vs_eta_phi_slice_30_13'
17:42:26    RootTrackPar   DEBUG     Failed to fit initial Gaussian to 'res_z0_vs_eta_phi_slice_30_19'
Warning in <Fit>: Fit data is empty 
17:42:26    RootTrackPar   DEBUG     Failed to fit iteration 0 Gaussian to 'res_z0_vs_eta_phi_slice_30_26'
17:42:26    RootTrackPar   DEBUG     Failed to fit initial Gaussian to 'res_z0_vs_eta_phi_slice_30_37'
17:42:26    RootTrackPar   DEBUG     Failed to fit initial Gaussian to 'res_z0_vs_eta_phi_slice_30_39'
17:42:26    RootTrackPar   DEBUG     Failed to fit initial Gaussian to 'res_z0_vs_eta_phi_slice_31_19'
17:42:26    RootTrackPar   DEBUG     Failed to fit initial Gaussian to 'res_z0_vs_eta_phi_slice_31_21'
17:42:26    RootTrackPar   DEBUG     Failed to fit iteration 0 Gaussian to 'res_z0_vs_eta_phi_slice_32_22'
17:42:26    RootTrackPar   DEBUG     Failed to fit initial Gaussian to 'res_z0_vs_eta_phi_slice_32_31'
17:42:26    RootTrackPar   DEBUG     Failed to fit initial Gaussian to 'res_d0_vs_eta_pT_slice_8_1'
17:42:26    RootTrackPar   DEBUG     Failed to fit iteration 0 Gaussian to 'res_d0_vs_eta_pT_slice_9_1'
17:42:26    RootTrackPar   DEBUG     Failed to fit initial Gaussian to 'res_d0_vs_eta_pT_slice_11_0'
17:42:26    RootTrackPar   DEBUG     Failed to fit initial Gaussian to 'res_d0_vs_eta_pT_slice_12_0'
17:42:26    RootTrackPar   DEBUG     Failed to fit initial Gaussian to 'res_d0_vs_eta_pT_slice_15_0'
17:42:26    RootTrackPar   DEBUG     Failed to fit initial Gaussian to 'res_d0_vs_eta_pT_slice_17_0'
17:42:26    RootTrackPar   DEBUG     Failed to fit initial Gaussian to 'res_phi_vs_eta_pT_slice_9_0'
17:42:26    RootTrackPar   DEBUG     Failed to fit initial Gaussian to 'res_phi_vs_eta_pT_slice_11_0'
17:42:26    RootTrackPar   DEBUG     Failed to fit initial Gaussian to 'res_phi_vs_eta_pT_slice_11_1'
17:42:26    RootTrackPar   DEBUG     Failed to fit initial Gaussian to 'res_phi_vs_eta_pT_slice_12_0'
17:42:26    RootTrackPar   DEBUG     Failed to fit iteration 1 Gaussian to 'res_phi_vs_eta_pT_slice_21_0'
17:42:26    RootTrackPar   DEBUG     Failed to fit initial Gaussian to 'res_phi_vs_eta_pT_slice_27_0'
17:42:26    RootTrackPar   DEBUG     Failed to fit initial Gaussian to 'res_phi_vs_eta_pT_slice_31_2'
17:42:26    RootTrackPar   DEBUG     Failed to fit iteration 0 Gaussian to 'res_phi_vs_eta_pT_slice_31_3'
17:42:26    RootTrackPar   DEBUG     Failed to fit initial Gaussian to 'res_phi_vs_eta_pT_slice_32_1'
17:42:26    RootTrackPar   DEBUG     Failed to fit initial Gaussian to 'res_phi_vs_eta_pT_slice_32_3'
17:42:26    RootTrackPar   DEBUG     Failed to fit initial Gaussian to 'res_qop_vs_eta_pT_slice_7_1'
17:42:26    RootTrackPar   DEBUG     Failed to fit initial Gaussian to 'res_qop_vs_eta_pT_slice_7_2'
17:42:26    RootTrackPar   DEBUG     Failed to fit initial Gaussian to 'res_qop_vs_eta_pT_slice_7_3'
17:42:26    RootTrackPar   DEBUG     Failed to fit initial Gaussian to 'res_qop_vs_eta_pT_slice_8_1'
17:42:26    RootTrackPar   DEBUG     Failed to fit initial Gaussian to 'res_qop_vs_eta_pT_slice_8_2'
17:42:26    RootTrackPar   DEBUG     Failed to fit initial Gaussian to 'res_qop_vs_eta_pT_slice_8_3'
17:42:26    RootTrackPar   DEBUG     Failed to fit initial Gaussian to 'res_qop_vs_eta_pT_slice_9_0'
17:42:26    RootTrackPar   DEBUG     Failed to fit initial Gaussian to 'res_qop_vs_eta_pT_slice_9_3'
17:42:26    RootTrackPar   DEBUG     Failed to fit initial Gaussian to 'res_qop_vs_eta_pT_slice_10_2'
17:42:26    RootTrackPar   DEBUG     Failed to fit initial Gaussian to 'res_qop_vs_eta_pT_slice_10_3'
17:42:26    RootTrackPar   DEBUG     Failed to fit initial Gaussian to 'res_qop_vs_eta_pT_slice_11_3'
17:42:26    RootTrackPar   DEBUG     Failed to fit initial Gaussian to 'res_qop_vs_eta_pT_slice_12_3'
17:42:26    RootTrackPar   DEBUG     Failed to fit initial Gaussian to 'res_qop_vs_eta_pT_slice_13_3'
17:42:26    RootTrackPar   DEBUG     Failed to fit initial Gaussian to 'res_qop_vs_eta_pT_slice_14_3'
17:42:26    RootTrackPar   DEBUG     Failed to fit initial Gaussian to 'res_qop_vs_eta_pT_slice_15_3'
17:42:26    RootTrackPar   DEBUG     Failed to fit initial Gaussian to 'res_qop_vs_eta_pT_slice_20_3'
17:42:26    RootTrackPar   DEBUG     Failed to fit initial Gaussian to 'res_qop_vs_eta_pT_slice_26_3'
17:42:26    RootTrackPar   DEBUG     Failed to fit initial Gaussian to 'res_qop_vs_eta_pT_slice_28_2'
17:42:26    RootTrackPar   DEBUG     Failed to fit initial Gaussian to 'res_qop_vs_eta_pT_slice_29_2'
17:42:26    RootTrackPar   DEBUG     Failed to fit initial Gaussian to 'res_qop_vs_eta_pT_slice_29_3'
17:42:26    RootTrackPar   DEBUG     Failed to fit initial Gaussian to 'res_qop_vs_eta_pT_slice_30_2'
17:42:26    RootTrackPar   DEBUG     Failed to fit initial Gaussian to 'res_qop_vs_eta_pT_slice_30_3'
17:42:26    RootTrackPar   DEBUG     Failed to fit initial Gaussian to 'res_qop_vs_eta_pT_slice_31_2'
17:42:26    RootTrackPar   DEBUG     Failed to fit initial Gaussian to 'res_qop_vs_eta_pT_slice_31_3'
17:42:26    RootTrackPar   DEBUG     Failed to fit initial Gaussian to 'res_qop_vs_eta_pT_slice_32_0'
17:42:26    RootTrackPar   DEBUG     Failed to fit initial Gaussian to 'res_qop_vs_eta_pT_slice_32_2'
17:42:26    RootTrackPar   DEBUG     Failed to fit initial Gaussian to 'res_qop_vs_eta_pT_slice_32_3'
17:42:26    RootTrackPar   DEBUG     Failed to fit initial Gaussian to 'res_qopt_vs_eta_pT_slice_8_1'
Warning in <Fit>: Fit data is empty 
17:42:26    RootTrackPar   DEBUG     Failed to fit iteration 0 Gaussian to 'res_qopt_vs_eta_pT_slice_10_1'
17:42:26    RootTrackPar   DEBUG     Failed to fit initial Gaussian to 'res_qopt_vs_eta_pT_slice_14_0'
17:42:26    RootTrackPar   DEBUG     Failed to fit initial Gaussian to 'res_qopt_vs_eta_pT_slice_15_0'
17:42:26    RootTrackPar   DEBUG     Failed to fit initial Gaussian to 'res_qopt_vs_eta_pT_slice_20_3'
17:42:26    RootTrackPar   DEBUG     Failed to fit initial Gaussian to 'res_qopt_vs_eta_pT_slice_29_0'
17:42:26    RootTrackPar   DEBUG     Failed to fit initial Gaussian to 'res_qopt_vs_eta_pT_slice_32_0'
17:42:26    RootTrackPar   DEBUG     Failed to fit initial Gaussian to 'res_qopt_vs_eta_pT_slice_32_1'
17:42:26    RootTrackPar   DEBUG     Failed to fit initial Gaussian to 'res_qopt_rel_vs_eta_pT_slice_7_3'
17:42:26    RootTrackPar   DEBUG     Failed to fit initial Gaussian to 'res_qopt_rel_vs_eta_pT_slice_14_3'
17:42:26    RootTrackPar   DEBUG     Failed to fit initial Gaussian to 'res_qopt_rel_vs_eta_pT_slice_16_1'
17:42:26    RootTrackPar   DEBUG     Failed to fit initial Gaussian to 'res_qopt_rel_vs_eta_pT_slice_16_2'
17:42:26    RootTrackPar   DEBUG     Failed to fit initial Gaussian to 'res_qopt_rel_vs_eta_pT_slice_20_3'
17:42:26    RootTrackPar   DEBUG     Failed to fit iteration 0 Gaussian to 'res_qopt_rel_vs_eta_pT_slice_24_1'
17:42:26    RootTrackPar   DEBUG     Failed to fit initial Gaussian to 'res_qopt_rel_vs_eta_pT_slice_26_1'
17:42:26    RootTrackPar   DEBUG     Failed to fit initial Gaussian to 'res_qopt_rel_vs_eta_pT_slice_31_0'
17:42:26    RootTrackPar   DEBUG     Failed to fit iteration 1 Gaussian to 'res_qopt_rel_vs_eta_pT_slice_32_1'
17:42:26    RootTrackPar   DEBUG     Failed to fit initial Gaussian to 'res_t_vs_eta_pT_slice_9_0'
17:42:26    RootTrackPar   DEBUG     Failed to fit iteration 0 Gaussian to 'res_t_vs_eta_pT_slice_9_1'
17:42:26    RootTrackPar   DEBUG     Failed to fit initial Gaussian to 'res_t_vs_eta_pT_slice_10_1'
17:42:26    RootTrackPar   DEBUG     Failed to fit initial Gaussian to 'res_t_vs_eta_pT_slice_11_1'
17:42:26    RootTrackPar   DEBUG     Failed to fit initial Gaussian to 'res_t_vs_eta_pT_slice_16_1'
17:42:26    RootTrackPar   DEBUG     Failed to fit initial Gaussian to 'res_t_vs_eta_pT_slice_28_2'
17:42:26    RootTrackPar   DEBUG     Failed to fit initial Gaussian to 'res_t_vs_eta_pT_slice_31_0'
17:42:26    RootTrackPar   DEBUG     Failed to fit initial Gaussian to 'res_t_vs_eta_pT_slice_31_1'
17:42:26    RootTrackPar   DEBUG     Failed to fit initial Gaussian to 'res_theta_vs_eta_pT_slice_7_1'
17:42:26    RootTrackPar   DEBUG     Failed to fit initial Gaussian to 'res_theta_vs_eta_pT_slice_7_3'
17:42:26    RootTrackPar   DEBUG     Failed to fit initial Gaussian to 'res_theta_vs_eta_pT_slice_12_0'
17:42:26    RootTrackPar   DEBUG     Failed to fit iteration 1 Gaussian to 'res_theta_vs_eta_pT_slice_17_3'
17:42:26    RootTrackPar   DEBUG     Failed to fit iteration 0 Gaussian to 'res_theta_vs_eta_pT_slice_20_0'
17:42:26    RootTrackPar   DEBUG     Failed to fit iteration 0 Gaussian to 'res_theta_vs_eta_pT_slice_21_0'
17:42:26    RootTrackPar   DEBUG     Failed to fit initial Gaussian to 'res_theta_vs_eta_pT_slice_29_2'
17:42:26    RootTrackPar   DEBUG     Failed to fit initial Gaussian to 'res_theta_vs_eta_pT_slice_30_3'
17:42:26    RootTrackPar   DEBUG     Failed to fit initial Gaussian to 'res_theta_vs_eta_pT_slice_31_3'
17:42:26    RootTrackPar   DEBUG     Failed to fit initial Gaussian to 'res_theta_vs_eta_pT_slice_32_0'
17:42:26    RootTrackPar   DEBUG     Failed to fit initial Gaussian to 'res_theta_vs_eta_pT_slice_32_2'
17:42:26    RootTrackPar   DEBUG     Failed to fit initial Gaussian to 'res_z0_vs_eta_pT_slice_7_0'
17:42:26    RootTrackPar   DEBUG     Failed to fit initial Gaussian to 'res_z0_vs_eta_pT_slice_7_1'
17:42:26    RootTrackPar   DEBUG     Failed to fit iteration 0 Gaussian to 'res_z0_vs_eta_pT_slice_9_0'
17:42:26    RootTrackPar   DEBUG     Failed to fit initial Gaussian to 'res_z0_vs_eta_pT_slice_11_0'
17:42:26    RootTrackPar   DEBUG     Failed to fit initial Gaussian to 'pull_d0_vs_eta_slice_10'
17:42:26    RootTrackPar   DEBUG     Failed to fit initial Gaussian to 'pull_d0_vs_eta_slice_12'
17:42:26    RootTrackPar   DEBUG     Failed to fit initial Gaussian to 'pull_t_vs_eta_slice_12'
17:42:26    RootTrackPar   DEBUG     Failed to fit initial Gaussian to 'pull_theta_vs_eta_slice_10'
17:42:26    RootTrackPar   DEBUG     Failed to fit initial Gaussian to 'pull_d0_vs_eta_phi_slice_7_15'
Warning in <Fit>: Fit data is empty 
17:42:26    RootTrackPar   DEBUG     Failed to fit iteration 0 Gaussian to 'pull_d0_vs_eta_phi_slice_7_33'
17:42:26    RootTrackPar   DEBUG     Failed to fit initial Gaussian to 'pull_d0_vs_eta_phi_slice_7_34'
17:42:26    RootTrackPar   DEBUG     Failed to fit initial Gaussian to 'pull_d0_vs_eta_phi_slice_7_39'
Warning in <Fit>: Fit data is empty 
17:42:26    RootTrackPar   DEBUG     Failed to fit iteration 0 Gaussian to 'pull_d0_vs_eta_phi_slice_8_3'
17:42:26    RootTrackPar   DEBUG     Failed to fit iteration 0 Gaussian to 'pull_d0_vs_eta_phi_slice_8_16'
17:42:26    RootTrackPar   DEBUG     Failed to fit initial Gaussian to 'pull_d0_vs_eta_phi_slice_8_39'
17:42:26    RootTrackPar   DEBUG     Failed to fit initial Gaussian to 'pull_d0_vs_eta_phi_slice_9_15'
17:42:26    RootTrackPar   DEBUG     Failed to fit initial Gaussian to 'pull_d0_vs_eta_phi_slice_11_22'
17:42:26    RootTrackPar   DEBUG     Failed to fit initial Gaussian to 'pull_d0_vs_eta_phi_slice_11_32'
17:42:26    RootTrackPar   DEBUG     Failed to fit initial Gaussian to 'pull_d0_vs_eta_phi_slice_11_37'
17:42:26    RootTrackPar   DEBUG     Failed to fit initial Gaussian to 'pull_d0_vs_eta_phi_slice_12_12'
17:42:26    RootTrackPar   DEBUG     Failed to fit initial Gaussian to 'pull_d0_vs_eta_phi_slice_12_16'
17:42:26    RootTrackPar   DEBUG     Failed to fit initial Gaussian to 'pull_d0_vs_eta_phi_slice_12_17'
17:42:26    RootTrackPar   DEBUG     Failed to fit initial Gaussian to 'pull_d0_vs_eta_phi_slice_12_28'
17:42:26    RootTrackPar   DEBUG     Failed to fit initial Gaussian to 'pull_d0_vs_eta_phi_slice_13_15'
17:42:26    RootTrackPar   DEBUG     Failed to fit initial Gaussian to 'pull_d0_vs_eta_phi_slice_13_30'
17:42:26    RootTrackPar   DEBUG     Failed to fit initial Gaussian to 'pull_d0_vs_eta_phi_slice_14_1'
17:42:26    RootTrackPar   DEBUG     Failed to fit initial Gaussian to 'pull_d0_vs_eta_phi_slice_15_8'
17:42:26    RootTrackPar   DEBUG     Failed to fit initial Gaussian to 'pull_d0_vs_eta_phi_slice_15_19'
17:42:26    RootTrackPar   DEBUG     Failed to fit initial Gaussian to 'pull_d0_vs_eta_phi_slice_15_30'
17:42:26    RootTrackPar   DEBUG     Failed to fit initial Gaussian to 'pull_d0_vs_eta_phi_slice_15_33'
17:42:26    RootTrackPar   DEBUG     Failed to fit initial Gaussian to 'pull_d0_vs_eta_phi_slice_16_0'
Warning in <Fit>: Fit data is empty 
17:42:26    RootTrackPar   DEBUG     Failed to fit iteration 0 Gaussian to 'pull_d0_vs_eta_phi_slice_16_5'
17:42:26    RootTrackPar   DEBUG     Failed to fit initial Gaussian to 'pull_d0_vs_eta_phi_slice_16_7'
Warning in <Fit>: Fit data is empty 
17:42:26    RootTrackPar   DEBUG     Failed to fit iteration 0 Gaussian to 'pull_d0_vs_eta_phi_slice_16_14'
17:42:26    RootTrackPar   DEBUG     Failed to fit initial Gaussian to 'pull_d0_vs_eta_phi_slice_16_26'
17:42:26    RootTrackPar   DEBUG     Failed to fit initial Gaussian to 'pull_d0_vs_eta_phi_slice_17_2'
17:42:26    RootTrackPar   DEBUG     Failed to fit initial Gaussian to 'pull_d0_vs_eta_phi_slice_17_8'
17:42:26    RootTrackPar   DEBUG     Failed to fit initial Gaussian to 'pull_d0_vs_eta_phi_slice_17_10'
17:42:26    RootTrackPar   DEBUG     Failed to fit initial Gaussian to 'pull_d0_vs_eta_phi_slice_17_21'
17:42:26    RootTrackPar   DEBUG     Failed to fit initial Gaussian to 'pull_d0_vs_eta_phi_slice_17_27'
Warning in <Fit>: Fit data is empty 
17:42:26    RootTrackPar   DEBUG     Failed to fit iteration 0 Gaussian to 'pull_d0_vs_eta_phi_slice_17_32'
17:42:26    RootTrackPar   DEBUG     Failed to fit initial Gaussian to 'pull_d0_vs_eta_phi_slice_18_9'
17:42:26    RootTrackPar   DEBUG     Failed to fit initial Gaussian to 'pull_d0_vs_eta_phi_slice_18_17'
Warning in <ROOT::Fit::FillData>: fit range is outside histogram range, no fit data for xaxis
Warning in <Fit>: Fit data is empty 
17:42:26    RootTrackPar   DEBUG     Failed to fit iteration 0 Gaussian to 'pull_d0_vs_eta_phi_slice_19_0'
17:42:26    RootTrackPar   DEBUG     Failed to fit initial Gaussian to 'pull_d0_vs_eta_phi_slice_19_1'
Warning in <ROOT::Fit::FillData>: fit range is outside histogram range, no fit data for xaxis
Warning in <Fit>: Fit data is empty 
17:42:26    RootTrackPar   DEBUG     Failed to fit iteration 0 Gaussian to 'pull_d0_vs_eta_phi_slice_19_5'
17:42:26    RootTrackPar   DEBUG     Failed to fit initial Gaussian to 'pull_d0_vs_eta_phi_slice_19_10'
17:42:26    RootTrackPar   DEBUG     Failed to fit initial Gaussian to 'pull_d0_vs_eta_phi_slice_19_12'
17:42:26    RootTrackPar   DEBUG     Failed to fit initial Gaussian to 'pull_d0_vs_eta_phi_slice_19_21'
17:42:26    RootTrackPar   DEBUG     Failed to fit iteration 0 Gaussian to 'pull_d0_vs_eta_phi_slice_19_37'
17:42:26    RootTrackPar   DEBUG     Failed to fit initial Gaussian to 'pull_d0_vs_eta_phi_slice_20_3'
17:42:26    RootTrackPar   DEBUG     Failed to fit iteration 1 Gaussian to 'pull_d0_vs_eta_phi_slice_20_4'
17:42:26    RootTrackPar   DEBUG     Failed to fit initial Gaussian to 'pull_d0_vs_eta_phi_slice_20_12'
17:42:26    RootTrackPar   DEBUG     Failed to fit initial Gaussian to 'pull_d0_vs_eta_phi_slice_20_15'
17:42:26    RootTrackPar   DEBUG     Failed to fit initial Gaussian to 'pull_d0_vs_eta_phi_slice_21_5'
17:42:26    RootTrackPar   DEBUG     Failed to fit initial Gaussian to 'pull_d0_vs_eta_phi_slice_21_12'
17:42:26    RootTrackPar   DEBUG     Failed to fit initial Gaussian to 'pull_d0_vs_eta_phi_slice_21_14'
17:42:26    RootTrackPar   DEBUG     Failed to fit initial Gaussian to 'pull_d0_vs_eta_phi_slice_21_27'
17:42:26    RootTrackPar   DEBUG     Failed to fit initial Gaussian to 'pull_d0_vs_eta_phi_slice_22_6'
17:42:26    RootTrackPar   DEBUG     Failed to fit initial Gaussian to 'pull_d0_vs_eta_phi_slice_22_8'
17:42:26    RootTrackPar   DEBUG     Failed to fit initial Gaussian to 'pull_d0_vs_eta_phi_slice_22_10'
17:42:26    RootTrackPar   DEBUG     Failed to fit initial Gaussian to 'pull_d0_vs_eta_phi_slice_22_14'
17:42:26    RootTrackPar   DEBUG     Failed to fit initial Gaussian to 'pull_d0_vs_eta_phi_slice_22_19'
17:42:26    RootTrackPar   DEBUG     Failed to fit initial Gaussian to 'pull_d0_vs_eta_phi_slice_22_24'
17:42:26    RootTrackPar   DEBUG     Failed to fit initial Gaussian to 'pull_d0_vs_eta_phi_slice_22_28'
17:42:26    RootTrackPar   DEBUG     Failed to fit initial Gaussian to 'pull_d0_vs_eta_phi_slice_22_32'
17:42:26    RootTrackPar   DEBUG     Failed to fit initial Gaussian to 'pull_d0_vs_eta_phi_slice_23_8'
17:42:26    RootTrackPar   DEBUG     Failed to fit initial Gaussian to 'pull_d0_vs_eta_phi_slice_23_29'
17:42:26    RootTrackPar   DEBUG     Failed to fit initial Gaussian to 'pull_d0_vs_eta_phi_slice_24_0'
Warning in <Fit>: Fit data is empty 
17:42:26    RootTrackPar   DEBUG     Failed to fit iteration 0 Gaussian to 'pull_d0_vs_eta_phi_slice_24_9'
17:42:26    RootTrackPar   DEBUG     Failed to fit initial Gaussian to 'pull_d0_vs_eta_phi_slice_24_14'
17:42:26    RootTrackPar   DEBUG     Failed to fit initial Gaussian to 'pull_d0_vs_eta_phi_slice_24_22'
17:42:26    RootTrackPar   DEBUG     Failed to fit initial Gaussian to 'pull_d0_vs_eta_phi_slice_26_4'
17:42:26    RootTrackPar   DEBUG     Failed to fit initial Gaussian to 'pull_d0_vs_eta_phi_slice_26_8'
17:42:26    RootTrackPar   DEBUG     Failed to fit initial Gaussian to 'pull_d0_vs_eta_phi_slice_26_10'
17:42:26    RootTrackPar   DEBUG     Failed to fit initial Gaussian to 'pull_d0_vs_eta_phi_slice_26_13'
17:42:26    RootTrackPar   DEBUG     Failed to fit initial Gaussian to 'pull_d0_vs_eta_phi_slice_26_14'
17:42:26    RootTrackPar   DEBUG     Failed to fit initial Gaussian to 'pull_d0_vs_eta_phi_slice_26_17'
17:42:26    RootTrackPar   DEBUG     Failed to fit initial Gaussian to 'pull_d0_vs_eta_phi_slice_26_18'
17:42:26    RootTrackPar   DEBUG     Failed to fit initial Gaussian to 'pull_d0_vs_eta_phi_slice_27_6'
17:42:26    RootTrackPar   DEBUG     Failed to fit initial Gaussian to 'pull_d0_vs_eta_phi_slice_27_17'
17:42:26    RootTrackPar   DEBUG     Failed to fit initial Gaussian to 'pull_d0_vs_eta_phi_slice_27_29'
17:42:26    RootTrackPar   DEBUG     Failed to fit initial Gaussian to 'pull_d0_vs_eta_phi_slice_27_35'
17:42:26    RootTrackPar   DEBUG     Failed to fit initial Gaussian to 'pull_d0_vs_eta_phi_slice_29_1'
17:42:26    RootTrackPar   DEBUG     Failed to fit initial Gaussian to 'pull_d0_vs_eta_phi_slice_29_25'
Warning in <ROOT::Fit::FillData>: fit range is outside histogram range, no fit data for xaxis
Warning in <Fit>: Fit data is empty 
17:42:26    RootTrackPar   DEBUG     Failed to fit iteration 0 Gaussian to 'pull_d0_vs_eta_phi_slice_30_8'
17:42:26    RootTrackPar   DEBUG     Failed to fit initial Gaussian to 'pull_d0_vs_eta_phi_slice_30_19'
17:42:26    RootTrackPar   DEBUG     Failed to fit initial Gaussian to 'pull_d0_vs_eta_phi_slice_30_26'
17:42:26    RootTrackPar   DEBUG     Failed to fit initial Gaussian to 'pull_d0_vs_eta_phi_slice_30_30'
17:42:26    RootTrackPar   DEBUG     Failed to fit initial Gaussian to 'pull_d0_vs_eta_phi_slice_30_31'
17:42:26    RootTrackPar   DEBUG     Failed to fit initial Gaussian to 'pull_d0_vs_eta_phi_slice_31_0'
17:42:26    RootTrackPar   DEBUG     Failed to fit initial Gaussian to 'pull_d0_vs_eta_phi_slice_31_9'
17:42:26    RootTrackPar   DEBUG     Failed to fit initial Gaussian to 'pull_d0_vs_eta_phi_slice_31_16'
17:42:26    RootTrackPar   DEBUG     Failed to fit initial Gaussian to 'pull_d0_vs_eta_phi_slice_31_28'
Warning in <Fit>: Fit data is empty 
17:42:26    RootTrackPar   DEBUG     Failed to fit iteration 0 Gaussian to 'pull_d0_vs_eta_phi_slice_31_36'
17:42:26    RootTrackPar   DEBUG     Failed to fit initial Gaussian to 'pull_d0_vs_eta_phi_slice_31_38'
17:42:26    RootTrackPar   DEBUG     Failed to fit initial Gaussian to 'pull_d0_vs_eta_phi_slice_32_31'
17:42:26    RootTrackPar   DEBUG     Failed to fit initial Gaussian to 'pull_phi_vs_eta_phi_slice_7_34'
17:42:26    RootTrackPar   DEBUG     Failed to fit initial Gaussian to 'pull_phi_vs_eta_phi_slice_7_39'
17:42:26    RootTrackPar   DEBUG     Failed to fit initial Gaussian to 'pull_phi_vs_eta_phi_slice_9_15'
17:42:26    RootTrackPar   DEBUG     Failed to fit initial Gaussian to 'pull_phi_vs_eta_phi_slice_9_33'
17:42:26    RootTrackPar   DEBUG     Failed to fit initial Gaussian to 'pull_phi_vs_eta_phi_slice_10_0'
17:42:26    RootTrackPar   DEBUG     Failed to fit initial Gaussian to 'pull_phi_vs_eta_phi_slice_10_32'
17:42:26    RootTrackPar   DEBUG     Failed to fit initial Gaussian to 'pull_phi_vs_eta_phi_slice_11_21'
17:42:26    RootTrackPar   DEBUG     Failed to fit initial Gaussian to 'pull_phi_vs_eta_phi_slice_11_22'
17:42:26    RootTrackPar   DEBUG     Failed to fit initial Gaussian to 'pull_phi_vs_eta_phi_slice_11_31'
Warning in <Fit>: Fit data is empty 
17:42:26    RootTrackPar   DEBUG     Failed to fit iteration 0 Gaussian to 'pull_phi_vs_eta_phi_slice_11_32'
Warning in <Fit>: Fit data is empty 
17:42:26    RootTrackPar   DEBUG     Failed to fit iteration 0 Gaussian to 'pull_phi_vs_eta_phi_slice_11_35'
17:42:26    RootTrackPar   DEBUG     Failed to fit initial Gaussian to 'pull_phi_vs_eta_phi_slice_11_36'
17:42:26    RootTrackPar   DEBUG     Failed to fit initial Gaussian to 'pull_phi_vs_eta_phi_slice_13_35'
Warning in <Fit>: Fit data is empty 
17:42:26    RootTrackPar   DEBUG     Failed to fit iteration 0 Gaussian to 'pull_phi_vs_eta_phi_slice_13_37'
17:42:26    RootTrackPar   DEBUG     Failed to fit initial Gaussian to 'pull_phi_vs_eta_phi_slice_14_1'
17:42:26    RootTrackPar   DEBUG     Failed to fit initial Gaussian to 'pull_phi_vs_eta_phi_slice_14_4'
17:42:26    RootTrackPar   DEBUG     Failed to fit initial Gaussian to 'pull_phi_vs_eta_phi_slice_14_6'
17:42:26    RootTrackPar   DEBUG     Failed to fit initial Gaussian to 'pull_phi_vs_eta_phi_slice_14_11'
Warning in <ROOT::Fit::FillData>: fit range is outside histogram range, no fit data for xaxis
Warning in <Fit>: Fit data is empty 
17:42:26    RootTrackPar   DEBUG     Failed to fit iteration 0 Gaussian to 'pull_phi_vs_eta_phi_slice_14_17'
17:42:26    RootTrackPar   DEBUG     Failed to fit initial Gaussian to 'pull_phi_vs_eta_phi_slice_14_28'
17:42:26    RootTrackPar   DEBUG     Failed to fit initial Gaussian to 'pull_phi_vs_eta_phi_slice_14_31'
17:42:26    RootTrackPar   DEBUG     Failed to fit initial Gaussian to 'pull_phi_vs_eta_phi_slice_14_36'
17:42:26    RootTrackPar   DEBUG     Failed to fit initial Gaussian to 'pull_phi_vs_eta_phi_slice_14_38'
17:42:26    RootTrackPar   DEBUG     Failed to fit initial Gaussian to 'pull_phi_vs_eta_phi_slice_15_7'
17:42:26    RootTrackPar   DEBUG     Failed to fit initial Gaussian to 'pull_phi_vs_eta_phi_slice_15_8'
17:42:26    RootTrackPar   DEBUG     Failed to fit initial Gaussian to 'pull_phi_vs_eta_phi_slice_15_25'
17:42:26    RootTrackPar   DEBUG     Failed to fit iteration 1 Gaussian to 'pull_phi_vs_eta_phi_slice_15_27'
17:42:26    RootTrackPar   DEBUG     Failed to fit initial Gaussian to 'pull_phi_vs_eta_phi_slice_15_33'
17:42:26    RootTrackPar   DEBUG     Failed to fit initial Gaussian to 'pull_phi_vs_eta_phi_slice_16_0'
17:42:26    RootTrackPar   DEBUG     Failed to fit initial Gaussian to 'pull_phi_vs_eta_phi_slice_16_5'
17:42:26    RootTrackPar   DEBUG     Failed to fit initial Gaussian to 'pull_phi_vs_eta_phi_slice_16_7'
17:42:26    RootTrackPar   DEBUG     Failed to fit initial Gaussian to 'pull_phi_vs_eta_phi_slice_16_33'
17:42:26    RootTrackPar   DEBUG     Failed to fit initial Gaussian to 'pull_phi_vs_eta_phi_slice_17_7'
17:42:26    RootTrackPar   DEBUG     Failed to fit initial Gaussian to 'pull_phi_vs_eta_phi_slice_17_9'
Warning in <Fit>: Fit data is empty 
17:42:26    RootTrackPar   DEBUG     Failed to fit iteration 0 Gaussian to 'pull_phi_vs_eta_phi_slice_17_10'
17:42:26    RootTrackPar   DEBUG     Failed to fit initial Gaussian to 'pull_phi_vs_eta_phi_slice_17_21'
Warning in <Fit>: Fit data is empty 
17:42:26    RootTrackPar   DEBUG     Failed to fit iteration 0 Gaussian to 'pull_phi_vs_eta_phi_slice_17_30'
17:42:26    RootTrackPar   DEBUG     Failed to fit initial Gaussian to 'pull_phi_vs_eta_phi_slice_17_31'
Warning in <ROOT::Fit::FillData>: fit range is outside histogram range, no fit data for xaxis
Warning in <Fit>: Fit data is empty 
17:42:26    RootTrackPar   DEBUG     Failed to fit iteration 0 Gaussian to 'pull_phi_vs_eta_phi_slice_18_9'
17:42:26    RootTrackPar   DEBUG     Failed to fit initial Gaussian to 'pull_phi_vs_eta_phi_slice_18_17'
17:42:26    RootTrackPar   DEBUG     Failed to fit initial Gaussian to 'pull_phi_vs_eta_phi_slice_19_0'
17:42:26    RootTrackPar   DEBUG     Failed to fit initial Gaussian to 'pull_phi_vs_eta_phi_slice_19_4'
17:42:26    RootTrackPar   DEBUG     Failed to fit initial Gaussian to 'pull_phi_vs_eta_phi_slice_19_6'
17:42:26    RootTrackPar   DEBUG     Failed to fit initial Gaussian to 'pull_phi_vs_eta_phi_slice_19_14'
17:42:26    RootTrackPar   DEBUG     Failed to fit initial Gaussian to 'pull_phi_vs_eta_phi_slice_19_18'
17:42:26    RootTrackPar   DEBUG     Failed to fit initial Gaussian to 'pull_phi_vs_eta_phi_slice_19_29'
17:42:26    RootTrackPar   DEBUG     Failed to fit iteration 0 Gaussian to 'pull_phi_vs_eta_phi_slice_20_3'
17:42:26    RootTrackPar   DEBUG     Failed to fit initial Gaussian to 'pull_phi_vs_eta_phi_slice_20_4'
17:42:26    RootTrackPar   DEBUG     Failed to fit iteration 1 Gaussian to 'pull_phi_vs_eta_phi_slice_20_34'
17:42:26    RootTrackPar   DEBUG     Failed to fit initial Gaussian to 'pull_phi_vs_eta_phi_slice_21_14'
17:42:26    RootTrackPar   DEBUG     Failed to fit initial Gaussian to 'pull_phi_vs_eta_phi_slice_21_25'
17:42:26    RootTrackPar   DEBUG     Failed to fit initial Gaussian to 'pull_phi_vs_eta_phi_slice_21_26'
17:42:26    RootTrackPar   DEBUG     Failed to fit initial Gaussian to 'pull_phi_vs_eta_phi_slice_21_27'
17:42:26    RootTrackPar   DEBUG     Failed to fit initial Gaussian to 'pull_phi_vs_eta_phi_slice_22_6'
17:42:26    RootTrackPar   DEBUG     Failed to fit initial Gaussian to 'pull_phi_vs_eta_phi_slice_22_8'
17:42:26    RootTrackPar   DEBUG     Failed to fit iteration 0 Gaussian to 'pull_phi_vs_eta_phi_slice_22_24'
17:42:26    RootTrackPar   DEBUG     Failed to fit initial Gaussian to 'pull_phi_vs_eta_phi_slice_22_32'
17:42:26    RootTrackPar   DEBUG     Failed to fit initial Gaussian to 'pull_phi_vs_eta_phi_slice_22_33'
Warning in <ROOT::Fit::FillData>: fit range is outside histogram range, no fit data for xaxis
Warning in <Fit>: Fit data is empty 
17:42:26    RootTrackPar   DEBUG     Failed to fit iteration 0 Gaussian to 'pull_phi_vs_eta_phi_slice_22_39'
17:42:26    RootTrackPar   DEBUG     Failed to fit initial Gaussian to 'pull_phi_vs_eta_phi_slice_23_2'
17:42:26    RootTrackPar   DEBUG     Failed to fit initial Gaussian to 'pull_phi_vs_eta_phi_slice_24_0'
17:42:26    RootTrackPar   DEBUG     Failed to fit iteration 0 Gaussian to 'pull_phi_vs_eta_phi_slice_24_9'
17:42:26    RootTrackPar   DEBUG     Failed to fit initial Gaussian to 'pull_phi_vs_eta_phi_slice_24_14'
17:42:26    RootTrackPar   DEBUG     Failed to fit initial Gaussian to 'pull_phi_vs_eta_phi_slice_25_2'
17:42:26    RootTrackPar   DEBUG     Failed to fit initial Gaussian to 'pull_phi_vs_eta_phi_slice_25_9'
Warning in <ROOT::Fit::FillData>: fit range is outside histogram range, no fit data for xaxis
Warning in <Fit>: Fit data is empty 
17:42:26    RootTrackPar   DEBUG     Failed to fit iteration 0 Gaussian to 'pull_phi_vs_eta_phi_slice_25_21'
17:42:26    RootTrackPar   DEBUG     Failed to fit initial Gaussian to 'pull_phi_vs_eta_phi_slice_25_24'
17:42:26    RootTrackPar   DEBUG     Failed to fit initial Gaussian to 'pull_phi_vs_eta_phi_slice_26_10'
17:42:26    RootTrackPar   DEBUG     Failed to fit initial Gaussian to 'pull_phi_vs_eta_phi_slice_26_16'
17:42:26    RootTrackPar   DEBUG     Failed to fit initial Gaussian to 'pull_phi_vs_eta_phi_slice_26_17'
Warning in <ROOT::Fit::FillData>: fit range is outside histogram range, no fit data for xaxis
Warning in <Fit>: Fit data is empty 
17:42:26    RootTrackPar   DEBUG     Failed to fit iteration 0 Gaussian to 'pull_phi_vs_eta_phi_slice_26_18'
17:42:26    RootTrackPar   DEBUG     Failed to fit initial Gaussian to 'pull_phi_vs_eta_phi_slice_26_29'
17:42:26    RootTrackPar   DEBUG     Failed to fit initial Gaussian to 'pull_phi_vs_eta_phi_slice_26_33'
17:42:26    RootTrackPar   DEBUG     Failed to fit initial Gaussian to 'pull_phi_vs_eta_phi_slice_27_17'
17:42:26    RootTrackPar   DEBUG     Failed to fit initial Gaussian to 'pull_phi_vs_eta_phi_slice_28_8'
Warning in <Fit>: Fit data is empty 
17:42:26    RootTrackPar   DEBUG     Failed to fit iteration 0 Gaussian to 'pull_phi_vs_eta_phi_slice_28_32'
17:42:26    RootTrackPar   DEBUG     Failed to fit initial Gaussian to 'pull_phi_vs_eta_phi_slice_29_1'
17:42:26    RootTrackPar   DEBUG     Failed to fit initial Gaussian to 'pull_phi_vs_eta_phi_slice_29_23'
17:42:26    RootTrackPar   DEBUG     Failed to fit initial Gaussian to 'pull_phi_vs_eta_phi_slice_30_5'
17:42:26    RootTrackPar   DEBUG     Failed to fit initial Gaussian to 'pull_phi_vs_eta_phi_slice_30_8'
17:42:26    RootTrackPar   DEBUG     Failed to fit initial Gaussian to 'pull_phi_vs_eta_phi_slice_30_15'
17:42:26    RootTrackPar   DEBUG     Failed to fit initial Gaussian to 'pull_phi_vs_eta_phi_slice_30_26'
17:42:26    RootTrackPar   DEBUG     Failed to fit initial Gaussian to 'pull_phi_vs_eta_phi_slice_30_30'
17:42:26    RootTrackPar   DEBUG     Failed to fit initial Gaussian to 'pull_phi_vs_eta_phi_slice_31_0'
17:42:26    RootTrackPar   DEBUG     Failed to fit initial Gaussian to 'pull_phi_vs_eta_phi_slice_31_28'
17:42:26    RootTrackPar   DEBUG     Failed to fit initial Gaussian to 'pull_phi_vs_eta_phi_slice_31_38'
17:42:26    RootTrackPar   DEBUG     Failed to fit initial Gaussian to 'pull_phi_vs_eta_phi_slice_32_6'
17:42:26    RootTrackPar   DEBUG     Failed to fit initial Gaussian to 'pull_qop_vs_eta_phi_slice_7_3'
17:42:26    RootTrackPar   DEBUG     Failed to fit initial Gaussian to 'pull_qop_vs_eta_phi_slice_7_8'
Warning in <Fit>: Fit data is empty 
17:42:26    RootTrackPar   DEBUG     Failed to fit iteration 0 Gaussian to 'pull_qop_vs_eta_phi_slice_7_15'
17:42:26    RootTrackPar   DEBUG     Failed to fit initial Gaussian to 'pull_qop_vs_eta_phi_slice_7_34'
17:42:26    RootTrackPar   DEBUG     Failed to fit initial Gaussian to 'pull_qop_vs_eta_phi_slice_7_37'
Warning in <Fit>: Fit data is empty 
17:42:26    RootTrackPar   DEBUG     Failed to fit iteration 0 Gaussian to 'pull_qop_vs_eta_phi_slice_8_16'
17:42:26    RootTrackPar   DEBUG     Failed to fit initial Gaussian to 'pull_qop_vs_eta_phi_slice_8_19'
Warning in <Fit>: Fit data is empty 
17:42:26    RootTrackPar   DEBUG     Failed to fit iteration 0 Gaussian to 'pull_qop_vs_eta_phi_slice_8_39'
17:42:26    RootTrackPar   DEBUG     Failed to fit iteration 0 Gaussian to 'pull_qop_vs_eta_phi_slice_9_4'
17:42:26    RootTrackPar   DEBUG     Failed to fit initial Gaussian to 'pull_qop_vs_eta_phi_slice_9_15'
17:42:26    RootTrackPar   DEBUG     Failed to fit initial Gaussian to 'pull_qop_vs_eta_phi_slice_9_17'
17:42:26    RootTrackPar   DEBUG     Failed to fit initial Gaussian to 'pull_qop_vs_eta_phi_slice_9_19'
17:42:26    RootTrackPar   DEBUG     Failed to fit initial Gaussian to 'pull_qop_vs_eta_phi_slice_9_30'
17:42:26    RootTrackPar   DEBUG     Failed to fit initial Gaussian to 'pull_qop_vs_eta_phi_slice_9_33'
17:42:26    RootTrackPar   DEBUG     Failed to fit initial Gaussian to 'pull_qop_vs_eta_phi_slice_9_37'
Warning in <Fit>: Fit data is empty 
17:42:26    RootTrackPar   DEBUG     Failed to fit iteration 0 Gaussian to 'pull_qop_vs_eta_phi_slice_10_3'
17:42:26    RootTrackPar   DEBUG     Failed to fit initial Gaussian to 'pull_qop_vs_eta_phi_slice_10_21'
17:42:26    RootTrackPar   DEBUG     Failed to fit initial Gaussian to 'pull_qop_vs_eta_phi_slice_10_23'
17:42:26    RootTrackPar   DEBUG     Failed to fit initial Gaussian to 'pull_qop_vs_eta_phi_slice_10_32'
17:42:26    RootTrackPar   DEBUG     Failed to fit initial Gaussian to 'pull_qop_vs_eta_phi_slice_11_1'
17:42:26    RootTrackPar   DEBUG     Failed to fit initial Gaussian to 'pull_qop_vs_eta_phi_slice_11_12'
17:42:26    RootTrackPar   DEBUG     Failed to fit initial Gaussian to 'pull_qop_vs_eta_phi_slice_11_14'
17:42:26    RootTrackPar   DEBUG     Failed to fit initial Gaussian to 'pull_qop_vs_eta_phi_slice_11_17'
17:42:26    RootTrackPar   DEBUG     Failed to fit initial Gaussian to 'pull_qop_vs_eta_phi_slice_11_22'
17:42:26    RootTrackPar   DEBUG     Failed to fit iteration 0 Gaussian to 'pull_qop_vs_eta_phi_slice_12_14'
17:42:26    RootTrackPar   DEBUG     Failed to fit initial Gaussian to 'pull_qop_vs_eta_phi_slice_12_17'
17:42:26    RootTrackPar   DEBUG     Failed to fit initial Gaussian to 'pull_qop_vs_eta_phi_slice_12_28'
17:42:26    RootTrackPar   DEBUG     Failed to fit initial Gaussian to 'pull_qop_vs_eta_phi_slice_12_38'
17:42:26    RootTrackPar   DEBUG     Failed to fit initial Gaussian to 'pull_qop_vs_eta_phi_slice_13_24'
17:42:26    RootTrackPar   DEBUG     Failed to fit iteration 0 Gaussian to 'pull_qop_vs_eta_phi_slice_13_37'
17:42:26    RootTrackPar   DEBUG     Failed to fit iteration 0 Gaussian to 'pull_qop_vs_eta_phi_slice_14_1'
17:42:26    RootTrackPar   DEBUG     Failed to fit initial Gaussian to 'pull_qop_vs_eta_phi_slice_14_4'
17:42:26    RootTrackPar   DEBUG     Failed to fit initial Gaussian to 'pull_qop_vs_eta_phi_slice_14_10'
17:42:26    RootTrackPar   DEBUG     Failed to fit initial Gaussian to 'pull_qop_vs_eta_phi_slice_14_12'
17:42:26    RootTrackPar   DEBUG     Failed to fit initial Gaussian to 'pull_qop_vs_eta_phi_slice_14_24'
17:42:26    RootTrackPar   DEBUG     Failed to fit initial Gaussian to 'pull_qop_vs_eta_phi_slice_14_36'
17:42:26    RootTrackPar   DEBUG     Failed to fit initial Gaussian to 'pull_qop_vs_eta_phi_slice_14_38'
17:42:26    RootTrackPar   DEBUG     Failed to fit initial Gaussian to 'pull_qop_vs_eta_phi_slice_15_9'
17:42:26    RootTrackPar   DEBUG     Failed to fit initial Gaussian to 'pull_qop_vs_eta_phi_slice_15_13'
17:42:26    RootTrackPar   DEBUG     Failed to fit initial Gaussian to 'pull_qop_vs_eta_phi_slice_15_14'
17:42:26    RootTrackPar   DEBUG     Failed to fit initial Gaussian to 'pull_qop_vs_eta_phi_slice_15_31'
17:42:26    RootTrackPar   DEBUG     Failed to fit initial Gaussian to 'pull_qop_vs_eta_phi_slice_15_33'
17:42:26    RootTrackPar   DEBUG     Failed to fit initial Gaussian to 'pull_qop_vs_eta_phi_slice_16_0'
17:42:26    RootTrackPar   DEBUG     Failed to fit initial Gaussian to 'pull_qop_vs_eta_phi_slice_16_7'
17:42:26    RootTrackPar   DEBUG     Failed to fit initial Gaussian to 'pull_qop_vs_eta_phi_slice_16_13'
Warning in <Fit>: Fit data is empty 
17:42:26    RootTrackPar   DEBUG     Failed to fit iteration 0 Gaussian to 'pull_qop_vs_eta_phi_slice_16_14'
17:42:26    RootTrackPar   DEBUG     Failed to fit initial Gaussian to 'pull_qop_vs_eta_phi_slice_16_23'
17:42:26    RootTrackPar   DEBUG     Failed to fit initial Gaussian to 'pull_qop_vs_eta_phi_slice_17_6'
17:42:26    RootTrackPar   DEBUG     Failed to fit initial Gaussian to 'pull_qop_vs_eta_phi_slice_17_7'
17:42:26    RootTrackPar   DEBUG     Failed to fit initial Gaussian to 'pull_qop_vs_eta_phi_slice_17_8'
17:42:26    RootTrackPar   DEBUG     Failed to fit initial Gaussian to 'pull_qop_vs_eta_phi_slice_17_24'
17:42:26    RootTrackPar   DEBUG     Failed to fit initial Gaussian to 'pull_qop_vs_eta_phi_slice_17_27'
Warning in <Fit>: Fit data is empty 
17:42:26    RootTrackPar   DEBUG     Failed to fit iteration 0 Gaussian to 'pull_qop_vs_eta_phi_slice_17_28'
17:42:26    RootTrackPar   DEBUG     Failed to fit iteration 0 Gaussian to 'pull_qop_vs_eta_phi_slice_18_10'
17:42:26    RootTrackPar   DEBUG     Failed to fit initial Gaussian to 'pull_qop_vs_eta_phi_slice_18_14'
17:42:26    RootTrackPar   DEBUG     Failed to fit initial Gaussian to 'pull_qop_vs_eta_phi_slice_18_17'
17:42:26    RootTrackPar   DEBUG     Failed to fit initial Gaussian to 'pull_qop_vs_eta_phi_slice_18_27'
Warning in <Fit>: Fit data is empty 
17:42:26    RootTrackPar   DEBUG     Failed to fit iteration 0 Gaussian to 'pull_qop_vs_eta_phi_slice_18_31'
17:42:26    RootTrackPar   DEBUG     Failed to fit initial Gaussian to 'pull_qop_vs_eta_phi_slice_19_0'
17:42:26    RootTrackPar   DEBUG     Failed to fit initial Gaussian to 'pull_qop_vs_eta_phi_slice_19_4'
17:42:26    RootTrackPar   DEBUG     Failed to fit iteration 0 Gaussian to 'pull_qop_vs_eta_phi_slice_19_5'
17:42:26    RootTrackPar   DEBUG     Failed to fit initial Gaussian to 'pull_qop_vs_eta_phi_slice_19_12'
17:42:26    RootTrackPar   DEBUG     Failed to fit initial Gaussian to 'pull_qop_vs_eta_phi_slice_19_21'
17:42:26    RootTrackPar   DEBUG     Failed to fit iteration 1 Gaussian to 'pull_qop_vs_eta_phi_slice_19_31'
17:42:27    RootTrackPar   DEBUG     Failed to fit initial Gaussian to 'pull_qop_vs_eta_phi_slice_19_33'
17:42:27    RootTrackPar   DEBUG     Failed to fit initial Gaussian to 'pull_qop_vs_eta_phi_slice_19_36'
17:42:27    RootTrackPar   DEBUG     Failed to fit initial Gaussian to 'pull_qop_vs_eta_phi_slice_20_3'
17:42:27    RootTrackPar   DEBUG     Failed to fit initial Gaussian to 'pull_qop_vs_eta_phi_slice_20_15'
17:42:27    RootTrackPar   DEBUG     Failed to fit initial Gaussian to 'pull_qop_vs_eta_phi_slice_20_31'
17:42:27    RootTrackPar   DEBUG     Failed to fit iteration 1 Gaussian to 'pull_qop_vs_eta_phi_slice_20_38'
17:42:27    RootTrackPar   DEBUG     Failed to fit initial Gaussian to 'pull_qop_vs_eta_phi_slice_21_8'
17:42:27    RootTrackPar   DEBUG     Failed to fit initial Gaussian to 'pull_qop_vs_eta_phi_slice_21_10'
17:42:27    RootTrackPar   DEBUG     Failed to fit initial Gaussian to 'pull_qop_vs_eta_phi_slice_21_12'
17:42:27    RootTrackPar   DEBUG     Failed to fit initial Gaussian to 'pull_qop_vs_eta_phi_slice_21_14'
17:42:27    RootTrackPar   DEBUG     Failed to fit initial Gaussian to 'pull_qop_vs_eta_phi_slice_21_16'
17:42:27    RootTrackPar   DEBUG     Failed to fit initial Gaussian to 'pull_qop_vs_eta_phi_slice_21_23'
17:42:27    RootTrackPar   DEBUG     Failed to fit initial Gaussian to 'pull_qop_vs_eta_phi_slice_21_26'
17:42:27    RootTrackPar   DEBUG     Failed to fit initial Gaussian to 'pull_qop_vs_eta_phi_slice_21_27'
Warning in <Fit>: Fit data is empty 
17:42:27    RootTrackPar   DEBUG     Failed to fit iteration 0 Gaussian to 'pull_qop_vs_eta_phi_slice_22_2'
17:42:27    RootTrackPar   DEBUG     Failed to fit initial Gaussian to 'pull_qop_vs_eta_phi_slice_22_3'
17:42:27    RootTrackPar   DEBUG     Failed to fit initial Gaussian to 'pull_qop_vs_eta_phi_slice_22_6'
17:42:27    RootTrackPar   DEBUG     Failed to fit initial Gaussian to 'pull_qop_vs_eta_phi_slice_22_10'
17:42:27    RootTrackPar   DEBUG     Failed to fit initial Gaussian to 'pull_qop_vs_eta_phi_slice_22_11'
17:42:27    RootTrackPar   DEBUG     Failed to fit initial Gaussian to 'pull_qop_vs_eta_phi_slice_22_16'
17:42:27    RootTrackPar   DEBUG     Failed to fit initial Gaussian to 'pull_qop_vs_eta_phi_slice_22_23'
17:42:27    RootTrackPar   DEBUG     Failed to fit initial Gaussian to 'pull_qop_vs_eta_phi_slice_23_2'
17:42:27    RootTrackPar   DEBUG     Failed to fit initial Gaussian to 'pull_qop_vs_eta_phi_slice_23_6'
17:42:27    RootTrackPar   DEBUG     Failed to fit initial Gaussian to 'pull_qop_vs_eta_phi_slice_23_15'
17:42:27    RootTrackPar   DEBUG     Failed to fit initial Gaussian to 'pull_qop_vs_eta_phi_slice_23_21'
17:42:27    RootTrackPar   DEBUG     Failed to fit initial Gaussian to 'pull_qop_vs_eta_phi_slice_24_0'
17:42:27    RootTrackPar   DEBUG     Failed to fit initial Gaussian to 'pull_qop_vs_eta_phi_slice_24_9'
17:42:27    RootTrackPar   DEBUG     Failed to fit iteration 0 Gaussian to 'pull_qop_vs_eta_phi_slice_24_12'
Warning in <Fit>: Fit data is empty 
17:42:27    RootTrackPar   DEBUG     Failed to fit iteration 0 Gaussian to 'pull_qop_vs_eta_phi_slice_24_14'
17:42:27    RootTrackPar   DEBUG     Failed to fit initial Gaussian to 'pull_qop_vs_eta_phi_slice_24_22'
17:42:27    RootTrackPar   DEBUG     Failed to fit initial Gaussian to 'pull_qop_vs_eta_phi_slice_25_24'
17:42:27    RootTrackPar   DEBUG     Failed to fit initial Gaussian to 'pull_qop_vs_eta_phi_slice_25_33'
17:42:27    RootTrackPar   DEBUG     Failed to fit initial Gaussian to 'pull_qop_vs_eta_phi_slice_26_14'
17:42:27    RootTrackPar   DEBUG     Failed to fit initial Gaussian to 'pull_qop_vs_eta_phi_slice_26_16'
17:42:27    RootTrackPar   DEBUG     Failed to fit initial Gaussian to 'pull_qop_vs_eta_phi_slice_26_17'
17:42:27    RootTrackPar   DEBUG     Failed to fit initial Gaussian to 'pull_qop_vs_eta_phi_slice_26_18'
17:42:27    RootTrackPar   DEBUG     Failed to fit initial Gaussian to 'pull_qop_vs_eta_phi_slice_26_29'
17:42:27    RootTrackPar   DEBUG     Failed to fit initial Gaussian to 'pull_qop_vs_eta_phi_slice_26_35'
17:42:27    RootTrackPar   DEBUG     Failed to fit initial Gaussian to 'pull_qop_vs_eta_phi_slice_26_36'
17:42:27    RootTrackPar   DEBUG     Failed to fit initial Gaussian to 'pull_qop_vs_eta_phi_slice_27_2'
17:42:27    RootTrackPar   DEBUG     Failed to fit initial Gaussian to 'pull_qop_vs_eta_phi_slice_27_6'
17:42:27    RootTrackPar   DEBUG     Failed to fit initial Gaussian to 'pull_qop_vs_eta_phi_slice_27_39'
17:42:27    RootTrackPar   DEBUG     Failed to fit initial Gaussian to 'pull_qop_vs_eta_phi_slice_28_8'
17:42:27    RootTrackPar   DEBUG     Failed to fit initial Gaussian to 'pull_qop_vs_eta_phi_slice_28_22'
Warning in <Fit>: Fit data is empty 
17:42:27    RootTrackPar   DEBUG     Failed to fit iteration 0 Gaussian to 'pull_qop_vs_eta_phi_slice_28_28'
17:42:27    RootTrackPar   DEBUG     Failed to fit initial Gaussian to 'pull_qop_vs_eta_phi_slice_28_39'
17:42:27    RootTrackPar   DEBUG     Failed to fit iteration 0 Gaussian to 'pull_qop_vs_eta_phi_slice_29_21'
17:42:27    RootTrackPar   DEBUG     Failed to fit initial Gaussian to 'pull_qop_vs_eta_phi_slice_29_25'
17:42:27    RootTrackPar   DEBUG     Failed to fit initial Gaussian to 'pull_qop_vs_eta_phi_slice_29_34'
17:42:27    RootTrackPar   DEBUG     Failed to fit iteration 0 Gaussian to 'pull_qop_vs_eta_phi_slice_30_0'
17:42:27    RootTrackPar   DEBUG     Failed to fit initial Gaussian to 'pull_qop_vs_eta_phi_slice_30_8'
17:42:27    RootTrackPar   DEBUG     Failed to fit initial Gaussian to 'pull_qop_vs_eta_phi_slice_30_15'
17:42:27    RootTrackPar   DEBUG     Failed to fit initial Gaussian to 'pull_qop_vs_eta_phi_slice_30_26'
17:42:27    RootTrackPar   DEBUG     Failed to fit initial Gaussian to 'pull_qop_vs_eta_phi_slice_30_31'
Warning in <ROOT::Fit::FillData>: fit range is outside histogram range, no fit data for xaxis
Warning in <Fit>: Fit data is empty 
17:42:27    RootTrackPar   DEBUG     Failed to fit iteration 0 Gaussian to 'pull_qop_vs_eta_phi_slice_30_37'
17:42:27    RootTrackPar   DEBUG     Failed to fit initial Gaussian to 'pull_qop_vs_eta_phi_slice_31_0'
17:42:27    RootTrackPar   DEBUG     Failed to fit initial Gaussian to 'pull_qop_vs_eta_phi_slice_31_5'
17:42:27    RootTrackPar   DEBUG     Failed to fit iteration 0 Gaussian to 'pull_qop_vs_eta_phi_slice_31_15'
17:42:27    RootTrackPar   DEBUG     Failed to fit iteration 0 Gaussian to 'pull_qop_vs_eta_phi_slice_31_16'
17:42:27    RootTrackPar   DEBUG     Failed to fit initial Gaussian to 'pull_qop_vs_eta_phi_slice_31_36'
17:42:27    RootTrackPar   DEBUG     Failed to fit initial Gaussian to 'pull_qop_vs_eta_phi_slice_31_37'
17:42:27    RootTrackPar   DEBUG     Failed to fit initial Gaussian to 'pull_qop_vs_eta_phi_slice_31_38'
17:42:27    RootTrackPar   DEBUG     Failed to fit initial Gaussian to 'pull_qop_vs_eta_phi_slice_32_6'
17:42:27    RootTrackPar   DEBUG     Failed to fit initial Gaussian to 'pull_qop_vs_eta_phi_slice_32_12'
17:42:27    RootTrackPar   DEBUG     Failed to fit initial Gaussian to 'pull_qop_vs_eta_phi_slice_32_31'
17:42:27    RootTrackPar   DEBUG     Failed to fit initial Gaussian to 'pull_qopt_vs_eta_phi_slice_7_3'
17:42:27    RootTrackPar   DEBUG     Failed to fit initial Gaussian to 'pull_qopt_vs_eta_phi_slice_7_8'
Warning in <Fit>: Fit data is empty 
17:42:27    RootTrackPar   DEBUG     Failed to fit iteration 0 Gaussian to 'pull_qopt_vs_eta_phi_slice_7_15'
17:42:27    RootTrackPar   DEBUG     Failed to fit initial Gaussian to 'pull_qopt_vs_eta_phi_slice_7_34'
17:42:27    RootTrackPar   DEBUG     Failed to fit initial Gaussian to 'pull_qopt_vs_eta_phi_slice_7_37'
Warning in <Fit>: Fit data is empty 
17:42:27    RootTrackPar   DEBUG     Failed to fit iteration 0 Gaussian to 'pull_qopt_vs_eta_phi_slice_8_16'
17:42:27    RootTrackPar   DEBUG     Failed to fit initial Gaussian to 'pull_qopt_vs_eta_phi_slice_8_19'
17:42:27    RootTrackPar   DEBUG     Failed to fit initial Gaussian to 'pull_qopt_vs_eta_phi_slice_9_2'
17:42:27    RootTrackPar   DEBUG     Failed to fit iteration 0 Gaussian to 'pull_qopt_vs_eta_phi_slice_9_4'
17:42:27    RootTrackPar   DEBUG     Failed to fit initial Gaussian to 'pull_qopt_vs_eta_phi_slice_9_14'
17:42:27    RootTrackPar   DEBUG     Failed to fit initial Gaussian to 'pull_qopt_vs_eta_phi_slice_9_15'
17:42:27    RootTrackPar   DEBUG     Failed to fit initial Gaussian to 'pull_qopt_vs_eta_phi_slice_9_17'
17:42:27    RootTrackPar   DEBUG     Failed to fit initial Gaussian to 'pull_qopt_vs_eta_phi_slice_9_33'
17:42:27    RootTrackPar   DEBUG     Failed to fit initial Gaussian to 'pull_qopt_vs_eta_phi_slice_9_37'
Warning in <Fit>: Fit data is empty 
17:42:27    RootTrackPar   DEBUG     Failed to fit iteration 0 Gaussian to 'pull_qopt_vs_eta_phi_slice_10_3'
17:42:27    RootTrackPar   DEBUG     Failed to fit initial Gaussian to 'pull_qopt_vs_eta_phi_slice_10_15'
17:42:27    RootTrackPar   DEBUG     Failed to fit initial Gaussian to 'pull_qopt_vs_eta_phi_slice_10_21'
17:42:27    RootTrackPar   DEBUG     Failed to fit initial Gaussian to 'pull_qopt_vs_eta_phi_slice_11_1'
17:42:27    RootTrackPar   DEBUG     Failed to fit initial Gaussian to 'pull_qopt_vs_eta_phi_slice_11_14'
17:42:27    RootTrackPar   DEBUG     Failed to fit initial Gaussian to 'pull_qopt_vs_eta_phi_slice_11_17'
17:42:27    RootTrackPar   DEBUG     Failed to fit initial Gaussian to 'pull_qopt_vs_eta_phi_slice_11_22'
Warning in <Fit>: Fit data is empty 
17:42:27    RootTrackPar   DEBUG     Failed to fit iteration 0 Gaussian to 'pull_qopt_vs_eta_phi_slice_11_35'
17:42:27    RootTrackPar   DEBUG     Failed to fit initial Gaussian to 'pull_qopt_vs_eta_phi_slice_11_36'
17:42:27    RootTrackPar   DEBUG     Failed to fit iteration 1 Gaussian to 'pull_qopt_vs_eta_phi_slice_11_37'
17:42:27    RootTrackPar   DEBUG     Failed to fit initial Gaussian to 'pull_qopt_vs_eta_phi_slice_12_2'
17:42:27    RootTrackPar   DEBUG     Failed to fit initial Gaussian to 'pull_qopt_vs_eta_phi_slice_12_3'
Warning in <Fit>: Fit data is empty 
17:42:27    RootTrackPar   DEBUG     Failed to fit iteration 0 Gaussian to 'pull_qopt_vs_eta_phi_slice_12_12'
Warning in <Fit>: Fit data is empty 
17:42:27    RootTrackPar   DEBUG     Failed to fit iteration 0 Gaussian to 'pull_qopt_vs_eta_phi_slice_12_14'
17:42:27    RootTrackPar   DEBUG     Failed to fit initial Gaussian to 'pull_qopt_vs_eta_phi_slice_12_17'
17:42:27    RootTrackPar   DEBUG     Failed to fit initial Gaussian to 'pull_qopt_vs_eta_phi_slice_12_28'
17:42:27    RootTrackPar   DEBUG     Failed to fit initial Gaussian to 'pull_qopt_vs_eta_phi_slice_12_38'
17:42:27    RootTrackPar   DEBUG     Failed to fit initial Gaussian to 'pull_qopt_vs_eta_phi_slice_13_3'
17:42:27    RootTrackPar   DEBUG     Failed to fit iteration 0 Gaussian to 'pull_qopt_vs_eta_phi_slice_13_9'
Warning in <Fit>: Fit data is empty 
17:42:27    RootTrackPar   DEBUG     Failed to fit iteration 1 Gaussian to 'pull_qopt_vs_eta_phi_slice_13_15'
17:42:27    RootTrackPar   DEBUG     Failed to fit initial Gaussian to 'pull_qopt_vs_eta_phi_slice_13_24'
Warning in <Fit>: Fit data is empty 
17:42:27    RootTrackPar   DEBUG     Failed to fit iteration 0 Gaussian to 'pull_qopt_vs_eta_phi_slice_13_37'
17:42:27    RootTrackPar   DEBUG     Failed to fit initial Gaussian to 'pull_qopt_vs_eta_phi_slice_14_1'
17:42:27    RootTrackPar   DEBUG     Failed to fit initial Gaussian to 'pull_qopt_vs_eta_phi_slice_14_10'
17:42:27    RootTrackPar   DEBUG     Failed to fit iteration 0 Gaussian to 'pull_qopt_vs_eta_phi_slice_14_24'
17:42:27    RootTrackPar   DEBUG     Failed to fit initial Gaussian to 'pull_qopt_vs_eta_phi_slice_14_25'
17:42:27    RootTrackPar   DEBUG     Failed to fit initial Gaussian to 'pull_qopt_vs_eta_phi_slice_14_28'
17:42:27    RootTrackPar   DEBUG     Failed to fit initial Gaussian to 'pull_qopt_vs_eta_phi_slice_14_38'
17:42:27    RootTrackPar   DEBUG     Failed to fit initial Gaussian to 'pull_qopt_vs_eta_phi_slice_15_8'
17:42:27    RootTrackPar   DEBUG     Failed to fit initial Gaussian to 'pull_qopt_vs_eta_phi_slice_15_9'
17:42:27    RootTrackPar   DEBUG     Failed to fit initial Gaussian to 'pull_qopt_vs_eta_phi_slice_15_14'
17:42:27    RootTrackPar   DEBUG     Failed to fit iteration 0 Gaussian to 'pull_qopt_vs_eta_phi_slice_15_32'
17:42:27    RootTrackPar   DEBUG     Failed to fit initial Gaussian to 'pull_qopt_vs_eta_phi_slice_15_33'
17:42:27    RootTrackPar   DEBUG     Failed to fit initial Gaussian to 'pull_qopt_vs_eta_phi_slice_16_13'
17:42:27    RootTrackPar   DEBUG     Failed to fit initial Gaussian to 'pull_qopt_vs_eta_phi_slice_16_18'
17:42:27    RootTrackPar   DEBUG     Failed to fit initial Gaussian to 'pull_qopt_vs_eta_phi_slice_16_23'
17:42:27    RootTrackPar   DEBUG     Failed to fit initial Gaussian to 'pull_qopt_vs_eta_phi_slice_16_27'
17:42:27    RootTrackPar   DEBUG     Failed to fit initial Gaussian to 'pull_qopt_vs_eta_phi_slice_17_6'
17:42:27    RootTrackPar   DEBUG     Failed to fit initial Gaussian to 'pull_qopt_vs_eta_phi_slice_17_8'
17:42:27    RootTrackPar   DEBUG     Failed to fit initial Gaussian to 'pull_qopt_vs_eta_phi_slice_17_24'
17:42:27    RootTrackPar   DEBUG     Failed to fit initial Gaussian to 'pull_qopt_vs_eta_phi_slice_17_27'
17:42:27    RootTrackPar   DEBUG     Failed to fit initial Gaussian to 'pull_qopt_vs_eta_phi_slice_17_38'
Warning in <Fit>: Fit data is empty 
17:42:27    RootTrackPar   DEBUG     Failed to fit iteration 0 Gaussian to 'pull_qopt_vs_eta_phi_slice_18_10'
17:42:27    RootTrackPar   DEBUG     Failed to fit initial Gaussian to 'pull_qopt_vs_eta_phi_slice_18_14'
17:42:27    RootTrackPar   DEBUG     Failed to fit initial Gaussian to 'pull_qopt_vs_eta_phi_slice_18_27'
17:42:27    RootTrackPar   DEBUG     Failed to fit initial Gaussian to 'pull_qopt_vs_eta_phi_slice_19_0'
17:42:27    RootTrackPar   DEBUG     Failed to fit initial Gaussian to 'pull_qopt_vs_eta_phi_slice_19_4'
17:42:27    RootTrackPar   DEBUG     Failed to fit iteration 0 Gaussian to 'pull_qopt_vs_eta_phi_slice_19_5'
17:42:27    RootTrackPar   DEBUG     Failed to fit initial Gaussian to 'pull_qopt_vs_eta_phi_slice_19_12'
17:42:27    RootTrackPar   DEBUG     Failed to fit initial Gaussian to 'pull_qopt_vs_eta_phi_slice_19_14'
17:42:27    RootTrackPar   DEBUG     Failed to fit iteration 0 Gaussian to 'pull_qopt_vs_eta_phi_slice_19_21'
17:42:27    RootTrackPar   DEBUG     Failed to fit initial Gaussian to 'pull_qopt_vs_eta_phi_slice_19_33'
17:42:27    RootTrackPar   DEBUG     Failed to fit initial Gaussian to 'pull_qopt_vs_eta_phi_slice_19_39'
17:42:27    RootTrackPar   DEBUG     Failed to fit initial Gaussian to 'pull_qopt_vs_eta_phi_slice_20_3'
17:42:27    RootTrackPar   DEBUG     Failed to fit initial Gaussian to 'pull_qopt_vs_eta_phi_slice_20_15'
17:42:27    RootTrackPar   DEBUG     Failed to fit iteration 1 Gaussian to 'pull_qopt_vs_eta_phi_slice_20_38'
17:42:27    RootTrackPar   DEBUG     Failed to fit initial Gaussian to 'pull_qopt_vs_eta_phi_slice_21_5'
17:42:27    RootTrackPar   DEBUG     Failed to fit initial Gaussian to 'pull_qopt_vs_eta_phi_slice_21_10'
17:42:27    RootTrackPar   DEBUG     Failed to fit initial Gaussian to 'pull_qopt_vs_eta_phi_slice_21_12'
17:42:27    RootTrackPar   DEBUG     Failed to fit iteration 0 Gaussian to 'pull_qopt_vs_eta_phi_slice_21_14'
17:42:27    RootTrackPar   DEBUG     Failed to fit initial Gaussian to 'pull_qopt_vs_eta_phi_slice_21_16'
17:42:27    RootTrackPar   DEBUG     Failed to fit initial Gaussian to 'pull_qopt_vs_eta_phi_slice_21_23'
17:42:27    RootTrackPar   DEBUG     Failed to fit initial Gaussian to 'pull_qopt_vs_eta_phi_slice_22_2'
17:42:27    RootTrackPar   DEBUG     Failed to fit initial Gaussian to 'pull_qopt_vs_eta_phi_slice_22_6'
17:42:27    RootTrackPar   DEBUG     Failed to fit initial Gaussian to 'pull_qopt_vs_eta_phi_slice_22_10'
17:42:27    RootTrackPar   DEBUG     Failed to fit initial Gaussian to 'pull_qopt_vs_eta_phi_slice_22_11'
17:42:27    RootTrackPar   DEBUG     Failed to fit initial Gaussian to 'pull_qopt_vs_eta_phi_slice_22_16'
17:42:27    RootTrackPar   DEBUG     Failed to fit iteration 0 Gaussian to 'pull_qopt_vs_eta_phi_slice_22_19'
17:42:27    RootTrackPar   DEBUG     Failed to fit initial Gaussian to 'pull_qopt_vs_eta_phi_slice_22_23'
17:42:27    RootTrackPar   DEBUG     Failed to fit iteration 1 Gaussian to 'pull_qopt_vs_eta_phi_slice_22_28'
17:42:27    RootTrackPar   DEBUG     Failed to fit initial Gaussian to 'pull_qopt_vs_eta_phi_slice_23_2'
17:42:27    RootTrackPar   DEBUG     Failed to fit initial Gaussian to 'pull_qopt_vs_eta_phi_slice_23_6'
17:42:27    RootTrackPar   DEBUG     Failed to fit initial Gaussian to 'pull_qopt_vs_eta_phi_slice_23_15'
17:42:27    RootTrackPar   DEBUG     Failed to fit iteration 0 Gaussian to 'pull_qopt_vs_eta_phi_slice_24_0'
17:42:27    RootTrackPar   DEBUG     Failed to fit initial Gaussian to 'pull_qopt_vs_eta_phi_slice_24_4'
17:42:27    RootTrackPar   DEBUG     Failed to fit initial Gaussian to 'pull_qopt_vs_eta_phi_slice_24_9'
Warning in <Fit>: Fit data is empty 
17:42:27    RootTrackPar   DEBUG     Failed to fit iteration 0 Gaussian to 'pull_qopt_vs_eta_phi_slice_24_14'
17:42:27    RootTrackPar   DEBUG     Failed to fit initial Gaussian to 'pull_qopt_vs_eta_phi_slice_25_14'
17:42:27    RootTrackPar   DEBUG     Failed to fit initial Gaussian to 'pull_qopt_vs_eta_phi_slice_25_24'
17:42:27    RootTrackPar   DEBUG     Failed to fit initial Gaussian to 'pull_qopt_vs_eta_phi_slice_25_33'
17:42:27    RootTrackPar   DEBUG     Failed to fit iteration 0 Gaussian to 'pull_qopt_vs_eta_phi_slice_26_10'
17:42:27    RootTrackPar   DEBUG     Failed to fit initial Gaussian to 'pull_qopt_vs_eta_phi_slice_26_17'
17:42:27    RootTrackPar   DEBUG     Failed to fit initial Gaussian to 'pull_qopt_vs_eta_phi_slice_26_18'
17:42:27    RootTrackPar   DEBUG     Failed to fit iteration 0 Gaussian to 'pull_qopt_vs_eta_phi_slice_26_29'
Warning in <Fit>: Fit data is empty 
17:42:27    RootTrackPar   DEBUG     Failed to fit iteration 0 Gaussian to 'pull_qopt_vs_eta_phi_slice_26_35'
17:42:27    RootTrackPar   DEBUG     Failed to fit initial Gaussian to 'pull_qopt_vs_eta_phi_slice_26_36'
17:42:27    RootTrackPar   DEBUG     Failed to fit initial Gaussian to 'pull_qopt_vs_eta_phi_slice_27_6'
17:42:27    RootTrackPar   DEBUG     Failed to fit initial Gaussian to 'pull_qopt_vs_eta_phi_slice_27_22'
17:42:27    RootTrackPar   DEBUG     Failed to fit initial Gaussian to 'pull_qopt_vs_eta_phi_slice_27_29'
17:42:27    RootTrackPar   DEBUG     Failed to fit initial Gaussian to 'pull_qopt_vs_eta_phi_slice_27_35'
17:42:27    RootTrackPar   DEBUG     Failed to fit initial Gaussian to 'pull_qopt_vs_eta_phi_slice_27_38'
17:42:27    RootTrackPar   DEBUG     Failed to fit initial Gaussian to 'pull_qopt_vs_eta_phi_slice_28_8'
Warning in <Fit>: Fit data is empty 
17:42:27    RootTrackPar   DEBUG     Failed to fit iteration 0 Gaussian to 'pull_qopt_vs_eta_phi_slice_28_22'
Warning in <Fit>: Fit data is empty 
17:42:27    RootTrackPar   DEBUG     Failed to fit iteration 0 Gaussian to 'pull_qopt_vs_eta_phi_slice_28_28'
Warning in <Fit>: Fit data is empty 
17:42:27    RootTrackPar   DEBUG     Failed to fit iteration 0 Gaussian to 'pull_qopt_vs_eta_phi_slice_28_35'
17:42:27    RootTrackPar   DEBUG     Failed to fit initial Gaussian to 'pull_qopt_vs_eta_phi_slice_28_39'
17:42:27    RootTrackPar   DEBUG     Failed to fit initial Gaussian to 'pull_qopt_vs_eta_phi_slice_29_21'
17:42:27    RootTrackPar   DEBUG     Failed to fit initial Gaussian to 'pull_qopt_vs_eta_phi_slice_29_25'
17:42:27    RootTrackPar   DEBUG     Failed to fit initial Gaussian to 'pull_qopt_vs_eta_phi_slice_29_34'
17:42:27    RootTrackPar   DEBUG     Failed to fit iteration 0 Gaussian to 'pull_qopt_vs_eta_phi_slice_30_0'
17:42:27    RootTrackPar   DEBUG     Failed to fit initial Gaussian to 'pull_qopt_vs_eta_phi_slice_30_8'
17:42:27    RootTrackPar   DEBUG     Failed to fit initial Gaussian to 'pull_qopt_vs_eta_phi_slice_30_12'
17:42:27    RootTrackPar   DEBUG     Failed to fit initial Gaussian to 'pull_qopt_vs_eta_phi_slice_30_13'
17:42:27    RootTrackPar   DEBUG     Failed to fit initial Gaussian to 'pull_qopt_vs_eta_phi_slice_30_15'
Warning in <Fit>: Fit data is empty 
17:42:27    RootTrackPar   DEBUG     Failed to fit iteration 0 Gaussian to 'pull_qopt_vs_eta_phi_slice_30_19'
Warning in <Fit>: Fit data is empty 
17:42:27    RootTrackPar   DEBUG     Failed to fit iteration 0 Gaussian to 'pull_qopt_vs_eta_phi_slice_30_26'
17:42:27    RootTrackPar   DEBUG     Failed to fit initial Gaussian to 'pull_qopt_vs_eta_phi_slice_30_30'
17:42:27    RootTrackPar   DEBUG     Failed to fit initial Gaussian to 'pull_qopt_vs_eta_phi_slice_30_31'
17:42:27    RootTrackPar   DEBUG     Failed to fit initial Gaussian to 'pull_qopt_vs_eta_phi_slice_30_37'
17:42:27    RootTrackPar   DEBUG     Failed to fit initial Gaussian to 'pull_qopt_vs_eta_phi_slice_31_0'
17:42:27    RootTrackPar   DEBUG     Failed to fit initial Gaussian to 'pull_qopt_vs_eta_phi_slice_31_5'
17:42:27    RootTrackPar   DEBUG     Failed to fit initial Gaussian to 'pull_qopt_vs_eta_phi_slice_31_9'
17:42:27    RootTrackPar   DEBUG     Failed to fit initial Gaussian to 'pull_qopt_vs_eta_phi_slice_31_28'
Warning in <Fit>: Fit data is empty 
17:42:27    RootTrackPar   DEBUG     Failed to fit iteration 0 Gaussian to 'pull_qopt_vs_eta_phi_slice_31_36'
17:42:27    RootTrackPar   DEBUG     Failed to fit initial Gaussian to 'pull_qopt_vs_eta_phi_slice_31_37'
17:42:27    RootTrackPar   DEBUG     Failed to fit initial Gaussian to 'pull_qopt_vs_eta_phi_slice_31_38'
17:42:27    RootTrackPar   DEBUG     Failed to fit initial Gaussian to 'pull_qopt_vs_eta_phi_slice_32_6'
17:42:27    RootTrackPar   DEBUG     Failed to fit initial Gaussian to 'pull_qopt_vs_eta_phi_slice_32_12'
17:42:27    RootTrackPar   DEBUG     Failed to fit initial Gaussian to 'pull_qopt_vs_eta_phi_slice_32_31'
17:42:27    RootTrackPar   DEBUG     Failed to fit initial Gaussian to 'pull_qopt_rel_vs_eta_phi_slice_7_3'
17:42:27    RootTrackPar   DEBUG     Failed to fit initial Gaussian to 'pull_qopt_rel_vs_eta_phi_slice_7_8'
Warning in <Fit>: Fit data is empty 
17:42:27    RootTrackPar   DEBUG     Failed to fit iteration 0 Gaussian to 'pull_qopt_rel_vs_eta_phi_slice_7_15'
17:42:27    RootTrackPar   DEBUG     Failed to fit initial Gaussian to 'pull_qopt_rel_vs_eta_phi_slice_7_34'
17:42:27    RootTrackPar   DEBUG     Failed to fit initial Gaussian to 'pull_qopt_rel_vs_eta_phi_slice_7_37'
Warning in <Fit>: Fit data is empty 
17:42:27    RootTrackPar   DEBUG     Failed to fit iteration 0 Gaussian to 'pull_qopt_rel_vs_eta_phi_slice_8_16'
17:42:27    RootTrackPar   DEBUG     Failed to fit initial Gaussian to 'pull_qopt_rel_vs_eta_phi_slice_8_19'
17:42:27    RootTrackPar   DEBUG     Failed to fit initial Gaussian to 'pull_qopt_rel_vs_eta_phi_slice_9_2'
17:42:27    RootTrackPar   DEBUG     Failed to fit initial Gaussian to 'pull_qopt_rel_vs_eta_phi_slice_9_4'
17:42:27    RootTrackPar   DEBUG     Failed to fit initial Gaussian to 'pull_qopt_rel_vs_eta_phi_slice_9_14'
17:42:27    RootTrackPar   DEBUG     Failed to fit initial Gaussian to 'pull_qopt_rel_vs_eta_phi_slice_9_15'
17:42:27    RootTrackPar   DEBUG     Failed to fit initial Gaussian to 'pull_qopt_rel_vs_eta_phi_slice_9_17'
17:42:27    RootTrackPar   DEBUG     Failed to fit initial Gaussian to 'pull_qopt_rel_vs_eta_phi_slice_9_33'
Warning in <Fit>: Fit data is empty 
17:42:27    RootTrackPar   DEBUG     Failed to fit iteration 0 Gaussian to 'pull_qopt_rel_vs_eta_phi_slice_9_37'
Warning in <Fit>: Fit data is empty 
17:42:27    RootTrackPar   DEBUG     Failed to fit iteration 0 Gaussian to 'pull_qopt_rel_vs_eta_phi_slice_10_3'
Warning in <Fit>: Fit data is empty 
17:42:27    RootTrackPar   DEBUG     Failed to fit iteration 0 Gaussian to 'pull_qopt_rel_vs_eta_phi_slice_10_15'
17:42:27    RootTrackPar   DEBUG     Failed to fit initial Gaussian to 'pull_qopt_rel_vs_eta_phi_slice_10_21'
17:42:27    RootTrackPar   DEBUG     Failed to fit initial Gaussian to 'pull_qopt_rel_vs_eta_phi_slice_11_1'
17:42:27    RootTrackPar   DEBUG     Failed to fit initial Gaussian to 'pull_qopt_rel_vs_eta_phi_slice_11_14'
17:42:27    RootTrackPar   DEBUG     Failed to fit initial Gaussian to 'pull_qopt_rel_vs_eta_phi_slice_11_17'
17:42:27    RootTrackPar   DEBUG     Failed to fit initial Gaussian to 'pull_qopt_rel_vs_eta_phi_slice_11_22'
Warning in <Fit>: Fit data is empty 
17:42:27    RootTrackPar   DEBUG     Failed to fit iteration 0 Gaussian to 'pull_qopt_rel_vs_eta_phi_slice_11_35'
17:42:27    RootTrackPar   DEBUG     Failed to fit initial Gaussian to 'pull_qopt_rel_vs_eta_phi_slice_11_36'
17:42:27    RootTrackPar   DEBUG     Failed to fit iteration 1 Gaussian to 'pull_qopt_rel_vs_eta_phi_slice_11_37'
17:42:27    RootTrackPar   DEBUG     Failed to fit initial Gaussian to 'pull_qopt_rel_vs_eta_phi_slice_12_2'
17:42:27    RootTrackPar   DEBUG     Failed to fit initial Gaussian to 'pull_qopt_rel_vs_eta_phi_slice_12_3'
Warning in <Fit>: Fit data is empty 
17:42:27    RootTrackPar   DEBUG     Failed to fit iteration 0 Gaussian to 'pull_qopt_rel_vs_eta_phi_slice_12_12'
Warning in <Fit>: Fit data is empty 
17:42:27    RootTrackPar   DEBUG     Failed to fit iteration 0 Gaussian to 'pull_qopt_rel_vs_eta_phi_slice_12_14'
17:42:27    RootTrackPar   DEBUG     Failed to fit initial Gaussian to 'pull_qopt_rel_vs_eta_phi_slice_12_17'
17:42:27    RootTrackPar   DEBUG     Failed to fit initial Gaussian to 'pull_qopt_rel_vs_eta_phi_slice_12_28'
17:42:27    RootTrackPar   DEBUG     Failed to fit initial Gaussian to 'pull_qopt_rel_vs_eta_phi_slice_12_38'
17:42:27    RootTrackPar   DEBUG     Failed to fit initial Gaussian to 'pull_qopt_rel_vs_eta_phi_slice_13_3'
17:42:27    RootTrackPar   DEBUG     Failed to fit iteration 0 Gaussian to 'pull_qopt_rel_vs_eta_phi_slice_13_9'
Warning in <Fit>: Fit data is empty 
17:42:27    RootTrackPar   DEBUG     Failed to fit iteration 1 Gaussian to 'pull_qopt_rel_vs_eta_phi_slice_13_15'
17:42:27    RootTrackPar   DEBUG     Failed to fit initial Gaussian to 'pull_qopt_rel_vs_eta_phi_slice_13_24'
Warning in <Fit>: Fit data is empty 
17:42:27    RootTrackPar   DEBUG     Failed to fit iteration 0 Gaussian to 'pull_qopt_rel_vs_eta_phi_slice_13_37'
17:42:27    RootTrackPar   DEBUG     Failed to fit initial Gaussian to 'pull_qopt_rel_vs_eta_phi_slice_14_1'
17:42:27    RootTrackPar   DEBUG     Failed to fit initial Gaussian to 'pull_qopt_rel_vs_eta_phi_slice_14_10'
17:42:27    RootTrackPar   DEBUG     Failed to fit initial Gaussian to 'pull_qopt_rel_vs_eta_phi_slice_14_24'
17:42:27    RootTrackPar   DEBUG     Failed to fit initial Gaussian to 'pull_qopt_rel_vs_eta_phi_slice_14_25'
17:42:27    RootTrackPar   DEBUG     Failed to fit initial Gaussian to 'pull_qopt_rel_vs_eta_phi_slice_14_28'
17:42:27    RootTrackPar   DEBUG     Failed to fit initial Gaussian to 'pull_qopt_rel_vs_eta_phi_slice_14_38'
17:42:27    RootTrackPar   DEBUG     Failed to fit initial Gaussian to 'pull_qopt_rel_vs_eta_phi_slice_15_8'
17:42:27    RootTrackPar   DEBUG     Failed to fit initial Gaussian to 'pull_qopt_rel_vs_eta_phi_slice_15_9'
Warning in <Fit>: Fit data is empty 
17:42:27    RootTrackPar   DEBUG     Failed to fit iteration 0 Gaussian to 'pull_qopt_rel_vs_eta_phi_slice_15_13'
17:42:27    RootTrackPar   DEBUG     Failed to fit initial Gaussian to 'pull_qopt_rel_vs_eta_phi_slice_15_14'
17:42:27    RootTrackPar   DEBUG     Failed to fit iteration 0 Gaussian to 'pull_qopt_rel_vs_eta_phi_slice_15_32'
17:42:27    RootTrackPar   DEBUG     Failed to fit initial Gaussian to 'pull_qopt_rel_vs_eta_phi_slice_15_33'
17:42:27    RootTrackPar   DEBUG     Failed to fit initial Gaussian to 'pull_qopt_rel_vs_eta_phi_slice_16_13'
17:42:27    RootTrackPar   DEBUG     Failed to fit initial Gaussian to 'pull_qopt_rel_vs_eta_phi_slice_16_18'
17:42:27    RootTrackPar   DEBUG     Failed to fit initial Gaussian to 'pull_qopt_rel_vs_eta_phi_slice_16_23'
17:42:27    RootTrackPar   DEBUG     Failed to fit initial Gaussian to 'pull_qopt_rel_vs_eta_phi_slice_16_27'
17:42:27    RootTrackPar   DEBUG     Failed to fit initial Gaussian to 'pull_qopt_rel_vs_eta_phi_slice_17_6'
17:42:27    RootTrackPar   DEBUG     Failed to fit initial Gaussian to 'pull_qopt_rel_vs_eta_phi_slice_17_8'
17:42:27    RootTrackPar   DEBUG     Failed to fit initial Gaussian to 'pull_qopt_rel_vs_eta_phi_slice_17_24'
17:42:27    RootTrackPar   DEBUG     Failed to fit initial Gaussian to 'pull_qopt_rel_vs_eta_phi_slice_17_27'
17:42:27    RootTrackPar   DEBUG     Failed to fit initial Gaussian to 'pull_qopt_rel_vs_eta_phi_slice_17_38'
Warning in <Fit>: Fit data is empty 
17:42:27    RootTrackPar   DEBUG     Failed to fit iteration 0 Gaussian to 'pull_qopt_rel_vs_eta_phi_slice_18_10'
17:42:27    RootTrackPar   DEBUG     Failed to fit initial Gaussian to 'pull_qopt_rel_vs_eta_phi_slice_18_14'
17:42:27    RootTrackPar   DEBUG     Failed to fit initial Gaussian to 'pull_qopt_rel_vs_eta_phi_slice_18_27'
17:42:27    RootTrackPar   DEBUG     Failed to fit initial Gaussian to 'pull_qopt_rel_vs_eta_phi_slice_19_0'
17:42:27    RootTrackPar   DEBUG     Failed to fit initial Gaussian to 'pull_qopt_rel_vs_eta_phi_slice_19_4'
17:42:27    RootTrackPar   DEBUG     Failed to fit iteration 0 Gaussian to 'pull_qopt_rel_vs_eta_phi_slice_19_5'
17:42:27    RootTrackPar   DEBUG     Failed to fit initial Gaussian to 'pull_qopt_rel_vs_eta_phi_slice_19_12'
17:42:27    RootTrackPar   DEBUG     Failed to fit initial Gaussian to 'pull_qopt_rel_vs_eta_phi_slice_19_14'
17:42:27    RootTrackPar   DEBUG     Failed to fit iteration 0 Gaussian to 'pull_qopt_rel_vs_eta_phi_slice_19_21'
17:42:27    RootTrackPar   DEBUG     Failed to fit initial Gaussian to 'pull_qopt_rel_vs_eta_phi_slice_19_33'
17:42:27    RootTrackPar   DEBUG     Failed to fit initial Gaussian to 'pull_qopt_rel_vs_eta_phi_slice_19_39'
17:42:27    RootTrackPar   DEBUG     Failed to fit initial Gaussian to 'pull_qopt_rel_vs_eta_phi_slice_20_3'
17:42:27    RootTrackPar   DEBUG     Failed to fit initial Gaussian to 'pull_qopt_rel_vs_eta_phi_slice_20_15'
17:42:27    RootTrackPar   DEBUG     Failed to fit iteration 1 Gaussian to 'pull_qopt_rel_vs_eta_phi_slice_20_38'
17:42:27    RootTrackPar   DEBUG     Failed to fit initial Gaussian to 'pull_qopt_rel_vs_eta_phi_slice_21_5'
17:42:27    RootTrackPar   DEBUG     Failed to fit initial Gaussian to 'pull_qopt_rel_vs_eta_phi_slice_21_10'
17:42:27    RootTrackPar   DEBUG     Failed to fit initial Gaussian to 'pull_qopt_rel_vs_eta_phi_slice_21_12'
17:42:27    RootTrackPar   DEBUG     Failed to fit iteration 0 Gaussian to 'pull_qopt_rel_vs_eta_phi_slice_21_14'
17:42:27    RootTrackPar   DEBUG     Failed to fit initial Gaussian to 'pull_qopt_rel_vs_eta_phi_slice_21_16'
17:42:27    RootTrackPar   DEBUG     Failed to fit initial Gaussian to 'pull_qopt_rel_vs_eta_phi_slice_21_23'
17:42:27    RootTrackPar   DEBUG     Failed to fit initial Gaussian to 'pull_qopt_rel_vs_eta_phi_slice_22_2'
17:42:27    RootTrackPar   DEBUG     Failed to fit initial Gaussian to 'pull_qopt_rel_vs_eta_phi_slice_22_6'
17:42:27    RootTrackPar   DEBUG     Failed to fit initial Gaussian to 'pull_qopt_rel_vs_eta_phi_slice_22_10'
17:42:27    RootTrackPar   DEBUG     Failed to fit initial Gaussian to 'pull_qopt_rel_vs_eta_phi_slice_22_11'
17:42:27    RootTrackPar   DEBUG     Failed to fit initial Gaussian to 'pull_qopt_rel_vs_eta_phi_slice_22_16'
17:42:27    RootTrackPar   DEBUG     Failed to fit iteration 0 Gaussian to 'pull_qopt_rel_vs_eta_phi_slice_22_19'
17:42:27    RootTrackPar   DEBUG     Failed to fit initial Gaussian to 'pull_qopt_rel_vs_eta_phi_slice_22_23'
17:42:27    RootTrackPar   DEBUG     Failed to fit iteration 1 Gaussian to 'pull_qopt_rel_vs_eta_phi_slice_22_28'
17:42:27    RootTrackPar   DEBUG     Failed to fit initial Gaussian to 'pull_qopt_rel_vs_eta_phi_slice_23_2'
17:42:27    RootTrackPar   DEBUG     Failed to fit initial Gaussian to 'pull_qopt_rel_vs_eta_phi_slice_23_6'
17:42:27    RootTrackPar   DEBUG     Failed to fit initial Gaussian to 'pull_qopt_rel_vs_eta_phi_slice_23_15'
17:42:27    RootTrackPar   DEBUG     Failed to fit iteration 0 Gaussian to 'pull_qopt_rel_vs_eta_phi_slice_24_0'
17:42:27    RootTrackPar   DEBUG     Failed to fit initial Gaussian to 'pull_qopt_rel_vs_eta_phi_slice_24_4'
17:42:27    RootTrackPar   DEBUG     Failed to fit initial Gaussian to 'pull_qopt_rel_vs_eta_phi_slice_24_9'
Warning in <Fit>: Fit data is empty 
17:42:27    RootTrackPar   DEBUG     Failed to fit iteration 0 Gaussian to 'pull_qopt_rel_vs_eta_phi_slice_24_14'
17:42:27    RootTrackPar   DEBUG     Failed to fit initial Gaussian to 'pull_qopt_rel_vs_eta_phi_slice_25_14'
17:42:27    RootTrackPar   DEBUG     Failed to fit initial Gaussian to 'pull_qopt_rel_vs_eta_phi_slice_25_24'
17:42:27    RootTrackPar   DEBUG     Failed to fit initial Gaussian to 'pull_qopt_rel_vs_eta_phi_slice_25_33'
17:42:27    RootTrackPar   DEBUG     Failed to fit iteration 0 Gaussian to 'pull_qopt_rel_vs_eta_phi_slice_26_10'
17:42:27    RootTrackPar   DEBUG     Failed to fit initial Gaussian to 'pull_qopt_rel_vs_eta_phi_slice_26_17'
17:42:27    RootTrackPar   DEBUG     Failed to fit initial Gaussian to 'pull_qopt_rel_vs_eta_phi_slice_26_18'
17:42:27    RootTrackPar   DEBUG     Failed to fit iteration 0 Gaussian to 'pull_qopt_rel_vs_eta_phi_slice_26_29'
Warning in <Fit>: Fit data is empty 
17:42:27    RootTrackPar   DEBUG     Failed to fit iteration 0 Gaussian to 'pull_qopt_rel_vs_eta_phi_slice_26_35'
17:42:27    RootTrackPar   DEBUG     Failed to fit initial Gaussian to 'pull_qopt_rel_vs_eta_phi_slice_26_36'
17:42:27    RootTrackPar   DEBUG     Failed to fit initial Gaussian to 'pull_qopt_rel_vs_eta_phi_slice_27_6'
17:42:27    RootTrackPar   DEBUG     Failed to fit initial Gaussian to 'pull_qopt_rel_vs_eta_phi_slice_27_22'
17:42:27    RootTrackPar   DEBUG     Failed to fit initial Gaussian to 'pull_qopt_rel_vs_eta_phi_slice_27_29'
17:42:27    RootTrackPar   DEBUG     Failed to fit initial Gaussian to 'pull_qopt_rel_vs_eta_phi_slice_27_35'
17:42:27    RootTrackPar   DEBUG     Failed to fit initial Gaussian to 'pull_qopt_rel_vs_eta_phi_slice_27_38'
17:42:27    RootTrackPar   DEBUG     Failed to fit initial Gaussian to 'pull_qopt_rel_vs_eta_phi_slice_28_8'
Warning in <Fit>: Fit data is empty 
17:42:27    RootTrackPar   DEBUG     Failed to fit iteration 0 Gaussian to 'pull_qopt_rel_vs_eta_phi_slice_28_22'
Warning in <Fit>: Fit data is empty 
17:42:27    RootTrackPar   DEBUG     Failed to fit iteration 0 Gaussian to 'pull_qopt_rel_vs_eta_phi_slice_28_28'
Warning in <Fit>: Fit data is empty 
17:42:27    RootTrackPar   DEBUG     Failed to fit iteration 0 Gaussian to 'pull_qopt_rel_vs_eta_phi_slice_28_35'
17:42:27    RootTrackPar   DEBUG     Failed to fit initial Gaussian to 'pull_qopt_rel_vs_eta_phi_slice_28_39'
17:42:27    RootTrackPar   DEBUG     Failed to fit initial Gaussian to 'pull_qopt_rel_vs_eta_phi_slice_29_21'
17:42:27    RootTrackPar   DEBUG     Failed to fit initial Gaussian to 'pull_qopt_rel_vs_eta_phi_slice_29_25'
17:42:27    RootTrackPar   DEBUG     Failed to fit initial Gaussian to 'pull_qopt_rel_vs_eta_phi_slice_29_34'
17:42:27    RootTrackPar   DEBUG     Failed to fit iteration 0 Gaussian to 'pull_qopt_rel_vs_eta_phi_slice_30_0'
17:42:27    RootTrackPar   DEBUG     Failed to fit initial Gaussian to 'pull_qopt_rel_vs_eta_phi_slice_30_8'
17:42:27    RootTrackPar   DEBUG     Failed to fit initial Gaussian to 'pull_qopt_rel_vs_eta_phi_slice_30_12'
17:42:27    RootTrackPar   DEBUG     Failed to fit initial Gaussian to 'pull_qopt_rel_vs_eta_phi_slice_30_13'
17:42:27    RootTrackPar   DEBUG     Failed to fit initial Gaussian to 'pull_qopt_rel_vs_eta_phi_slice_30_15'
Warning in <Fit>: Fit data is empty 
17:42:27    RootTrackPar   DEBUG     Failed to fit iteration 0 Gaussian to 'pull_qopt_rel_vs_eta_phi_slice_30_19'
Warning in <Fit>: Fit data is empty 
17:42:27    RootTrackPar   DEBUG     Failed to fit iteration 0 Gaussian to 'pull_qopt_rel_vs_eta_phi_slice_30_26'
17:42:27    RootTrackPar   DEBUG     Failed to fit initial Gaussian to 'pull_qopt_rel_vs_eta_phi_slice_30_30'
17:42:27    RootTrackPar   DEBUG     Failed to fit initial Gaussian to 'pull_qopt_rel_vs_eta_phi_slice_30_31'
17:42:27    RootTrackPar   DEBUG     Failed to fit initial Gaussian to 'pull_qopt_rel_vs_eta_phi_slice_30_37'
17:42:27    RootTrackPar   DEBUG     Failed to fit initial Gaussian to 'pull_qopt_rel_vs_eta_phi_slice_31_0'
17:42:27    RootTrackPar   DEBUG     Failed to fit initial Gaussian to 'pull_qopt_rel_vs_eta_phi_slice_31_5'
17:42:27    RootTrackPar   DEBUG     Failed to fit initial Gaussian to 'pull_qopt_rel_vs_eta_phi_slice_31_9'
17:42:27    RootTrackPar   DEBUG     Failed to fit initial Gaussian to 'pull_qopt_rel_vs_eta_phi_slice_31_28'
Warning in <Fit>: Fit data is empty 
17:42:27    RootTrackPar   DEBUG     Failed to fit iteration 0 Gaussian to 'pull_qopt_rel_vs_eta_phi_slice_31_36'
17:42:27    RootTrackPar   DEBUG     Failed to fit initial Gaussian to 'pull_qopt_rel_vs_eta_phi_slice_31_37'
17:42:27    RootTrackPar   DEBUG     Failed to fit initial Gaussian to 'pull_qopt_rel_vs_eta_phi_slice_31_38'
17:42:27    RootTrackPar   DEBUG     Failed to fit initial Gaussian to 'pull_qopt_rel_vs_eta_phi_slice_32_6'
17:42:27    RootTrackPar   DEBUG     Failed to fit initial Gaussian to 'pull_qopt_rel_vs_eta_phi_slice_32_12'
17:42:27    RootTrackPar   DEBUG     Failed to fit initial Gaussian to 'pull_qopt_rel_vs_eta_phi_slice_32_31'
Warning in <Fit>: Fit data is empty 
17:42:27    RootTrackPar   DEBUG     Failed to fit iteration 0 Gaussian to 'pull_theta_vs_eta_phi_slice_7_15'
17:42:27    RootTrackPar   DEBUG     Failed to fit initial Gaussian to 'pull_theta_vs_eta_phi_slice_7_19'
Warning in <ROOT::Fit::FillData>: fit range is outside histogram range, no fit data for xaxis
Warning in <Fit>: Fit data is empty 
17:42:27    RootTrackPar   DEBUG     Failed to fit iteration 0 Gaussian to 'pull_theta_vs_eta_phi_slice_7_33'
17:42:27    RootTrackPar   DEBUG     Failed to fit initial Gaussian to 'pull_theta_vs_eta_phi_slice_7_34'
Warning in <ROOT::Fit::FillData>: fit range is outside histogram range, no fit data for xaxis
Warning in <Fit>: Fit data is empty 
17:42:27    RootTrackPar   DEBUG     Failed to fit iteration 0 Gaussian to 'pull_theta_vs_eta_phi_slice_7_37'
Warning in <Fit>: Fit data is empty 
17:42:27    RootTrackPar   DEBUG     Failed to fit iteration 0 Gaussian to 'pull_theta_vs_eta_phi_slice_7_39'
17:42:27    RootTrackPar   DEBUG     Failed to fit initial Gaussian to 'pull_theta_vs_eta_phi_slice_8_19'
17:42:27    RootTrackPar   DEBUG     Failed to fit initial Gaussian to 'pull_theta_vs_eta_phi_slice_8_39'
17:42:27    RootTrackPar   DEBUG     Failed to fit initial Gaussian to 'pull_theta_vs_eta_phi_slice_9_2'
17:42:27    RootTrackPar   DEBUG     Failed to fit initial Gaussian to 'pull_theta_vs_eta_phi_slice_9_3'
17:42:27    RootTrackPar   DEBUG     Failed to fit initial Gaussian to 'pull_theta_vs_eta_phi_slice_9_11'
17:42:27    RootTrackPar   DEBUG     Failed to fit initial Gaussian to 'pull_theta_vs_eta_phi_slice_9_15'
17:42:27    RootTrackPar   DEBUG     Failed to fit initial Gaussian to 'pull_theta_vs_eta_phi_slice_9_23'
17:42:27    RootTrackPar   DEBUG     Failed to fit initial Gaussian to 'pull_theta_vs_eta_phi_slice_9_33'
Warning in <ROOT::Fit::FillData>: fit range is outside histogram range, no fit data for xaxis
Warning in <Fit>: Fit data is empty 
17:42:27    RootTrackPar   DEBUG     Failed to fit iteration 0 Gaussian to 'pull_theta_vs_eta_phi_slice_9_38'
17:42:27    RootTrackPar   DEBUG     Failed to fit initial Gaussian to 'pull_theta_vs_eta_phi_slice_11_22'
17:42:27    RootTrackPar   DEBUG     Failed to fit initial Gaussian to 'pull_theta_vs_eta_phi_slice_11_30'
Warning in <Fit>: Fit data is empty 
17:42:27    RootTrackPar   DEBUG     Failed to fit iteration 0 Gaussian to 'pull_theta_vs_eta_phi_slice_11_37'
17:42:27    RootTrackPar   DEBUG     Failed to fit initial Gaussian to 'pull_theta_vs_eta_phi_slice_12_14'
17:42:27    RootTrackPar   DEBUG     Failed to fit initial Gaussian to 'pull_theta_vs_eta_phi_slice_12_16'
17:42:27    RootTrackPar   DEBUG     Failed to fit initial Gaussian to 'pull_theta_vs_eta_phi_slice_13_15'
17:42:27    RootTrackPar   DEBUG     Failed to fit initial Gaussian to 'pull_theta_vs_eta_phi_slice_13_24'
17:42:27    RootTrackPar   DEBUG     Failed to fit initial Gaussian to 'pull_theta_vs_eta_phi_slice_13_31'
17:42:27    RootTrackPar   DEBUG     Failed to fit initial Gaussian to 'pull_theta_vs_eta_phi_slice_15_14'
17:42:27    RootTrackPar   DEBUG     Failed to fit initial Gaussian to 'pull_theta_vs_eta_phi_slice_15_17'
17:42:27    RootTrackPar   DEBUG     Failed to fit initial Gaussian to 'pull_theta_vs_eta_phi_slice_15_21'
17:42:27    RootTrackPar   DEBUG     Failed to fit initial Gaussian to 'pull_theta_vs_eta_phi_slice_15_25'
17:42:27    RootTrackPar   DEBUG     Failed to fit initial Gaussian to 'pull_theta_vs_eta_phi_slice_15_27'
17:42:27    RootTrackPar   DEBUG     Failed to fit initial Gaussian to 'pull_theta_vs_eta_phi_slice_16_21'
17:42:27    RootTrackPar   DEBUG     Failed to fit initial Gaussian to 'pull_theta_vs_eta_phi_slice_16_23'
17:42:27    RootTrackPar   DEBUG     Failed to fit initial Gaussian to 'pull_theta_vs_eta_phi_slice_16_24'
17:42:27    RootTrackPar   DEBUG     Failed to fit initial Gaussian to 'pull_theta_vs_eta_phi_slice_16_26'
17:42:27    RootTrackPar   DEBUG     Failed to fit initial Gaussian to 'pull_theta_vs_eta_phi_slice_16_27'
Warning in <Fit>: Fit data is empty 
17:42:27    RootTrackPar   DEBUG     Failed to fit iteration 0 Gaussian to 'pull_theta_vs_eta_phi_slice_16_33'
17:42:27    RootTrackPar   DEBUG     Failed to fit initial Gaussian to 'pull_theta_vs_eta_phi_slice_17_8'
17:42:27    RootTrackPar   DEBUG     Failed to fit initial Gaussian to 'pull_theta_vs_eta_phi_slice_17_21'
17:42:27    RootTrackPar   DEBUG     Failed to fit initial Gaussian to 'pull_theta_vs_eta_phi_slice_17_27'
Warning in <ROOT::Fit::FillData>: fit range is outside histogram range, no fit data for xaxis
Warning in <Fit>: Fit data is empty 
17:42:27    RootTrackPar   DEBUG     Failed to fit iteration 0 Gaussian to 'pull_theta_vs_eta_phi_slice_17_31'
17:42:27    RootTrackPar   DEBUG     Failed to fit initial Gaussian to 'pull_theta_vs_eta_phi_slice_17_39'
17:42:27    RootTrackPar   DEBUG     Failed to fit initial Gaussian to 'pull_theta_vs_eta_phi_slice_18_5'
Warning in <Fit>: Fit data is empty 
17:42:27    RootTrackPar   DEBUG     Failed to fit iteration 0 Gaussian to 'pull_theta_vs_eta_phi_slice_18_9'
17:42:27    RootTrackPar   DEBUG     Failed to fit initial Gaussian to 'pull_theta_vs_eta_phi_slice_18_10'
17:42:27    RootTrackPar   DEBUG     Failed to fit iteration 0 Gaussian to 'pull_theta_vs_eta_phi_slice_18_17'
17:42:27    RootTrackPar   DEBUG     Failed to fit initial Gaussian to 'pull_theta_vs_eta_phi_slice_18_31'
17:42:27    RootTrackPar   DEBUG     Failed to fit initial Gaussian to 'pull_theta_vs_eta_phi_slice_19_5'
17:42:27    RootTrackPar   DEBUG     Failed to fit initial Gaussian to 'pull_theta_vs_eta_phi_slice_19_9'
Warning in <Fit>: Fit data is empty 
17:42:27    RootTrackPar   DEBUG     Failed to fit iteration 0 Gaussian to 'pull_theta_vs_eta_phi_slice_19_36'
17:42:27    RootTrackPar   DEBUG     Failed to fit iteration 0 Gaussian to 'pull_theta_vs_eta_phi_slice_20_15'
17:42:27    RootTrackPar   DEBUG     Failed to fit initial Gaussian to 'pull_theta_vs_eta_phi_slice_20_22'
17:42:27    RootTrackPar   DEBUG     Failed to fit initial Gaussian to 'pull_theta_vs_eta_phi_slice_21_23'
17:42:27    RootTrackPar   DEBUG     Failed to fit initial Gaussian to 'pull_theta_vs_eta_phi_slice_21_25'
17:42:27    RootTrackPar   DEBUG     Failed to fit initial Gaussian to 'pull_theta_vs_eta_phi_slice_22_2'
17:42:27    RootTrackPar   DEBUG     Failed to fit initial Gaussian to 'pull_theta_vs_eta_phi_slice_22_6'
17:42:27    RootTrackPar   DEBUG     Failed to fit initial Gaussian to 'pull_theta_vs_eta_phi_slice_22_8'
17:42:27    RootTrackPar   DEBUG     Failed to fit iteration 0 Gaussian to 'pull_theta_vs_eta_phi_slice_22_10'
17:42:27    RootTrackPar   DEBUG     Failed to fit initial Gaussian to 'pull_theta_vs_eta_phi_slice_22_11'
17:42:27    RootTrackPar   DEBUG     Failed to fit initial Gaussian to 'pull_theta_vs_eta_phi_slice_22_14'
17:42:27    RootTrackPar   DEBUG     Failed to fit iteration 0 Gaussian to 'pull_theta_vs_eta_phi_slice_22_19'
17:42:27    RootTrackPar   DEBUG     Failed to fit initial Gaussian to 'pull_theta_vs_eta_phi_slice_22_22'
17:42:27    RootTrackPar   DEBUG     Failed to fit iteration 0 Gaussian to 'pull_theta_vs_eta_phi_slice_22_25'
17:42:27    RootTrackPar   DEBUG     Failed to fit initial Gaussian to 'pull_theta_vs_eta_phi_slice_22_28'
17:42:27    RootTrackPar   DEBUG     Failed to fit initial Gaussian to 'pull_theta_vs_eta_phi_slice_22_32'
17:42:27    RootTrackPar   DEBUG     Failed to fit initial Gaussian to 'pull_theta_vs_eta_phi_slice_22_38'
17:42:27    RootTrackPar   DEBUG     Failed to fit initial Gaussian to 'pull_theta_vs_eta_phi_slice_23_8'
17:42:27    RootTrackPar   DEBUG     Failed to fit initial Gaussian to 'pull_theta_vs_eta_phi_slice_23_15'
17:42:27    RootTrackPar   DEBUG     Failed to fit initial Gaussian to 'pull_theta_vs_eta_phi_slice_24_0'
17:42:27    RootTrackPar   DEBUG     Failed to fit initial Gaussian to 'pull_theta_vs_eta_phi_slice_24_4'
17:42:27    RootTrackPar   DEBUG     Failed to fit initial Gaussian to 'pull_theta_vs_eta_phi_slice_24_9'
17:42:27    RootTrackPar   DEBUG     Failed to fit initial Gaussian to 'pull_theta_vs_eta_phi_slice_24_12'
17:42:27    RootTrackPar   DEBUG     Failed to fit initial Gaussian to 'pull_theta_vs_eta_phi_slice_24_14'
17:42:27    RootTrackPar   DEBUG     Failed to fit initial Gaussian to 'pull_theta_vs_eta_phi_slice_24_19'
17:42:27    RootTrackPar   DEBUG     Failed to fit initial Gaussian to 'pull_theta_vs_eta_phi_slice_25_24'
17:42:27    RootTrackPar   DEBUG     Failed to fit initial Gaussian to 'pull_theta_vs_eta_phi_slice_25_36'
17:42:27    RootTrackPar   DEBUG     Failed to fit initial Gaussian to 'pull_theta_vs_eta_phi_slice_26_1'
Warning in <Fit>: Fit data is empty 
17:42:27    RootTrackPar   DEBUG     Failed to fit iteration 0 Gaussian to 'pull_theta_vs_eta_phi_slice_26_17'
17:42:27    RootTrackPar   DEBUG     Failed to fit initial Gaussian to 'pull_theta_vs_eta_phi_slice_26_29'
17:42:27    RootTrackPar   DEBUG     Failed to fit initial Gaussian to 'pull_theta_vs_eta_phi_slice_26_33'
17:42:27    RootTrackPar   DEBUG     Failed to fit initial Gaussian to 'pull_theta_vs_eta_phi_slice_27_2'
17:42:27    RootTrackPar   DEBUG     Failed to fit iteration 1 Gaussian to 'pull_theta_vs_eta_phi_slice_27_4'
17:42:27    RootTrackPar   DEBUG     Failed to fit initial Gaussian to 'pull_theta_vs_eta_phi_slice_27_33'
Warning in <Fit>: Fit data is empty 
17:42:27    RootTrackPar   DEBUG     Failed to fit iteration 0 Gaussian to 'pull_theta_vs_eta_phi_slice_28_8'
17:42:27    RootTrackPar   DEBUG     Failed to fit initial Gaussian to 'pull_theta_vs_eta_phi_slice_28_22'
17:42:27    RootTrackPar   DEBUG     Failed to fit initial Gaussian to 'pull_theta_vs_eta_phi_slice_30_0'
17:42:27    RootTrackPar   DEBUG     Failed to fit initial Gaussian to 'pull_theta_vs_eta_phi_slice_30_8'
17:42:27    RootTrackPar   DEBUG     Failed to fit initial Gaussian to 'pull_theta_vs_eta_phi_slice_30_13'
Warning in <Fit>: Fit data is empty 
17:42:27    RootTrackPar   DEBUG     Failed to fit iteration 0 Gaussian to 'pull_theta_vs_eta_phi_slice_31_5'
17:42:27    RootTrackPar   DEBUG     Failed to fit initial Gaussian to 'pull_theta_vs_eta_phi_slice_31_21'
17:42:27    RootTrackPar   DEBUG     Failed to fit initial Gaussian to 'pull_theta_vs_eta_phi_slice_31_38'
Warning in <Fit>: Fit data is empty 
17:42:27    RootTrackPar   DEBUG     Failed to fit iteration 1 Gaussian to 'pull_theta_vs_eta_phi_slice_32_6'
17:42:27    RootTrackPar   DEBUG     Failed to fit initial Gaussian to 'pull_theta_vs_eta_phi_slice_32_25'
17:42:27    RootTrackPar   DEBUG     Failed to fit initial Gaussian to 'pull_theta_vs_eta_phi_slice_32_31'
17:42:27    RootTrackPar   DEBUG     Failed to fit initial Gaussian to 'pull_z0_vs_eta_phi_slice_7_15'
Warning in <Fit>: Fit data is empty 
17:42:27    RootTrackPar   DEBUG     Failed to fit iteration 0 Gaussian to 'pull_z0_vs_eta_phi_slice_7_39'
17:42:27    RootTrackPar   DEBUG     Failed to fit initial Gaussian to 'pull_z0_vs_eta_phi_slice_8_16'
17:42:27    RootTrackPar   DEBUG     Failed to fit initial Gaussian to 'pull_z0_vs_eta_phi_slice_8_19'
Warning in <ROOT::Fit::FillData>: fit range is outside histogram range, no fit data for xaxis
Warning in <Fit>: Fit data is empty 
17:42:27    RootTrackPar   DEBUG     Failed to fit iteration 0 Gaussian to 'pull_z0_vs_eta_phi_slice_8_34'
17:42:27    RootTrackPar   DEBUG     Failed to fit initial Gaussian to 'pull_z0_vs_eta_phi_slice_8_37'
17:42:27    RootTrackPar   DEBUG     Failed to fit initial Gaussian to 'pull_z0_vs_eta_phi_slice_9_2'
17:42:27    RootTrackPar   DEBUG     Failed to fit initial Gaussian to 'pull_z0_vs_eta_phi_slice_9_3'
17:42:27    RootTrackPar   DEBUG     Failed to fit initial Gaussian to 'pull_z0_vs_eta_phi_slice_9_19'
17:42:27    RootTrackPar   DEBUG     Failed to fit initial Gaussian to 'pull_z0_vs_eta_phi_slice_9_24'
17:42:27    RootTrackPar   DEBUG     Failed to fit initial Gaussian to 'pull_z0_vs_eta_phi_slice_9_33'
17:42:27    RootTrackPar   DEBUG     Failed to fit initial Gaussian to 'pull_z0_vs_eta_phi_slice_10_7'
17:42:27    RootTrackPar   DEBUG     Failed to fit initial Gaussian to 'pull_z0_vs_eta_phi_slice_11_21'
17:42:27    RootTrackPar   DEBUG     Failed to fit initial Gaussian to 'pull_z0_vs_eta_phi_slice_11_22'
17:42:27    RootTrackPar   DEBUG     Failed to fit initial Gaussian to 'pull_z0_vs_eta_phi_slice_11_25'
17:42:27    RootTrackPar   DEBUG     Failed to fit initial Gaussian to 'pull_z0_vs_eta_phi_slice_11_30'
17:42:27    RootTrackPar   DEBUG     Failed to fit initial Gaussian to 'pull_z0_vs_eta_phi_slice_12_3'
17:42:27    RootTrackPar   DEBUG     Failed to fit initial Gaussian to 'pull_z0_vs_eta_phi_slice_13_15'
Warning in <ROOT::Fit::FillData>: fit range is outside histogram range, no fit data for xaxis
Warning in <Fit>: Fit data is empty 
17:42:27    RootTrackPar   DEBUG     Failed to fit iteration 0 Gaussian to 'pull_z0_vs_eta_phi_slice_13_37'
17:42:27    RootTrackPar   DEBUG     Failed to fit initial Gaussian to 'pull_z0_vs_eta_phi_slice_14_3'
17:42:27    RootTrackPar   DEBUG     Failed to fit initial Gaussian to 'pull_z0_vs_eta_phi_slice_14_4'
Warning in <ROOT::Fit::FillData>: fit range is outside histogram range, no fit data for xaxis
Warning in <Fit>: Fit data is empty 
17:42:27    RootTrackPar   DEBUG     Failed to fit iteration 0 Gaussian to 'pull_z0_vs_eta_phi_slice_14_17'
17:42:27    RootTrackPar   DEBUG     Failed to fit initial Gaussian to 'pull_z0_vs_eta_phi_slice_14_18'
17:42:27    RootTrackPar   DEBUG     Failed to fit iteration 0 Gaussian to 'pull_z0_vs_eta_phi_slice_14_23'
Warning in <Fit>: Fit data is empty 
17:42:27    RootTrackPar   DEBUG     Failed to fit iteration 0 Gaussian to 'pull_z0_vs_eta_phi_slice_14_25'
17:42:27    RootTrackPar   DEBUG     Failed to fit iteration 0 Gaussian to 'pull_z0_vs_eta_phi_slice_15_14'
17:42:27    RootTrackPar   DEBUG     Failed to fit initial Gaussian to 'pull_z0_vs_eta_phi_slice_15_25'
17:42:27    RootTrackPar   DEBUG     Failed to fit initial Gaussian to 'pull_z0_vs_eta_phi_slice_15_33'
17:42:27    RootTrackPar   DEBUG     Failed to fit initial Gaussian to 'pull_z0_vs_eta_phi_slice_16_0'
Warning in <ROOT::Fit::FillData>: fit range is outside histogram range, no fit data for xaxis
Warning in <Fit>: Fit data is empty 
17:42:27    RootTrackPar   DEBUG     Failed to fit iteration 0 Gaussian to 'pull_z0_vs_eta_phi_slice_16_5'
17:42:27    RootTrackPar   DEBUG     Failed to fit initial Gaussian to 'pull_z0_vs_eta_phi_slice_16_13'
17:42:27    RootTrackPar   DEBUG     Failed to fit initial Gaussian to 'pull_z0_vs_eta_phi_slice_16_23'
17:42:27    RootTrackPar   DEBUG     Failed to fit initial Gaussian to 'pull_z0_vs_eta_phi_slice_16_33'
17:42:27    RootTrackPar   DEBUG     Failed to fit initial Gaussian to 'pull_z0_vs_eta_phi_slice_17_2'
17:42:27    RootTrackPar   DEBUG     Failed to fit initial Gaussian to 'pull_z0_vs_eta_phi_slice_17_9'
17:42:27    RootTrackPar   DEBUG     Failed to fit initial Gaussian to 'pull_z0_vs_eta_phi_slice_17_10'
17:42:27    RootTrackPar   DEBUG     Failed to fit initial Gaussian to 'pull_z0_vs_eta_phi_slice_17_21'
17:42:27    RootTrackPar   DEBUG     Failed to fit initial Gaussian to 'pull_z0_vs_eta_phi_slice_17_27'
17:42:27    RootTrackPar   DEBUG     Failed to fit initial Gaussian to 'pull_z0_vs_eta_phi_slice_17_31'
17:42:27    RootTrackPar   DEBUG     Failed to fit initial Gaussian to 'pull_z0_vs_eta_phi_slice_17_39'
17:42:27    RootTrackPar   DEBUG     Failed to fit initial Gaussian to 'pull_z0_vs_eta_phi_slice_18_5'
17:42:27    RootTrackPar   DEBUG     Failed to fit initial Gaussian to 'pull_z0_vs_eta_phi_slice_18_10'
Warning in <ROOT::Fit::FillData>: fit range is outside histogram range, no fit data for xaxis
Warning in <Fit>: Fit data is empty 
17:42:27    RootTrackPar   DEBUG     Failed to fit iteration 0 Gaussian to 'pull_z0_vs_eta_phi_slice_18_25'
17:42:27    RootTrackPar   DEBUG     Failed to fit iteration 0 Gaussian to 'pull_z0_vs_eta_phi_slice_19_4'
Warning in <Fit>: Fit data is empty 
17:42:27    RootTrackPar   DEBUG     Failed to fit iteration 0 Gaussian to 'pull_z0_vs_eta_phi_slice_19_5'
17:42:27    RootTrackPar   DEBUG     Failed to fit initial Gaussian to 'pull_z0_vs_eta_phi_slice_20_3'
17:42:27    RootTrackPar   DEBUG     Failed to fit initial Gaussian to 'pull_z0_vs_eta_phi_slice_20_4'
Warning in <Fit>: Fit data is empty 
17:42:27    RootTrackPar   DEBUG     Failed to fit iteration 0 Gaussian to 'pull_z0_vs_eta_phi_slice_20_12'
17:42:27    RootTrackPar   DEBUG     Failed to fit iteration 0 Gaussian to 'pull_z0_vs_eta_phi_slice_20_15'
17:42:27    RootTrackPar   DEBUG     Failed to fit iteration 0 Gaussian to 'pull_z0_vs_eta_phi_slice_20_23'
17:42:27    RootTrackPar   DEBUG     Failed to fit initial Gaussian to 'pull_z0_vs_eta_phi_slice_20_25'
Warning in <Fit>: Fit data is empty 
17:42:27    RootTrackPar   DEBUG     Failed to fit iteration 0 Gaussian to 'pull_z0_vs_eta_phi_slice_21_10'
17:42:27    RootTrackPar   DEBUG     Failed to fit initial Gaussian to 'pull_z0_vs_eta_phi_slice_21_14'
17:42:27    RootTrackPar   DEBUG     Failed to fit initial Gaussian to 'pull_z0_vs_eta_phi_slice_21_23'
17:42:27    RootTrackPar   DEBUG     Failed to fit initial Gaussian to 'pull_z0_vs_eta_phi_slice_21_25'
17:42:27    RootTrackPar   DEBUG     Failed to fit initial Gaussian to 'pull_z0_vs_eta_phi_slice_21_26'
17:42:27    RootTrackPar   DEBUG     Failed to fit initial Gaussian to 'pull_z0_vs_eta_phi_slice_22_2'
17:42:27    RootTrackPar   DEBUG     Failed to fit initial Gaussian to 'pull_z0_vs_eta_phi_slice_22_16'
17:42:27    RootTrackPar   DEBUG     Failed to fit initial Gaussian to 'pull_z0_vs_eta_phi_slice_22_24'
17:42:27    RootTrackPar   DEBUG     Failed to fit initial Gaussian to 'pull_z0_vs_eta_phi_slice_22_27'
17:42:27    RootTrackPar   DEBUG     Failed to fit initial Gaussian to 'pull_z0_vs_eta_phi_slice_22_28'
17:42:27    RootTrackPar   DEBUG     Failed to fit initial Gaussian to 'pull_z0_vs_eta_phi_slice_22_32'
17:42:27    RootTrackPar   DEBUG     Failed to fit initial Gaussian to 'pull_z0_vs_eta_phi_slice_22_38'
17:42:27    RootTrackPar   DEBUG     Failed to fit initial Gaussian to 'pull_z0_vs_eta_phi_slice_22_39'
17:42:27    RootTrackPar   DEBUG     Failed to fit initial Gaussian to 'pull_z0_vs_eta_phi_slice_23_29'
17:42:27    RootTrackPar   DEBUG     Failed to fit initial Gaussian to 'pull_z0_vs_eta_phi_slice_24_0'
17:42:27    RootTrackPar   DEBUG     Failed to fit initial Gaussian to 'pull_z0_vs_eta_phi_slice_24_7'
17:42:27    RootTrackPar   DEBUG     Failed to fit initial Gaussian to 'pull_z0_vs_eta_phi_slice_24_9'
17:42:27    RootTrackPar   DEBUG     Failed to fit initial Gaussian to 'pull_z0_vs_eta_phi_slice_24_14'
Warning in <Fit>: Fit data is empty 
17:42:27    RootTrackPar   DEBUG     Failed to fit iteration 0 Gaussian to 'pull_z0_vs_eta_phi_slice_24_24'
Warning in <Fit>: Fit data is empty 
17:42:27    RootTrackPar   DEBUG     Failed to fit iteration 0 Gaussian to 'pull_z0_vs_eta_phi_slice_24_37'
17:42:27    RootTrackPar   DEBUG     Failed to fit initial Gaussian to 'pull_z0_vs_eta_phi_slice_25_14'
17:42:27    RootTrackPar   DEBUG     Failed to fit initial Gaussian to 'pull_z0_vs_eta_phi_slice_25_33'
17:42:27    RootTrackPar   DEBUG     Failed to fit initial Gaussian to 'pull_z0_vs_eta_phi_slice_26_1'
17:42:27    RootTrackPar   DEBUG     Failed to fit initial Gaussian to 'pull_z0_vs_eta_phi_slice_26_4'
17:42:27    RootTrackPar   DEBUG     Failed to fit initial Gaussian to 'pull_z0_vs_eta_phi_slice_26_6'
17:42:27    RootTrackPar   DEBUG     Failed to fit initial Gaussian to 'pull_z0_vs_eta_phi_slice_26_10'
17:42:27    RootTrackPar   DEBUG     Failed to fit initial Gaussian to 'pull_z0_vs_eta_phi_slice_26_17'
17:42:27    RootTrackPar   DEBUG     Failed to fit initial Gaussian to 'pull_z0_vs_eta_phi_slice_26_29'
17:42:27    RootTrackPar   DEBUG     Failed to fit initial Gaussian to 'pull_z0_vs_eta_phi_slice_26_35'
Warning in <ROOT::Fit::FillData>: fit range is outside histogram range, no fit data for xaxis
Warning in <Fit>: Fit data is empty 
17:42:27    RootTrackPar   DEBUG     Failed to fit iteration 0 Gaussian to 'pull_z0_vs_eta_phi_slice_27_6'
17:42:27    RootTrackPar   DEBUG     Failed to fit initial Gaussian to 'pull_z0_vs_eta_phi_slice_27_29'
17:42:27    RootTrackPar   DEBUG     Failed to fit initial Gaussian to 'pull_z0_vs_eta_phi_slice_28_8'
17:42:27    RootTrackPar   DEBUG     Failed to fit initial Gaussian to 'pull_z0_vs_eta_phi_slice_30_0'
17:42:27    RootTrackPar   DEBUG     Failed to fit initial Gaussian to 'pull_z0_vs_eta_phi_slice_30_19'
17:42:27    RootTrackPar   DEBUG     Failed to fit initial Gaussian to 'pull_z0_vs_eta_phi_slice_30_26'
17:42:27    RootTrackPar   DEBUG     Failed to fit initial Gaussian to 'pull_z0_vs_eta_phi_slice_30_30'
17:42:27    RootTrackPar   DEBUG     Failed to fit initial Gaussian to 'pull_z0_vs_eta_phi_slice_30_37'
Warning in <Fit>: Fit data is empty 
17:42:27    RootTrackPar   DEBUG     Failed to fit iteration 0 Gaussian to 'pull_z0_vs_eta_phi_slice_31_0'
17:42:27    RootTrackPar   DEBUG     Failed to fit initial Gaussian to 'pull_z0_vs_eta_phi_slice_31_16'
17:42:27    RootTrackPar   DEBUG     Failed to fit initial Gaussian to 'pull_z0_vs_eta_phi_slice_31_21'
Warning in <Fit>: Fit data is empty 
17:42:27    RootTrackPar   DEBUG     Failed to fit iteration 0 Gaussian to 'pull_z0_vs_eta_phi_slice_31_36'
17:42:27    RootTrackPar   DEBUG     Failed to fit initial Gaussian to 'pull_z0_vs_eta_phi_slice_31_38'
17:42:27    RootTrackPar   DEBUG     Failed to fit initial Gaussian to 'pull_z0_vs_eta_phi_slice_32_25'
17:42:27    RootTrackPar   DEBUG     Failed to fit initial Gaussian to 'pull_z0_vs_eta_phi_slice_32_31'
17:42:27    RootTrackPar   DEBUG     Failed to fit initial Gaussian to 'pull_d0_vs_eta_pT_slice_7_1'
Warning in <ROOT::Fit::FillData>: fit range is outside histogram range, no fit data for xaxis
Warning in <Fit>: Fit data is empty 
17:42:27    RootTrackPar   DEBUG     Failed to fit iteration 0 Gaussian to 'pull_d0_vs_eta_pT_slice_8_3'
17:42:27    RootTrackPar   DEBUG     Failed to fit initial Gaussian to 'pull_d0_vs_eta_pT_slice_12_0'
17:42:27    RootTrackPar   DEBUG     Failed to fit initial Gaussian to 'pull_d0_vs_eta_pT_slice_15_2'
17:42:27    RootTrackPar   DEBUG     Failed to fit initial Gaussian to 'pull_d0_vs_eta_pT_slice_25_0'
17:42:27    RootTrackPar   DEBUG     Failed to fit initial Gaussian to 'pull_d0_vs_eta_pT_slice_26_0'
17:42:27    RootTrackPar   DEBUG     Failed to fit initial Gaussian to 'pull_d0_vs_eta_pT_slice_28_0'
17:42:27    RootTrackPar   DEBUG     Failed to fit iteration 0 Gaussian to 'pull_d0_vs_eta_pT_slice_31_0'
17:42:27    RootTrackPar   DEBUG     Failed to fit initial Gaussian to 'pull_phi_vs_eta_pT_slice_7_1'
17:42:27    RootTrackPar   DEBUG     Failed to fit initial Gaussian to 'pull_phi_vs_eta_pT_slice_8_1'
17:42:27    RootTrackPar   DEBUG     Failed to fit initial Gaussian to 'pull_phi_vs_eta_pT_slice_9_3'
17:42:27    RootTrackPar   DEBUG     Failed to fit initial Gaussian to 'pull_phi_vs_eta_pT_slice_11_0'
17:42:27    RootTrackPar   DEBUG     Failed to fit iteration 1 Gaussian to 'pull_phi_vs_eta_pT_slice_11_2'
17:42:27    RootTrackPar   DEBUG     Failed to fit initial Gaussian to 'pull_phi_vs_eta_pT_slice_12_0'
17:42:27    RootTrackPar   DEBUG     Failed to fit initial Gaussian to 'pull_phi_vs_eta_pT_slice_15_0'
Warning in <ROOT::Fit::FillData>: fit range is outside histogram range, no fit data for xaxis
Warning in <Fit>: Fit data is empty 
17:42:27    RootTrackPar   DEBUG     Failed to fit iteration 0 Gaussian to 'pull_phi_vs_eta_pT_slice_20_0'
17:42:27    RootTrackPar   DEBUG     Failed to fit initial Gaussian to 'pull_phi_vs_eta_pT_slice_21_3'
17:42:27    RootTrackPar   DEBUG     Failed to fit initial Gaussian to 'pull_phi_vs_eta_pT_slice_24_3'
17:42:27    RootTrackPar   DEBUG     Failed to fit iteration 1 Gaussian to 'pull_phi_vs_eta_pT_slice_25_2'
17:42:27    RootTrackPar   DEBUG     Failed to fit initial Gaussian to 'pull_phi_vs_eta_pT_slice_27_3'
17:42:27    RootTrackPar   DEBUG     Failed to fit initial Gaussian to 'pull_phi_vs_eta_pT_slice_30_0'
17:42:27    RootTrackPar   DEBUG     Failed to fit initial Gaussian to 'pull_qop_vs_eta_pT_slice_15_3'
Warning in <Fit>: Fit data is empty 
17:42:27    RootTrackPar   DEBUG     Failed to fit iteration 0 Gaussian to 'pull_qop_vs_eta_pT_slice_19_0'
17:42:27    RootTrackPar   DEBUG     Failed to fit initial Gaussian to 'pull_qop_vs_eta_pT_slice_19_1'
17:42:27    RootTrackPar   DEBUG     Failed to fit initial Gaussian to 'pull_qop_vs_eta_pT_slice_22_1'
Warning in <ROOT::Fit::FillData>: fit range is outside histogram range, no fit data for xaxis
Warning in <Fit>: Fit data is empty 
17:42:27    RootTrackPar   DEBUG     Failed to fit iteration 0 Gaussian to 'pull_qop_vs_eta_pT_slice_24_2'
17:42:27    RootTrackPar   DEBUG     Failed to fit initial Gaussian to 'pull_qop_vs_eta_pT_slice_24_3'
17:42:27    RootTrackPar   DEBUG     Failed to fit initial Gaussian to 'pull_qop_vs_eta_pT_slice_27_3'
17:42:27    RootTrackPar   DEBUG     Failed to fit initial Gaussian to 'pull_qop_vs_eta_pT_slice_29_0'
Warning in <Fit>: Fit data is empty 
17:42:27    RootTrackPar   DEBUG     Failed to fit iteration 0 Gaussian to 'pull_qop_vs_eta_pT_slice_31_2'
17:42:27    RootTrackPar   DEBUG     Failed to fit initial Gaussian to 'pull_qop_vs_eta_pT_slice_31_3'
17:42:27    RootTrackPar   DEBUG     Failed to fit initial Gaussian to 'pull_qop_vs_eta_pT_slice_32_0'
17:42:27    RootTrackPar   DEBUG     Failed to fit initial Gaussian to 'pull_qopt_vs_eta_pT_slice_7_0'
17:42:27    RootTrackPar   DEBUG     Failed to fit initial Gaussian to 'pull_qopt_vs_eta_pT_slice_7_1'
17:42:27    RootTrackPar   DEBUG     Failed to fit initial Gaussian to 'pull_qopt_vs_eta_pT_slice_11_1'
17:42:27    RootTrackPar   DEBUG     Failed to fit initial Gaussian to 'pull_qopt_vs_eta_pT_slice_14_3'
17:42:27    RootTrackPar   DEBUG     Failed to fit initial Gaussian to 'pull_qopt_vs_eta_pT_slice_16_0'
17:42:27    RootTrackPar   DEBUG     Failed to fit iteration 1 Gaussian to 'pull_qopt_vs_eta_pT_slice_19_2'
17:42:27    RootTrackPar   DEBUG     Failed to fit initial Gaussian to 'pull_qopt_vs_eta_pT_slice_22_1'
17:42:27    RootTrackPar   DEBUG     Failed to fit initial Gaussian to 'pull_qopt_vs_eta_pT_slice_24_2'
17:42:27    RootTrackPar   DEBUG     Failed to fit initial Gaussian to 'pull_qopt_vs_eta_pT_slice_24_3'
17:42:27    RootTrackPar   DEBUG     Failed to fit iteration 0 Gaussian to 'pull_qopt_vs_eta_pT_slice_26_1'
17:42:27    RootTrackPar   DEBUG     Failed to fit initial Gaussian to 'pull_qopt_vs_eta_pT_slice_27_3'
17:42:27    RootTrackPar   DEBUG     Failed to fit initial Gaussian to 'pull_qopt_vs_eta_pT_slice_29_0'
17:42:27    RootTrackPar   DEBUG     Failed to fit initial Gaussian to 'pull_qopt_vs_eta_pT_slice_31_0'
17:42:27    RootTrackPar   DEBUG     Failed to fit initial Gaussian to 'pull_qopt_vs_eta_pT_slice_31_3'
17:42:27    RootTrackPar   DEBUG     Failed to fit initial Gaussian to 'pull_qopt_vs_eta_pT_slice_32_1'
17:42:27    RootTrackPar   DEBUG     Failed to fit initial Gaussian to 'pull_qopt_rel_vs_eta_pT_slice_7_0'
17:42:27    RootTrackPar   DEBUG     Failed to fit initial Gaussian to 'pull_qopt_rel_vs_eta_pT_slice_7_1'
17:42:27    RootTrackPar   DEBUG     Failed to fit initial Gaussian to 'pull_qopt_rel_vs_eta_pT_slice_11_1'
17:42:27    RootTrackPar   DEBUG     Failed to fit initial Gaussian to 'pull_qopt_rel_vs_eta_pT_slice_14_3'
17:42:27    RootTrackPar   DEBUG     Failed to fit initial Gaussian to 'pull_qopt_rel_vs_eta_pT_slice_16_0'
17:42:27    RootTrackPar   DEBUG     Failed to fit iteration 1 Gaussian to 'pull_qopt_rel_vs_eta_pT_slice_19_2'
17:42:27    RootTrackPar   DEBUG     Failed to fit initial Gaussian to 'pull_qopt_rel_vs_eta_pT_slice_22_1'
17:42:27    RootTrackPar   DEBUG     Failed to fit initial Gaussian to 'pull_qopt_rel_vs_eta_pT_slice_24_2'
17:42:27    RootTrackPar   DEBUG     Failed to fit initial Gaussian to 'pull_qopt_rel_vs_eta_pT_slice_24_3'
17:42:27    RootTrackPar   DEBUG     Failed to fit iteration 0 Gaussian to 'pull_qopt_rel_vs_eta_pT_slice_26_1'
17:42:27    RootTrackPar   DEBUG     Failed to fit initial Gaussian to 'pull_qopt_rel_vs_eta_pT_slice_27_3'
17:42:27    RootTrackPar   DEBUG     Failed to fit initial Gaussian to 'pull_qopt_rel_vs_eta_pT_slice_29_0'
17:42:27    RootTrackPar   DEBUG     Failed to fit initial Gaussian to 'pull_qopt_rel_vs_eta_pT_slice_31_0'
17:42:27    RootTrackPar   DEBUG     Failed to fit initial Gaussian to 'pull_qopt_rel_vs_eta_pT_slice_31_3'
17:42:27    RootTrackPar   DEBUG     Failed to fit initial Gaussian to 'pull_qopt_rel_vs_eta_pT_slice_32_1'
Warning in <Fit>: Fit data is empty 
17:42:27    RootTrackPar   DEBUG     Failed to fit iteration 0 Gaussian to 'pull_theta_vs_eta_pT_slice_7_1'
17:42:27    RootTrackPar   DEBUG     Failed to fit initial Gaussian to 'pull_theta_vs_eta_pT_slice_17_3'
17:42:27    RootTrackPar   DEBUG     Failed to fit initial Gaussian to 'pull_theta_vs_eta_pT_slice_18_3'
17:42:27    RootTrackPar   DEBUG     Failed to fit initial Gaussian to 'pull_theta_vs_eta_pT_slice_20_0'
17:42:27    RootTrackPar   DEBUG     Failed to fit initial Gaussian to 'pull_theta_vs_eta_pT_slice_27_3'
17:42:27    RootTrackPar   DEBUG     Failed to fit iteration 1 Gaussian to 'pull_z0_vs_eta_pT_slice_10_0'
Warning in <Fit>: Fit data is empty 
17:42:27    RootTrackPar   DEBUG     Failed to fit iteration 0 Gaussian to 'pull_z0_vs_eta_pT_slice_11_2'
17:42:27    RootTrackPar   DEBUG     Failed to fit initial Gaussian to 'pull_z0_vs_eta_pT_slice_13_1'
17:42:27    RootTrackPar   DEBUG     Failed to fit initial Gaussian to 'pull_z0_vs_eta_pT_slice_17_2'
17:42:27    RootTrackPar   DEBUG     Failed to fit initial Gaussian to 'pull_z0_vs_eta_pT_slice_20_0'
17:42:27    RootTrackPar   DEBUG     Failed to fit initial Gaussian to 'pull_z0_vs_eta_pT_slice_21_0'
17:42:27    RootTrackPar   DEBUG     Failed to fit initial Gaussian to 'pull_z0_vs_eta_pT_slice_23_0'
Warning in <ROOT::Fit::FillData>: fit range is outside histogram range, no fit data for xaxis
Warning in <Fit>: Fit data is empty 
17:42:27    RootTrackPar   DEBUG     Failed to fit iteration 0 Gaussian to 'pull_z0_vs_eta_pT_slice_32_0'
17:42:27    RootTrackPar   INFO      Wrote performance plots to 'output/dbg/performance_fitting_rz.root:/'
17:42:27    RootPatternR   DEBUG     nTotaltracks                = 7234
17:42:27    RootPatternR   DEBUG     nTotalMatchedtracks         = 7221
17:42:27    RootPatternR   DEBUG     nTotalDuplicatetracks       = 5627
17:42:27    RootPatternR   DEBUG     nTotalFaketracks            = 0
17:42:27    RootPatternR   INFO      Efficiency with tracks (nMatchedtracks/nAlltracks) = 0.998203
17:42:27    RootPatternR   INFO      Fake ratio with tracks (nFaketracks/nAlltracks) = 0
17:42:27    RootPatternR   INFO      Duplicate ratio with tracks (nDuplicatetracks/nAlltracks) = 0.777855
17:42:27    RootPatternR   INFO      Efficiency with particles (nMatchedParticles/nTrueParticles) = 0.998747
17:42:27    RootPatternR   INFO      Fake ratio with particles (nFakeParticles/nTrueParticles) = 0
17:42:27    RootPatternR   INFO      Duplicate ratio with particles (nDuplicateParticles/nTrueParticles) = 0.965539
17:42:27    RootPatternR   INFO      Wrote performance plots to 'output/dbg/performance_finding_rz.root:/'
17:42:27    Sequencer      INFO      No unmasked FPEs encountered
17:42:27    Sequencer      INFO      Processed 200 events in 2.584177 s (wall clock)
17:42:27    Sequencer      INFO      Average time per event: 1.485810 ms/event
17:42:27    Sequencer      DEBUG     Average time per algorithm:
17:42:27    Sequencer      DEBUG       Reader:EventGenerator: 19.330000 us/event
17:42:27    Sequencer      DEBUG       Algorithm:HepMC3InputConverter: 34.985000 us/event
17:42:27    Sequencer      DEBUG       Algorithm:FatrasSimulation: 187.004000 us/event
17:42:27    Sequencer      DEBUG       Algorithm:DigitizationAlgorithm: 110.839000 us/event
17:42:27    Sequencer      DEBUG       Algorithm:ParticleSelector: 12.050000 us/event
17:42:27    Sequencer      DEBUG       Algorithm:SpacePointMaker: 21.953000 us/event
17:42:27    Sequencer      DEBUG       Algorithm:GridTripletSeedingAlgorithm: 31.552000 us/event
17:42:27    Sequencer      DEBUG       Algorithm:TrackParamsEstimationAlgorithm: 27.954000 us/event
17:42:27    Sequencer      DEBUG       Algorithm:SeedsToProtoTracks: 956.000000 ns/event
17:42:27    Sequencer      DEBUG       Algorithm:SeedsToTracks: 15.387000 us/event
17:42:27    Sequencer      DEBUG       Algorithm:TrackTruthMatcher: 8.881000 us/event
17:42:27    Sequencer      DEBUG       Writer:RootPatternRecognitionPerformanceWriter: 44.708000 us/event
17:42:27    Sequencer      DEBUG       Writer:RootTrackParameterWriter: 32.684000 us/event
17:42:27    Sequencer      DEBUG       Algorithm:RzTrackFindingAlgorithm: 691.025000 us/event
17:42:27    Sequencer      DEBUG       Algorithm:TrackTruthMatcher: 14.616000 us/event
17:42:27    Sequencer      DEBUG       Writer:RootTrackSummaryWriter: 69.709000 us/event
17:42:27    Sequencer      DEBUG       Writer:RootTrackParameterPerformanceWriter: 120.583000 us/event
17:42:27    Sequencer      DEBUG       Writer:RootPatternRecognitionPerformanceWriter: 41.583000 us/event
17:42:27    Sequencer      INFO      Timing breakdown:
| Algorithm                                      | Total Time (ms) | Time/Event (ms) | Fraction |
|:-----------------------------------------------|----------------:|----------------:|---------:|
| Algorithm:RzTrackFindingAlgorithm              |          138.21 |            0.69 |    46.5% |
| Algorithm:FatrasSimulation                     |           37.40 |            0.19 |    12.6% |
| Writer:RootTrackParameterPerformanceWriter     |           24.12 |            0.12 |     8.1% |
| Algorithm:DigitizationAlgorithm                |           22.17 |            0.11 |     7.5% |
| Writer:RootTrackSummaryWriter                  |           13.94 |            0.07 |     4.7% |
| Writer:RootPatternRecognitionPerformanceWriter |            8.94 |            0.04 |     3.0% |
| Writer:RootPatternRecognitionPerformanceWriter |            8.32 |            0.04 |     2.8% |
| Algorithm:HepMC3InputConverter                 |            7.00 |            0.03 |     2.4% |
| Writer:RootTrackParameterWriter                |            6.54 |            0.03 |     2.2% |
| Algorithm:GridTripletSeedingAlgorithm          |            6.31 |            0.03 |     2.1% |
| Algorithm:TrackParamsEstimationAlgorithm       |            5.59 |            0.03 |     1.9% |
| Algorithm:SpacePointMaker                      |            4.39 |            0.02 |     1.5% |
| Reader:EventGenerator                          |            3.87 |            0.02 |     1.3% |
| Algorithm:SeedsToTracks                        |            3.08 |            0.02 |     1.0% |
| Algorithm:TrackTruthMatcher                    |            2.92 |            0.01 |     1.0% |
| Algorithm:ParticleSelector                     |            2.41 |            0.01 |     0.8% |
| Algorithm:TrackTruthMatcher                    |            1.78 |            0.01 |     0.6% |
| Algorithm:SeedsToProtoTracks                   |            0.19 |            0.00 |     0.1% |
| TOTAL                                          |          297.16 |            1.49 |   100.0% |

