23:16:08    buildITkGeom   INFO      Adding material from /Users/andreas/cern/source/acts/acts-itk/itk-hgtd/material-maps-ITk-HGTD.json
Info in <TGeoManager::Import>: Reading geometry from file: /Users/andreas/cern/source/acts/acts-itk/itk-hgtd/ATLAS-ITk-HGTD.tgeo.root
Info in <TGeoManager::CloseGeometry>: Geometry loaded from file...
Info in <TGeoManager::SetTopVolume>: Top volume is BeamPipe__World. Master volume is BeamPipe__World
Info in <TGeoNavigator::BuildCache>: --- Maximum geometry depth set to 100
Info in <TGeoManager::CloseGeometry>: Voxelization retrieved from file
Info in <TGeoManager::CountLevels>: max level = 9, max placements = 46975
Info in <TGeoManager::CloseGeometry>: 233079 nodes/ 703 volume UID's in Geometry imported from GDML
Info in <TGeoManager::CloseGeometry>: ----------------modeler ready----------------
Warning in <TGeoMatrix::dtor>: Registered matrix ITkPixel__ITkPixelDetectorID was removed
Warning in <TGeoMatrix::dtor>: Registered matrix ITkPixel__ITkPixelDetectorID was removed
Warning in <TGeoMatrix::dtor>: Registered matrix ITkPixel__ITkPixelDetectorID was removed
Warning in <TGeoMatrix::dtor>: Registered matrix ITkPixel__ITkPixelDetectorID was removed
Warning in <TGeoMatrix::dtor>: Registered matrix ITkPixel__ITkPixelDetectorID was removed
Warning in <TGeoMatrix::dtor>: Registered matrix ITkPixel__ITkPixelDetectorID was removed
Warning in <TGeoMatrix::dtor>: Registered matrix ITkStrip__ITkStripID was removed
Warning in <TGeoMatrix::dtor>: Registered matrix ITkStrip__ITkStripID was removed
Warning in <TGeoMatrix::dtor>: Registered matrix ITkStrip__ITkStripID was removed
Warning in <TGeoMatrix::dtor>: Registered matrix HGTD__HGTDID was removed
Warning in <TGeoMatrix::dtor>: Registered matrix HGTD__HGTDID was removed
23:16:16    Sequencer      INFO      Create Sequencer (single-threaded)
23:16:16    Pythia8Gener   INFO      Pythia8Generator: init
23:16:16    Pythia8Gener   INFO      Pythia8Generator: init
23:16:19    Sequencer      INFO      Add Reader 'EventGenerator'
23:16:19    Sequencer      INFO      -> OutputEvent 'pythia8-event':
23:16:19    Sequencer      INFO         shared_ptr<HepMC3::GenEvent>
23:16:19    Sequencer      INFO      Add Algorithm 'HepMC3InputConverter'
23:16:19    Sequencer      INFO      <- InputEvent 'pythia8-event':
23:16:19    Sequencer      INFO         shared_ptr<HepMC3::GenEvent>
23:16:19    Sequencer      INFO      -> OutputParticles 'particles_generated':
23:16:19    Sequencer      INFO         flat_set<SimParticle, detail::CompareParticleId, void>
23:16:19    Sequencer      INFO      -> OutputVertices 'vertices_generated':
23:16:19    Sequencer      INFO         flat_set<SimVertex, detail::CompareVertexId, void>
23:16:19    Sequencer      INFO      Key 'particles_generated' aliased to 'particles'
23:16:19    Sequencer      INFO      Key 'vertices_generated' aliased to 'vertices_truth'
23:16:19    Sequencer      INFO      Key 'particles_generated' aliased to 'particles_generated_selected'
23:16:19    Sequencer      INFO      Add Algorithm 'FatrasSimulation'
23:16:19    Sequencer      INFO      <- InputParticles 'particles_generated_selected':
23:16:19    Sequencer      INFO         flat_set<SimParticle, detail::CompareParticleId, void>
23:16:19    Sequencer      INFO      -> OutputSimHits 'simhits':
23:16:19    Sequencer      INFO         flat_multiset<Hit, detail::CompareGeometryId, void>
23:16:19    Sequencer      INFO      -> OutputParticles 'particles_simulated':
23:16:19    Sequencer      INFO         flat_set<SimParticle, detail::CompareParticleId, void>
23:16:19    Sequencer      INFO      Key 'particles_simulated' aliased to 'particles'
23:16:19    Sequencer      INFO      Key 'particles_simulated' aliased to 'particles_simulated_selected'
23:16:19    Sequencer      INFO      Add Algorithm 'DigitizationAlgorithm'
23:16:19    Sequencer      INFO      <- InputHits 'simhits':
23:16:19    Sequencer      INFO         flat_multiset<Hit, detail::CompareGeometryId, void>
23:16:19    Sequencer      INFO      -> OutputMeasurements 'measurements':
23:16:19    Sequencer      INFO         MeasurementContainer
23:16:19    Sequencer      INFO      -> OutputMeasurementSubset 'measurement_subset':
23:16:19    Sequencer      INFO         MeasurementSubset
23:16:19    Sequencer      INFO      -> OutputClusters 'clusters':
23:16:19    Sequencer      INFO         vector<Cluster>
23:16:19    Sequencer      INFO      -> OutputMeasurementParticlesMap 'measurement_particles_map':
23:16:19    Sequencer      INFO         flat_multimap<unsigned int, Barcode, less<unsigned int>, void>
23:16:19    Sequencer      INFO      -> OutputMeasurementSimHitsMap 'measurement_simhits_map':
23:16:19    Sequencer      INFO         flat_multimap<unsigned int, unsigned int, less<unsigned int>, void>
23:16:19    Sequencer      INFO      -> OutputParticleMeasurementsMap 'particle_measurements_map':
23:16:19    Sequencer      INFO         flat_multimap<Barcode, unsigned int, less<Barcode>, void>
23:16:19    Sequencer      INFO      -> OutputSimHitMeasurementsMap 'simhit_measurements_map':
23:16:19    Sequencer      INFO         flat_multimap<unsigned int, unsigned int, less<unsigned int>, void>
23:16:19    Sequencer      INFO      Add Algorithm 'ParticleSelector'
23:16:19    Sequencer      INFO      <- InputParticles 'particles_simulated_selected':
23:16:19    Sequencer      INFO         flat_set<SimParticle, detail::CompareParticleId, void>
23:16:19    Sequencer      INFO      <- InputParticleMeasurementsMap 'particle_measurements_map':
23:16:19    Sequencer      INFO         flat_multimap<Barcode, unsigned int, less<Barcode>, void>
23:16:19    Sequencer      INFO      <- InputMeasurements 'measurements':
23:16:19    Sequencer      INFO         MeasurementContainer
23:16:19    Sequencer      INFO      -> OutputParticles 'tmp_particles_digitized_selected':
23:16:19    Sequencer      INFO         flat_set<SimParticle, detail::CompareParticleId, void>
23:16:19    Sequencer      INFO      Key 'tmp_particles_digitized_selected' aliased to 'particles_selected'
23:16:19    Sequencer      INFO      Key 'tmp_particles_digitized_selected' aliased to 'particles_digitized_selected'
23:16:19    Sequencer      INFO      Add Algorithm 'SpacePointMaker'
23:16:19    Sequencer      INFO      <- InputMeasurements 'measurement_subset':
23:16:19    Sequencer      INFO         MeasurementSubset
23:16:19    Sequencer      INFO      -> OutputSpacePoints 'spacepoints':
23:16:19    Sequencer      INFO         SpacePointContainer
23:16:19    addSeeding     INFO      Using grid triplet seeding
23:16:19    Sequencer      INFO      Add Algorithm 'GridTripletSeedingAlgorithm'
23:16:19    Sequencer      INFO      <- InputSpacePoints 'spacepoints':
23:16:19    Sequencer      INFO         SpacePointContainer
23:16:19    Sequencer      INFO      -> OutputSeeds 'seeds':
23:16:19    Sequencer      INFO         SeedContainer
23:16:19    Sequencer      INFO      Add Algorithm 'TrackParamsEstimationAlgorithm'
23:16:19    Sequencer      INFO      <- InputSeeds 'seeds':
23:16:19    Sequencer      INFO         SeedContainer
23:16:19    Sequencer      INFO      -> OutputTrackParameters 'estimatedparameters':
23:16:19    Sequencer      INFO         vector<BoundTrackParameters>
23:16:19    Sequencer      INFO      -> OutputSeeds 'estimatedseeds':
23:16:19    Sequencer      INFO         SeedContainer
23:16:19    Sequencer      INFO      Add Algorithm 'SeedsToProtoTracks'
23:16:19    Sequencer      INFO      <- InputSeeds 'estimatedseeds':
23:16:19    Sequencer      INFO         SeedContainer
23:16:19    Sequencer      INFO      -> OutputProtoTracks 'seed-protoTracks':
23:16:19    Sequencer      INFO         vector<small_vector<unsigned int, 3ul, void, void>>
23:16:19    Sequencer      INFO      Add Algorithm 'SeedsToTracks'
23:16:19    Sequencer      INFO      <- InputSeeds 'estimatedseeds':
23:16:19    Sequencer      INFO         SeedContainer
23:16:19    Sequencer      INFO      <- InputTrackParameters 'estimatedparameters':
23:16:19    Sequencer      INFO         vector<BoundTrackParameters>
23:16:19    Sequencer      INFO      -> OutputTracks 'seed-tracks':
23:16:19    Sequencer      INFO            TrackContainer<ConstVectorTrackContainer, ConstVectorMultiTrajectory, shared_ptr>
23:16:19    Sequencer      INFO      Add Algorithm 'TrackTruthMatcher'
23:16:19    Sequencer      INFO      <- InputTracks 'seed-tracks':
23:16:19    Sequencer      INFO            TrackContainer<ConstVectorTrackContainer, ConstVectorMultiTrajectory, shared_ptr>
23:16:19    Sequencer      INFO      <- InputParticles 'particles_selected':
23:16:19    Sequencer      INFO         flat_set<SimParticle, detail::CompareParticleId, void>
23:16:19    Sequencer      INFO      <- InputMeasurementParticlesMap 'measurement_particles_map':
23:16:19    Sequencer      INFO         flat_multimap<unsigned int, Barcode, less<unsigned int>, void>
23:16:19    Sequencer      INFO      -> OutputTrackParticleMatching 'seed_particle_matching':
23:16:19    Sequencer      INFO            map<unsigned int, TrackMatchEntry, less<unsigned int>, allocator<pair<unsigned int const, TrackMatchEntry>>>
23:16:19    Sequencer      INFO      -> OutputParticleTrackMatching 'particle_seed_matching':
23:16:19    Sequencer      INFO            map<Barcode, ParticleMatchEntry, less<Barcode>, allocator<pair<Barcode const, ParticleMatchEntry>>>
23:16:19    Sequencer      INFO      Add Writer 'RootPatternRecognitionPerformanceWriter'
23:16:19    Sequencer      INFO      <- InputHandle 'seed-tracks':
23:16:19    Sequencer      INFO            TrackContainer<ConstVectorTrackContainer, ConstVectorMultiTrajectory, shared_ptr>
23:16:19    Sequencer      INFO      <- InputParticles 'particles_selected':
23:16:19    Sequencer      INFO         flat_set<SimParticle, detail::CompareParticleId, void>
23:16:19    Sequencer      INFO      <- InputTrackParticleMatching 'seed_particle_matching':
23:16:19    Sequencer      INFO            map<unsigned int, TrackMatchEntry, less<unsigned int>, allocator<pair<unsigned int const, TrackMatchEntry>>>
23:16:19    Sequencer      INFO      <- InputParticleTrackMatching 'particle_seed_matching':
23:16:19    Sequencer      INFO            map<Barcode, ParticleMatchEntry, less<Barcode>, allocator<pair<Barcode const, ParticleMatchEntry>>>
23:16:19    Sequencer      INFO      <- InputParticleMeasurementsMap 'particle_measurements_map':
23:16:19    Sequencer      INFO         flat_multimap<Barcode, unsigned int, less<Barcode>, void>
23:16:19    Sequencer      INFO      Add Writer 'RootTrackParameterWriter'
23:16:19    Sequencer      INFO      <- InputHandle 'estimatedparameters':
23:16:19    Sequencer      INFO         vector<BoundTrackParameters>
23:16:19    Sequencer      INFO      <- InputProtoTracks 'seed-protoTracks':
23:16:19    Sequencer      INFO         vector<small_vector<unsigned int, 3ul, void, void>>
23:16:19    Sequencer      INFO      <- InputParticles 'particles':
23:16:19    Sequencer      INFO         flat_set<SimParticle, detail::CompareParticleId, void>
23:16:19    Sequencer      INFO      <- InputSimHits 'simhits':
23:16:19    Sequencer      INFO         flat_multiset<Hit, detail::CompareGeometryId, void>
23:16:19    Sequencer      INFO      <- InputMeasurementParticlesMap 'measurement_particles_map':
23:16:19    Sequencer      INFO         flat_multimap<unsigned int, Barcode, less<unsigned int>, void>
23:16:19    Sequencer      INFO      <- InputMeasurementSimHitsMap 'measurement_simhits_map':
23:16:19    Sequencer      INFO         flat_multimap<unsigned int, unsigned int, less<unsigned int>, void>
23:16:19    Sequencer      INFO      Add Algorithm 'TrackFindingAlgorithm'
23:16:19    Sequencer      INFO      <- InputMeasurements 'measurement_subset':
23:16:19    Sequencer      INFO         MeasurementSubset
23:16:19    Sequencer      INFO      <- InputInitialTrackParameters 'estimatedparameters':
23:16:19    Sequencer      INFO         vector<BoundTrackParameters>
23:16:19    Sequencer      INFO      -> OutputTracks 'ckf_tracks':
23:16:19    Sequencer      INFO            TrackContainer<ConstVectorTrackContainer, ConstVectorMultiTrajectory, shared_ptr>
23:16:19    Sequencer      INFO      Key 'ckf_tracks' aliased to 'tracks'
23:16:19    Sequencer      INFO      Add Algorithm 'TrackTruthMatcher'
23:16:19    Sequencer      INFO      <- InputTracks 'ckf_tracks':
23:16:19    Sequencer      INFO            TrackContainer<ConstVectorTrackContainer, ConstVectorMultiTrajectory, shared_ptr>
23:16:19    Sequencer      INFO      <- InputParticles 'particles_selected':
23:16:19    Sequencer      INFO         flat_set<SimParticle, detail::CompareParticleId, void>
23:16:19    Sequencer      INFO      <- InputMeasurementParticlesMap 'measurement_particles_map':
23:16:19    Sequencer      INFO         flat_multimap<unsigned int, Barcode, less<unsigned int>, void>
23:16:19    Sequencer      INFO      -> OutputTrackParticleMatching 'ckf_track_particle_matching':
23:16:19    Sequencer      INFO            map<unsigned int, TrackMatchEntry, less<unsigned int>, allocator<pair<unsigned int const, TrackMatchEntry>>>
23:16:19    Sequencer      INFO      -> OutputParticleTrackMatching 'ckf_particle_track_matching':
23:16:19    Sequencer      INFO            map<Barcode, ParticleMatchEntry, less<Barcode>, allocator<pair<Barcode const, ParticleMatchEntry>>>
23:16:19    Sequencer      INFO      Key 'ckf_track_particle_matching' aliased to 'track_particle_matching'
23:16:19    Sequencer      INFO      Key 'ckf_particle_track_matching' aliased to 'particle_track_matching'
23:16:19    Sequencer      INFO      Add Writer 'RootTrackSummaryWriter'
23:16:19    Sequencer      INFO      <- InputHandle 'ckf_tracks':
23:16:19    Sequencer      INFO            TrackContainer<ConstVectorTrackContainer, ConstVectorMultiTrajectory, shared_ptr>
23:16:19    Sequencer      INFO      <- InputParticles 'particles_selected':
23:16:19    Sequencer      INFO         flat_set<SimParticle, detail::CompareParticleId, void>
23:16:19    Sequencer      INFO      <- InputTrackParticleMatching 'track_particle_matching':
23:16:19    Sequencer      INFO            map<unsigned int, TrackMatchEntry, less<unsigned int>, allocator<pair<unsigned int const, TrackMatchEntry>>>
23:16:19    Sequencer      INFO      Add Writer 'RootTrackParameterPerformanceWriter'
23:16:19    Sequencer      INFO      <- InputHandle 'ckf_tracks':
23:16:19    Sequencer      INFO            TrackContainer<ConstVectorTrackContainer, ConstVectorMultiTrajectory, shared_ptr>
23:16:19    Sequencer      INFO      <- InputParticles 'particles_selected':
23:16:19    Sequencer      INFO         flat_set<SimParticle, detail::CompareParticleId, void>
23:16:19    Sequencer      INFO      <- InputTrackParticleMatching 'track_particle_matching':
23:16:19    Sequencer      INFO            map<unsigned int, TrackMatchEntry, less<unsigned int>, allocator<pair<unsigned int const, TrackMatchEntry>>>
23:16:19    Sequencer      INFO      Add Writer 'RootPatternRecognitionPerformanceWriter'
23:16:19    Sequencer      INFO      <- InputHandle 'ckf_tracks':
23:16:19    Sequencer      INFO            TrackContainer<ConstVectorTrackContainer, ConstVectorMultiTrajectory, shared_ptr>
23:16:19    Sequencer      INFO      <- InputParticles 'particles_selected':
23:16:19    Sequencer      INFO         flat_set<SimParticle, detail::CompareParticleId, void>
23:16:19    Sequencer      INFO      <- InputTrackParticleMatching 'track_particle_matching':
23:16:19    Sequencer      INFO            map<unsigned int, TrackMatchEntry, less<unsigned int>, allocator<pair<unsigned int const, TrackMatchEntry>>>
23:16:19    Sequencer      INFO      <- InputParticleTrackMatching 'particle_track_matching':
23:16:19    Sequencer      INFO            map<Barcode, ParticleMatchEntry, less<Barcode>, allocator<pair<Barcode const, ParticleMatchEntry>>>
23:16:19    Sequencer      INFO      <- InputParticleMeasurementsMap 'particle_measurements_map':
23:16:19    Sequencer      INFO         flat_multimap<Barcode, unsigned int, less<Barcode>, void>
23:16:19    Sequencer      INFO      Processing events [0, 5)
23:16:19    Sequencer      INFO      Starting event loop with 1 threads
23:16:19    Sequencer      INFO        0 context decorators
23:16:19    Sequencer      INFO        18 sequence elements
23:16:19    Sequencer      INFO        1 readers
23:16:19    Sequencer      INFO        12 algorithms
23:16:19    Sequencer      INFO        5 writers
23:16:22    FatrasSimula   ERROR     event 0 particle id=4233131731322660358(vp=1|vs=43|p=373|g=0|sp=0)|pdg=pi+|q=1|m=0.13957|p=64.7328 failed to simulate with error NavigatorError:3: No start volume could be resolved
23:16:22    FatrasSimula   ERROR     event 0 particle id=1829753509121970703(vp=1|vs=43|p=374|g=0|sp=0)|pdg=pi-|q=-1|m=0.13957|p=108.132 failed to simulate with error NavigatorError:3: No start volume could be resolved
23:16:22    FatrasSimula   ERROR     event 0 particle id=6046048789665919558(vp=1|vs=56|p=457|g=0|sp=0)|pdg=p|q=1|m=0.938272|p=1747.93 failed to simulate with error NavigatorError:3: No start volume could be resolved
23:16:22    FatrasSimula   ERROR     event 0 particle id=8948526053886914503(vp=1|vs=56|p=458|g=0|sp=0)|pdg=pi-|q=-1|m=0.13957|p=285.249 failed to simulate with error NavigatorError:3: No start volume could be resolved
23:16:22    FatrasSimula   ERROR     event 0 particle id=4678455901734708099(vp=4|vs=4|p=36|g=0|sp=0)|pdg=pi+|q=1|m=0.13957|p=33.3876 failed to simulate with error NavigatorError:3: No start volume could be resolved
23:16:22    FatrasSimula   ERROR     event 0 particle id=4672484013119881555(vp=4|vs=4|p=37|g=0|sp=0)|pdg=pi-|q=-1|m=0.13957|p=164.408 failed to simulate with error NavigatorError:3: No start volume could be resolved
23:16:22    FatrasSimula   ERROR     event 0 particle id=3004245644032008442(vp=5|vs=37|p=299|g=0|sp=0)|pdg=n|q=0|m=0.939565|p=289.431 failed to simulate with error NavigatorError:3: No start volume could be resolved
23:16:22    FatrasSimula   ERROR     event 0 particle id=13219164386609014953(vp=5|vs=38|p=300|g=0|sp=0)|pdg=gamma|q=0|m=0|p=2.06365 failed to simulate with error NavigatorError:3: No start volume could be resolved
23:16:22    FatrasSimula   ERROR     event 0 particle id=4177956431580762469(vp=5|vs=38|p=301|g=0|sp=0)|pdg=gamma|q=0|m=0|p=37.8891 failed to simulate with error NavigatorError:3: No start volume could be resolved
23:16:22    FatrasSimula   ERROR     event 0 particle id=7103813652778186335(vp=6|vs=10|p=90|g=0|sp=0)|pdg=pi+|q=1|m=0.13957|p=190.355 failed to simulate with error NavigatorError:3: No start volume could be resolved
23:16:22    FatrasSimula   ERROR     event 0 particle id=9974992077689513332(vp=6|vs=10|p=91|g=0|sp=0)|pdg=pi-|q=-1|m=0.13957|p=229.364 failed to simulate with error NavigatorError:3: No start volume could be resolved
23:16:22    FatrasSimula   ERROR     event 0 particle id=1930175508405588263(vp=6|vs=28|p=198|g=0|sp=0)|pdg=p~|q=-1|m=0.938272|p=102.291 failed to simulate with error NavigatorError:3: No start volume could be resolved
23:16:22    FatrasSimula   ERROR     event 0 particle id=13427172515142004696(vp=6|vs=28|p=199|g=0|sp=0)|pdg=pi+|q=1|m=0.13957|p=19.1061 failed to simulate with error NavigatorError:3: No start volume could be resolved
23:16:22    FatrasSimula   ERROR     event 0 particle id=14062549100208928275(vp=10|vs=3|p=26|g=0|sp=0)|pdg=n|q=0|m=0.939565|p=915.478 failed to simulate with error NavigatorError:3: No start volume could be resolved
23:16:22    FatrasSimula   ERROR     event 0 particle id=8261295663380391339(vp=10|vs=3|p=27|g=0|sp=0)|pdg=pi+|q=1|m=0.13957|p=276.205 failed to simulate with error NavigatorError:3: No start volume could be resolved
23:16:22    FatrasSimula   ERROR     event 0 particle id=15050250757345082841(vp=10|vs=4|p=28|g=0|sp=0)|pdg=p~|q=-1|m=0.938272|p=689.395 failed to simulate with error NavigatorError:3: No start volume could be resolved
23:16:22    FatrasSimula   ERROR     event 0 particle id=17824732639256771431(vp=10|vs=4|p=29|g=0|sp=0)|pdg=pi+|q=1|m=0.13957|p=219.486 failed to simulate with error NavigatorError:3: No start volume could be resolved
23:16:22    FatrasSimula   ERROR     event 0 particle id=13577318397741756647(vp=11|vs=15|p=102|g=0|sp=0)|pdg=n|q=0|m=0.939565|p=718.655 failed to simulate with error NavigatorError:3: No start volume could be resolved
23:16:22    FatrasSimula   ERROR     event 0 particle id=6884673155799519208(vp=11|vs=15|p=103|g=0|sp=0)|pdg=pi-|q=-1|m=0.13957|p=246.634 failed to simulate with error NavigatorError:3: No start volume could be resolved
23:16:22    FatrasSimula   ERROR     event 0 particle id=8194962101832449614(vp=11|vs=17|p=107|g=0|sp=0)|pdg=n~|q=0|m=0.939565|p=258.411 failed to simulate with error NavigatorError:3: No start volume could be resolved
23:16:22    FatrasSimula   ERROR     event 0 particle id=6394233805984488065(vp=11|vs=17|p=108|g=0|sp=0)|pdg=pi-|q=-1|m=0.13957|p=98.0883 failed to simulate with error NavigatorError:3: No start volume could be resolved
23:16:22    FatrasSimula   ERROR     event 0 particle id=15004446073170792638(vp=11|vs=28|p=209|g=0|sp=0)|pdg=p|q=1|m=0.938272|p=1596.48 failed to simulate with error NavigatorError:3: No start volume could be resolved
23:16:22    FatrasSimula   ERROR     event 0 particle id=4905585916769294921(vp=11|vs=28|p=210|g=0|sp=0)|pdg=pi-|q=-1|m=0.13957|p=160.779 failed to simulate with error NavigatorError:3: No start volume could be resolved
23:16:22    FatrasSimula   ERROR     event 0 particle id=6272037741441048631(vp=12|vs=8|p=40|g=0|sp=0)|pdg=gamma|q=0|m=0|p=1.46097 failed to simulate with error NavigatorError:3: No start volume could be resolved
23:16:22    FatrasSimula   ERROR     event 0 particle id=14573426219285532279(vp=12|vs=8|p=41|g=0|sp=0)|pdg=gamma|q=0|m=0|p=14.661 failed to simulate with error NavigatorError:3: No start volume could be resolved
23:16:22    FatrasSimula   ERROR     event 0 particle id=262071149430932143(vp=12|vs=9|p=42|g=0|sp=0)|pdg=gamma|q=0|m=0|p=13.1354 failed to simulate with error NavigatorError:3: No start volume could be resolved
23:16:22    FatrasSimula   ERROR     event 0 particle id=1509224597485729525(vp=12|vs=9|p=43|g=0|sp=0)|pdg=gamma|q=0|m=0|p=65.0718 failed to simulate with error NavigatorError:3: No start volume could be resolved
23:16:22    FatrasSimula   ERROR     event 0 particle id=15652113499817271877(vp=12|vs=10|p=45|g=0|sp=0)|pdg=pi+|q=1|m=0.13957|p=51.0244 failed to simulate with error NavigatorError:3: No start volume could be resolved
23:16:22    FatrasSimula   ERROR     event 0 particle id=4230929763794377238(vp=12|vs=10|p=46|g=0|sp=0)|pdg=pi-|q=-1|m=0.13957|p=149.573 failed to simulate with error NavigatorError:3: No start volume could be resolved
23:16:22    FatrasSimula   ERROR     event 0 particle id=17837329698909065662(vp=12|vs=33|p=191|g=0|sp=0)|pdg=p|q=1|m=0.938272|p=57.22 failed to simulate with error NavigatorError:3: No start volume could be resolved
23:16:22    FatrasSimula   ERROR     event 0 particle id=10889326038611211778(vp=12|vs=33|p=192|g=0|sp=0)|pdg=pi-|q=-1|m=0.13957|p=15.8208 failed to simulate with error NavigatorError:3: No start volume could be resolved
23:16:22    FatrasSimula   ERROR     event 0 particle id=17444304804743112786(vp=12|vs=42|p=227|g=0|sp=0)|pdg=pi+|q=1|m=0.13957|p=58.8479 failed to simulate with error NavigatorError:3: No start volume could be resolved
23:16:22    FatrasSimula   ERROR     event 0 particle id=16703066399612533488(vp=12|vs=42|p=228|g=0|sp=0)|pdg=pi-|q=-1|m=0.13957|p=8.76871 failed to simulate with error NavigatorError:3: No start volume could be resolved
23:16:22    FatrasSimula   ERROR     event 0 particle id=10295015957669037519(vp=12|vs=47|p=264|g=0|sp=0)|pdg=pi+|q=1|m=0.13957|p=16.4064 failed to simulate with error NavigatorError:3: No start volume could be resolved
23:16:22    FatrasSimula   ERROR     event 0 particle id=15020639487393952844(vp=12|vs=47|p=265|g=0|sp=0)|pdg=pi-|q=-1|m=0.13957|p=58.4615 failed to simulate with error NavigatorError:3: No start volume could be resolved
23:16:22    FatrasSimula   ERROR     event 0 particle id=5908808812392090527(vp=12|vs=50|p=280|g=0|sp=0)|pdg=gamma|q=0|m=0|p=85.6283 failed to simulate with error NavigatorError:3: No start volume could be resolved
23:16:22    FatrasSimula   ERROR     event 0 particle id=1348686666017975302(vp=12|vs=50|p=281|g=0|sp=0)|pdg=gamma|q=0|m=0|p=38.8795 failed to simulate with error NavigatorError:3: No start volume could be resolved
23:16:22    FatrasSimula   ERROR     event 0 particle id=6130425759768849148(vp=12|vs=51|p=282|g=0|sp=0)|pdg=gamma|q=0|m=0|p=387.827 failed to simulate with error NavigatorError:3: No start volume could be resolved
23:16:22    FatrasSimula   ERROR     event 0 particle id=4684230734289667737(vp=12|vs=51|p=283|g=0|sp=0)|pdg=gamma|q=0|m=0|p=270.105 failed to simulate with error NavigatorError:3: No start volume could be resolved
23:16:22    FatrasSimula   ERROR     event 0 particle id=17299440220241283917(vp=12|vs=53|p=289|g=0|sp=0)|pdg=pi-|q=-1|m=0.13957|p=49.5126 failed to simulate with error NavigatorError:3: No start volume could be resolved
23:16:22    FatrasSimula   ERROR     event 0 particle id=2365548960375457070(vp=12|vs=54|p=286|g=0|sp=0)|pdg=n|q=0|m=0.939565|p=298.312 failed to simulate with error NavigatorError:3: No start volume could be resolved
23:16:22    FatrasSimula   ERROR     event 0 particle id=1950584799154887686(vp=12|vs=55|p=287|g=0|sp=0)|pdg=gamma|q=0|m=0|p=15.0736 failed to simulate with error NavigatorError:3: No start volume could be resolved
23:16:22    FatrasSimula   ERROR     event 0 particle id=13973325844391457005(vp=12|vs=55|p=288|g=0|sp=0)|pdg=gamma|q=0|m=0|p=50.7754 failed to simulate with error NavigatorError:3: No start volume could be resolved
23:16:22    FatrasSimula   ERROR     event 0 particle id=11260745729698104156(vp=15|vs=4|p=39|g=0|sp=0)|pdg=pi+|q=1|m=0.13957|p=321.406 failed to simulate with error NavigatorError:3: No start volume could be resolved
23:16:22    FatrasSimula   ERROR     event 0 particle id=15125482284279131668(vp=15|vs=4|p=40|g=0|sp=0)|pdg=pi-|q=-1|m=0.13957|p=53.274 failed to simulate with error NavigatorError:3: No start volume could be resolved
23:16:22    FatrasSimula   ERROR     event 0 particle id=1222285009021705718(vp=15|vs=5|p=42|g=0|sp=0)|pdg=p|q=1|m=0.938272|p=2867.05 failed to simulate with error NavigatorError:3: No start volume could be resolved
23:16:22    FatrasSimula   ERROR     event 0 particle id=11350288502229646588(vp=15|vs=5|p=43|g=0|sp=0)|pdg=pi-|q=-1|m=0.13957|p=519.474 failed to simulate with error NavigatorError:3: No start volume could be resolved
23:16:22    FatrasSimula   ERROR     event 0 particle id=943785714668454906(vp=19|vs=2|p=2|g=0|sp=0)|pdg=gamma|q=0|m=0|p=261.56 failed to simulate with error NavigatorError:3: No start volume could be resolved
23:16:22    FatrasSimula   ERROR     event 0 particle id=10631902730911893344(vp=19|vs=2|p=3|g=0|sp=0)|pdg=gamma|q=0|m=0|p=61.6259 failed to simulate with error NavigatorError:3: No start volume could be resolved
23:16:22    FatrasSimula   ERROR     event 0 particle id=8825191813247097407(vp=19|vs=3|p=4|g=0|sp=0)|pdg=gamma|q=0|m=0|p=30.8666 failed to simulate with error NavigatorError:3: No start volume could be resolved
23:16:22    FatrasSimula   ERROR     event 0 particle id=13185142553508160154(vp=19|vs=3|p=5|g=0|sp=0)|pdg=gamma|q=0|m=0|p=24.1079 failed to simulate with error NavigatorError:3: No start volume could be resolved
23:16:22    FatrasSimula   ERROR     event 0 particle id=6135488509963736546(vp=19|vs=7|p=14|g=0|sp=0)|pdg=n|q=0|m=0.939565|p=124.912 failed to simulate with error NavigatorError:3: No start volume could be resolved
23:16:22    FatrasSimula   ERROR     event 0 particle id=6002445581484206390(vp=19|vs=8|p=15|g=0|sp=0)|pdg=gamma|q=0|m=0|p=19.5967 failed to simulate with error NavigatorError:3: No start volume could be resolved
23:16:22    FatrasSimula   ERROR     event 0 particle id=14352037670407635194(vp=19|vs=8|p=16|g=0|sp=0)|pdg=gamma|q=0|m=0|p=13.7711 failed to simulate with error NavigatorError:3: No start volume could be resolved
23:16:22    FatrasSimula   ERROR     event 0 particle id=5011592396211818175(vp=19|vs=15|p=46|g=0|sp=0)|pdg=p|q=1|m=0.938272|p=1960.22 failed to simulate with error NavigatorError:3: No start volume could be resolved
23:16:22    FatrasSimula   ERROR     event 0 particle id=17886313838597305038(vp=19|vs=15|p=47|g=0|sp=0)|pdg=pi-|q=-1|m=0.13957|p=216.077 failed to simulate with error NavigatorError:3: No start volume could be resolved
23:16:22    FatrasSimula   ERROR     event 0 particle id=12327410613174027620(vp=19|vs=23|p=114|g=0|sp=0)|pdg=gamma|q=0|m=0|p=63.9912 failed to simulate with error NavigatorError:3: No start volume could be resolved
23:16:22    FatrasSimula   ERROR     event 0 particle id=4838421820819358448(vp=19|vs=23|p=115|g=0|sp=0)|pdg=gamma|q=0|m=0|p=46.3529 failed to simulate with error NavigatorError:3: No start volume could be resolved
23:16:22    FatrasSimula   ERROR     event 0 particle id=8167007749917527264(vp=19|vs=24|p=116|g=0|sp=0)|pdg=gamma|q=0|m=0|p=17.8598 failed to simulate with error NavigatorError:3: No start volume could be resolved
23:16:22    FatrasSimula   ERROR     event 0 particle id=2143390817116622993(vp=19|vs=24|p=117|g=0|sp=0)|pdg=gamma|q=0|m=0|p=60.3553 failed to simulate with error NavigatorError:3: No start volume could be resolved
23:16:22    FatrasSimula   ERROR     event 0 particle id=15880538255688983464(vp=21|vs=10|p=65|g=0|sp=0)|pdg=p|q=1|m=0.938272|p=211.022 failed to simulate with error NavigatorError:3: No start volume could be resolved
23:16:22    FatrasSimula   ERROR     event 0 particle id=7938566821077129148(vp=21|vs=10|p=66|g=0|sp=0)|pdg=pi-|q=-1|m=0.13957|p=63.7369 failed to simulate with error NavigatorError:3: No start volume could be resolved
23:16:22    FatrasSimula   ERROR     event 0 particle id=9494430091744704824(vp=21|vs=11|p=69|g=0|sp=0)|pdg=n~|q=0|m=0.939565|p=503.996 failed to simulate with error NavigatorError:3: No start volume could be resolved
23:16:22    FatrasSimula   ERROR     event 0 particle id=10395136637495628148(vp=21|vs=11|p=70|g=0|sp=0)|pdg=pi+|q=1|m=0.13957|p=87.2212 failed to simulate with error NavigatorError:3: No start volume could be resolved
23:16:22    FatrasSimula   ERROR     event 0 particle id=15571459996381529714(vp=24|vs=3|p=6|g=0|sp=0)|pdg=gamma|q=0|m=0|p=53.6326 failed to simulate with error NavigatorError:3: No start volume could be resolved
23:16:22    FatrasSimula   ERROR     event 0 particle id=5699504255101086507(vp=24|vs=3|p=7|g=0|sp=0)|pdg=gamma|q=0|m=0|p=354.714 failed to simulate with error NavigatorError:3: No start volume could be resolved
23:16:22    FatrasSimula   ERROR     event 0 particle id=10535587277448671355(vp=24|vs=4|p=8|g=0|sp=0)|pdg=gamma|q=0|m=0|p=120.834 failed to simulate with error NavigatorError:3: No start volume could be resolved
23:16:22    FatrasSimula   ERROR     event 0 particle id=12320323221964068337(vp=24|vs=4|p=9|g=0|sp=0)|pdg=gamma|q=0|m=0|p=32.3234 failed to simulate with error NavigatorError:3: No start volume could be resolved
23:16:22    FatrasSimula   ERROR     event 0 particle id=15674503399349788934(vp=24|vs=7|p=10|g=0|sp=0)|pdg=gamma|q=0|m=0|p=106.114 failed to simulate with error NavigatorError:3: No start volume could be resolved
23:16:22    FatrasSimula   ERROR     event 0 particle id=4758804339515104538(vp=24|vs=7|p=11|g=0|sp=0)|pdg=gamma|q=0|m=0|p=23.5064 failed to simulate with error NavigatorError:3: No start volume could be resolved
23:16:22    FatrasSimula   ERROR     event 0 particle id=6677626810431386467(vp=24|vs=8|p=12|g=0|sp=0)|pdg=gamma|q=0|m=0|p=52.8349 failed to simulate with error NavigatorError:3: No start volume could be resolved
23:16:22    FatrasSimula   ERROR     event 0 particle id=13498939919804146900(vp=24|vs=8|p=13|g=0|sp=0)|pdg=gamma|q=0|m=0|p=20.9096 failed to simulate with error NavigatorError:3: No start volume could be resolved
23:16:22    FatrasSimula   ERROR     event 0 particle id=11758847813145776118(vp=25|vs=5|p=16|g=0|sp=0)|pdg=p~|q=-1|m=0.938272|p=114.002 failed to simulate with error NavigatorError:3: No start volume could be resolved
23:16:22    FatrasSimula   ERROR     event 0 particle id=16659398989553752818(vp=25|vs=5|p=17|g=0|sp=0)|pdg=pi+|q=1|m=0.13957|p=19.4288 failed to simulate with error NavigatorError:3: No start volume could be resolved
23:16:22    FatrasSimula   ERROR     event 0 particle id=5957656056078655965(vp=26|vs=19|p=89|g=0|sp=0)|pdg=pi+|q=1|m=0.13957|p=289.209 failed to simulate with error NavigatorError:3: No start volume could be resolved
23:16:22    FatrasSimula   ERROR     event 0 particle id=2274504130190149614(vp=26|vs=19|p=90|g=0|sp=0)|pdg=pi-|q=-1|m=0.13957|p=172.292 failed to simulate with error NavigatorError:3: No start volume could be resolved
23:16:22    FatrasSimula   ERROR     event 0 particle id=4200452433327785152(vp=26|vs=49|p=374|g=0|sp=0)|pdg=pi+|q=1|m=0.13957|p=58.1127 failed to simulate with error NavigatorError:3: No start volume could be resolved
23:16:22    FatrasSimula   ERROR     event 0 particle id=13375096802330023198(vp=26|vs=49|p=375|g=0|sp=0)|pdg=pi-|q=-1|m=0.13957|p=303.528 failed to simulate with error NavigatorError:3: No start volume could be resolved
23:16:22    FatrasSimula   ERROR     event 0 particle id=8026536631575235128(vp=26|vs=68|p=490|g=0|sp=0)|pdg=n~|q=0|m=0.939565|p=34.179 failed to simulate with error NavigatorError:3: No start volume could be resolved
23:16:22    FatrasSimula   ERROR     event 0 particle id=7997486472192430391(vp=26|vs=69|p=491|g=0|sp=0)|pdg=gamma|q=0|m=0|p=4.47784 failed to simulate with error NavigatorError:3: No start volume could be resolved
23:16:22    FatrasSimula   ERROR     event 0 particle id=11292968147868201293(vp=28|vs=5|p=45|g=0|sp=0)|pdg=p~|q=-1|m=0.938272|p=30.2787 failed to simulate with error NavigatorError:3: No start volume could be resolved
23:16:22    FatrasSimula   ERROR     event 0 particle id=920175869044903788(vp=28|vs=5|p=46|g=0|sp=0)|pdg=pi+|q=1|m=0.13957|p=7.52997 failed to simulate with error NavigatorError:3: No start volume could be resolved
23:16:22    FatrasSimula   ERROR     event 0 particle id=4868205425417744730(vp=28|vs=46|p=343|g=0|sp=0)|pdg=gamma|q=0|m=0|p=4.66177 failed to simulate with error NavigatorError:3: No start volume could be resolved
23:16:22    FatrasSimula   ERROR     event 0 particle id=4538187077873470596(vp=28|vs=46|p=344|g=0|sp=0)|pdg=gamma|q=0|m=0|p=19.6473 failed to simulate with error NavigatorError:3: No start volume could be resolved
23:16:22    FatrasSimula   ERROR     event 0 particle id=9134411151191767609(vp=28|vs=47|p=341|g=0|sp=0)|pdg=p|q=1|m=0.938272|p=170.514 failed to simulate with error NavigatorError:3: No start volume could be resolved
23:16:22    FatrasSimula   ERROR     event 0 particle id=16918937586876444404(vp=28|vs=47|p=342|g=0|sp=0)|pdg=pi-|q=-1|m=0.13957|p=20.1898 failed to simulate with error NavigatorError:3: No start volume could be resolved
23:16:22    FatrasSimula   ERROR     event 0 particle id=37925280502458262(vp=28|vs=48|p=357|g=0|sp=0)|pdg=n|q=0|m=0.939565|p=636.844 failed to simulate with error NavigatorError:3: No start volume could be resolved
23:16:22    FatrasSimula   ERROR     event 0 particle id=15966204123071557505(vp=28|vs=49|p=358|g=0|sp=0)|pdg=gamma|q=0|m=0|p=48.978 failed to simulate with error NavigatorError:3: No start volume could be resolved
23:16:22    FatrasSimula   ERROR     event 0 particle id=17583108317052479147(vp=28|vs=49|p=359|g=0|sp=0)|pdg=gamma|q=0|m=0|p=55.5536 failed to simulate with error NavigatorError:3: No start volume could be resolved
23:16:22    FatrasSimula   ERROR     event 0 particle id=7762190309050061163(vp=29|vs=6|p=14|g=0|sp=0)|pdg=gamma|q=0|m=0|p=94.2708 failed to simulate with error NavigatorError:3: No start volume could be resolved
23:16:22    FatrasSimula   ERROR     event 0 particle id=2966809945715160387(vp=29|vs=6|p=15|g=0|sp=0)|pdg=gamma|q=0|m=0|p=9.49242 failed to simulate with error NavigatorError:3: No start volume could be resolved
23:16:22    FatrasSimula   ERROR     event 0 particle id=240571591580208442(vp=29|vs=7|p=16|g=0|sp=0)|pdg=gamma|q=0|m=0|p=202.603 failed to simulate with error NavigatorError:3: No start volume could be resolved
23:16:22    FatrasSimula   ERROR     event 0 particle id=14809331960654466155(vp=29|vs=7|p=17|g=0|sp=0)|pdg=gamma|q=0|m=0|p=24.4514 failed to simulate with error NavigatorError:3: No start volume could be resolved
23:16:22    FatrasSimula   ERROR     event 0 particle id=11738196879551835763(vp=29|vs=11|p=26|g=0|sp=0)|pdg=pi+|q=1|m=0.13957|p=135.633 failed to simulate with error NavigatorError:3: No start volume could be resolved
23:16:22    FatrasSimula   ERROR     event 0 particle id=7962478752189614319(vp=29|vs=11|p=27|g=0|sp=0)|pdg=pi-|q=-1|m=0.13957|p=453.103 failed to simulate with error NavigatorError:3: No start volume could be resolved
23:16:22    FatrasSimula   ERROR     event 0 particle id=16782646471170490604(vp=29|vs=29|p=187|g=0|sp=0)|pdg=n|q=0|m=0.939565|p=41.3225 failed to simulate with error NavigatorError:3: No start volume could be resolved
23:16:22    FatrasSimula   ERROR     event 0 particle id=8836056432831540057(vp=29|vs=30|p=188|g=0|sp=0)|pdg=gamma|q=0|m=0|p=8.56187 failed to simulate with error NavigatorError:3: No start volume could be resolved
23:16:22    FatrasSimula   ERROR     event 0 particle id=1276437990309655712(vp=29|vs=30|p=189|g=0|sp=0)|pdg=gamma|q=0|m=0|p=4.39714 failed to simulate with error NavigatorError:3: No start volume could be resolved
23:16:22    FatrasSimula   ERROR     event 0 particle id=17493250638561286489(vp=31|vs=8|p=42|g=0|sp=0)|pdg=n|q=0|m=0.939565|p=183.511 failed to simulate with error NavigatorError:3: No start volume could be resolved
23:16:22    FatrasSimula   ERROR     event 0 particle id=14259457013405899055(vp=31|vs=9|p=43|g=0|sp=0)|pdg=gamma|q=0|m=0|p=25.6729 failed to simulate with error NavigatorError:3: No start volume could be resolved
23:16:22    FatrasSimula   ERROR     event 0 particle id=2805226621404826259(vp=31|vs=9|p=44|g=0|sp=0)|pdg=gamma|q=0|m=0|p=10.713 failed to simulate with error NavigatorError:3: No start volume could be resolved
23:16:22    FatrasSimula   ERROR     event 0 particle id=12267045137236358842(vp=31|vs=12|p=47|g=0|sp=0)|pdg=n~|q=0|m=0.939565|p=361.257 failed to simulate with error NavigatorError:3: No start volume could be resolved
23:16:22    FatrasSimula   ERROR     event 0 particle id=16890478163817163983(vp=31|vs=13|p=48|g=0|sp=0)|pdg=gamma|q=0|m=0|p=50.3648 failed to simulate with error NavigatorError:3: No start volume could be resolved
23:16:22    FatrasSimula   ERROR     event 0 particle id=1497201620183340015(vp=31|vs=13|p=49|g=0|sp=0)|pdg=gamma|q=0|m=0|p=61.6302 failed to simulate with error NavigatorError:3: No start volume could be resolved
23:16:22    FatrasSimula   ERROR     event 0 particle id=14621699132976412023(vp=31|vs=14|p=52|g=0|sp=0)|pdg=n|q=0|m=0.939565|p=3756.17 failed to simulate with error NavigatorError:3: No start volume could be resolved
23:16:22    FatrasSimula   ERROR     event 0 particle id=17296459382203635718(vp=31|vs=15|p=53|g=0|sp=0)|pdg=gamma|q=0|m=0|p=562.596 failed to simulate with error NavigatorError:3: No start volume could be resolved
23:16:22    FatrasSimula   ERROR     event 0 particle id=12850338667909007049(vp=31|vs=15|p=54|g=0|sp=0)|pdg=gamma|q=0|m=0|p=111.775 failed to simulate with error NavigatorError:3: No start volume could be resolved
23:16:22    FatrasSimula   ERROR     event 0 particle id=13611109781453339547(vp=32|vs=2|p=4|g=0|sp=0)|pdg=n|q=0|m=0.939565|p=1352.46 failed to simulate with error NavigatorError:3: No start volume could be resolved
23:16:22    FatrasSimula   ERROR     event 0 particle id=16302487734745282631(vp=32|vs=3|p=5|g=0|sp=0)|pdg=gamma|q=0|m=0|p=64.0301 failed to simulate with error NavigatorError:3: No start volume could be resolved
23:16:22    FatrasSimula   ERROR     event 0 particle id=15480945185289508337(vp=32|vs=3|p=6|g=0|sp=0)|pdg=gamma|q=0|m=0|p=269.41 failed to simulate with error NavigatorError:3: No start volume could be resolved
23:16:22    FatrasSimula   ERROR     event 0 particle id=7676769257523805271(vp=33|vs=23|p=189|g=0|sp=0)|pdg=pi+|q=1|m=0.13957|p=114.644 failed to simulate with error NavigatorError:3: No start volume could be resolved
23:16:22    FatrasSimula   ERROR     event 0 particle id=15878608058031551165(vp=33|vs=23|p=190|g=0|sp=0)|pdg=pi-|q=-1|m=0.13957|p=90.5303 failed to simulate with error NavigatorError:3: No start volume could be resolved
23:16:22    FatrasSimula   ERROR     event 0 particle id=4901350907659773333(vp=34|vs=18|p=150|g=0|sp=0)|pdg=pi+|q=1|m=0.13957|p=134.771 failed to simulate with error NavigatorError:3: No start volume could be resolved
23:16:22    FatrasSimula   ERROR     event 0 particle id=9297261602260941028(vp=34|vs=18|p=151|g=0|sp=0)|pdg=pi-|q=-1|m=0.13957|p=41.4698 failed to simulate with error NavigatorError:3: No start volume could be resolved
23:16:22    FatrasSimula   ERROR     event 0 particle id=8622664102581747550(vp=34|vs=24|p=215|g=0|sp=0)|pdg=gamma|q=0|m=0|p=20.705 failed to simulate with error NavigatorError:3: No start volume could be resolved
23:16:22    FatrasSimula   ERROR     event 0 particle id=7644740864138650303(vp=34|vs=24|p=216|g=0|sp=0)|pdg=gamma|q=0|m=0|p=28.0336 failed to simulate with error NavigatorError:3: No start volume could be resolved
23:16:22    FatrasSimula   ERROR     event 0 particle id=12910282848620680823(vp=34|vs=25|p=217|g=0|sp=0)|pdg=gamma|q=0|m=0|p=0.961235 failed to simulate with error NavigatorError:3: No start volume could be resolved
23:16:22    FatrasSimula   ERROR     event 0 particle id=16877388900470284717(vp=34|vs=25|p=218|g=0|sp=0)|pdg=gamma|q=0|m=0|p=13.1801 failed to simulate with error NavigatorError:3: No start volume could be resolved
23:16:22    FatrasSimula   ERROR     event 0 particle id=17771233368131932510(vp=34|vs=59|p=571|g=0|sp=0)|pdg=n|q=0|m=0.939565|p=58.097 failed to simulate with error NavigatorError:3: No start volume could be resolved
23:16:22    FatrasSimula   ERROR     event 0 particle id=4116770643518952181(vp=34|vs=59|p=572|g=0|sp=0)|pdg=gamma|q=0|m=0|p=5.44731 failed to simulate with error NavigatorError:3: No start volume could be resolved
23:16:22    FatrasSimula   ERROR     event 0 particle id=5607203264780294961(vp=34|vs=59|p=573|g=0|sp=0)|pdg=gamma|q=0|m=0|p=4.80278 failed to simulate with error NavigatorError:3: No start volume could be resolved
23:16:22    FatrasSimula   ERROR     event 0 particle id=7716546292135629158(vp=34|vs=75|p=696|g=0|sp=0)|pdg=pi+|q=1|m=0.13957|p=36.0426 failed to simulate with error NavigatorError:3: No start volume could be resolved
23:16:22    FatrasSimula   ERROR     event 0 particle id=8242840681975478506(vp=34|vs=75|p=697|g=0|sp=0)|pdg=pi-|q=-1|m=0.13957|p=96.8641 failed to simulate with error NavigatorError:3: No start volume could be resolved
23:16:22    FatrasSimula   ERROR     event 0 particle id=2764924620594510021(vp=35|vs=5|p=32|g=0|sp=0)|pdg=p~|q=-1|m=0.938272|p=110.505 failed to simulate with error NavigatorError:3: No start volume could be resolved
23:16:22    FatrasSimula   ERROR     event 0 particle id=7349645790593180905(vp=35|vs=5|p=33|g=0|sp=0)|pdg=pi+|q=1|m=0.13957|p=33.8186 failed to simulate with error NavigatorError:3: No start volume could be resolved
23:16:22    FatrasSimula   ERROR     event 0 particle id=6181420621445332118(vp=38|vs=13|p=66|g=0|sp=0)|pdg=p~|q=-1|m=0.938272|p=1032.37 failed to simulate with error NavigatorError:3: No start volume could be resolved
23:16:22    FatrasSimula   ERROR     event 0 particle id=8363123311672695131(vp=38|vs=13|p=67|g=0|sp=0)|pdg=pi+|q=1|m=0.13957|p=96.6843 failed to simulate with error NavigatorError:3: No start volume could be resolved
23:16:22    FatrasSimula   ERROR     event 0 particle id=11127108400504419240(vp=38|vs=14|p=68|g=0|sp=0)|pdg=p|q=1|m=0.938272|p=812.921 failed to simulate with error NavigatorError:3: No start volume could be resolved
23:16:22    FatrasSimula   ERROR     event 0 particle id=14562028099695942887(vp=38|vs=14|p=69|g=0|sp=0)|pdg=pi-|q=-1|m=0.13957|p=237.829 failed to simulate with error NavigatorError:3: No start volume could be resolved
23:16:22    FatrasSimula   ERROR     event 0 particle id=6079034393416397223(vp=38|vs=28|p=180|g=0|sp=0)|pdg=pi+|q=1|m=0.13957|p=28.209 failed to simulate with error NavigatorError:3: No start volume could be resolved
23:16:22    FatrasSimula   ERROR     event 0 particle id=862641073906092598(vp=38|vs=28|p=181|g=0|sp=0)|pdg=pi-|q=-1|m=0.13957|p=103.216 failed to simulate with error NavigatorError:3: No start volume could be resolved
23:16:22    FatrasSimula   ERROR     event 0 particle id=12288558520388850584(vp=39|vs=15|p=112|g=0|sp=0)|pdg=p|q=1|m=0.938272|p=771.505 failed to simulate with error NavigatorError:3: No start volume could be resolved
23:16:22    FatrasSimula   ERROR     event 0 particle id=3144357829309005600(vp=39|vs=15|p=113|g=0|sp=0)|pdg=pi-|q=-1|m=0.13957|p=178.323 failed to simulate with error NavigatorError:3: No start volume could be resolved
23:16:22    FatrasSimula   ERROR     event 0 particle id=13370142522579413707(vp=43|vs=19|p=184|g=0|sp=0)|pdg=pi+|q=1|m=0.13957|p=266.28 failed to simulate with error NavigatorError:3: No start volume could be resolved
23:16:22    FatrasSimula   ERROR     event 0 particle id=3720765686103065811(vp=43|vs=19|p=185|g=0|sp=0)|pdg=pi-|q=-1|m=0.13957|p=117.729 failed to simulate with error NavigatorError:3: No start volume could be resolved
23:16:22    FatrasSimula   ERROR     event 0 particle id=15742692579503964363(vp=44|vs=48|p=391|g=0|sp=0)|pdg=p|q=1|m=0.938272|p=153.553 failed to simulate with error NavigatorError:3: No start volume could be resolved
23:16:22    FatrasSimula   ERROR     event 0 particle id=3489093857658023537(vp=44|vs=48|p=392|g=0|sp=0)|pdg=pi-|q=-1|m=0.13957|p=20.4042 failed to simulate with error NavigatorError:3: No start volume could be resolved
23:16:22    FatrasSimula   ERROR     event 0 particle id=16737854964156610295(vp=44|vs=50|p=394|g=0|sp=0)|pdg=n~|q=0|m=0.939565|p=874.414 failed to simulate with error NavigatorError:3: No start volume could be resolved
23:16:22    FatrasSimula   ERROR     event 0 particle id=11729027183167706208(vp=44|vs=51|p=395|g=0|sp=0)|pdg=gamma|q=0|m=0|p=73.4154 failed to simulate with error NavigatorError:3: No start volume could be resolved
23:16:22    FatrasSimula   ERROR     event 0 particle id=9112639665837484433(vp=44|vs=51|p=396|g=0|sp=0)|pdg=gamma|q=0|m=0|p=18.5896 failed to simulate with error NavigatorError:3: No start volume could be resolved
23:16:22    FatrasSimula   ERROR     event 0 particle id=7051919744461535521(vp=44|vs=52|p=397|g=0|sp=0)|pdg=gamma|q=0|m=0|p=121.376 failed to simulate with error NavigatorError:3: No start volume could be resolved
23:16:22    FatrasSimula   ERROR     event 0 particle id=11517197413905526840(vp=44|vs=52|p=398|g=0|sp=0)|pdg=gamma|q=0|m=0|p=53.5825 failed to simulate with error NavigatorError:3: No start volume could be resolved
23:16:22    FatrasSimula   ERROR     event 0 particle id=6488546822821122974(vp=47|vs=10|p=53|g=0|sp=0)|pdg=p|q=1|m=0.938272|p=5240.55 failed to simulate with error NavigatorError:3: No start volume could be resolved
23:16:22    FatrasSimula   ERROR     event 0 particle id=94520388439908694(vp=47|vs=10|p=54|g=0|sp=0)|pdg=pi-|q=-1|m=0.13957|p=702.823 failed to simulate with error NavigatorError:3: No start volume could be resolved
23:16:22    FatrasSimula   ERROR     event 0 particle id=13582036674703399848(vp=49|vs=1|p=2|g=0|sp=0)|pdg=p|q=1|m=0.938272|p=181.07 failed to simulate with error NavigatorError:3: No start volume could be resolved
23:16:22    FatrasSimula   ERROR     event 0 particle id=17054164041561395762(vp=49|vs=1|p=3|g=0|sp=0)|pdg=pi-|q=-1|m=0.13957|p=41.6989 failed to simulate with error NavigatorError:3: No start volume could be resolved
23:16:22    FatrasSimula   ERROR     event 0 particle id=9123149992768961075(vp=50|vs=42|p=396|g=0|sp=0)|pdg=p|q=1|m=0.938272|p=177.624 failed to simulate with error NavigatorError:3: No start volume could be resolved
23:16:22    FatrasSimula   ERROR     event 0 particle id=2445967601527406188(vp=50|vs=43|p=398|g=0|sp=0)|pdg=gamma|q=0|m=0|p=8.73708 failed to simulate with error NavigatorError:3: No start volume could be resolved
23:16:22    FatrasSimula   ERROR     event 0 particle id=13856578837936327655(vp=51|vs=23|p=136|g=0|sp=0)|pdg=p~|q=-1|m=0.938272|p=798.044 failed to simulate with error NavigatorError:3: No start volume could be resolved
23:16:22    FatrasSimula   ERROR     event 0 particle id=660075506808435483(vp=51|vs=24|p=137|g=0|sp=0)|pdg=gamma|q=0|m=0|p=38.4391 failed to simulate with error NavigatorError:3: No start volume could be resolved
23:16:22    FatrasSimula   ERROR     event 0 particle id=9698207492816343001(vp=51|vs=24|p=138|g=0|sp=0)|pdg=gamma|q=0|m=0|p=133.351 failed to simulate with error NavigatorError:3: No start volume could be resolved
23:16:22    FatrasSimula   ERROR     event 0 particle id=16080945839770589127(vp=52|vs=1|p=6|g=0|sp=0)|pdg=n~|q=0|m=0.939565|p=96.1612 failed to simulate with error NavigatorError:3: No start volume could be resolved
23:16:22    FatrasSimula   ERROR     event 0 particle id=9098906913877692053(vp=52|vs=2|p=7|g=0|sp=0)|pdg=gamma|q=0|m=0|p=7.94308 failed to simulate with error NavigatorError:3: No start volume could be resolved
23:16:22    FatrasSimula   ERROR     event 0 particle id=9990332518207042150(vp=52|vs=2|p=8|g=0|sp=0)|pdg=gamma|q=0|m=0|p=11.5415 failed to simulate with error NavigatorError:3: No start volume could be resolved
23:16:22    FatrasSimula   ERROR     event 0 particle id=18439168938716017586(vp=55|vs=11|p=52|g=0|sp=0)|pdg=n~|q=0|m=0.939565|p=28.6619 failed to simulate with error NavigatorError:3: No start volume could be resolved
23:16:22    FatrasSimula   ERROR     event 0 particle id=15120638359834362697(vp=55|vs=11|p=53|g=0|sp=0)|pdg=pi+|q=1|m=0.13957|p=4.67252 failed to simulate with error NavigatorError:3: No start volume could be resolved
23:16:22    FatrasSimula   ERROR     event 0 particle id=1304782334652492678(vp=55|vs=28|p=173|g=0|sp=0)|pdg=p|q=1|m=0.938272|p=315.448 failed to simulate with error NavigatorError:3: No start volume could be resolved
23:16:22    FatrasSimula   ERROR     event 0 particle id=4398998840970620045(vp=55|vs=28|p=174|g=0|sp=0)|pdg=pi-|q=-1|m=0.13957|p=66.8736 failed to simulate with error NavigatorError:3: No start volume could be resolved
23:16:22    FatrasSimula   ERROR     event 0 particle id=10518856726355898270(vp=55|vs=45|p=288|g=0|sp=0)|pdg=n|q=0|m=0.939565|p=185.435 failed to simulate with error NavigatorError:3: No start volume could be resolved
23:16:22    FatrasSimula   ERROR     event 0 particle id=12736006589271267215(vp=55|vs=45|p=289|g=0|sp=0)|pdg=pi+|q=1|m=0.13957|p=86.4679 failed to simulate with error NavigatorError:3: No start volume could be resolved
23:16:22    FatrasSimula   ERROR     event 0 particle id=1188595500929242238(vp=55|vs=47|p=290|g=0|sp=0)|pdg=n~|q=0|m=0.939565|p=464.798 failed to simulate with error NavigatorError:3: No start volume could be resolved
23:16:22    FatrasSimula   ERROR     event 0 particle id=11188332729779762843(vp=55|vs=48|p=291|g=0|sp=0)|pdg=gamma|q=0|m=0|p=86.216 failed to simulate with error NavigatorError:3: No start volume could be resolved
23:16:22    FatrasSimula   ERROR     event 0 particle id=6131883960456872442(vp=55|vs=48|p=292|g=0|sp=0)|pdg=gamma|q=0|m=0|p=28.1513 failed to simulate with error NavigatorError:3: No start volume could be resolved
23:16:22    FatrasSimula   ERROR     event 0 particle id=17348504280117459301(vp=55|vs=49|p=293|g=0|sp=0)|pdg=gamma|q=0|m=0|p=12.323 failed to simulate with error NavigatorError:3: No start volume could be resolved
23:16:22    FatrasSimula   ERROR     event 0 particle id=9943345335187956044(vp=55|vs=49|p=294|g=0|sp=0)|pdg=gamma|q=0|m=0|p=29.3021 failed to simulate with error NavigatorError:3: No start volume could be resolved
23:16:22    FatrasSimula   ERROR     event 0 particle id=14756302564665569376(vp=55|vs=50|p=317|g=0|sp=0)|pdg=pi+|q=1|m=0.13957|p=317.305 failed to simulate with error NavigatorError:3: No start volume could be resolved
23:16:22    FatrasSimula   ERROR     event 0 particle id=444304983756626430(vp=55|vs=50|p=318|g=0|sp=0)|pdg=pi-|q=-1|m=0.13957|p=541.171 failed to simulate with error NavigatorError:3: No start volume could be resolved
23:16:22    FatrasSimula   ERROR     event 0 particle id=16585911549164780696(vp=57|vs=6|p=25|g=0|sp=0)|pdg=p~|q=-1|m=0.938272|p=19.1295 failed to simulate with error NavigatorError:3: No start volume could be resolved
23:16:22    FatrasSimula   ERROR     event 0 particle id=4283288892037752341(vp=57|vs=6|p=26|g=0|sp=0)|pdg=pi+|q=1|m=0.13957|p=2.40087 failed to simulate with error NavigatorError:3: No start volume could be resolved
23:16:22    FatrasSimula   ERROR     event 0 particle id=10425438052876380671(vp=58|vs=2|p=6|g=0|sp=0)|pdg=pi+|q=1|m=0.13957|p=32.3775 failed to simulate with error NavigatorError:3: No start volume could be resolved
23:16:22    FatrasSimula   ERROR     event 0 particle id=3019208071742868389(vp=58|vs=2|p=7|g=0|sp=0)|pdg=pi-|q=-1|m=0.13957|p=93.1041 failed to simulate with error NavigatorError:3: No start volume could be resolved
23:16:22    FatrasSimula   ERROR     event 0 particle id=13489262308291423594(vp=58|vs=25|p=148|g=0|sp=0)|pdg=n|q=0|m=0.939565|p=126.623 failed to simulate with error NavigatorError:3: No start volume could be resolved
23:16:22    FatrasSimula   ERROR     event 0 particle id=10798841139567259407(vp=58|vs=26|p=149|g=0|sp=0)|pdg=gamma|q=0|m=0|p=1.5242 failed to simulate with error NavigatorError:3: No start volume could be resolved
23:16:22    FatrasSimula   ERROR     event 0 particle id=4469122507302673574(vp=58|vs=26|p=150|g=0|sp=0)|pdg=gamma|q=0|m=0|p=20.0499 failed to simulate with error NavigatorError:3: No start volume could be resolved
23:16:22    FatrasSimula   ERROR     event 0 particle id=1153910804021099600(vp=58|vs=27|p=152|g=0|sp=0)|pdg=pi+|q=1|m=0.13957|p=5.682 failed to simulate with error NavigatorError:3: No start volume could be resolved
23:16:22    FatrasSimula   ERROR     event 0 particle id=4073986620899604819(vp=58|vs=27|p=153|g=0|sp=0)|pdg=pi-|q=-1|m=0.13957|p=50.6773 failed to simulate with error NavigatorError:3: No start volume could be resolved
23:16:22    FatrasSimula   ERROR     event 0 particle id=12107806510300594864(vp=59|vs=17|p=141|g=0|sp=0)|pdg=gamma|q=0|m=0|p=10.3396 failed to simulate with error NavigatorError:3: No start volume could be resolved
23:16:22    FatrasSimula   ERROR     event 0 particle id=6110954346142507847(vp=59|vs=17|p=142|g=0|sp=0)|pdg=gamma|q=0|m=0|p=58.573 failed to simulate with error NavigatorError:3: No start volume could be resolved
23:16:22    FatrasSimula   ERROR     event 0 particle id=4461543969888133040(vp=59|vs=18|p=143|g=0|sp=0)|pdg=gamma|q=0|m=0|p=48.7131 failed to simulate with error NavigatorError:3: No start volume could be resolved
23:16:22    FatrasSimula   ERROR     event 0 particle id=10928204086337025686(vp=59|vs=18|p=144|g=0|sp=0)|pdg=gamma|q=0|m=0|p=39.3798 failed to simulate with error NavigatorError:3: No start volume could be resolved
23:16:22    FatrasSimula   ERROR     event 0 particle id=3866046286922969068(vp=60|vs=5|p=65|g=0|sp=0)|pdg=n|q=0|m=0.939565|p=52.3547 failed to simulate with error NavigatorError:3: No start volume could be resolved
23:16:22    FatrasSimula   ERROR     event 0 particle id=6456450388901550025(vp=60|vs=5|p=66|g=0|sp=0)|pdg=gamma|q=0|m=0|p=6.18267 failed to simulate with error NavigatorError:3: No start volume could be resolved
23:16:22    FatrasSimula   ERROR     event 0 particle id=10566059390297648719(vp=60|vs=5|p=67|g=0|sp=0)|pdg=gamma|q=0|m=0|p=2.38768 failed to simulate with error NavigatorError:3: No start volume could be resolved
23:16:22    FatrasSimula   ERROR     event 0 particle id=7032173399263243143(vp=60|vs=30|p=287|g=0|sp=0)|pdg=gamma|q=0|m=0|p=132.586 failed to simulate with error NavigatorError:3: No start volume could be resolved
23:16:22    FatrasSimula   ERROR     event 0 particle id=16483441650184969450(vp=60|vs=30|p=288|g=0|sp=0)|pdg=gamma|q=0|m=0|p=19.9751 failed to simulate with error NavigatorError:3: No start volume could be resolved
23:16:22    FatrasSimula   ERROR     event 0 particle id=4558500152296785004(vp=60|vs=31|p=289|g=0|sp=0)|pdg=gamma|q=0|m=0|p=10.7457 failed to simulate with error NavigatorError:3: No start volume could be resolved
23:16:22    FatrasSimula   ERROR     event 0 particle id=3561931847958384038(vp=60|vs=31|p=290|g=0|sp=0)|pdg=gamma|q=0|m=0|p=138.662 failed to simulate with error NavigatorError:3: No start volume could be resolved
23:16:22    FatrasSimula   ERROR     event 0 particle id=3694598133608763012(vp=60|vs=37|p=311|g=0|sp=0)|pdg=pi+|q=1|m=0.13957|p=124.41 failed to simulate with error NavigatorError:3: No start volume could be resolved
23:16:22    FatrasSimula   ERROR     event 0 particle id=6533475485609993251(vp=60|vs=37|p=312|g=0|sp=0)|pdg=pi-|q=-1|m=0.13957|p=98.1411 failed to simulate with error NavigatorError:3: No start volume could be resolved
23:16:22    FatrasSimula   ERROR     event 0 particle id=16802058778988089927(vp=60|vs=48|p=450|g=0|sp=0)|pdg=pi+|q=1|m=0.13957|p=34.9777 failed to simulate with error NavigatorError:3: No start volume could be resolved
23:16:22    FatrasSimula   ERROR     event 0 particle id=13004610765912475912(vp=60|vs=48|p=451|g=0|sp=0)|pdg=pi-|q=-1|m=0.13957|p=21.175 failed to simulate with error NavigatorError:3: No start volume could be resolved
23:16:22    FatrasSimula   ERROR     event 0 particle id=18029360608136911616(vp=61|vs=19|p=140|g=0|sp=0)|pdg=p|q=1|m=0.938272|p=1197.06 failed to simulate with error NavigatorError:3: No start volume could be resolved
23:16:22    FatrasSimula   ERROR     event 0 particle id=5337719075260388517(vp=61|vs=19|p=141|g=0|sp=0)|pdg=pi-|q=-1|m=0.13957|p=221.919 failed to simulate with error NavigatorError:3: No start volume could be resolved
23:16:22    FatrasSimula   ERROR     event 0 particle id=8631172011132016246(vp=63|vs=9|p=33|g=0|sp=0)|pdg=pi+|q=1|m=0.13957|p=28.3486 failed to simulate with error NavigatorError:3: No start volume could be resolved
23:16:22    FatrasSimula   ERROR     event 0 particle id=465307040833935643(vp=63|vs=9|p=34|g=0|sp=0)|pdg=pi-|q=-1|m=0.13957|p=209.411 failed to simulate with error NavigatorError:3: No start volume could be resolved
23:16:22    FatrasSimula   ERROR     event 0 particle id=16796115305225275180(vp=66|vs=10|p=67|g=0|sp=0)|pdg=p~|q=-1|m=0.938272|p=624.402 failed to simulate with error NavigatorError:3: No start volume could be resolved
23:16:22    FatrasSimula   ERROR     event 0 particle id=3057287189537360508(vp=66|vs=10|p=68|g=0|sp=0)|pdg=pi+|q=1|m=0.13957|p=49.0066 failed to simulate with error NavigatorError:3: No start volume could be resolved
23:16:22    FatrasSimula   ERROR     event 0 particle id=17806760058829096654(vp=66|vs=13|p=79|g=0|sp=0)|pdg=gamma|q=0|m=0|p=107.725 failed to simulate with error NavigatorError:3: No start volume could be resolved
23:16:22    FatrasSimula   ERROR     event 0 particle id=4425038607015637752(vp=66|vs=13|p=80|g=0|sp=0)|pdg=gamma|q=0|m=0|p=1.28877 failed to simulate with error NavigatorError:3: No start volume could be resolved
23:16:22    FatrasSimula   ERROR     event 0 particle id=11921145500608613774(vp=66|vs=14|p=81|g=0|sp=0)|pdg=gamma|q=0|m=0|p=4.12263 failed to simulate with error NavigatorError:3: No start volume could be resolved
23:16:22    FatrasSimula   ERROR     event 0 particle id=2457320022878057782(vp=66|vs=14|p=82|g=0|sp=0)|pdg=gamma|q=0|m=0|p=18.3062 failed to simulate with error NavigatorError:3: No start volume could be resolved
23:16:22    FatrasSimula   ERROR     event 0 particle id=7544504035551900389(vp=67|vs=7|p=69|g=0|sp=0)|pdg=n~|q=0|m=0.939565|p=1177.61 failed to simulate with error NavigatorError:3: No start volume could be resolved
23:16:22    FatrasSimula   ERROR     event 0 particle id=719062536652522505(vp=67|vs=7|p=70|g=0|sp=0)|pdg=pi+|q=1|m=0.13957|p=498.306 failed to simulate with error NavigatorError:3: No start volume could be resolved
23:16:22    FatrasSimula   ERROR     event 0 particle id=17123176691146958965(vp=67|vs=9|p=117|g=0|sp=0)|pdg=p|q=1|m=0.938272|p=135.086 failed to simulate with error NavigatorError:3: No start volume could be resolved
23:16:22    FatrasSimula   ERROR     event 0 particle id=14593541131220550473(vp=67|vs=9|p=118|g=0|sp=0)|pdg=pi-|q=-1|m=0.13957|p=16.7074 failed to simulate with error NavigatorError:3: No start volume could be resolved
23:16:22    FatrasSimula   ERROR     event 0 particle id=14491198807260561920(vp=74|vs=33|p=360|g=0|sp=0)|pdg=pi+|q=1|m=0.13957|p=33.7086 failed to simulate with error NavigatorError:3: No start volume could be resolved
23:16:22    FatrasSimula   ERROR     event 0 particle id=8746281793339312039(vp=74|vs=34|p=358|g=0|sp=0)|pdg=p~|q=-1|m=0.938272|p=129.611 failed to simulate with error NavigatorError:3: No start volume could be resolved
23:16:22    FatrasSimula   ERROR     event 0 particle id=14290670816644345849(vp=74|vs=34|p=359|g=0|sp=0)|pdg=pi+|q=1|m=0.13957|p=18.6539 failed to simulate with error NavigatorError:3: No start volume could be resolved
23:16:22    FatrasSimula   ERROR     event 0 particle id=12811777123380034899(vp=74|vs=37|p=367|g=0|sp=0)|pdg=gamma|q=0|m=0|p=9.30006 failed to simulate with error NavigatorError:3: No start volume could be resolved
23:16:22    FatrasSimula   ERROR     event 0 particle id=5807370732316696508(vp=74|vs=37|p=368|g=0|sp=0)|pdg=gamma|q=0|m=0|p=2.12854 failed to simulate with error NavigatorError:3: No start volume could be resolved
23:16:22    FatrasSimula   ERROR     event 0 particle id=5379916144093235048(vp=74|vs=38|p=369|g=0|sp=0)|pdg=gamma|q=0|m=0|p=3.6631 failed to simulate with error NavigatorError:3: No start volume could be resolved
23:16:22    FatrasSimula   ERROR     event 0 particle id=14373751077634013642(vp=74|vs=38|p=370|g=0|sp=0)|pdg=gamma|q=0|m=0|p=10.7667 failed to simulate with error NavigatorError:3: No start volume could be resolved
23:16:22    FatrasSimula   ERROR     event 0 particle id=11738468241405283219(vp=75|vs=7|p=56|g=0|sp=0)|pdg=pi+|q=1|m=0.13957|p=95.0171 failed to simulate with error NavigatorError:3: No start volume could be resolved
23:16:22    FatrasSimula   ERROR     event 0 particle id=14761665197314936460(vp=75|vs=7|p=57|g=0|sp=0)|pdg=pi-|q=-1|m=0.13957|p=164.135 failed to simulate with error NavigatorError:3: No start volume could be resolved
23:16:22    FatrasSimula   ERROR     event 0 particle id=16014540186515179248(vp=75|vs=11|p=104|g=0|sp=0)|pdg=gamma|q=0|m=0|p=23.4032 failed to simulate with error NavigatorError:3: No start volume could be resolved
23:16:22    FatrasSimula   ERROR     event 0 particle id=17693696718144942322(vp=75|vs=11|p=105|g=0|sp=0)|pdg=gamma|q=0|m=0|p=0.565678 failed to simulate with error NavigatorError:3: No start volume could be resolved
23:16:22    FatrasSimula   ERROR     event 0 particle id=11559581665336313821(vp=75|vs=12|p=106|g=0|sp=0)|pdg=gamma|q=0|m=0|p=81.2412 failed to simulate with error NavigatorError:3: No start volume could be resolved
23:16:22    FatrasSimula   ERROR     event 0 particle id=1139980637336760981(vp=75|vs=12|p=107|g=0|sp=0)|pdg=gamma|q=0|m=0|p=109.47 failed to simulate with error NavigatorError:3: No start volume could be resolved
23:16:22    FatrasSimula   ERROR     event 0 particle id=7356942246967767699(vp=76|vs=2|p=1|g=0|sp=0)|pdg=p|q=1|m=0.938272|p=26.5233 failed to simulate with error NavigatorError:3: No start volume could be resolved
23:16:22    FatrasSimula   ERROR     event 0 particle id=1617455923249322136(vp=76|vs=2|p=2|g=0|sp=0)|pdg=pi-|q=-1|m=0.13957|p=4.62417 failed to simulate with error NavigatorError:3: No start volume could be resolved
23:16:22    FatrasSimula   ERROR     event 0 particle id=5236166464915017702(vp=76|vs=3|p=3|g=0|sp=0)|pdg=gamma|q=0|m=0|p=3.04199 failed to simulate with error NavigatorError:3: No start volume could be resolved
23:16:22    FatrasSimula   ERROR     event 0 particle id=12836720103130525650(vp=76|vs=3|p=4|g=0|sp=0)|pdg=gamma|q=0|m=0|p=6.04432 failed to simulate with error NavigatorError:3: No start volume could be resolved
23:16:22    FatrasSimula   ERROR     event 0 particle id=6675966939531560035(vp=76|vs=11|p=46|g=0|sp=0)|pdg=gamma|q=0|m=0|p=63.9946 failed to simulate with error NavigatorError:3: No start volume could be resolved
23:16:22    FatrasSimula   ERROR     event 0 particle id=16312900374543893578(vp=76|vs=11|p=47|g=0|sp=0)|pdg=gamma|q=0|m=0|p=76.5248 failed to simulate with error NavigatorError:3: No start volume could be resolved
23:16:22    FatrasSimula   ERROR     event 0 particle id=5876615275803507740(vp=76|vs=12|p=48|g=0|sp=0)|pdg=gamma|q=0|m=0|p=52.3952 failed to simulate with error NavigatorError:3: No start volume could be resolved
23:16:22    FatrasSimula   ERROR     event 0 particle id=4231479059987062290(vp=76|vs=12|p=49|g=0|sp=0)|pdg=gamma|q=0|m=0|p=261.992 failed to simulate with error NavigatorError:3: No start volume could be resolved
23:16:22    FatrasSimula   ERROR     event 0 particle id=10777538736253011243(vp=76|vs=19|p=113|g=0|sp=0)|pdg=pi+|q=1|m=0.13957|p=387.864 failed to simulate with error NavigatorError:3: No start volume could be resolved
23:16:22    FatrasSimula   ERROR     event 0 particle id=8517240572935986568(vp=76|vs=19|p=114|g=0|sp=0)|pdg=pi-|q=-1|m=0.13957|p=2312.14 failed to simulate with error NavigatorError:3: No start volume could be resolved
23:16:22    FatrasSimula   ERROR     event 0 particle id=7938888976871010931(vp=78|vs=2|p=5|g=0|sp=0)|pdg=pi+|q=1|m=0.13957|p=390.611 failed to simulate with error NavigatorError:3: No start volume could be resolved
23:16:22    FatrasSimula   ERROR     event 0 particle id=7680474467042365573(vp=78|vs=2|p=6|g=0|sp=0)|pdg=pi-|q=-1|m=0.13957|p=45.7656 failed to simulate with error NavigatorError:3: No start volume could be resolved
23:16:22    FatrasSimula   ERROR     event 0 particle id=17312264003638080190(vp=78|vs=6|p=56|g=0|sp=0)|pdg=n|q=0|m=0.939565|p=488.104 failed to simulate with error NavigatorError:3: No start volume could be resolved
23:16:22    FatrasSimula   ERROR     event 0 particle id=11229183944290002829(vp=78|vs=6|p=57|g=0|sp=0)|pdg=pi+|q=1|m=0.13957|p=212.151 failed to simulate with error NavigatorError:3: No start volume could be resolved
23:16:22    FatrasSimula   ERROR     event 0 particle id=9535980687384609109(vp=78|vs=7|p=58|g=0|sp=0)|pdg=pi+|q=1|m=0.13957|p=95.7073 failed to simulate with error NavigatorError:3: No start volume could be resolved
23:16:22    FatrasSimula   ERROR     event 0 particle id=7718672748546209612(vp=78|vs=7|p=59|g=0|sp=0)|pdg=pi-|q=-1|m=0.13957|p=142.055 failed to simulate with error NavigatorError:3: No start volume could be resolved
23:16:22    FatrasSimula   ERROR     event 0 particle id=13802868591956518235(vp=78|vs=21|p=135|g=0|sp=0)|pdg=pi+|q=1|m=0.13957|p=18.9727 failed to simulate with error NavigatorError:3: No start volume could be resolved
23:16:22    FatrasSimula   ERROR     event 0 particle id=5702842182847454123(vp=78|vs=21|p=136|g=0|sp=0)|pdg=pi-|q=-1|m=0.13957|p=8.38929 failed to simulate with error NavigatorError:3: No start volume could be resolved
23:16:22    FatrasSimula   ERROR     event 0 particle id=1463198508867027781(vp=79|vs=10|p=52|g=0|sp=0)|pdg=p|q=1|m=0.938272|p=255.999 failed to simulate with error NavigatorError:3: No start volume could be resolved
23:16:22    FatrasSimula   ERROR     event 0 particle id=17813126425415978888(vp=79|vs=10|p=53|g=0|sp=0)|pdg=pi-|q=-1|m=0.13957|p=59.169 failed to simulate with error NavigatorError:3: No start volume could be resolved
23:16:22    FatrasSimula   ERROR     event 0 particle id=4620724912263021674(vp=80|vs=25|p=221|g=0|sp=0)|pdg=pi+|q=1|m=0.13957|p=380.487 failed to simulate with error NavigatorError:3: No start volume could be resolved
23:16:22    FatrasSimula   ERROR     event 0 particle id=7882438655855914530(vp=80|vs=25|p=222|g=0|sp=0)|pdg=pi-|q=-1|m=0.13957|p=60.5601 failed to simulate with error NavigatorError:3: No start volume could be resolved
23:16:22    FatrasSimula   ERROR     event 0 particle id=14246112539921462564(vp=80|vs=27|p=225|g=0|sp=0)|pdg=gamma|q=0|m=0|p=130.291 failed to simulate with error NavigatorError:3: No start volume could be resolved
23:16:22    FatrasSimula   ERROR     event 0 particle id=16916590459366557805(vp=80|vs=27|p=226|g=0|sp=0)|pdg=gamma|q=0|m=0|p=103.979 failed to simulate with error NavigatorError:3: No start volume could be resolved
23:16:22    FatrasSimula   ERROR     event 0 particle id=12929853545160044375(vp=80|vs=28|p=227|g=0|sp=0)|pdg=gamma|q=0|m=0|p=39.0019 failed to simulate with error NavigatorError:3: No start volume could be resolved
23:16:22    FatrasSimula   ERROR     event 0 particle id=7972907987282539009(vp=80|vs=28|p=228|g=0|sp=0)|pdg=gamma|q=0|m=0|p=12.5042 failed to simulate with error NavigatorError:3: No start volume could be resolved
23:16:22    FatrasSimula   ERROR     event 0 particle id=11120733535904913633(vp=80|vs=33|p=240|g=0|sp=0)|pdg=pi+|q=1|m=0.13957|p=85.6243 failed to simulate with error NavigatorError:3: No start volume could be resolved
23:16:22    FatrasSimula   ERROR     event 0 particle id=2460051882436854085(vp=80|vs=33|p=241|g=0|sp=0)|pdg=pi-|q=-1|m=0.13957|p=24.8237 failed to simulate with error NavigatorError:3: No start volume could be resolved
23:16:22    FatrasSimula   ERROR     event 0 particle id=6684817502086349235(vp=83|vs=19|p=128|g=0|sp=0)|pdg=gamma|q=0|m=0|p=7.94736 failed to simulate with error NavigatorError:3: No start volume could be resolved
23:16:22    FatrasSimula   ERROR     event 0 particle id=17575587581558877394(vp=83|vs=19|p=129|g=0|sp=0)|pdg=gamma|q=0|m=0|p=15.5235 failed to simulate with error NavigatorError:3: No start volume could be resolved
23:16:22    FatrasSimula   ERROR     event 0 particle id=5528782788503194014(vp=83|vs=20|p=130|g=0|sp=0)|pdg=gamma|q=0|m=0|p=11.4953 failed to simulate with error NavigatorError:3: No start volume could be resolved
23:16:22    FatrasSimula   ERROR     event 0 particle id=14849486215700288832(vp=83|vs=20|p=131|g=0|sp=0)|pdg=gamma|q=0|m=0|p=12.6673 failed to simulate with error NavigatorError:3: No start volume could be resolved
23:16:22    FatrasSimula   ERROR     event 0 particle id=6173051905036887927(vp=83|vs=46|p=300|g=0|sp=0)|pdg=n|q=0|m=0.939565|p=947.002 failed to simulate with error NavigatorError:3: No start volume could be resolved
23:16:22    FatrasSimula   ERROR     event 0 particle id=15820514308345532072(vp=83|vs=47|p=301|g=0|sp=0)|pdg=gamma|q=0|m=0|p=4.43365 failed to simulate with error NavigatorError:3: No start volume could be resolved
23:16:22    FatrasSimula   ERROR     event 0 particle id=13831480527058448080(vp=83|vs=47|p=302|g=0|sp=0)|pdg=gamma|q=0|m=0|p=135.073 failed to simulate with error NavigatorError:3: No start volume could be resolved
23:16:22    FatrasSimula   ERROR     event 0 particle id=10813021681095268081(vp=85|vs=8|p=67|g=0|sp=0)|pdg=n~|q=0|m=0.939565|p=1060.83 failed to simulate with error NavigatorError:3: No start volume could be resolved
23:16:22    FatrasSimula   ERROR     event 0 particle id=2937554136379583159(vp=85|vs=8|p=68|g=0|sp=0)|pdg=pi-|q=-1|m=0.13957|p=345.561 failed to simulate with error NavigatorError:3: No start volume could be resolved
23:16:22    FatrasSimula   ERROR     event 0 particle id=4512460755749740753(vp=85|vs=9|p=69|g=0|sp=0)|pdg=n|q=0|m=0.939565|p=1690.59 failed to simulate with error NavigatorError:3: No start volume could be resolved
23:16:22    FatrasSimula   ERROR     event 0 particle id=7640802766288198125(vp=85|vs=10|p=70|g=0|sp=0)|pdg=gamma|q=0|m=0|p=71.1018 failed to simulate with error NavigatorError:3: No start volume could be resolved
23:16:22    FatrasSimula   ERROR     event 0 particle id=12429502221112520545(vp=85|vs=10|p=71|g=0|sp=0)|pdg=gamma|q=0|m=0|p=104.542 failed to simulate with error NavigatorError:3: No start volume could be resolved
23:16:22    FatrasSimula   ERROR     event 0 particle id=4675679265646420573(vp=86|vs=1|p=4|g=0|sp=0)|pdg=pi+|q=1|m=0.13957|p=131.334 failed to simulate with error NavigatorError:3: No start volume could be resolved
23:16:22    FatrasSimula   ERROR     event 0 particle id=3090322377708706520(vp=86|vs=1|p=5|g=0|sp=0)|pdg=pi-|q=-1|m=0.13957|p=63.9443 failed to simulate with error NavigatorError:3: No start volume could be resolved
23:16:22    FatrasSimula   ERROR     event 0 particle id=2139370968609789895(vp=86|vs=5|p=32|g=0|sp=0)|pdg=n|q=0|m=0.939565|p=292.486 failed to simulate with error NavigatorError:3: No start volume could be resolved
23:16:22    FatrasSimula   ERROR     event 0 particle id=17963921848872335470(vp=86|vs=6|p=33|g=0|sp=0)|pdg=gamma|q=0|m=0|p=65.1477 failed to simulate with error NavigatorError:3: No start volume could be resolved
23:16:22    FatrasSimula   ERROR     event 0 particle id=10568000344898516587(vp=86|vs=6|p=34|g=0|sp=0)|pdg=gamma|q=0|m=0|p=19.1629 failed to simulate with error NavigatorError:3: No start volume could be resolved
23:16:22    FatrasSimula   ERROR     event 0 particle id=17237428441514388828(vp=86|vs=8|p=38|g=0|sp=0)|pdg=n~|q=0|m=0.939565|p=316.486 failed to simulate with error NavigatorError:3: No start volume could be resolved
23:16:22    FatrasSimula   ERROR     event 0 particle id=3581593255496448956(vp=86|vs=9|p=39|g=0|sp=0)|pdg=gamma|q=0|m=0|p=54.1294 failed to simulate with error NavigatorError:3: No start volume could be resolved
23:16:22    FatrasSimula   ERROR     event 0 particle id=581542421775137670(vp=86|vs=9|p=40|g=0|sp=0)|pdg=gamma|q=0|m=0|p=18.8803 failed to simulate with error NavigatorError:3: No start volume could be resolved
23:16:22    FatrasSimula   ERROR     event 0 particle id=13314352142413435843(vp=87|vs=7|p=64|g=0|sp=0)|pdg=p|q=1|m=0.938272|p=39.1197 failed to simulate with error NavigatorError:3: No start volume could be resolved
23:16:22    FatrasSimula   ERROR     event 0 particle id=4252485169605606078(vp=87|vs=7|p=65|g=0|sp=0)|pdg=pi-|q=-1|m=0.13957|p=8.67848 failed to simulate with error NavigatorError:3: No start volume could be resolved
23:16:22    FatrasSimula   ERROR     event 0 particle id=2424293324404288158(vp=87|vs=10|p=83|g=0|sp=0)|pdg=gamma|q=0|m=0|p=19.2778 failed to simulate with error NavigatorError:3: No start volume could be resolved
23:16:22    FatrasSimula   ERROR     event 0 particle id=3852016632762301042(vp=87|vs=10|p=84|g=0|sp=0)|pdg=gamma|q=0|m=0|p=51.7336 failed to simulate with error NavigatorError:3: No start volume could be resolved
23:16:22    FatrasSimula   ERROR     event 0 particle id=12448269792146579521(vp=87|vs=11|p=85|g=0|sp=0)|pdg=gamma|q=0|m=0|p=41.6073 failed to simulate with error NavigatorError:3: No start volume could be resolved
23:16:22    FatrasSimula   ERROR     event 0 particle id=1468774050485621413(vp=87|vs=11|p=86|g=0|sp=0)|pdg=gamma|q=0|m=0|p=6.6096 failed to simulate with error NavigatorError:3: No start volume could be resolved
23:16:22    FatrasSimula   ERROR     event 0 particle id=17867165710424028938(vp=87|vs=26|p=299|g=0|sp=0)|pdg=p|q=1|m=0.938272|p=35.6092 failed to simulate with error NavigatorError:3: No start volume could be resolved
23:16:22    FatrasSimula   ERROR     event 0 particle id=10337768783158587561(vp=87|vs=26|p=300|g=0|sp=0)|pdg=pi-|q=-1|m=0.13957|p=8.93871 failed to simulate with error NavigatorError:3: No start volume could be resolved
23:16:22    FatrasSimula   ERROR     event 0 particle id=6126493579660873077(vp=88|vs=10|p=104|g=0|sp=0)|pdg=pi+|q=1|m=0.13957|p=238.036 failed to simulate with error NavigatorError:3: No start volume could be resolved
23:16:22    FatrasSimula   ERROR     event 0 particle id=1293315475706567430(vp=88|vs=10|p=105|g=0|sp=0)|pdg=pi-|q=-1|m=0.13957|p=113.805 failed to simulate with error NavigatorError:3: No start volume could be resolved
23:16:22    FatrasSimula   ERROR     event 0 particle id=266310524360894958(vp=88|vs=17|p=128|g=0|sp=0)|pdg=n|q=0|m=0.939565|p=33.1629 failed to simulate with error NavigatorError:3: No start volume could be resolved
23:16:22    FatrasSimula   ERROR     event 0 particle id=4752016591236825369(vp=88|vs=17|p=130|g=0|sp=0)|pdg=gamma|q=0|m=0|p=6.78423 failed to simulate with error NavigatorError:3: No start volume could be resolved
23:16:22    FatrasSimula   ERROR     event 0 particle id=8712570709852178841(vp=90|vs=14|p=57|g=0|sp=0)|pdg=pi+|q=1|m=0.13957|p=341.299 failed to simulate with error NavigatorError:3: No start volume could be resolved
23:16:22    FatrasSimula   ERROR     event 0 particle id=15358961837976374422(vp=90|vs=14|p=58|g=0|sp=0)|pdg=pi-|q=-1|m=0.13957|p=158.435 failed to simulate with error NavigatorError:3: No start volume could be resolved
23:16:22    FatrasSimula   ERROR     event 0 particle id=17847283906435791486(vp=92|vs=6|p=19|g=0|sp=0)|pdg=n|q=0|m=0.939565|p=170.51 failed to simulate with error NavigatorError:3: No start volume could be resolved
23:16:22    FatrasSimula   ERROR     event 0 particle id=3940720874553500667(vp=92|vs=6|p=20|g=0|sp=0)|pdg=pi-|q=-1|m=0.13957|p=43.0144 failed to simulate with error NavigatorError:3: No start volume could be resolved
23:16:22    FatrasSimula   ERROR     event 0 particle id=13802462423031155716(vp=92|vs=8|p=21|g=0|sp=0)|pdg=n~|q=0|m=0.939565|p=111.79 failed to simulate with error NavigatorError:3: No start volume could be resolved
23:16:22    FatrasSimula   ERROR     event 0 particle id=6345599184883400277(vp=92|vs=9|p=22|g=0|sp=0)|pdg=gamma|q=0|m=0|p=3.48943 failed to simulate with error NavigatorError:3: No start volume could be resolved
23:16:22    FatrasSimula   ERROR     event 0 particle id=17555912984540218998(vp=92|vs=9|p=23|g=0|sp=0)|pdg=gamma|q=0|m=0|p=9.39394 failed to simulate with error NavigatorError:3: No start volume could be resolved
23:16:22    FatrasSimula   ERROR     event 0 particle id=4564414977272609321(vp=93|vs=17|p=113|g=0|sp=0)|pdg=p|q=1|m=0.938272|p=287.821 failed to simulate with error NavigatorError:3: No start volume could be resolved
23:16:22    FatrasSimula   ERROR     event 0 particle id=2522170633534159134(vp=93|vs=17|p=114|g=0|sp=0)|pdg=pi-|q=-1|m=0.13957|p=61.4982 failed to simulate with error NavigatorError:3: No start volume could be resolved
23:16:22    FatrasSimula   ERROR     event 0 particle id=11426332934324405080(vp=94|vs=7|p=41|g=0|sp=0)|pdg=n|q=0|m=0.939565|p=268.042 failed to simulate with error NavigatorError:3: No start volume could be resolved
23:16:22    FatrasSimula   ERROR     event 0 particle id=8578620630106855990(vp=94|vs=8|p=42|g=0|sp=0)|pdg=gamma|q=0|m=0|p=11.019 failed to simulate with error NavigatorError:3: No start volume could be resolved
23:16:22    FatrasSimula   ERROR     event 0 particle id=15667013727723782644(vp=94|vs=8|p=43|g=0|sp=0)|pdg=gamma|q=0|m=0|p=10.5179 failed to simulate with error NavigatorError:3: No start volume could be resolved
23:16:22    FatrasSimula   ERROR     event 0 particle id=17874966626772004382(vp=94|vs=10|p=47|g=0|sp=0)|pdg=n~|q=0|m=0.939565|p=1383.02 failed to simulate with error NavigatorError:3: No start volume could be resolved
23:16:22    FatrasSimula   ERROR     event 0 particle id=9387516991474711543(vp=94|vs=11|p=48|g=0|sp=0)|pdg=gamma|q=0|m=0|p=157.899 failed to simulate with error NavigatorError:3: No start volume could be resolved
23:16:22    FatrasSimula   ERROR     event 0 particle id=13088361548757276248(vp=94|vs=11|p=49|g=0|sp=0)|pdg=gamma|q=0|m=0|p=221.092 failed to simulate with error NavigatorError:3: No start volume could be resolved
23:16:22    FatrasSimula   ERROR     event 0 particle id=12996324768591885335(vp=95|vs=11|p=120|g=0|sp=0)|pdg=pi+|q=1|m=0.13957|p=38.6017 failed to simulate with error NavigatorError:3: No start volume could be resolved
23:16:22    FatrasSimula   ERROR     event 0 particle id=11099772974920315230(vp=95|vs=11|p=121|g=0|sp=0)|pdg=pi-|q=-1|m=0.13957|p=52.884 failed to simulate with error NavigatorError:3: No start volume could be resolved
23:16:22    FatrasSimula   ERROR     event 0 particle id=6631447738488508316(vp=97|vs=11|p=93|g=0|sp=0)|pdg=p|q=1|m=0.938272|p=8.61303 failed to simulate with error NavigatorError:3: No start volume could be resolved
23:16:22    FatrasSimula   ERROR     event 0 particle id=2569362829136157260(vp=97|vs=11|p=94|g=0|sp=0)|pdg=pi-|q=-1|m=0.13957|p=0.882948 failed to simulate with error NavigatorError:3: No start volume could be resolved
23:16:22    FatrasSimula   ERROR     event 0 particle id=3325948159969111677(vp=97|vs=48|p=523|g=0|sp=0)|pdg=p~|q=-1|m=0.938272|p=192.586 failed to simulate with error NavigatorError:3: No start volume could be resolved
23:16:22    FatrasSimula   ERROR     event 0 particle id=7554901857834760200(vp=97|vs=48|p=524|g=0|sp=0)|pdg=pi+|q=1|m=0.13957|p=42.9732 failed to simulate with error NavigatorError:3: No start volume could be resolved
23:16:22    FatrasSimula   ERROR     event 0 particle id=7838050655586031103(vp=97|vs=60|p=595|g=0|sp=0)|pdg=p|q=1|m=0.938272|p=121.199 failed to simulate with error NavigatorError:3: No start volume could be resolved
23:16:22    FatrasSimula   ERROR     event 0 particle id=13207691247032486889(vp=97|vs=60|p=596|g=0|sp=0)|pdg=pi-|q=-1|m=0.13957|p=27.1979 failed to simulate with error NavigatorError:3: No start volume could be resolved
23:16:22    FatrasSimula   ERROR     event 0 particle id=8481791668476088053(vp=97|vs=67|p=650|g=0|sp=0)|pdg=p|q=1|m=0.938272|p=188.632 failed to simulate with error NavigatorError:3: No start volume could be resolved
23:16:22    FatrasSimula   ERROR     event 0 particle id=9165471068059296697(vp=97|vs=67|p=651|g=0|sp=0)|pdg=pi-|q=-1|m=0.13957|p=16.1703 failed to simulate with error NavigatorError:3: No start volume could be resolved
23:16:22    FatrasSimula   ERROR     event 0 particle id=8573984824794503553(vp=97|vs=68|p=653|g=0|sp=0)|pdg=n~|q=0|m=0.939565|p=79.363 failed to simulate with error NavigatorError:3: No start volume could be resolved
23:16:22    FatrasSimula   ERROR     event 0 particle id=4311937204137403575(vp=97|vs=68|p=654|g=0|sp=0)|pdg=pi+|q=1|m=0.13957|p=6.89553 failed to simulate with error NavigatorError:3: No start volume could be resolved
23:16:22    FatrasSimula   ERROR     event 0 particle id=8426297251110552135(vp=99|vs=20|p=123|g=0|sp=0)|pdg=gamma|q=0|m=0|p=386.083 failed to simulate with error NavigatorError:3: No start volume could be resolved
23:16:22    FatrasSimula   ERROR     event 0 particle id=14814725394110647926(vp=99|vs=20|p=124|g=0|sp=0)|pdg=gamma|q=0|m=0|p=214.193 failed to simulate with error NavigatorError:3: No start volume could be resolved
23:16:22    FatrasSimula   ERROR     event 0 particle id=7724889380185521344(vp=99|vs=21|p=125|g=0|sp=0)|pdg=gamma|q=0|m=0|p=59.449 failed to simulate with error NavigatorError:3: No start volume could be resolved
23:16:22    FatrasSimula   ERROR     event 0 particle id=4250291794116824455(vp=99|vs=21|p=126|g=0|sp=0)|pdg=gamma|q=0|m=0|p=31.7697 failed to simulate with error NavigatorError:3: No start volume could be resolved
23:16:22    FatrasSimula   ERROR     event 0 particle id=12730108874082919592(vp=101|vs=40|p=316|g=0|sp=0)|pdg=pi+|q=1|m=0.13957|p=61.4048 failed to simulate with error NavigatorError:3: No start volume could be resolved
23:16:22    FatrasSimula   ERROR     event 0 particle id=3191335491063222816(vp=101|vs=40|p=317|g=0|sp=0)|pdg=pi-|q=-1|m=0.13957|p=127.283 failed to simulate with error NavigatorError:3: No start volume could be resolved
23:16:22    FatrasSimula   ERROR     event 0 particle id=5953973121960159977(vp=106|vs=12|p=57|g=0|sp=0)|pdg=p|q=1|m=0.938272|p=1139.79 failed to simulate with error NavigatorError:3: No start volume could be resolved
23:16:22    FatrasSimula   ERROR     event 0 particle id=2656787931664948778(vp=106|vs=12|p=58|g=0|sp=0)|pdg=pi-|q=-1|m=0.13957|p=189.027 failed to simulate with error NavigatorError:3: No start volume could be resolved
23:16:22    FatrasSimula   ERROR     event 0 particle id=11043818941764261668(vp=106|vs=13|p=59|g=0|sp=0)|pdg=n~|q=0|m=0.939565|p=359.288 failed to simulate with error NavigatorError:3: No start volume could be resolved
23:16:22    FatrasSimula   ERROR     event 0 particle id=13192196714475450724(vp=106|vs=13|p=60|g=0|sp=0)|pdg=pi-|q=-1|m=0.13957|p=32.1856 failed to simulate with error NavigatorError:3: No start volume could be resolved
23:16:22    FatrasSimula   ERROR     event 0 particle id=9353093786521844299(vp=110|vs=4|p=6|g=0|sp=0)|pdg=gamma|q=0|m=0|p=78.3069 failed to simulate with error NavigatorError:3: No start volume could be resolved
23:16:22    FatrasSimula   ERROR     event 0 particle id=10907720629925430267(vp=110|vs=4|p=7|g=0|sp=0)|pdg=gamma|q=0|m=0|p=67.7691 failed to simulate with error NavigatorError:3: No start volume could be resolved
23:16:22    FatrasSimula   ERROR     event 0 particle id=14300265051801298033(vp=110|vs=5|p=8|g=0|sp=0)|pdg=gamma|q=0|m=0|p=15.0358 failed to simulate with error NavigatorError:3: No start volume could be resolved
23:16:22    FatrasSimula   ERROR     event 0 particle id=769097354168724627(vp=110|vs=5|p=9|g=0|sp=0)|pdg=gamma|q=0|m=0|p=17.2886 failed to simulate with error NavigatorError:3: No start volume could be resolved
23:16:22    FatrasSimula   ERROR     event 0 particle id=2429997986698101846(vp=110|vs=6|p=11|g=0|sp=0)|pdg=pi+|q=1|m=0.13957|p=48.7365 failed to simulate with error NavigatorError:3: No start volume could be resolved
23:16:22    FatrasSimula   ERROR     event 0 particle id=13733080321109401072(vp=110|vs=6|p=12|g=0|sp=0)|pdg=pi-|q=-1|m=0.13957|p=178.133 failed to simulate with error NavigatorError:3: No start volume could be resolved
23:16:22    FatrasSimula   ERROR     event 0 particle id=17020873973817929700(vp=110|vs=8|p=16|g=0|sp=0)|pdg=pi+|q=1|m=0.13957|p=147.9 failed to simulate with error NavigatorError:3: No start volume could be resolved
23:16:22    FatrasSimula   ERROR     event 0 particle id=11177309407593251184(vp=110|vs=8|p=17|g=0|sp=0)|pdg=pi-|q=-1|m=0.13957|p=89.3022 failed to simulate with error NavigatorError:3: No start volume could be resolved
23:16:22    FatrasSimula   ERROR     event 0 particle id=1951124481595696318(vp=113|vs=5|p=42|g=0|sp=0)|pdg=pi+|q=1|m=0.13957|p=14.8732 failed to simulate with error NavigatorError:3: No start volume could be resolved
23:16:22    FatrasSimula   ERROR     event 0 particle id=3814981196527790066(vp=113|vs=5|p=43|g=0|sp=0)|pdg=pi-|q=-1|m=0.13957|p=10.6814 failed to simulate with error NavigatorError:3: No start volume could be resolved
23:16:22    FatrasSimula   ERROR     event 0 particle id=7903257590448244542(vp=119|vs=7|p=78|g=0|sp=0)|pdg=p|q=1|m=0.938272|p=910.566 failed to simulate with error NavigatorError:3: No start volume could be resolved
23:16:22    FatrasSimula   ERROR     event 0 particle id=4070590171591226460(vp=119|vs=7|p=79|g=0|sp=0)|pdg=pi-|q=-1|m=0.13957|p=75.9557 failed to simulate with error NavigatorError:3: No start volume could be resolved
23:16:22    FatrasSimula   ERROR     event 0 particle id=10204098186887058171(vp=119|vs=9|p=86|g=0|sp=0)|pdg=n~|q=0|m=0.939565|p=352.086 failed to simulate with error NavigatorError:3: No start volume could be resolved
23:16:22    FatrasSimula   ERROR     event 0 particle id=12148700980071851190(vp=119|vs=9|p=87|g=0|sp=0)|pdg=pi+|q=1|m=0.13957|p=49.6953 failed to simulate with error NavigatorError:3: No start volume could be resolved
23:16:22    FatrasSimula   ERROR     event 0 particle id=11567924669206698412(vp=119|vs=21|p=151|g=0|sp=0)|pdg=p|q=1|m=0.938272|p=352.866 failed to simulate with error NavigatorError:3: No start volume could be resolved
23:16:22    FatrasSimula   ERROR     event 0 particle id=140549450076820221(vp=119|vs=21|p=152|g=0|sp=0)|pdg=pi-|q=-1|m=0.13957|p=89.7821 failed to simulate with error NavigatorError:3: No start volume could be resolved
23:16:22    FatrasSimula   ERROR     event 0 particle id=6893230809120490546(vp=119|vs=22|p=153|g=0|sp=0)|pdg=gamma|q=0|m=0|p=35.4984 failed to simulate with error NavigatorError:3: No start volume could be resolved
23:16:22    FatrasSimula   ERROR     event 0 particle id=17560221451231649334(vp=119|vs=22|p=154|g=0|sp=0)|pdg=gamma|q=0|m=0|p=84.5368 failed to simulate with error NavigatorError:3: No start volume could be resolved
23:16:22    FatrasSimula   ERROR     event 0 particle id=4765807022026994695(vp=120|vs=4|p=44|g=0|sp=0)|pdg=gamma|q=0|m=0|p=10.6705 failed to simulate with error NavigatorError:3: No start volume could be resolved
23:16:22    FatrasSimula   ERROR     event 0 particle id=7047834503689591321(vp=120|vs=4|p=45|g=0|sp=0)|pdg=gamma|q=0|m=0|p=22.0117 failed to simulate with error NavigatorError:3: No start volume could be resolved
23:16:22    FatrasSimula   ERROR     event 0 particle id=14015466241300085528(vp=120|vs=5|p=46|g=0|sp=0)|pdg=gamma|q=0|m=0|p=39.3501 failed to simulate with error NavigatorError:3: No start volume could be resolved
23:16:22    FatrasSimula   ERROR     event 0 particle id=10626063416051170177(vp=120|vs=5|p=47|g=0|sp=0)|pdg=gamma|q=0|m=0|p=43.7262 failed to simulate with error NavigatorError:3: No start volume could be resolved
23:16:22    FatrasSimula   ERROR     event 0 particle id=3583956242040490029(vp=123|vs=13|p=68|g=0|sp=0)|pdg=n|q=0|m=0.939565|p=2099.76 failed to simulate with error NavigatorError:3: No start volume could be resolved
23:16:22    FatrasSimula   ERROR     event 0 particle id=6737073475573116481(vp=123|vs=14|p=69|g=0|sp=0)|pdg=gamma|q=0|m=0|p=464.532 failed to simulate with error NavigatorError:3: No start volume could be resolved
23:16:22    FatrasSimula   ERROR     event 0 particle id=6000561765843923766(vp=123|vs=14|p=70|g=0|sp=0)|pdg=gamma|q=0|m=0|p=28.2495 failed to simulate with error NavigatorError:3: No start volume could be resolved
23:16:22    FatrasSimula   ERROR     event 0 particle id=2696110661383346675(vp=123|vs=20|p=161|g=0|sp=0)|pdg=pi+|q=1|m=0.13957|p=40.2679 failed to simulate with error NavigatorError:3: No start volume could be resolved
23:16:22    FatrasSimula   ERROR     event 0 particle id=12788589942993763822(vp=123|vs=20|p=162|g=0|sp=0)|pdg=pi-|q=-1|m=0.13957|p=5.49979 failed to simulate with error NavigatorError:3: No start volume could be resolved
23:16:22    FatrasSimula   ERROR     event 0 particle id=7370342762998823172(vp=124|vs=2|p=8|g=0|sp=0)|pdg=n~|q=0|m=0.939565|p=124.861 failed to simulate with error NavigatorError:3: No start volume could be resolved
23:16:22    FatrasSimula   ERROR     event 0 particle id=10136198934627557695(vp=124|vs=3|p=9|g=0|sp=0)|pdg=gamma|q=0|m=0|p=17.9808 failed to simulate with error NavigatorError:3: No start volume could be resolved
23:16:22    FatrasSimula   ERROR     event 0 particle id=12449659040552315603(vp=124|vs=3|p=10|g=0|sp=0)|pdg=gamma|q=0|m=0|p=17.909 failed to simulate with error NavigatorError:3: No start volume could be resolved
23:16:22    FatrasSimula   ERROR     event 0 particle id=2911614925241658845(vp=125|vs=20|p=102|g=0|sp=0)|pdg=n|q=0|m=0.939565|p=108.511 failed to simulate with error NavigatorError:3: No start volume could be resolved
23:16:22    FatrasSimula   ERROR     event 0 particle id=7353171569361780012(vp=125|vs=20|p=103|g=0|sp=0)|pdg=pi-|q=-1|m=0.13957|p=24.3566 failed to simulate with error NavigatorError:3: No start volume could be resolved
23:16:22    FatrasSimula   ERROR     event 0 particle id=5912002173536410394(vp=125|vs=21|p=104|g=0|sp=0)|pdg=n~|q=0|m=0.939565|p=397.522 failed to simulate with error NavigatorError:3: No start volume could be resolved
23:16:22    FatrasSimula   ERROR     event 0 particle id=4687522724950100238(vp=125|vs=21|p=105|g=0|sp=0)|pdg=pi+|q=1|m=0.13957|p=169.933 failed to simulate with error NavigatorError:3: No start volume could be resolved
23:16:22    FatrasSimula   ERROR     event 0 particle id=5409836962165722040(vp=126|vs=11|p=103|g=0|sp=0)|pdg=p~|q=-1|m=0.938272|p=370.675 failed to simulate with error NavigatorError:3: No start volume could be resolved
23:16:22    FatrasSimula   ERROR     event 0 particle id=7949450377531552778(vp=126|vs=11|p=104|g=0|sp=0)|pdg=pi+|q=1|m=0.13957|p=85.5099 failed to simulate with error NavigatorError:3: No start volume could be resolved
23:16:22    FatrasSimula   ERROR     event 0 particle id=5144472867539082947(vp=126|vs=12|p=107|g=0|sp=0)|pdg=pi+|q=1|m=0.13957|p=367.723 failed to simulate with error NavigatorError:3: No start volume could be resolved
23:16:22    FatrasSimula   ERROR     event 0 particle id=12956491603211030480(vp=126|vs=12|p=108|g=0|sp=0)|pdg=pi-|q=-1|m=0.13957|p=535.496 failed to simulate with error NavigatorError:3: No start volume could be resolved
23:16:22    FatrasSimula   ERROR     event 0 particle id=13624009598678124894(vp=126|vs=13|p=110|g=0|sp=0)|pdg=n|q=0|m=0.939565|p=2518.11 failed to simulate with error NavigatorError:3: No start volume could be resolved
23:16:22    FatrasSimula   ERROR     event 0 particle id=6791338030658905226(vp=126|vs=13|p=111|g=0|sp=0)|pdg=pi-|q=-1|m=0.13957|p=233.865 failed to simulate with error NavigatorError:3: No start volume could be resolved
23:16:22    FatrasSimula   ERROR     event 0 particle id=14272197412287439093(vp=127|vs=50|p=429|g=0|sp=0)|pdg=pi+|q=1|m=0.13957|p=18.7749 failed to simulate with error NavigatorError:3: No start volume could be resolved
23:16:22    FatrasSimula   ERROR     event 0 particle id=7338332418289919248(vp=127|vs=50|p=430|g=0|sp=0)|pdg=pi-|q=-1|m=0.13957|p=22.9396 failed to simulate with error NavigatorError:3: No start volume could be resolved
23:16:22    FatrasSimula   ERROR     event 0 particle id=13131733270773580164(vp=130|vs=34|p=265|g=0|sp=0)|pdg=n|q=0|m=0.939565|p=375.981 failed to simulate with error NavigatorError:3: No start volume could be resolved
23:16:22    FatrasSimula   ERROR     event 0 particle id=8327305876316720370(vp=130|vs=35|p=266|g=0|sp=0)|pdg=gamma|q=0|m=0|p=93.0154 failed to simulate with error NavigatorError:3: No start volume could be resolved
23:16:22    FatrasSimula   ERROR     event 0 particle id=9746904872567637798(vp=130|vs=35|p=267|g=0|sp=0)|pdg=e-|q=-1|m=0.000510999|p=1.73452 failed to simulate with error NavigatorError:3: No start volume could be resolved
23:16:22    FatrasSimula   ERROR     event 0 particle id=2682253280343542029(vp=130|vs=35|p=268|g=0|sp=0)|pdg=e+|q=1|m=0.000510999|p=12.5034 failed to simulate with error NavigatorError:3: No start volume could be resolved
23:16:22    FatrasSimula   ERROR     event 0 particle id=2696088544373162557(vp=130|vs=45|p=320|g=0|sp=0)|pdg=gamma|q=0|m=0|p=20.3615 failed to simulate with error NavigatorError:3: No start volume could be resolved
23:16:22    FatrasSimula   ERROR     event 0 particle id=7855248942434801064(vp=130|vs=45|p=321|g=0|sp=0)|pdg=gamma|q=0|m=0|p=49.3257 failed to simulate with error NavigatorError:3: No start volume could be resolved
23:16:22    FatrasSimula   ERROR     event 0 particle id=3169666871393665192(vp=130|vs=46|p=322|g=0|sp=0)|pdg=gamma|q=0|m=0|p=10.505 failed to simulate with error NavigatorError:3: No start volume could be resolved
23:16:22    FatrasSimula   ERROR     event 0 particle id=12826092829174664261(vp=130|vs=46|p=323|g=0|sp=0)|pdg=gamma|q=0|m=0|p=48.0685 failed to simulate with error NavigatorError:3: No start volume could be resolved
23:16:22    FatrasSimula   ERROR     event 0 particle id=6056832212275169041(vp=131|vs=3|p=1|g=0|sp=0)|pdg=gamma|q=0|m=0|p=153.998 failed to simulate with error NavigatorError:3: No start volume could be resolved
23:16:22    FatrasSimula   ERROR     event 0 particle id=4824553877213982485(vp=131|vs=3|p=2|g=0|sp=0)|pdg=gamma|q=0|m=0|p=217.557 failed to simulate with error NavigatorError:3: No start volume could be resolved
23:16:22    FatrasSimula   ERROR     event 0 particle id=12621026230493327225(vp=131|vs=4|p=3|g=0|sp=0)|pdg=gamma|q=0|m=0|p=702.575 failed to simulate with error NavigatorError:3: No start volume could be resolved
23:16:22    FatrasSimula   ERROR     event 0 particle id=16537805518265278637(vp=131|vs=4|p=4|g=0|sp=0)|pdg=gamma|q=0|m=0|p=844.477 failed to simulate with error NavigatorError:3: No start volume could be resolved
23:16:22    FatrasSimula   ERROR     event 0 particle id=986719972359098886(vp=132|vs=19|p=125|g=0|sp=0)|pdg=gamma|q=0|m=0|p=10.6452 failed to simulate with error NavigatorError:3: No start volume could be resolved
23:16:22    FatrasSimula   ERROR     event 0 particle id=2563182645598938654(vp=132|vs=19|p=126|g=0|sp=0)|pdg=gamma|q=0|m=0|p=4.64167 failed to simulate with error NavigatorError:3: No start volume could be resolved
23:16:22    FatrasSimula   ERROR     event 0 particle id=11356133922669295703(vp=132|vs=20|p=123|g=0|sp=0)|pdg=gamma|q=0|m=0|p=11.6063 failed to simulate with error NavigatorError:3: No start volume could be resolved
23:16:22    FatrasSimula   ERROR     event 0 particle id=14494654552827480578(vp=132|vs=20|p=124|g=0|sp=0)|pdg=gamma|q=0|m=0|p=88.2549 failed to simulate with error NavigatorError:3: No start volume could be resolved
23:16:22    FatrasSimula   ERROR     event 0 particle id=11438201674881481066(vp=135|vs=20|p=131|g=0|sp=0)|pdg=n~|q=0|m=0.939565|p=76.7011 failed to simulate with error NavigatorError:3: No start volume could be resolved
23:16:22    FatrasSimula   ERROR     event 0 particle id=6737821076322411097(vp=135|vs=20|p=132|g=0|sp=0)|pdg=pi+|q=1|m=0.13957|p=36.6833 failed to simulate with error NavigatorError:3: No start volume could be resolved
23:16:22    FatrasSimula   ERROR     event 0 particle id=8629953839701767952(vp=135|vs=34|p=200|g=0|sp=0)|pdg=p|q=1|m=0.938272|p=85.2023 failed to simulate with error NavigatorError:3: No start volume could be resolved
23:16:22    FatrasSimula   ERROR     event 0 particle id=8564665664729681260(vp=135|vs=34|p=201|g=0|sp=0)|pdg=pi-|q=-1|m=0.13957|p=18.3996 failed to simulate with error NavigatorError:3: No start volume could be resolved
23:16:22    FatrasSimula   ERROR     event 0 particle id=4836920394725057644(vp=142|vs=14|p=127|g=0|sp=0)|pdg=p|q=1|m=0.938272|p=65.4044 failed to simulate with error NavigatorError:3: No start volume could be resolved
23:16:22    FatrasSimula   ERROR     event 0 particle id=2079251900570763347(vp=142|vs=15|p=128|g=0|sp=0)|pdg=gamma|q=0|m=0|p=7.10471 failed to simulate with error NavigatorError:3: No start volume could be resolved
23:16:22    FatrasSimula   ERROR     event 0 particle id=11267188197287866583(vp=142|vs=15|p=129|g=0|sp=0)|pdg=gamma|q=0|m=0|p=15.4128 failed to simulate with error NavigatorError:3: No start volume could be resolved
23:16:22    FatrasSimula   ERROR     event 0 particle id=5722563703333094854(vp=142|vs=16|p=130|g=0|sp=0)|pdg=p~|q=-1|m=0.938272|p=126.909 failed to simulate with error NavigatorError:3: No start volume could be resolved
23:16:22    FatrasSimula   ERROR     event 0 particle id=15622880290678516591(vp=142|vs=16|p=131|g=0|sp=0)|pdg=gamma|q=0|m=0|p=24.4891 failed to simulate with error NavigatorError:3: No start volume could be resolved
23:16:22    FatrasSimula   ERROR     event 0 particle id=11429556710484625172(vp=142|vs=16|p=132|g=0|sp=0)|pdg=gamma|q=0|m=0|p=22.8275 failed to simulate with error NavigatorError:3: No start volume could be resolved
23:16:22    FatrasSimula   ERROR     event 0 particle id=2508556370979437256(vp=145|vs=4|p=45|g=0|sp=0)|pdg=p|q=1|m=0.938272|p=2395.26 failed to simulate with error NavigatorError:3: No start volume could be resolved
23:16:22    FatrasSimula   ERROR     event 0 particle id=10705038988694421694(vp=145|vs=5|p=46|g=0|sp=0)|pdg=gamma|q=0|m=0|p=188.113 failed to simulate with error NavigatorError:3: No start volume could be resolved
23:16:22    FatrasSimula   ERROR     event 0 particle id=6546276694248958076(vp=145|vs=5|p=47|g=0|sp=0)|pdg=gamma|q=0|m=0|p=652.808 failed to simulate with error NavigatorError:3: No start volume could be resolved
23:16:22    FatrasSimula   ERROR     event 0 particle id=5942524495669273415(vp=145|vs=11|p=96|g=0|sp=0)|pdg=p|q=1|m=0.938272|p=215.085 failed to simulate with error NavigatorError:3: No start volume could be resolved
23:16:22    FatrasSimula   ERROR     event 0 particle id=6105736173553036127(vp=145|vs=11|p=97|g=0|sp=0)|pdg=pi-|q=-1|m=0.13957|p=25.3934 failed to simulate with error NavigatorError:3: No start volume could be resolved
23:16:22    FatrasSimula   ERROR     event 0 particle id=9867116171763732902(vp=145|vs=12|p=99|g=0|sp=0)|pdg=p~|q=-1|m=0.938272|p=801.287 failed to simulate with error NavigatorError:3: No start volume could be resolved
23:16:22    FatrasSimula   ERROR     event 0 particle id=7598491194949595738(vp=145|vs=12|p=100|g=0|sp=0)|pdg=pi+|q=1|m=0.13957|p=84.695 failed to simulate with error NavigatorError:3: No start volume could be resolved
23:16:22    FatrasSimula   ERROR     event 0 particle id=3373588742406721563(vp=148|vs=4|p=14|g=0|sp=0)|pdg=gamma|q=0|m=0|p=3.9554 failed to simulate with error NavigatorError:3: No start volume could be resolved
23:16:22    FatrasSimula   ERROR     event 0 particle id=11371181922236013043(vp=148|vs=4|p=15|g=0|sp=0)|pdg=gamma|q=0|m=0|p=48.0328 failed to simulate with error NavigatorError:3: No start volume could be resolved
23:16:22    FatrasSimula   ERROR     event 0 particle id=511087769690519597(vp=148|vs=5|p=16|g=0|sp=0)|pdg=gamma|q=0|m=0|p=15.6749 failed to simulate with error NavigatorError:3: No start volume could be resolved
23:16:22    FatrasSimula   ERROR     event 0 particle id=12940101144011304186(vp=148|vs=5|p=17|g=0|sp=0)|pdg=gamma|q=0|m=0|p=92.8969 failed to simulate with error NavigatorError:3: No start volume could be resolved
23:16:22    FatrasSimula   ERROR     event 0 particle id=9215037064721624686(vp=149|vs=8|p=53|g=0|sp=0)|pdg=n~|q=0|m=0.939565|p=53.0409 failed to simulate with error NavigatorError:3: No start volume could be resolved
23:16:22    FatrasSimula   ERROR     event 0 particle id=6172462225275491327(vp=149|vs=9|p=54|g=0|sp=0)|pdg=gamma|q=0|m=0|p=7.18104 failed to simulate with error NavigatorError:3: No start volume could be resolved
23:16:22    FatrasSimula   ERROR     event 0 particle id=17534133045657698946(vp=149|vs=9|p=55|g=0|sp=0)|pdg=gamma|q=0|m=0|p=2.25781 failed to simulate with error NavigatorError:3: No start volume could be resolved
23:16:22    FatrasSimula   ERROR     event 0 particle id=674582589455699069(vp=150|vs=12|p=103|g=0|sp=0)|pdg=n|q=0|m=0.939565|p=1077.84 failed to simulate with error NavigatorError:3: No start volume could be resolved
23:16:22    FatrasSimula   ERROR     event 0 particle id=15916597503903124322(vp=150|vs=12|p=104|g=0|sp=0)|pdg=pi-|q=-1|m=0.13957|p=97.2717 failed to simulate with error NavigatorError:3: No start volume could be resolved
23:16:22    FatrasSimula   ERROR     event 0 particle id=7046413210340271253(vp=151|vs=13|p=64|g=0|sp=0)|pdg=n|q=0|m=0.939565|p=2180.02 failed to simulate with error NavigatorError:3: No start volume could be resolved
23:16:22    FatrasSimula   ERROR     event 0 particle id=17363664332418760191(vp=151|vs=13|p=65|g=0|sp=0)|pdg=pi+|q=1|m=0.13957|p=739.677 failed to simulate with error NavigatorError:3: No start volume could be resolved
23:16:22    FatrasSimula   ERROR     event 0 particle id=2120835682986038664(vp=153|vs=1|p=3|g=0|sp=0)|pdg=pi+|q=1|m=0.13957|p=87.5724 failed to simulate with error NavigatorError:3: No start volume could be resolved
23:16:22    FatrasSimula   ERROR     event 0 particle id=13131610289235868947(vp=153|vs=1|p=4|g=0|sp=0)|pdg=pi-|q=-1|m=0.13957|p=102.449 failed to simulate with error NavigatorError:3: No start volume could be resolved
23:16:22    FatrasSimula   ERROR     event 0 particle id=2386935192613670235(vp=153|vs=2|p=5|g=0|sp=0)|pdg=n|q=0|m=0.939565|p=654.892 failed to simulate with error NavigatorError:3: No start volume could be resolved
23:16:22    FatrasSimula   ERROR     event 0 particle id=7395390591364050793(vp=153|vs=2|p=6|g=0|sp=0)|pdg=pi-|q=-1|m=0.13957|p=351.969 failed to simulate with error NavigatorError:3: No start volume could be resolved
23:16:22    FatrasSimula   ERROR     event 0 particle id=16879026475739490127(vp=162|vs=17|p=162|g=0|sp=0)|pdg=p~|q=-1|m=0.938272|p=15.727 failed to simulate with error NavigatorError:3: No start volume could be resolved
23:16:22    FatrasSimula   ERROR     event 0 particle id=12421536414122977969(vp=162|vs=17|p=163|g=0|sp=0)|pdg=pi+|q=1|m=0.13957|p=1.81573 failed to simulate with error NavigatorError:3: No start volume could be resolved
23:16:22    FatrasSimula   ERROR     event 0 particle id=7312373235755716914(vp=162|vs=66|p=487|g=0|sp=0)|pdg=pi+|q=1|m=0.13957|p=15.5792 failed to simulate with error NavigatorError:3: No start volume could be resolved
23:16:22    FatrasSimula   ERROR     event 0 particle id=4233313435229231732(vp=162|vs=66|p=488|g=0|sp=0)|pdg=pi-|q=-1|m=0.13957|p=24.2017 failed to simulate with error NavigatorError:3: No start volume could be resolved
23:16:22    FatrasSimula   ERROR     event 0 particle id=1582138077432079858(vp=163|vs=3|p=11|g=0|sp=0)|pdg=pi-|q=-1|m=0.13957|p=81.7408 failed to simulate with error NavigatorError:3: No start volume could be resolved
23:16:22    FatrasSimula   ERROR     event 0 particle id=15752844019304028402(vp=163|vs=4|p=8|g=0|sp=0)|pdg=n|q=0|m=0.939565|p=759.197 failed to simulate with error NavigatorError:3: No start volume could be resolved
23:16:22    FatrasSimula   ERROR     event 0 particle id=11147954995442304203(vp=163|vs=5|p=9|g=0|sp=0)|pdg=gamma|q=0|m=0|p=146.807 failed to simulate with error NavigatorError:3: No start volume could be resolved
23:16:22    FatrasSimula   ERROR     event 0 particle id=18051566466248245674(vp=163|vs=5|p=10|g=0|sp=0)|pdg=gamma|q=0|m=0|p=14.71 failed to simulate with error NavigatorError:3: No start volume could be resolved
23:16:22    FatrasSimula   ERROR     event 0 particle id=3747244000915658212(vp=163|vs=6|p=12|g=0|sp=0)|pdg=n~|q=0|m=0.939565|p=564.796 failed to simulate with error NavigatorError:3: No start volume could be resolved
23:16:22    FatrasSimula   ERROR     event 0 particle id=16655222695039959081(vp=163|vs=6|p=13|g=0|sp=0)|pdg=pi+|q=1|m=0.13957|p=239.165 failed to simulate with error NavigatorError:3: No start volume could be resolved
23:16:22    FatrasSimula   ERROR     event 0 particle id=2721947902827692653(vp=163|vs=9|p=58|g=0|sp=0)|pdg=gamma|q=0|m=0|p=31.9895 failed to simulate with error NavigatorError:3: No start volume could be resolved
23:16:22    FatrasSimula   ERROR     event 0 particle id=964505616693301124(vp=163|vs=9|p=59|g=0|sp=0)|pdg=gamma|q=0|m=0|p=46.511 failed to simulate with error NavigatorError:3: No start volume could be resolved
23:16:22    FatrasSimula   ERROR     event 0 particle id=824853734986495363(vp=163|vs=10|p=56|g=0|sp=0)|pdg=gamma|q=0|m=0|p=94.3526 failed to simulate with error NavigatorError:3: No start volume could be resolved
23:16:22    FatrasSimula   ERROR     event 0 particle id=7618351185004197989(vp=163|vs=10|p=57|g=0|sp=0)|pdg=gamma|q=0|m=0|p=69.8042 failed to simulate with error NavigatorError:3: No start volume could be resolved
23:16:22    FatrasSimula   ERROR     event 0 particle id=12319842342844816683(vp=164|vs=1|p=4|g=0|sp=0)|pdg=gamma|q=0|m=0|p=2.61223 failed to simulate with error NavigatorError:3: No start volume could be resolved
23:16:22    FatrasSimula   ERROR     event 0 particle id=10722159842456790696(vp=164|vs=1|p=5|g=0|sp=0)|pdg=gamma|q=0|m=0|p=4.79279 failed to simulate with error NavigatorError:3: No start volume could be resolved
23:16:22    FatrasSimula   ERROR     event 0 particle id=12676818792076585450(vp=164|vs=2|p=6|g=0|sp=0)|pdg=gamma|q=0|m=0|p=2.48658 failed to simulate with error NavigatorError:3: No start volume could be resolved
23:16:22    FatrasSimula   ERROR     event 0 particle id=5197834549448122836(vp=164|vs=2|p=7|g=0|sp=0)|pdg=gamma|q=0|m=0|p=69.6314 failed to simulate with error NavigatorError:3: No start volume could be resolved
23:16:22    FatrasSimula   ERROR     event 0 particle id=7207182092660025866(vp=165|vs=10|p=81|g=0|sp=0)|pdg=pi+|q=1|m=0.13957|p=19.1125 failed to simulate with error NavigatorError:3: No start volume could be resolved
23:16:22    FatrasSimula   ERROR     event 0 particle id=2578663186402627613(vp=165|vs=10|p=82|g=0|sp=0)|pdg=pi-|q=-1|m=0.13957|p=38.3078 failed to simulate with error NavigatorError:3: No start volume could be resolved
23:16:22    FatrasSimula   ERROR     event 0 particle id=6768553694801889149(vp=165|vs=12|p=87|g=0|sp=0)|pdg=p|q=1|m=0.938272|p=397.098 failed to simulate with error NavigatorError:3: No start volume could be resolved
23:16:22    FatrasSimula   ERROR     event 0 particle id=16934406715119496407(vp=165|vs=12|p=88|g=0|sp=0)|pdg=pi-|q=-1|m=0.13957|p=94.5516 failed to simulate with error NavigatorError:3: No start volume could be resolved
23:16:22    FatrasSimula   ERROR     event 0 particle id=9894554217225103023(vp=165|vs=13|p=90|g=0|sp=0)|pdg=pi+|q=1|m=0.13957|p=32.7776 failed to simulate with error NavigatorError:3: No start volume could be resolved
23:16:22    FatrasSimula   ERROR     event 0 particle id=2257083702752392952(vp=165|vs=13|p=91|g=0|sp=0)|pdg=pi-|q=-1|m=0.13957|p=12.0594 failed to simulate with error NavigatorError:3: No start volume could be resolved
23:16:22    FatrasSimula   ERROR     event 0 particle id=2017196432654695413(vp=165|vs=38|p=274|g=0|sp=0)|pdg=pi+|q=1|m=0.13957|p=33.1962 failed to simulate with error NavigatorError:3: No start volume could be resolved
23:16:22    FatrasSimula   ERROR     event 0 particle id=7172303968431541224(vp=165|vs=38|p=275|g=0|sp=0)|pdg=pi-|q=-1|m=0.13957|p=120.475 failed to simulate with error NavigatorError:3: No start volume could be resolved
23:16:22    FatrasSimula   ERROR     event 0 particle id=13404492576214560518(vp=165|vs=43|p=316|g=0|sp=0)|pdg=n|q=0|m=0.939565|p=3200.64 failed to simulate with error NavigatorError:3: No start volume could be resolved
23:16:22    FatrasSimula   ERROR     event 0 particle id=15455941337415331061(vp=165|vs=44|p=317|g=0|sp=0)|pdg=gamma|q=0|m=0|p=16.0919 failed to simulate with error NavigatorError:3: No start volume could be resolved
23:16:22    FatrasSimula   ERROR     event 0 particle id=10435465452663520299(vp=165|vs=44|p=318|g=0|sp=0)|pdg=gamma|q=0|m=0|p=291.452 failed to simulate with error NavigatorError:3: No start volume could be resolved
23:16:22    FatrasSimula   ERROR     event 0 particle id=9219853923018624446(vp=169|vs=5|p=85|g=0|sp=0)|pdg=p|q=1|m=0.938272|p=8.53679 failed to simulate with error NavigatorError:3: No start volume could be resolved
23:16:22    FatrasSimula   ERROR     event 0 particle id=7828435073915411842(vp=169|vs=5|p=86|g=0|sp=0)|pdg=pi-|q=-1|m=0.13957|p=2.60602 failed to simulate with error NavigatorError:3: No start volume could be resolved
23:16:22    FatrasSimula   ERROR     event 0 particle id=11099841665326514951(vp=171|vs=31|p=238|g=0|sp=0)|pdg=pi+|q=1|m=0.13957|p=77.0119 failed to simulate with error NavigatorError:3: No start volume could be resolved
23:16:22    FatrasSimula   ERROR     event 0 particle id=3267826762967193087(vp=171|vs=31|p=239|g=0|sp=0)|pdg=pi-|q=-1|m=0.13957|p=14.1943 failed to simulate with error NavigatorError:3: No start volume could be resolved
23:16:22    FatrasSimula   ERROR     event 0 particle id=5524997969409814193(vp=171|vs=35|p=323|g=0|sp=0)|pdg=pi+|q=1|m=0.13957|p=247.684 failed to simulate with error NavigatorError:3: No start volume could be resolved
23:16:22    FatrasSimula   ERROR     event 0 particle id=18405314730885776578(vp=171|vs=35|p=324|g=0|sp=0)|pdg=pi-|q=-1|m=0.13957|p=828.856 failed to simulate with error NavigatorError:3: No start volume could be resolved
23:16:22    FatrasSimula   ERROR     event 0 particle id=6486937565739929784(vp=172|vs=4|p=32|g=0|sp=0)|pdg=gamma|q=0|m=0|p=10.1718 failed to simulate with error NavigatorError:3: No start volume could be resolved
23:16:22    FatrasSimula   ERROR     event 0 particle id=1858891518167527326(vp=172|vs=4|p=33|g=0|sp=0)|pdg=gamma|q=0|m=0|p=16.6725 failed to simulate with error NavigatorError:3: No start volume could be resolved
23:16:22    FatrasSimula   ERROR     event 0 particle id=15290872430687782328(vp=172|vs=5|p=30|g=0|sp=0)|pdg=gamma|q=0|m=0|p=14.3535 failed to simulate with error NavigatorError:3: No start volume could be resolved
23:16:22    FatrasSimula   ERROR     event 0 particle id=13009157670408540687(vp=172|vs=5|p=31|g=0|sp=0)|pdg=gamma|q=0|m=0|p=43.5873 failed to simulate with error NavigatorError:3: No start volume could be resolved
23:16:22    FatrasSimula   ERROR     event 0 particle id=2469644809170788443(vp=172|vs=6|p=35|g=0|sp=0)|pdg=pi+|q=1|m=0.13957|p=133.032 failed to simulate with error NavigatorError:3: No start volume could be resolved
23:16:22    FatrasSimula   ERROR     event 0 particle id=12177788560676844205(vp=172|vs=6|p=36|g=0|sp=0)|pdg=pi-|q=-1|m=0.13957|p=97.1612 failed to simulate with error NavigatorError:3: No start volume could be resolved
23:16:22    FatrasSimula   ERROR     event 0 particle id=17417533820976075390(vp=175|vs=1|p=3|g=0|sp=0)|pdg=p|q=1|m=0.938272|p=122.533 failed to simulate with error NavigatorError:3: No start volume could be resolved
23:16:22    FatrasSimula   ERROR     event 0 particle id=12873863963770461761(vp=175|vs=1|p=4|g=0|sp=0)|pdg=pi-|q=-1|m=0.13957|p=29.6316 failed to simulate with error NavigatorError:3: No start volume could be resolved
23:16:22    FatrasSimula   ERROR     event 0 particle id=15691366655517212200(vp=175|vs=6|p=61|g=0|sp=0)|pdg=n|q=0|m=0.939565|p=999.286 failed to simulate with error NavigatorError:3: No start volume could be resolved
23:16:22    FatrasSimula   ERROR     event 0 particle id=9782092132071389681(vp=175|vs=6|p=62|g=0|sp=0)|pdg=pi-|q=-1|m=0.13957|p=147.514 failed to simulate with error NavigatorError:3: No start volume could be resolved
23:16:22    FatrasSimula   ERROR     event 0 particle id=590344206901275865(vp=175|vs=7|p=65|g=0|sp=0)|pdg=pi+|q=1|m=0.13957|p=240.562 failed to simulate with error NavigatorError:3: No start volume could be resolved
23:16:22    FatrasSimula   ERROR     event 0 particle id=14800968726803096852(vp=175|vs=7|p=66|g=0|sp=0)|pdg=pi-|q=-1|m=0.13957|p=530.173 failed to simulate with error NavigatorError:3: No start volume could be resolved
23:16:22    FatrasSimula   ERROR     event 0 particle id=2303144101510722731(vp=175|vs=9|p=72|g=0|sp=0)|pdg=p|q=1|m=0.938272|p=92.2259 failed to simulate with error NavigatorError:3: No start volume could be resolved
23:16:22    FatrasSimula   ERROR     event 0 particle id=16418572572714936631(vp=175|vs=9|p=73|g=0|sp=0)|pdg=pi-|q=-1|m=0.13957|p=9.5009 failed to simulate with error NavigatorError:3: No start volume could be resolved
23:16:22    FatrasSimula   ERROR     event 0 particle id=8828380399581096681(vp=175|vs=25|p=271|g=0|sp=0)|pdg=pi+|q=1|m=0.13957|p=271.784 failed to simulate with error NavigatorError:3: No start volume could be resolved
23:16:22    FatrasSimula   ERROR     event 0 particle id=6672663035611036223(vp=175|vs=25|p=272|g=0|sp=0)|pdg=pi-|q=-1|m=0.13957|p=61.969 failed to simulate with error NavigatorError:3: No start volume could be resolved
23:16:22    FatrasSimula   ERROR     event 0 particle id=1442734483143023397(vp=177|vs=25|p=185|g=0|sp=0)|pdg=pi+|q=1|m=0.13957|p=28.039 failed to simulate with error NavigatorError:3: No start volume could be resolved
23:16:22    FatrasSimula   ERROR     event 0 particle id=13634438329994329741(vp=177|vs=25|p=186|g=0|sp=0)|pdg=pi-|q=-1|m=0.13957|p=54.0471 failed to simulate with error NavigatorError:3: No start volume could be resolved
23:16:22    FatrasSimula   ERROR     event 0 particle id=4195306702765608165(vp=178|vs=2|p=78|g=0|sp=0)|pdg=p~|q=-1|m=0.938272|p=242.343 failed to simulate with error NavigatorError:3: No start volume could be resolved
23:16:22    FatrasSimula   ERROR     event 0 particle id=15333216148046081180(vp=178|vs=2|p=79|g=0|sp=0)|pdg=pi+|q=1|m=0.13957|p=72.2219 failed to simulate with error NavigatorError:3: No start volume could be resolved
23:16:22    FatrasSimula   ERROR     event 0 particle id=10741295570792349489(vp=178|vs=6|p=97|g=0|sp=0)|pdg=n|q=0|m=0.939565|p=183.485 failed to simulate with error NavigatorError:3: No start volume could be resolved
23:16:22    FatrasSimula   ERROR     event 0 particle id=12142417426333533467(vp=178|vs=6|p=98|g=0|sp=0)|pdg=pi-|q=-1|m=0.13957|p=12.9821 failed to simulate with error NavigatorError:3: No start volume could be resolved
23:16:22    FatrasSimula   ERROR     event 0 particle id=1333480292798691155(vp=180|vs=11|p=67|g=0|sp=0)|pdg=gamma|q=0|m=0|p=31.4003 failed to simulate with error NavigatorError:3: No start volume could be resolved
23:16:22    FatrasSimula   ERROR     event 0 particle id=14410719432213568411(vp=180|vs=11|p=68|g=0|sp=0)|pdg=gamma|q=0|m=0|p=78.2286 failed to simulate with error NavigatorError:3: No start volume could be resolved
23:16:22    FatrasSimula   ERROR     event 0 particle id=9480210721296623404(vp=180|vs=12|p=69|g=0|sp=0)|pdg=gamma|q=0|m=0|p=47.2309 failed to simulate with error NavigatorError:3: No start volume could be resolved
23:16:22    FatrasSimula   ERROR     event 0 particle id=8899840624065165311(vp=180|vs=12|p=70|g=0|sp=0)|pdg=e-|q=-1|m=0.000510999|p=31.8271 failed to simulate with error NavigatorError:3: No start volume could be resolved
23:16:22    FatrasSimula   ERROR     event 0 particle id=16266578087336468857(vp=180|vs=12|p=71|g=0|sp=0)|pdg=e+|q=1|m=0.000510999|p=45.8999 failed to simulate with error NavigatorError:3: No start volume could be resolved
23:16:22    FatrasSimula   ERROR     event 0 particle id=13537237204048032678(vp=182|vs=11|p=51|g=0|sp=0)|pdg=gamma|q=0|m=0|p=51.7878 failed to simulate with error NavigatorError:3: No start volume could be resolved
23:16:22    FatrasSimula   ERROR     event 0 particle id=18056708591528238674(vp=182|vs=11|p=52|g=0|sp=0)|pdg=gamma|q=0|m=0|p=18.5275 failed to simulate with error NavigatorError:3: No start volume could be resolved
23:16:22    FatrasSimula   ERROR     event 0 particle id=6792846601932690872(vp=182|vs=12|p=53|g=0|sp=0)|pdg=gamma|q=0|m=0|p=56.1112 failed to simulate with error NavigatorError:3: No start volume could be resolved
23:16:22    FatrasSimula   ERROR     event 0 particle id=10135410471556001797(vp=182|vs=12|p=54|g=0|sp=0)|pdg=gamma|q=0|m=0|p=5.25319 failed to simulate with error NavigatorError:3: No start volume could be resolved
23:16:22    FatrasSimula   ERROR     event 0 particle id=16053094443925585937(vp=182|vs=17|p=79|g=0|sp=0)|pdg=gamma|q=0|m=0|p=15.7714 failed to simulate with error NavigatorError:3: No start volume could be resolved
23:16:22    FatrasSimula   ERROR     event 0 particle id=4409799423837710789(vp=182|vs=17|p=80|g=0|sp=0)|pdg=gamma|q=0|m=0|p=49.9733 failed to simulate with error NavigatorError:3: No start volume could be resolved
23:16:22    FatrasSimula   ERROR     event 0 particle id=6987201124317940459(vp=182|vs=18|p=81|g=0|sp=0)|pdg=gamma|q=0|m=0|p=13.6649 failed to simulate with error NavigatorError:3: No start volume could be resolved
23:16:22    FatrasSimula   ERROR     event 0 particle id=18060703111979381356(vp=182|vs=18|p=82|g=0|sp=0)|pdg=gamma|q=0|m=0|p=3.25745 failed to simulate with error NavigatorError:3: No start volume could be resolved
23:16:22    FatrasSimula   ERROR     event 0 particle id=9488546694332919432(vp=182|vs=25|p=126|g=0|sp=0)|pdg=gamma|q=0|m=0|p=287.175 failed to simulate with error NavigatorError:3: No start volume could be resolved
23:16:22    FatrasSimula   ERROR     event 0 particle id=5501129191707084538(vp=182|vs=25|p=127|g=0|sp=0)|pdg=gamma|q=0|m=0|p=204.779 failed to simulate with error NavigatorError:3: No start volume could be resolved
23:16:22    FatrasSimula   ERROR     event 0 particle id=4154254971334058668(vp=182|vs=26|p=128|g=0|sp=0)|pdg=gamma|q=0|m=0|p=1.8763 failed to simulate with error NavigatorError:3: No start volume could be resolved
23:16:22    FatrasSimula   ERROR     event 0 particle id=12967742265103572841(vp=182|vs=26|p=129|g=0|sp=0)|pdg=gamma|q=0|m=0|p=102.758 failed to simulate with error NavigatorError:3: No start volume could be resolved
23:16:22    FatrasSimula   ERROR     event 0 particle id=8814423116045894546(vp=184|vs=7|p=76|g=0|sp=0)|pdg=p~|q=-1|m=0.938272|p=18.0883 failed to simulate with error NavigatorError:3: No start volume could be resolved
23:16:22    FatrasSimula   ERROR     event 0 particle id=6411411223011221998(vp=184|vs=7|p=77|g=0|sp=0)|pdg=pi+|q=1|m=0.13957|p=1.98075 failed to simulate with error NavigatorError:3: No start volume could be resolved
23:16:22    FatrasSimula   ERROR     event 0 particle id=2085539829112038239(vp=185|vs=10|p=56|g=0|sp=0)|pdg=pi+|q=1|m=0.13957|p=129.523 failed to simulate with error NavigatorError:3: No start volume could be resolved
23:16:22    FatrasSimula   ERROR     event 0 particle id=14171578987460023198(vp=185|vs=10|p=57|g=0|sp=0)|pdg=pi-|q=-1|m=0.13957|p=55.3551 failed to simulate with error NavigatorError:3: No start volume could be resolved
23:16:22    FatrasSimula   ERROR     event 0 particle id=9945998376933854781(vp=185|vs=13|p=65|g=0|sp=0)|pdg=pi+|q=1|m=0.13957|p=104.097 failed to simulate with error NavigatorError:3: No start volume could be resolved
23:16:22    FatrasSimula   ERROR     event 0 particle id=8865833561757208568(vp=185|vs=13|p=66|g=0|sp=0)|pdg=pi-|q=-1|m=0.13957|p=194.782 failed to simulate with error NavigatorError:3: No start volume could be resolved
23:16:22    FatrasSimula   ERROR     event 0 particle id=3038961818145274567(vp=186|vs=22|p=171|g=0|sp=0)|pdg=p|q=1|m=0.938272|p=72.8107 failed to simulate with error NavigatorError:3: No start volume could be resolved
23:16:22    FatrasSimula   ERROR     event 0 particle id=9605922820008665292(vp=186|vs=22|p=172|g=0|sp=0)|pdg=pi-|q=-1|m=0.13957|p=10.722 failed to simulate with error NavigatorError:3: No start volume could be resolved
23:16:22    FatrasSimula   ERROR     event 0 particle id=13886333108541617811(vp=186|vs=33|p=228|g=0|sp=0)|pdg=n|q=0|m=0.939565|p=426.675 failed to simulate with error NavigatorError:3: No start volume could be resolved
23:16:22    FatrasSimula   ERROR     event 0 particle id=1112846095411034541(vp=186|vs=34|p=229|g=0|sp=0)|pdg=gamma|q=0|m=0|p=46.9336 failed to simulate with error NavigatorError:3: No start volume could be resolved
23:16:22    FatrasSimula   ERROR     event 0 particle id=1040414790537288859(vp=186|vs=35|p=234|g=0|sp=0)|pdg=pi+|q=1|m=0.13957|p=40.5269 failed to simulate with error NavigatorError:3: No start volume could be resolved
23:16:22    FatrasSimula   ERROR     event 0 particle id=16892298442757131827(vp=186|vs=36|p=232|g=0|sp=0)|pdg=p~|q=-1|m=0.938272|p=145.163 failed to simulate with error NavigatorError:3: No start volume could be resolved
23:16:22    FatrasSimula   ERROR     event 0 particle id=4412509722343462695(vp=186|vs=36|p=233|g=0|sp=0)|pdg=pi+|q=1|m=0.13957|p=20.5226 failed to simulate with error NavigatorError:3: No start volume could be resolved
23:16:22    FatrasSimula   ERROR     event 0 particle id=8888496477618808772(vp=186|vs=40|p=250|g=0|sp=0)|pdg=pi+|q=1|m=0.13957|p=114.064 failed to simulate with error NavigatorError:3: No start volume could be resolved
23:16:22    FatrasSimula   ERROR     event 0 particle id=8338448274487629299(vp=186|vs=40|p=251|g=0|sp=0)|pdg=pi-|q=-1|m=0.13957|p=21.8373 failed to simulate with error NavigatorError:3: No start volume could be resolved
23:16:22    FatrasSimula   ERROR     event 0 particle id=11830157701798501250(vp=187|vs=22|p=180|g=0|sp=0)|pdg=pi+|q=1|m=0.13957|p=26.0745 failed to simulate with error NavigatorError:3: No start volume could be resolved
23:16:22    FatrasSimula   ERROR     event 0 particle id=14218240862366660852(vp=187|vs=22|p=181|g=0|sp=0)|pdg=pi-|q=-1|m=0.13957|p=40.5493 failed to simulate with error NavigatorError:3: No start volume could be resolved
23:16:22    FatrasSimula   ERROR     event 0 particle id=15558098236805735784(vp=189|vs=7|p=75|g=0|sp=0)|pdg=pi+|q=1|m=0.13957|p=238.575 failed to simulate with error NavigatorError:3: No start volume could be resolved
23:16:22    FatrasSimula   ERROR     event 0 particle id=439278255874935156(vp=189|vs=7|p=76|g=0|sp=0)|pdg=pi-|q=-1|m=0.13957|p=53.7571 failed to simulate with error NavigatorError:3: No start volume could be resolved
23:16:22    FatrasSimula   ERROR     event 0 particle id=5651642101961952338(vp=190|vs=36|p=322|g=0|sp=0)|pdg=pi+|q=1|m=0.13957|p=97.6918 failed to simulate with error NavigatorError:3: No start volume could be resolved
23:16:22    FatrasSimula   ERROR     event 0 particle id=8252886236342781255(vp=190|vs=36|p=323|g=0|sp=0)|pdg=pi-|q=-1|m=0.13957|p=17.2916 failed to simulate with error NavigatorError:3: No start volume could be resolved
23:16:22    FatrasSimula   ERROR     event 0 particle id=11561485778725324045(vp=190|vs=41|p=351|g=0|sp=0)|pdg=pi+|q=1|m=0.13957|p=1077.22 failed to simulate with error NavigatorError:3: No start volume could be resolved
23:16:22    FatrasSimula   ERROR     event 0 particle id=361108303481959539(vp=190|vs=41|p=352|g=0|sp=0)|pdg=pi-|q=-1|m=0.13957|p=286.933 failed to simulate with error NavigatorError:3: No start volume could be resolved
23:16:22    FatrasSimula   ERROR     event 0 particle id=14960062030621952893(vp=191|vs=24|p=240|g=0|sp=0)|pdg=gamma|q=0|m=0|p=20.5202 failed to simulate with error NavigatorError:3: No start volume could be resolved
23:16:22    FatrasSimula   ERROR     event 0 particle id=15266758544909707227(vp=191|vs=24|p=241|g=0|sp=0)|pdg=gamma|q=0|m=0|p=1.80353 failed to simulate with error NavigatorError:3: No start volume could be resolved
23:16:22    FatrasSimula   ERROR     event 0 particle id=12729662858546883406(vp=191|vs=25|p=242|g=0|sp=0)|pdg=gamma|q=0|m=0|p=38.2061 failed to simulate with error NavigatorError:3: No start volume could be resolved
23:16:22    FatrasSimula   ERROR     event 0 particle id=8836547145605825103(vp=191|vs=25|p=243|g=0|sp=0)|pdg=gamma|q=0|m=0|p=49.973 failed to simulate with error NavigatorError:3: No start volume could be resolved
23:16:22    FatrasSimula   ERROR     event 0 particle id=10053740367693946518(vp=191|vs=26|p=244|g=0|sp=0)|pdg=n|q=0|m=0.939565|p=51.2828 failed to simulate with error NavigatorError:3: No start volume could be resolved
23:16:22    FatrasSimula   ERROR     event 0 particle id=7994407978764578687(vp=191|vs=27|p=245|g=0|sp=0)|pdg=gamma|q=0|m=0|p=8.00166 failed to simulate with error NavigatorError:3: No start volume could be resolved
23:16:22    FatrasSimula   ERROR     event 0 particle id=7829850703728836263(vp=191|vs=27|p=246|g=0|sp=0)|pdg=gamma|q=0|m=0|p=4.171 failed to simulate with error NavigatorError:3: No start volume could be resolved
23:16:22    FatrasSimula   ERROR     event 0 particle id=5781229518646621952(vp=193|vs=3|p=16|g=0|sp=0)|pdg=n|q=0|m=0.939565|p=35.8905 failed to simulate with error NavigatorError:3: No start volume could be resolved
23:16:22    FatrasSimula   ERROR     event 0 particle id=6516461644994233808(vp=193|vs=3|p=17|g=0|sp=0)|pdg=gamma|q=0|m=0|p=2.67621 failed to simulate with error NavigatorError:3: No start volume could be resolved
23:16:22    FatrasSimula   ERROR     event 0 particle id=16328072331658423511(vp=193|vs=3|p=18|g=0|sp=0)|pdg=gamma|q=0|m=0|p=0.518566 failed to simulate with error NavigatorError:3: No start volume could be resolved
23:16:22    FatrasSimula   ERROR     event 0 particle id=17659115485869973972(vp=193|vs=4|p=21|g=0|sp=0)|pdg=p~|q=-1|m=0.938272|p=93.789 failed to simulate with error NavigatorError:3: No start volume could be resolved
23:16:22    FatrasSimula   ERROR     event 0 particle id=17769949586835172056(vp=193|vs=4|p=22|g=0|sp=0)|pdg=pi+|q=1|m=0.13957|p=26.8559 failed to simulate with error NavigatorError:3: No start volume could be resolved
23:16:22    FatrasSimula   ERROR     event 0 particle id=12754269937343240954(vp=195|vs=13|p=64|g=0|sp=0)|pdg=n|q=0|m=0.939565|p=2834.01 failed to simulate with error NavigatorError:3: No start volume could be resolved
23:16:22    FatrasSimula   ERROR     event 0 particle id=14958645973940913178(vp=195|vs=14|p=65|g=0|sp=0)|pdg=gamma|q=0|m=0|p=198.893 failed to simulate with error NavigatorError:3: No start volume could be resolved
23:16:22    FatrasSimula   ERROR     event 0 particle id=7012894705500162915(vp=195|vs=14|p=66|g=0|sp=0)|pdg=gamma|q=0|m=0|p=39.1316 failed to simulate with error NavigatorError:3: No start volume could be resolved
23:16:22    FatrasSimula   ERROR     event 0 particle id=6451009119654250907(vp=197|vs=6|p=54|g=0|sp=0)|pdg=n|q=0|m=0.939565|p=3037.11 failed to simulate with error NavigatorError:3: No start volume could be resolved
23:16:22    FatrasSimula   ERROR     event 0 particle id=3617022149701989680(vp=197|vs=7|p=55|g=0|sp=0)|pdg=gamma|q=0|m=0|p=306.415 failed to simulate with error NavigatorError:3: No start volume could be resolved
23:16:22    FatrasSimula   ERROR     event 0 particle id=13181394654673795135(vp=197|vs=7|p=56|g=0|sp=0)|pdg=gamma|q=0|m=0|p=76.7832 failed to simulate with error NavigatorError:3: No start volume could be resolved
23:16:22    FatrasSimula   ERROR     event 0 particle id=8461869428571997006(vp=198|vs=14|p=42|g=0|sp=0)|pdg=pi+|q=1|m=0.13957|p=156.705 failed to simulate with error NavigatorError:3: No start volume could be resolved
23:16:22    FatrasSimula   ERROR     event 0 particle id=14513034264651601834(vp=198|vs=14|p=43|g=0|sp=0)|pdg=pi-|q=-1|m=0.13957|p=23.93 failed to simulate with error NavigatorError:3: No start volume could be resolved
23:16:22    FatrasSimula   ERROR     event 0 particle id=7134640535210610876(vp=198|vs=29|p=170|g=0|sp=0)|pdg=pi-|q=-1|m=0.13957|p=56.0927 failed to simulate with error NavigatorError:3: No start volume could be resolved
23:16:22    FatrasSimula   ERROR     event 0 particle id=7449477663129569508(vp=198|vs=30|p=168|g=0|sp=0)|pdg=p|q=1|m=0.938272|p=221.146 failed to simulate with error NavigatorError:3: No start volume could be resolved
23:16:22    FatrasSimula   ERROR     event 0 particle id=6233602707022322491(vp=198|vs=30|p=169|g=0|sp=0)|pdg=pi-|q=-1|m=0.13957|p=66.0804 failed to simulate with error NavigatorError:3: No start volume could be resolved
23:16:22    FatrasSimula   ERROR     event 0 particle id=3716582876167863032(vp=198|vs=33|p=174|g=0|sp=0)|pdg=p~|q=-1|m=0.938272|p=259.331 failed to simulate with error NavigatorError:3: No start volume could be resolved
23:16:22    FatrasSimula   ERROR     event 0 particle id=13173974597973458675(vp=198|vs=33|p=175|g=0|sp=0)|pdg=pi+|q=1|m=0.13957|p=24.5439 failed to simulate with error NavigatorError:3: No start volume could be resolved
23:16:22    FatrasSimula   ERROR     event 0 particle id=15572345963813425267(vp=198|vs=34|p=176|g=0|sp=0)|pdg=gamma|q=0|m=0|p=36.1871 failed to simulate with error NavigatorError:3: No start volume could be resolved
23:16:22    FatrasSimula   ERROR     event 0 particle id=8527426718877078939(vp=198|vs=34|p=177|g=0|sp=0)|pdg=gamma|q=0|m=0|p=55.786 failed to simulate with error NavigatorError:3: No start volume could be resolved
23:16:22    Sequencer      INFO      FPE of type FLTUND exceeded configured per-event threshold of 0 (mask: NONE) (seen: 1 FPEs)
 0# exp in /usr/lib/system/libsystem_m.dylib
 1# std::__1::array<ActsFatras::Particle, 1ul> ActsFatras::BetheHeitler::operator()<ActsExamples::RandomEngine>(ActsExamples::RandomEngine&, Acts::MaterialSlab const&, ActsFatras::Particle&) const in /Users/andreas/cern/build/acts/acts/rz-release/lib/libActsExamplesFatras.dylib
 2# bool ActsFatras::InteractionList<ActsFatras::ContinuousProcess<ActsFatras::GenericScattering<ActsFatras::detail::Highland>, ActsFatras::ChargedSelector, ActsFatras::EveryParticle, ActsFatras::EveryParticle>, ActsFatras::ContinuousProcess<ActsFatras::BetheBloch, ActsFatras::ChargedSelector, ActsFatras::Min<ActsFatras::Casts::P>, ActsFatras::EveryParticle>, ActsFatras::ContinuousProcess<ActsFatras::BetheHeitler, ActsFatras::AbsPdgSelector<(Acts::PdgParticle)11>, ActsFatras::Min<ActsFatras::Casts::P>, ActsFatras::Min<ActsFatras::Casts::P>>>::runContinuousImpl<ActsExamples::RandomEngine, 0ul, 1ul, 2ul>(ActsExamples::RandomEngine&, Acts::MaterialSlab const&, ActsFatras::Particle&, std::__1::vector<ActsFatras::Particle, std::__1::allocator<ActsFatras::Particle>>&, std::__1::integer_sequence<unsigned long, 0ul, 1ul, 2ul>) const in /Users/andreas/cern/build/acts/acts/rz-release/lib/libActsExamplesFatras.dylib
 3# ActsFatras::detail::SimulationActor<ActsExamples::RandomEngine, ActsFatras::NoDecay, ActsFatras::InteractionList<ActsFatras::ContinuousProcess<ActsFatras::GenericScattering<ActsFatras::detail::Highland>, ActsFatras::ChargedSelector, ActsFatras::EveryParticle, ActsFatras::EveryParticle>, ActsFatras::ContinuousProcess<ActsFatras::BetheBloch, ActsFatras::ChargedSelector, ActsFatras::Min<ActsFatras::Casts::P>, ActsFatras::EveryParticle>, ActsFatras::ContinuousProcess<ActsFatras::BetheHeitler, ActsFatras::AbsPdgSelector<(Acts::PdgParticle)11>, ActsFatras::Min<ActsFatras::Casts::P>, ActsFatras::Min<ActsFatras::Casts::P>>>, ActsExamples::(anonymous namespace)::HitSurfaceSelector>::interact(Acts::MaterialSlab const&, ActsFatras::SingleParticleSimulationResult&) const in /Users/andreas/cern/build/acts/acts/rz-release/lib/libActsExamplesFatras.dylib
 4# Acts::Result<void, std::__1::error_code> Acts::ActorList<ActsFatras::detail::SimulationActor<ActsExamples::RandomEngine, ActsFatras::NoDecay, ActsFatras::InteractionList<ActsFatras::ContinuousProcess<ActsFatras::GenericScattering<ActsFatras::detail::Highland>, ActsFatras::ChargedSelector, ActsFatras::EveryParticle, ActsFatras::EveryParticle>, ActsFatras::ContinuousProcess<ActsFatras::BetheBloch, ActsFatras::ChargedSelector, ActsFatras::Min<ActsFatras::Casts::P>, ActsFatras::EveryParticle>, ActsFatras::ContinuousProcess<ActsFatras::BetheHeitler, ActsFatras::AbsPdgSelector<(Acts::PdgParticle)11>, ActsFatras::Min<ActsFatras::Casts::P>, ActsFatras::Min<ActsFatras::Casts::P>>>, ActsExamples::(anonymous namespace)::HitSurfaceSelector>, Acts::PathLimitReached>::act<Acts::PropagatorState<Acts::PropagatorOptions<Acts::SympyStepper::Options, Acts::Navigator::Options, Acts::ActorList<ActsFatras::detail::SimulationActor<ActsExamples::RandomEngine, ActsFatras::NoDecay, ActsFatras::InteractionList<ActsFatras::ContinuousProcess<ActsFatras::GenericScattering<ActsFatras::detail::Highland>, ActsFatras::ChargedSelector, ActsFatras::EveryParticle, ActsFatras::EveryParticle>, ActsFatras::ContinuousProcess<ActsFatras::BetheBloch, ActsFatras::ChargedSelector, ActsFatras::Min<ActsFatras::Casts::P>, ActsFatras::EveryParticle>, ActsFatras::ContinuousProcess<ActsFatras::BetheHeitler, ActsFatras::AbsPdgSelector<(Acts::PdgParticle)11>, ActsFatras::Min<ActsFatras::Casts::P>, ActsFatras::Min<ActsFatras::Casts::P>>>, ActsExamples::(anonymous namespace)::HitSurfaceSelector>, Acts::PathLimitReached>>, Acts::SympyStepper::State, Acts::Navigator::State, ActsFatras::SingleParticleSimulationResult>, Acts::SympyStepper, Acts::Navigator, Acts::Logger const&>(Acts::PropagatorState<Acts::PropagatorOptions<Acts::SympyStepper::Options, Acts::Navigator::Options, Acts::ActorList<ActsFatras::detail::SimulationActor<ActsExamples::RandomEngine, ActsFatras::NoDecay, ActsFatras::InteractionList<ActsFatras::ContinuousProcess<ActsFatras::GenericScattering<ActsFatras::detail::Highland>, ActsFatras::ChargedSelector, ActsFatras::EveryParticle, ActsFatras::EveryParticle>, ActsFatras::ContinuousProcess<ActsFatras::BetheBloch, ActsFatras::ChargedSelector, ActsFatras::Min<ActsFatras::Casts::P>, ActsFatras::EveryParticle>, ActsFatras::ContinuousProcess<ActsFatras::BetheHeitler, ActsFatras::AbsPdgSelector<(Acts::PdgParticle)11>, ActsFatras::Min<ActsFatras::Casts::P>, ActsFatras::Min<ActsFatras::Casts::P>>>, ActsExamples::(anonymous namespace)::HitSurfaceSelector>, Acts::PathLimitReached>>, Acts::SympyStepper::State, Acts::Navigator::State, ActsFatras::SingleParticleSimulationResult>&, Acts::SympyStepper const&, Acts::Navigator const&, Acts::Logger const&) const in /Users/andreas/cern/build/acts/acts/rz-release/lib/libActsExamplesFatras.dylib
 5# Acts::Result<void, std::__1::error_code> Acts::Propagator<Acts::SympyStepper, Acts::Navigator>::propagate<Acts::PropagatorState<Acts::PropagatorOptions<Acts::SympyStepper::Options, Acts::Navigator::Options, Acts::ActorList<ActsFatras::detail::SimulationActor<ActsExamples::RandomEngine, ActsFatras::NoDecay, ActsFatras::InteractionList<ActsFatras::ContinuousProcess<ActsFatras::GenericScattering<ActsFatras::detail::Highland>, ActsFatras::ChargedSelector, ActsFatras::EveryParticle, ActsFatras::EveryParticle>, ActsFatras::ContinuousProcess<ActsFatras::BetheBloch, ActsFatras::ChargedSelector, ActsFatras::Min<ActsFatras::Casts::P>, ActsFatras::EveryParticle>, ActsFatras::ContinuousProcess<ActsFatras::BetheHeitler, ActsFatras::AbsPdgSelector<(Acts::PdgParticle)11>, ActsFatras::Min<ActsFatras::Casts::P>, ActsFatras::Min<ActsFatras::Casts::P>>>, ActsExamples::(anonymous namespace)::HitSurfaceSelector>, Acts::PathLimitReached>>, Acts::SympyStepper::State, Acts::Navigator::State, ActsFatras::SingleParticleSimulationResult>>(Acts::PropagatorState<Acts::PropagatorOptions<Acts::SympyStepper::Options, Acts::Navigator::Options, Acts::ActorList<ActsFatras::detail::SimulationActor<ActsExamples::RandomEngine, ActsFatras::NoDecay, ActsFatras::InteractionList<ActsFatras::ContinuousProcess<ActsFatras::GenericScattering<ActsFatras::detail::Highland>, ActsFatras::ChargedSelector, ActsFatras::EveryParticle, ActsFatras::EveryParticle>, ActsFatras::ContinuousProcess<ActsFatras::BetheBloch, ActsFatras::ChargedSelector, ActsFatras::Min<ActsFatras::Casts::P>, ActsFatras::EveryParticle>, ActsFatras::ContinuousProcess<ActsFatras::BetheHeitler, ActsFatras::AbsPdgSelector<(Acts::PdgParticle)11>, ActsFatras::Min<ActsFatras::Casts::P>, ActsFatras::Min<ActsFatras::Casts::P>>>, ActsExamples::(anonymous namespace)::HitSurfaceSelector>, Acts::PathLimitReached>>, Acts::SympyStepper::State, Acts::Navigator::State, ActsFatras::SingleParticleSimulationResult>&) const in /Users/andreas/cern/build/acts/acts/rz-release/lib/libActsExamplesFatras.dylib
 6# Acts::Result<Acts::Propagator<Acts::SympyStepper, Acts::Navigator>::result_type_helper<Acts::PropagatorOptions<Acts::SympyStepper::Options, Acts::Navigator::Options, Acts::ActorList<ActsFatras::detail::SimulationActor<ActsExamples::RandomEngine, ActsFatras::NoDecay, ActsFatras::InteractionList<ActsFatras::ContinuousProcess<ActsFatras::GenericScattering<ActsFatras::detail::Highland>, ActsFatras::ChargedSelector, ActsFatras::EveryParticle, ActsFatras::EveryParticle>, ActsFatras::ContinuousProcess<ActsFatras::BetheBloch, ActsFatras::ChargedSelector, ActsFatras::Min<ActsFatras::Casts::P>, ActsFatras::EveryParticle>, ActsFatras::ContinuousProcess<ActsFatras::BetheHeitler, ActsFatras::AbsPdgSelector<(Acts::PdgParticle)11>, ActsFatras::Min<ActsFatras::Casts::P>, ActsFatras::Min<ActsFatras::Casts::P>>>, ActsExamples::(anonymous namespace)::HitSurfaceSelector>>>>::type, std::__1::error_code> Acts::Propagator<Acts::SympyStepper, Acts::Navigator>::propagate<Acts::PropagatorOptions<Acts::SympyStepper::Options, Acts::Navigator::Options, Acts::ActorList<ActsFatras::detail::SimulationActor<ActsExamples::RandomEngine, ActsFatras::NoDecay, ActsFatras::InteractionList<ActsFatras::ContinuousProcess<ActsFatras::GenericScattering<ActsFatras::detail::Highland>, ActsFatras::ChargedSelector, ActsFatras::EveryParticle, ActsFatras::EveryParticle>, ActsFatras::ContinuousProcess<ActsFatras::BetheBloch, ActsFatras::ChargedSelector, ActsFatras::Min<ActsFatras::Casts::P>, ActsFatras::EveryParticle>, ActsFatras::ContinuousProcess<ActsFatras::BetheHeitler, ActsFatras::AbsPdgSelector<(Acts::PdgParticle)11>, ActsFatras::Min<ActsFatras::Casts::P>, ActsFatras::Min<ActsFatras::Casts::P>>>, ActsExamples::(anonymous namespace)::HitSurfaceSelector>>>, Acts::PathLimitReached>(Acts::BoundTrackParameters const&, Acts::PropagatorOptions<Acts::SympyStepper::Options, Acts::Navigator::Options, Acts::ActorList<ActsFatras::detail::SimulationActor<ActsExamples::RandomEngine, ActsFatras::NoDecay, ActsFatras::InteractionList<ActsFatras::ContinuousProcess<ActsFatras::GenericScattering<ActsFatras::detail::Highland>, ActsFatras::ChargedSelector, ActsFatras::EveryParticle, ActsFatras::EveryParticle>, ActsFatras::ContinuousProcess<ActsFatras::BetheBloch, ActsFatras::ChargedSelector, ActsFatras::Min<ActsFatras::Casts::P>, ActsFatras::EveryParticle>, ActsFatras::ContinuousProcess<ActsFatras::BetheHeitler, ActsFatras::AbsPdgSelector<(Acts::PdgParticle)11>, ActsFatras::Min<ActsFatras::Casts::P>, ActsFatras::Min<ActsFatras::Casts::P>>>, ActsExamples::(anonymous namespace)::HitSurfaceSelector>>> const&, bool) const in /Users/andreas/cern/build/acts/acts/rz-release/lib/libActsExamplesFatras.dylib
 7# ActsExamples::FatrasSimulation::Impl::simulate(Acts::GeometryContext const&, Acts::MagneticFieldContext const&, ActsExamples::RandomEngine&, std::__1::vector<ActsFatras::Particle, std::__1::allocator<ActsFatras::Particle>> const&, std::__1::vector<ActsFatras::Particle, std::__1::allocator<ActsFatras::Particle>>&, std::__1::vector<ActsFatras::Particle, std::__1::allocator<ActsFatras::Particle>>&, std::__1::vector<ActsFatras::Hit, std::__1::allocator<ActsFatras::Hit>>&) const in /Users/andreas/cern/build/acts/acts/rz-release/lib/libActsExamplesFatras.dylib

23:16:22    Digitization   WARNING   10280 skipped in Digitization. Enable DEBUG mode to see more details.
23:16:23    TrackFinding   ERROR     Extrapolation for seed 4584 and track 0 failed with error TrackExtrapolationError:2
23:16:27    Sequencer      INFO      finished event 0
23:16:30    FatrasSimula   ERROR     event 1 particle id=2245832490024393819(vp=1|vs=56|p=461|g=0|sp=0)|pdg=gamma|q=0|m=0|p=3.49191 failed to simulate with error NavigatorError:3: No start volume could be resolved
23:16:30    FatrasSimula   ERROR     event 1 particle id=16835053711713863261(vp=1|vs=56|p=462|g=0|sp=0)|pdg=gamma|q=0|m=0|p=13.6127 failed to simulate with error NavigatorError:3: No start volume could be resolved
23:16:30    FatrasSimula   ERROR     event 1 particle id=11661088638004118617(vp=1|vs=57|p=459|g=0|sp=0)|pdg=gamma|q=0|m=0|p=45.6867 failed to simulate with error NavigatorError:3: No start volume could be resolved
23:16:30    FatrasSimula   ERROR     event 1 particle id=4039230648858447890(vp=1|vs=57|p=460|g=0|sp=0)|pdg=gamma|q=0|m=0|p=50.9683 failed to simulate with error NavigatorError:3: No start volume could be resolved
23:16:30    FatrasSimula   ERROR     event 1 particle id=892760443791420132(vp=3|vs=38|p=277|g=0|sp=0)|pdg=n|q=0|m=0.939565|p=1803.62 failed to simulate with error NavigatorError:3: No start volume could be resolved
23:16:30    FatrasSimula   ERROR     event 1 particle id=375720817278889886(vp=3|vs=38|p=278|g=0|sp=0)|pdg=pi+|q=1|m=0.13957|p=462.583 failed to simulate with error NavigatorError:3: No start volume could be resolved
23:16:30    FatrasSimula   ERROR     event 1 particle id=2899426776174011077(vp=3|vs=39|p=279|g=0|sp=0)|pdg=pi+|q=1|m=0.13957|p=78.8664 failed to simulate with error NavigatorError:3: No start volume could be resolved
23:16:30    FatrasSimula   ERROR     event 1 particle id=8748095913939798780(vp=3|vs=39|p=280|g=0|sp=0)|pdg=pi-|q=-1|m=0.13957|p=679.36 failed to simulate with error NavigatorError:3: No start volume could be resolved
23:16:30    FatrasSimula   ERROR     event 1 particle id=11936501062683128766(vp=4|vs=16|p=97|g=0|sp=0)|pdg=gamma|q=0|m=0|p=49.167 failed to simulate with error NavigatorError:3: No start volume could be resolved
23:16:30    FatrasSimula   ERROR     event 1 particle id=6578417011736534446(vp=4|vs=16|p=98|g=0|sp=0)|pdg=gamma|q=0|m=0|p=69.3748 failed to simulate with error NavigatorError:3: No start volume could be resolved
23:16:30    FatrasSimula   ERROR     event 1 particle id=13375743978329540090(vp=4|vs=17|p=99|g=0|sp=0)|pdg=gamma|q=0|m=0|p=130.522 failed to simulate with error NavigatorError:3: No start volume could be resolved
23:16:30    FatrasSimula   ERROR     event 1 particle id=13035683541898960504(vp=4|vs=17|p=100|g=0|sp=0)|pdg=gamma|q=0|m=0|p=165.662 failed to simulate with error NavigatorError:3: No start volume could be resolved
23:16:30    FatrasSimula   ERROR     event 1 particle id=17868303133882540404(vp=5|vs=8|p=50|g=0|sp=0)|pdg=p|q=1|m=0.938272|p=801.588 failed to simulate with error NavigatorError:3: No start volume could be resolved
23:16:30    FatrasSimula   ERROR     event 1 particle id=5817375274103755125(vp=5|vs=8|p=51|g=0|sp=0)|pdg=pi-|q=-1|m=0.13957|p=66.1902 failed to simulate with error NavigatorError:3: No start volume could be resolved
23:16:30    FatrasSimula   ERROR     event 1 particle id=15764456900705923854(vp=5|vs=16|p=108|g=0|sp=0)|pdg=pi+|q=1|m=0.13957|p=3.54996 failed to simulate with error NavigatorError:3: No start volume could be resolved
23:16:30    FatrasSimula   ERROR     event 1 particle id=13051759454323623701(vp=5|vs=16|p=109|g=0|sp=0)|pdg=pi-|q=-1|m=0.13957|p=22.1767 failed to simulate with error NavigatorError:3: No start volume could be resolved
23:16:30    FatrasSimula   ERROR     event 1 particle id=1926927432802892127(vp=5|vs=17|p=112|g=0|sp=0)|pdg=p|q=1|m=0.938272|p=316.467 failed to simulate with error NavigatorError:3: No start volume could be resolved
23:16:30    FatrasSimula   ERROR     event 1 particle id=771022706246538239(vp=5|vs=17|p=113|g=0|sp=0)|pdg=pi-|q=-1|m=0.13957|p=62.9902 failed to simulate with error NavigatorError:3: No start volume could be resolved
23:16:30    FatrasSimula   ERROR     event 1 particle id=12512879076043942128(vp=8|vs=20|p=145|g=0|sp=0)|pdg=gamma|q=0|m=0|p=22.5506 failed to simulate with error NavigatorError:3: No start volume could be resolved
23:16:30    FatrasSimula   ERROR     event 1 particle id=3388657445436474246(vp=8|vs=20|p=146|g=0|sp=0)|pdg=gamma|q=0|m=0|p=1.99836 failed to simulate with error NavigatorError:3: No start volume could be resolved
23:16:30    FatrasSimula   ERROR     event 1 particle id=13294836293181863524(vp=8|vs=21|p=143|g=0|sp=0)|pdg=gamma|q=0|m=0|p=25.8791 failed to simulate with error NavigatorError:3: No start volume could be resolved
23:16:30    FatrasSimula   ERROR     event 1 particle id=14888465537821955751(vp=8|vs=21|p=144|g=0|sp=0)|pdg=gamma|q=0|m=0|p=34.092 failed to simulate with error NavigatorError:3: No start volume could be resolved
23:16:30    FatrasSimula   ERROR     event 1 particle id=3259873392942092809(vp=16|vs=3|p=4|g=0|sp=0)|pdg=pi+|q=1|m=0.13957|p=1166.45 failed to simulate with error NavigatorError:3: No start volume could be resolved
23:16:30    FatrasSimula   ERROR     event 1 particle id=6567367590668010284(vp=16|vs=3|p=5|g=0|sp=0)|pdg=pi-|q=-1|m=0.13957|p=536.653 failed to simulate with error NavigatorError:3: No start volume could be resolved
23:16:30    FatrasSimula   ERROR     event 1 particle id=18297131597240166851(vp=16|vs=6|p=6|g=0|sp=0)|pdg=gamma|q=0|m=0|p=109.495 failed to simulate with error NavigatorError:3: No start volume could be resolved
23:16:30    FatrasSimula   ERROR     event 1 particle id=15484189102951906383(vp=16|vs=6|p=7|g=0|sp=0)|pdg=gamma|q=0|m=0|p=134.099 failed to simulate with error NavigatorError:3: No start volume could be resolved
23:16:30    FatrasSimula   ERROR     event 1 particle id=15171952751655383256(vp=16|vs=7|p=8|g=0|sp=0)|pdg=gamma|q=0|m=0|p=392.296 failed to simulate with error NavigatorError:3: No start volume could be resolved
23:16:30    FatrasSimula   ERROR     event 1 particle id=13730217371508638621(vp=16|vs=7|p=9|g=0|sp=0)|pdg=gamma|q=0|m=0|p=181.812 failed to simulate with error NavigatorError:3: No start volume could be resolved
23:16:30    FatrasSimula   ERROR     event 1 particle id=893072442943599007(vp=17|vs=11|p=94|g=0|sp=0)|pdg=pi+|q=1|m=0.13957|p=28.4016 failed to simulate with error NavigatorError:3: No start volume could be resolved
23:16:30    FatrasSimula   ERROR     event 1 particle id=12288818994141235547(vp=17|vs=11|p=95|g=0|sp=0)|pdg=pi-|q=-1|m=0.13957|p=51.8362 failed to simulate with error NavigatorError:3: No start volume could be resolved
23:16:30    FatrasSimula   ERROR     event 1 particle id=11168830467196227437(vp=22|vs=9|p=63|g=0|sp=0)|pdg=n|q=0|m=0.939565|p=2741.27 failed to simulate with error NavigatorError:3: No start volume could be resolved
23:16:30    FatrasSimula   ERROR     event 1 particle id=13070725064556102363(vp=22|vs=9|p=64|g=0|sp=0)|pdg=pi+|q=1|m=0.13957|p=354.117 failed to simulate with error NavigatorError:3: No start volume could be resolved
23:16:30    FatrasSimula   ERROR     event 1 particle id=6215146936350382435(vp=25|vs=9|p=82|g=0|sp=0)|pdg=pi+|q=1|m=0.13957|p=49.4422 failed to simulate with error NavigatorError:3: No start volume could be resolved
23:16:30    FatrasSimula   ERROR     event 1 particle id=15322320141571374961(vp=25|vs=9|p=83|g=0|sp=0)|pdg=pi-|q=-1|m=0.13957|p=26.3792 failed to simulate with error NavigatorError:3: No start volume could be resolved
23:16:30    FatrasSimula   ERROR     event 1 particle id=805104492237706483(vp=26|vs=5|p=47|g=0|sp=0)|pdg=pi+|q=1|m=0.13957|p=28.1118 failed to simulate with error NavigatorError:3: No start volume could be resolved
23:16:30    FatrasSimula   ERROR     event 1 particle id=11636598385280243327(vp=26|vs=5|p=48|g=0|sp=0)|pdg=pi-|q=-1|m=0.13957|p=164.863 failed to simulate with error NavigatorError:3: No start volume could be resolved
23:16:30    FatrasSimula   ERROR     event 1 particle id=4540429751925800490(vp=26|vs=6|p=64|g=0|sp=0)|pdg=n|q=0|m=0.939565|p=912.994 failed to simulate with error NavigatorError:3: No start volume could be resolved
23:16:30    FatrasSimula   ERROR     event 1 particle id=16595790808530316814(vp=26|vs=6|p=65|g=0|sp=0)|pdg=pi+|q=1|m=0.13957|p=119.207 failed to simulate with error NavigatorError:3: No start volume could be resolved
23:16:30    FatrasSimula   ERROR     event 1 particle id=16134552967962943582(vp=26|vs=7|p=66|g=0|sp=0)|pdg=p~|q=-1|m=0.938272|p=353.153 failed to simulate with error NavigatorError:3: No start volume could be resolved
23:16:30    FatrasSimula   ERROR     event 1 particle id=16175595356715681143(vp=26|vs=8|p=67|g=0|sp=0)|pdg=gamma|q=0|m=0|p=30.088 failed to simulate with error NavigatorError:3: No start volume could be resolved
23:16:30    FatrasSimula   ERROR     event 1 particle id=3366016380340411421(vp=26|vs=8|p=68|g=0|sp=0)|pdg=gamma|q=0|m=0|p=19.3646 failed to simulate with error NavigatorError:3: No start volume could be resolved
23:16:30    FatrasSimula   ERROR     event 1 particle id=14823156241696726696(vp=31|vs=15|p=114|g=0|sp=0)|pdg=pi+|q=1|m=0.13957|p=8.71287 failed to simulate with error NavigatorError:3: No start volume could be resolved
23:16:30    FatrasSimula   ERROR     event 1 particle id=13861141250155238901(vp=31|vs=15|p=115|g=0|sp=0)|pdg=pi-|q=-1|m=0.13957|p=13.4997 failed to simulate with error NavigatorError:3: No start volume could be resolved
23:16:30    FatrasSimula   ERROR     event 1 particle id=1508814050626784320(vp=34|vs=21|p=190|g=0|sp=0)|pdg=gamma|q=0|m=0|p=5.60495 failed to simulate with error NavigatorError:3: No start volume could be resolved
23:16:30    FatrasSimula   ERROR     event 1 particle id=8621801456562288541(vp=34|vs=21|p=191|g=0|sp=0)|pdg=gamma|q=0|m=0|p=3.97184 failed to simulate with error NavigatorError:3: No start volume could be resolved
23:16:30    FatrasSimula   ERROR     event 1 particle id=4788506362194553901(vp=34|vs=22|p=192|g=0|sp=0)|pdg=gamma|q=0|m=0|p=13.8146 failed to simulate with error NavigatorError:3: No start volume could be resolved
23:16:30    FatrasSimula   ERROR     event 1 particle id=11124025451092277094(vp=34|vs=22|p=193|g=0|sp=0)|pdg=gamma|q=0|m=0|p=16.4467 failed to simulate with error NavigatorError:3: No start volume could be resolved
23:16:30    FatrasSimula   ERROR     event 1 particle id=2149564293156682340(vp=34|vs=29|p=272|g=0|sp=0)|pdg=pi+|q=1|m=0.13957|p=40.8549 failed to simulate with error NavigatorError:3: No start volume could be resolved
23:16:30    FatrasSimula   ERROR     event 1 particle id=12728171433055124831(vp=34|vs=29|p=273|g=0|sp=0)|pdg=pi-|q=-1|m=0.13957|p=36.4187 failed to simulate with error NavigatorError:3: No start volume could be resolved
23:16:30    FatrasSimula   ERROR     event 1 particle id=7465783576980300024(vp=34|vs=33|p=304|g=0|sp=0)|pdg=n|q=0|m=0.939565|p=1449.32 failed to simulate with error NavigatorError:3: No start volume could be resolved
23:16:30    FatrasSimula   ERROR     event 1 particle id=10906679327263002650(vp=34|vs=34|p=305|g=0|sp=0)|pdg=gamma|q=0|m=0|p=107.68 failed to simulate with error NavigatorError:3: No start volume could be resolved
23:16:30    FatrasSimula   ERROR     event 1 particle id=6592018015892674371(vp=34|vs=34|p=306|g=0|sp=0)|pdg=gamma|q=0|m=0|p=1.46979 failed to simulate with error NavigatorError:3: No start volume could be resolved
23:16:30    FatrasSimula   ERROR     event 1 particle id=917078753147987962(vp=35|vs=6|p=37|g=0|sp=0)|pdg=gamma|q=0|m=0|p=4.84801 failed to simulate with error NavigatorError:3: No start volume could be resolved
23:16:30    FatrasSimula   ERROR     event 1 particle id=3002241132858198187(vp=35|vs=6|p=38|g=0|sp=0)|pdg=gamma|q=0|m=0|p=8.72713 failed to simulate with error NavigatorError:3: No start volume could be resolved
23:16:30    FatrasSimula   ERROR     event 1 particle id=16538743433177940459(vp=35|vs=7|p=39|g=0|sp=0)|pdg=gamma|q=0|m=0|p=0.945104 failed to simulate with error NavigatorError:3: No start volume could be resolved
23:16:30    FatrasSimula   ERROR     event 1 particle id=16605254128571462138(vp=35|vs=7|p=40|g=0|sp=0)|pdg=gamma|q=0|m=0|p=70.8808 failed to simulate with error NavigatorError:3: No start volume could be resolved
23:16:30    FatrasSimula   ERROR     event 1 particle id=12822684285022184198(vp=35|vs=13|p=97|g=0|sp=0)|pdg=p|q=1|m=0.938272|p=70.6497 failed to simulate with error NavigatorError:3: No start volume could be resolved
23:16:30    FatrasSimula   ERROR     event 1 particle id=5875134973098139074(vp=35|vs=13|p=98|g=0|sp=0)|pdg=pi-|q=-1|m=0.13957|p=14.9083 failed to simulate with error NavigatorError:3: No start volume could be resolved
23:16:30    FatrasSimula   ERROR     event 1 particle id=9954648921313761526(vp=35|vs=20|p=219|g=0|sp=0)|pdg=pi+|q=1|m=0.13957|p=121.438 failed to simulate with error NavigatorError:3: No start volume could be resolved
23:16:30    FatrasSimula   ERROR     event 1 particle id=13491932949102597534(vp=35|vs=20|p=220|g=0|sp=0)|pdg=pi-|q=-1|m=0.13957|p=46.2716 failed to simulate with error NavigatorError:3: No start volume could be resolved
23:16:30    FatrasSimula   ERROR     event 1 particle id=6377313819285969698(vp=40|vs=5|p=20|g=0|sp=0)|pdg=n~|q=0|m=0.939565|p=62.6395 failed to simulate with error NavigatorError:3: No start volume could be resolved
23:16:30    FatrasSimula   ERROR     event 1 particle id=5061307722188928204(vp=40|vs=6|p=21|g=0|sp=0)|pdg=gamma|q=0|m=0|p=8.14742 failed to simulate with error NavigatorError:3: No start volume could be resolved
23:16:30    FatrasSimula   ERROR     event 1 particle id=5986953520462825825(vp=40|vs=6|p=22|g=0|sp=0)|pdg=gamma|q=0|m=0|p=9.43532 failed to simulate with error NavigatorError:3: No start volume could be resolved
23:16:30    FatrasSimula   ERROR     event 1 particle id=16510050161799227847(vp=41|vs=29|p=214|g=0|sp=0)|pdg=n|q=0|m=0.939565|p=121.706 failed to simulate with error NavigatorError:3: No start volume could be resolved
23:16:30    FatrasSimula   ERROR     event 1 particle id=3367137244230541677(vp=41|vs=29|p=215|g=0|sp=0)|pdg=pi-|q=-1|m=0.13957|p=29.7003 failed to simulate with error NavigatorError:3: No start volume could be resolved
23:16:30    FatrasSimula   ERROR     event 1 particle id=8716785638914624049(vp=46|vs=25|p=334|g=0|sp=0)|pdg=pi+|q=1|m=0.13957|p=266.264 failed to simulate with error NavigatorError:3: No start volume could be resolved
23:16:30    FatrasSimula   ERROR     event 1 particle id=18128225568009023941(vp=46|vs=25|p=335|g=0|sp=0)|pdg=pi-|q=-1|m=0.13957|p=267.892 failed to simulate with error NavigatorError:3: No start volume could be resolved
23:16:30    FatrasSimula   ERROR     event 1 particle id=6099565491185316960(vp=47|vs=23|p=173|g=0|sp=0)|pdg=pi+|q=1|m=0.13957|p=183.752 failed to simulate with error NavigatorError:3: No start volume could be resolved
23:16:30    FatrasSimula   ERROR     event 1 particle id=4631534749215016189(vp=47|vs=23|p=174|g=0|sp=0)|pdg=pi-|q=-1|m=0.13957|p=1701.26 failed to simulate with error NavigatorError:3: No start volume could be resolved
23:16:30    FatrasSimula   ERROR     event 1 particle id=17654486140691333963(vp=48|vs=7|p=27|g=0|sp=0)|pdg=n~|q=0|m=0.939565|p=105.34 failed to simulate with error NavigatorError:3: No start volume could be resolved
23:16:30    FatrasSimula   ERROR     event 1 particle id=5092777312515479824(vp=48|vs=7|p=28|g=0|sp=0)|pdg=pi+|q=1|m=0.13957|p=31.2885 failed to simulate with error NavigatorError:3: No start volume could be resolved
23:16:30    FatrasSimula   ERROR     event 1 particle id=15411725906326206388(vp=48|vs=35|p=184|g=0|sp=0)|pdg=p|q=1|m=0.938272|p=164.08 failed to simulate with error NavigatorError:3: No start volume could be resolved
23:16:30    FatrasSimula   ERROR     event 1 particle id=7877655960276441851(vp=48|vs=35|p=185|g=0|sp=0)|pdg=pi-|q=-1|m=0.13957|p=30.2599 failed to simulate with error NavigatorError:3: No start volume could be resolved
23:16:30    FatrasSimula   ERROR     event 1 particle id=5653284622306011276(vp=48|vs=38|p=228|g=0|sp=0)|pdg=pi+|q=1|m=0.13957|p=165.082 failed to simulate with error NavigatorError:3: No start volume could be resolved
23:16:30    FatrasSimula   ERROR     event 1 particle id=7606042133256090850(vp=48|vs=38|p=229|g=0|sp=0)|pdg=pi-|q=-1|m=0.13957|p=80.8817 failed to simulate with error NavigatorError:3: No start volume could be resolved
23:16:30    FatrasSimula   ERROR     event 1 particle id=5948957738939801802(vp=48|vs=42|p=236|g=0|sp=0)|pdg=gamma|q=0|m=0|p=32.9062 failed to simulate with error NavigatorError:3: No start volume could be resolved
23:16:30    FatrasSimula   ERROR     event 1 particle id=1970163383382838588(vp=48|vs=42|p=237|g=0|sp=0)|pdg=gamma|q=0|m=0|p=14.5939 failed to simulate with error NavigatorError:3: No start volume could be resolved
23:16:30    FatrasSimula   ERROR     event 1 particle id=12961031882325579949(vp=48|vs=43|p=238|g=0|sp=0)|pdg=gamma|q=0|m=0|p=26.8509 failed to simulate with error NavigatorError:3: No start volume could be resolved
23:16:30    FatrasSimula   ERROR     event 1 particle id=9370523806056034165(vp=48|vs=43|p=239|g=0|sp=0)|pdg=gamma|q=0|m=0|p=61.6891 failed to simulate with error NavigatorError:3: No start volume could be resolved
23:16:30    FatrasSimula   ERROR     event 1 particle id=8259323899486165939(vp=48|vs=61|p=356|g=0|sp=0)|pdg=pi+|q=1|m=0.13957|p=20.3129 failed to simulate with error NavigatorError:3: No start volume could be resolved
23:16:30    FatrasSimula   ERROR     event 1 particle id=10564225435293053171(vp=48|vs=61|p=357|g=0|sp=0)|pdg=pi-|q=-1|m=0.13957|p=103.724 failed to simulate with error NavigatorError:3: No start volume could be resolved
23:16:30    FatrasSimula   ERROR     event 1 particle id=503661835612866607(vp=48|vs=87|p=512|g=0|sp=0)|pdg=p|q=1|m=0.938272|p=132.92 failed to simulate with error NavigatorError:3: No start volume could be resolved
23:16:30    FatrasSimula   ERROR     event 1 particle id=7252517770165094676(vp=48|vs=87|p=513|g=0|sp=0)|pdg=pi-|q=-1|m=0.13957|p=23.8914 failed to simulate with error NavigatorError:3: No start volume could be resolved
23:16:30    FatrasSimula   ERROR     event 1 particle id=8250669146776098236(vp=49|vs=28|p=214|g=0|sp=0)|pdg=p|q=1|m=0.938272|p=1421.16 failed to simulate with error NavigatorError:3: No start volume could be resolved
23:16:30    FatrasSimula   ERROR     event 1 particle id=12096445150371300338(vp=49|vs=28|p=215|g=0|sp=0)|pdg=pi-|q=-1|m=0.13957|p=369.324 failed to simulate with error NavigatorError:3: No start volume could be resolved
23:16:30    FatrasSimula   ERROR     event 1 particle id=11597897139923740826(vp=51|vs=6|p=37|g=0|sp=0)|pdg=pi+|q=1|m=0.13957|p=113.31 failed to simulate with error NavigatorError:3: No start volume could be resolved
23:16:30    FatrasSimula   ERROR     event 1 particle id=17375177754260592565(vp=51|vs=6|p=38|g=0|sp=0)|pdg=pi-|q=-1|m=0.13957|p=60.0024 failed to simulate with error NavigatorError:3: No start volume could be resolved
23:16:30    FatrasSimula   ERROR     event 1 particle id=14143993378067180515(vp=51|vs=12|p=99|g=0|sp=0)|pdg=pi+|q=1|m=0.13957|p=633.582 failed to simulate with error NavigatorError:3: No start volume could be resolved
23:16:30    FatrasSimula   ERROR     event 1 particle id=14637389386683838111(vp=51|vs=12|p=100|g=0|sp=0)|pdg=pi-|q=-1|m=0.13957|p=607.998 failed to simulate with error NavigatorError:3: No start volume could be resolved
23:16:30    FatrasSimula   ERROR     event 1 particle id=13068274652094137611(vp=51|vs=13|p=101|g=0|sp=0)|pdg=n|q=0|m=0.939565|p=2565.01 failed to simulate with error NavigatorError:3: No start volume could be resolved
23:16:30    FatrasSimula   ERROR     event 1 particle id=4548352433078370568(vp=51|vs=14|p=102|g=0|sp=0)|pdg=gamma|q=0|m=0|p=270.004 failed to simulate with error NavigatorError:3: No start volume could be resolved
23:16:30    FatrasSimula   ERROR     event 1 particle id=11177524993515225194(vp=51|vs=14|p=103|g=0|sp=0)|pdg=gamma|q=0|m=0|p=153.968 failed to simulate with error NavigatorError:3: No start volume could be resolved
23:16:30    FatrasSimula   ERROR     event 1 particle id=16641250070579338285(vp=52|vs=14|p=157|g=0|sp=0)|pdg=pi+|q=1|m=0.13957|p=395.737 failed to simulate with error NavigatorError:3: No start volume could be resolved
23:16:30    FatrasSimula   ERROR     event 1 particle id=6951718840535574418(vp=52|vs=14|p=158|g=0|sp=0)|pdg=pi-|q=-1|m=0.13957|p=143.309 failed to simulate with error NavigatorError:3: No start volume could be resolved
23:16:30    FatrasSimula   ERROR     event 1 particle id=18085959611580079017(vp=52|vs=40|p=329|g=0|sp=0)|pdg=pi+|q=1|m=0.13957|p=35.7827 failed to simulate with error NavigatorError:3: No start volume could be resolved
23:16:30    FatrasSimula   ERROR     event 1 particle id=10818713756668821925(vp=52|vs=40|p=330|g=0|sp=0)|pdg=pi-|q=-1|m=0.13957|p=8.11402 failed to simulate with error NavigatorError:3: No start volume could be resolved
23:16:30    FatrasSimula   ERROR     event 1 particle id=240360578727022299(vp=53|vs=2|p=4|g=0|sp=0)|pdg=n|q=0|m=0.939565|p=1678.94 failed to simulate with error NavigatorError:3: No start volume could be resolved
23:16:30    FatrasSimula   ERROR     event 1 particle id=8024040747709826638(vp=53|vs=3|p=5|g=0|sp=0)|pdg=gamma|q=0|m=0|p=204.469 failed to simulate with error NavigatorError:3: No start volume could be resolved
23:16:30    FatrasSimula   ERROR     event 1 particle id=15492549084815487100(vp=53|vs=3|p=6|g=0|sp=0)|pdg=gamma|q=0|m=0|p=229.356 failed to simulate with error NavigatorError:3: No start volume could be resolved
23:16:30    FatrasSimula   ERROR     event 1 particle id=335068143986627696(vp=58|vs=23|p=234|g=0|sp=0)|pdg=pi+|q=1|m=0.13957|p=169.924 failed to simulate with error NavigatorError:3: No start volume could be resolved
23:16:30    FatrasSimula   ERROR     event 1 particle id=3292204929044472411(vp=58|vs=23|p=235|g=0|sp=0)|pdg=pi-|q=-1|m=0.13957|p=354.812 failed to simulate with error NavigatorError:3: No start volume could be resolved
23:16:30    FatrasSimula   ERROR     event 1 particle id=15372852269373622273(vp=58|vs=36|p=295|g=0|sp=0)|pdg=p~|q=-1|m=0.938272|p=45.2798 failed to simulate with error NavigatorError:3: No start volume could be resolved
23:16:30    FatrasSimula   ERROR     event 1 particle id=12684828115903914654(vp=58|vs=36|p=296|g=0|sp=0)|pdg=pi+|q=1|m=0.13957|p=13.185 failed to simulate with error NavigatorError:3: No start volume could be resolved
23:16:30    FatrasSimula   ERROR     event 1 particle id=8825194223245139435(vp=59|vs=11|p=56|g=0|sp=0)|pdg=p|q=1|m=0.938272|p=1501.14 failed to simulate with error NavigatorError:3: No start volume could be resolved
23:16:30    FatrasSimula   ERROR     event 1 particle id=4075566438333639959(vp=59|vs=11|p=57|g=0|sp=0)|pdg=pi-|q=-1|m=0.13957|p=385.266 failed to simulate with error NavigatorError:3: No start volume could be resolved
23:16:30    FatrasSimula   ERROR     event 1 particle id=14120163409484286426(vp=59|vs=12|p=58|g=0|sp=0)|pdg=gamma|q=0|m=0|p=126.566 failed to simulate with error NavigatorError:3: No start volume could be resolved
23:16:30    FatrasSimula   ERROR     event 1 particle id=2007300718691065296(vp=59|vs=12|p=59|g=0|sp=0)|pdg=gamma|q=0|m=0|p=33.3676 failed to simulate with error NavigatorError:3: No start volume could be resolved
23:16:30    FatrasSimula   ERROR     event 1 particle id=2471225059083223845(vp=60|vs=18|p=126|g=0|sp=0)|pdg=p~|q=-1|m=0.938272|p=161.935 failed to simulate with error NavigatorError:3: No start volume could be resolved
23:16:30    FatrasSimula   ERROR     event 1 particle id=8194215612320032608(vp=60|vs=18|p=127|g=0|sp=0)|pdg=pi+|q=1|m=0.13957|p=15.0322 failed to simulate with error NavigatorError:3: No start volume could be resolved
23:16:30    FatrasSimula   ERROR     event 1 particle id=13166451783922306516(vp=60|vs=43|p=328|g=0|sp=0)|pdg=pi+|q=1|m=0.13957|p=23.6268 failed to simulate with error NavigatorError:3: No start volume could be resolved
23:16:30    FatrasSimula   ERROR     event 1 particle id=9604541201420584657(vp=60|vs=43|p=329|g=0|sp=0)|pdg=pi-|q=-1|m=0.13957|p=11.6608 failed to simulate with error NavigatorError:3: No start volume could be resolved
23:16:30    FatrasSimula   ERROR     event 1 particle id=11610589800424011182(vp=62|vs=6|p=55|g=0|sp=0)|pdg=n|q=0|m=0.939565|p=2003.31 failed to simulate with error NavigatorError:3: No start volume could be resolved
23:16:30    FatrasSimula   ERROR     event 1 particle id=11688632840166864734(vp=62|vs=7|p=56|g=0|sp=0)|pdg=gamma|q=0|m=0|p=52.1417 failed to simulate with error NavigatorError:3: No start volume could be resolved
23:16:30    FatrasSimula   ERROR     event 1 particle id=16695754034468228852(vp=62|vs=7|p=57|g=0|sp=0)|pdg=gamma|q=0|m=0|p=80.3869 failed to simulate with error NavigatorError:3: No start volume could be resolved
23:16:30    FatrasSimula   ERROR     event 1 particle id=15935251766134877373(vp=62|vs=26|p=179|g=0|sp=0)|pdg=p|q=1|m=0.938272|p=44.8104 failed to simulate with error NavigatorError:3: No start volume could be resolved
23:16:30    FatrasSimula   ERROR     event 1 particle id=18229808733529701542(vp=62|vs=26|p=180|g=0|sp=0)|pdg=pi-|q=-1|m=0.13957|p=7.73197 failed to simulate with error NavigatorError:3: No start volume could be resolved
23:16:30    FatrasSimula   ERROR     event 1 particle id=10579571226013493656(vp=65|vs=11|p=91|g=0|sp=0)|pdg=n|q=0|m=0.939565|p=2615.07 failed to simulate with error NavigatorError:3: No start volume could be resolved
23:16:30    FatrasSimula   ERROR     event 1 particle id=6997462143734857297(vp=65|vs=11|p=92|g=0|sp=0)|pdg=pi+|q=1|m=0.13957|p=435.606 failed to simulate with error NavigatorError:3: No start volume could be resolved
23:16:30    FatrasSimula   ERROR     event 1 particle id=4874284966852132319(vp=66|vs=2|p=7|g=0|sp=0)|pdg=p~|q=-1|m=0.938272|p=160.71 failed to simulate with error NavigatorError:3: No start volume could be resolved
23:16:30    FatrasSimula   ERROR     event 1 particle id=18294179271696127823(vp=66|vs=2|p=8|g=0|sp=0)|pdg=pi+|q=1|m=0.13957|p=14.2975 failed to simulate with error NavigatorError:3: No start volume could be resolved
23:16:30    FatrasSimula   ERROR     event 1 particle id=17783440815801801310(vp=67|vs=14|p=113|g=0|sp=0)|pdg=n|q=0|m=0.939565|p=531.437 failed to simulate with error NavigatorError:3: No start volume could be resolved
23:16:30    FatrasSimula   ERROR     event 1 particle id=9736998654744969922(vp=67|vs=14|p=114|g=0|sp=0)|pdg=gamma|q=0|m=0|p=51.799 failed to simulate with error NavigatorError:3: No start volume could be resolved
23:16:30    FatrasSimula   ERROR     event 1 particle id=1949122678334765080(vp=67|vs=14|p=115|g=0|sp=0)|pdg=gamma|q=0|m=0|p=28.2871 failed to simulate with error NavigatorError:3: No start volume could be resolved
23:16:30    FatrasSimula   ERROR     event 1 particle id=8733394886667694662(vp=68|vs=22|p=174|g=0|sp=0)|pdg=pi+|q=1|m=0.13957|p=61.7574 failed to simulate with error NavigatorError:3: No start volume could be resolved
23:16:30    FatrasSimula   ERROR     event 1 particle id=6754441540881138252(vp=68|vs=22|p=175|g=0|sp=0)|pdg=pi-|q=-1|m=0.13957|p=112.414 failed to simulate with error NavigatorError:3: No start volume could be resolved
23:16:30    FatrasSimula   ERROR     event 1 particle id=14366583626804691476(vp=69|vs=19|p=161|g=0|sp=0)|pdg=pi-|q=-1|m=0.13957|p=97.9489 failed to simulate with error NavigatorError:3: No start volume could be resolved
23:16:30    FatrasSimula   ERROR     event 1 particle id=9172030659756753959(vp=69|vs=20|p=159|g=0|sp=0)|pdg=p|q=1|m=0.938272|p=363.991 failed to simulate with error NavigatorError:3: No start volume could be resolved
23:16:30    FatrasSimula   ERROR     event 1 particle id=4282050040058377214(vp=69|vs=20|p=160|g=0|sp=0)|pdg=pi-|q=-1|m=0.13957|p=75.1722 failed to simulate with error NavigatorError:3: No start volume could be resolved
23:16:30    FatrasSimula   ERROR     event 1 particle id=11074149881342877126(vp=69|vs=21|p=164|g=0|sp=0)|pdg=pi+|q=1|m=0.13957|p=164.35 failed to simulate with error NavigatorError:3: No start volume could be resolved
23:16:30    FatrasSimula   ERROR     event 1 particle id=9977178786812234087(vp=69|vs=22|p=162|g=0|sp=0)|pdg=p~|q=-1|m=0.938272|p=668.597 failed to simulate with error NavigatorError:3: No start volume could be resolved
23:16:30    FatrasSimula   ERROR     event 1 particle id=4797247094300799820(vp=69|vs=22|p=163|g=0|sp=0)|pdg=pi+|q=1|m=0.13957|p=191.316 failed to simulate with error NavigatorError:3: No start volume could be resolved
23:16:30    FatrasSimula   ERROR     event 1 particle id=9235340101359640674(vp=72|vs=1|p=1|g=0|sp=0)|pdg=pi+|q=1|m=0.13957|p=59.6884 failed to simulate with error NavigatorError:3: No start volume could be resolved
23:16:30    FatrasSimula   ERROR     event 1 particle id=9419816456548056131(vp=72|vs=1|p=2|g=0|sp=0)|pdg=pi-|q=-1|m=0.13957|p=139.243 failed to simulate with error NavigatorError:3: No start volume could be resolved
23:16:30    FatrasSimula   ERROR     event 1 particle id=11055786226327784769(vp=72|vs=14|p=82|g=0|sp=0)|pdg=pi+|q=1|m=0.13957|p=39.1653 failed to simulate with error NavigatorError:3: No start volume could be resolved
23:16:30    FatrasSimula   ERROR     event 1 particle id=15526626522002733412(vp=72|vs=14|p=83|g=0|sp=0)|pdg=pi-|q=-1|m=0.13957|p=108.459 failed to simulate with error NavigatorError:3: No start volume could be resolved
23:16:30    FatrasSimula   ERROR     event 1 particle id=2440862778992801695(vp=74|vs=6|p=51|g=0|sp=0)|pdg=n|q=0|m=0.939565|p=43.0839 failed to simulate with error NavigatorError:3: No start volume could be resolved
23:16:30    FatrasSimula   ERROR     event 1 particle id=8957117520944884918(vp=74|vs=6|p=52|g=0|sp=0)|pdg=gamma|q=0|m=0|p=1.69841 failed to simulate with error NavigatorError:3: No start volume could be resolved
23:16:30    FatrasSimula   ERROR     event 1 particle id=2330434772329100338(vp=74|vs=6|p=53|g=0|sp=0)|pdg=gamma|q=0|m=0|p=7.35273 failed to simulate with error NavigatorError:3: No start volume could be resolved
23:16:30    FatrasSimula   ERROR     event 1 particle id=16522366878815980195(vp=74|vs=7|p=54|g=0|sp=0)|pdg=n~|q=0|m=0.939565|p=61.5665 failed to simulate with error NavigatorError:3: No start volume could be resolved
23:16:30    FatrasSimula   ERROR     event 1 particle id=10651498569753582011(vp=74|vs=7|p=55|g=0|sp=0)|pdg=gamma|q=0|m=0|p=3.93927 failed to simulate with error NavigatorError:3: No start volume could be resolved
23:16:30    FatrasSimula   ERROR     event 1 particle id=7421659119774961852(vp=74|vs=7|p=56|g=0|sp=0)|pdg=gamma|q=0|m=0|p=8.70676 failed to simulate with error NavigatorError:3: No start volume could be resolved
23:16:30    FatrasSimula   ERROR     event 1 particle id=7275833918938433540(vp=79|vs=24|p=100|g=0|sp=0)|pdg=n|q=0|m=0.939565|p=172.016 failed to simulate with error NavigatorError:3: No start volume could be resolved
23:16:30    FatrasSimula   ERROR     event 1 particle id=12360588351691969028(vp=79|vs=24|p=101|g=0|sp=0)|pdg=pi-|q=-1|m=0.13957|p=41.0761 failed to simulate with error NavigatorError:3: No start volume could be resolved
23:16:30    FatrasSimula   ERROR     event 1 particle id=10180551641408144859(vp=79|vs=25|p=102|g=0|sp=0)|pdg=n~|q=0|m=0.939565|p=38.9299 failed to simulate with error NavigatorError:3: No start volume could be resolved
23:16:30    FatrasSimula   ERROR     event 1 particle id=9277549066520333664(vp=79|vs=25|p=103|g=0|sp=0)|pdg=pi+|q=1|m=0.13957|p=16.9145 failed to simulate with error NavigatorError:3: No start volume could be resolved
23:16:30    FatrasSimula   ERROR     event 1 particle id=15890351483306919922(vp=79|vs=27|p=104|g=0|sp=0)|pdg=gamma|q=0|m=0|p=8.00117 failed to simulate with error NavigatorError:3: No start volume could be resolved
23:16:30    FatrasSimula   ERROR     event 1 particle id=10259818254123929102(vp=79|vs=27|p=105|g=0|sp=0)|pdg=gamma|q=0|m=0|p=12.964 failed to simulate with error NavigatorError:3: No start volume could be resolved
23:16:30    FatrasSimula   ERROR     event 1 particle id=10689482713916376595(vp=79|vs=28|p=106|g=0|sp=0)|pdg=gamma|q=0|m=0|p=2.27953 failed to simulate with error NavigatorError:3: No start volume could be resolved
23:16:30    FatrasSimula   ERROR     event 1 particle id=12812475243428193123(vp=79|vs=28|p=107|g=0|sp=0)|pdg=gamma|q=0|m=0|p=34.0438 failed to simulate with error NavigatorError:3: No start volume could be resolved
23:16:30    FatrasSimula   ERROR     event 1 particle id=14777814457643077976(vp=80|vs=8|p=50|g=0|sp=0)|pdg=n|q=0|m=0.939565|p=44.7264 failed to simulate with error NavigatorError:3: No start volume could be resolved
23:16:30    FatrasSimula   ERROR     event 1 particle id=622445839178815905(vp=80|vs=9|p=51|g=0|sp=0)|pdg=gamma|q=0|m=0|p=6.87386 failed to simulate with error NavigatorError:3: No start volume could be resolved
23:16:30    FatrasSimula   ERROR     event 1 particle id=16341296758967633580(vp=80|vs=10|p=54|g=0|sp=0)|pdg=p~|q=-1|m=0.938272|p=42.9332 failed to simulate with error NavigatorError:3: No start volume could be resolved
23:16:30    FatrasSimula   ERROR     event 1 particle id=13006006768009763124(vp=80|vs=10|p=55|g=0|sp=0)|pdg=pi+|q=1|m=0.13957|p=12.9491 failed to simulate with error NavigatorError:3: No start volume could be resolved
23:16:30    FatrasSimula   ERROR     event 1 particle id=7622632787918567806(vp=80|vs=24|p=140|g=0|sp=0)|pdg=pi+|q=1|m=0.13957|p=768.364 failed to simulate with error NavigatorError:3: No start volume could be resolved
23:16:30    FatrasSimula   ERROR     event 1 particle id=12368344556819474726(vp=80|vs=24|p=141|g=0|sp=0)|pdg=pi-|q=-1|m=0.13957|p=1237.14 failed to simulate with error NavigatorError:3: No start volume could be resolved
23:16:30    FatrasSimula   ERROR     event 1 particle id=7344304645257531856(vp=80|vs=50|p=401|g=0|sp=0)|pdg=p|q=1|m=0.938272|p=394.263 failed to simulate with error NavigatorError:3: No start volume could be resolved
23:16:30    FatrasSimula   ERROR     event 1 particle id=14018057073201298214(vp=80|vs=50|p=402|g=0|sp=0)|pdg=pi-|q=-1|m=0.13957|p=34.6183 failed to simulate with error NavigatorError:3: No start volume could be resolved
23:16:30    FatrasSimula   ERROR     event 1 particle id=12535026428281399230(vp=80|vs=63|p=492|g=0|sp=0)|pdg=n|q=0|m=0.939565|p=295.961 failed to simulate with error NavigatorError:3: No start volume could be resolved
23:16:30    FatrasSimula   ERROR     event 1 particle id=9188113058372485127(vp=80|vs=64|p=493|g=0|sp=0)|pdg=gamma|q=0|m=0|p=1.81451 failed to simulate with error NavigatorError:3: No start volume could be resolved
23:16:30    FatrasSimula   ERROR     event 1 particle id=7917274814598110424(vp=80|vs=64|p=494|g=0|sp=0)|pdg=gamma|q=0|m=0|p=19.9852 failed to simulate with error NavigatorError:3: No start volume could be resolved
23:16:30    FatrasSimula   ERROR     event 1 particle id=1151936224219611682(vp=81|vs=14|p=94|g=0|sp=0)|pdg=n~|q=0|m=0.939565|p=235.743 failed to simulate with error NavigatorError:3: No start volume could be resolved
23:16:30    FatrasSimula   ERROR     event 1 particle id=11294833328108654196(vp=81|vs=14|p=95|g=0|sp=0)|pdg=pi+|q=1|m=0.13957|p=37.0947 failed to simulate with error NavigatorError:3: No start volume could be resolved
23:16:30    FatrasSimula   ERROR     event 1 particle id=16216305631210738520(vp=85|vs=40|p=304|g=0|sp=0)|pdg=gamma|q=0|m=0|p=38.3061 failed to simulate with error NavigatorError:3: No start volume could be resolved
23:16:30    FatrasSimula   ERROR     event 1 particle id=14951399811788803790(vp=85|vs=40|p=305|g=0|sp=0)|pdg=gamma|q=0|m=0|p=20.544 failed to simulate with error NavigatorError:3: No start volume could be resolved
23:16:30    FatrasSimula   ERROR     event 1 particle id=15421577164528073640(vp=85|vs=41|p=306|g=0|sp=0)|pdg=gamma|q=0|m=0|p=80.4086 failed to simulate with error NavigatorError:3: No start volume could be resolved
23:16:30    FatrasSimula   ERROR     event 1 particle id=17245410601596345209(vp=85|vs=41|p=307|g=0|sp=0)|pdg=gamma|q=0|m=0|p=92.0662 failed to simulate with error NavigatorError:3: No start volume could be resolved
23:16:30    FatrasSimula   ERROR     event 1 particle id=574610574982632092(vp=85|vs=50|p=381|g=0|sp=0)|pdg=pi+|q=1|m=0.13957|p=1607.32 failed to simulate with error NavigatorError:3: No start volume could be resolved
23:16:30    FatrasSimula   ERROR     event 1 particle id=14656476427580470770(vp=85|vs=50|p=382|g=0|sp=0)|pdg=pi-|q=-1|m=0.13957|p=254.029 failed to simulate with error NavigatorError:3: No start volume could be resolved
23:16:30    FatrasSimula   ERROR     event 1 particle id=694339851187351956(vp=87|vs=8|p=71|g=0|sp=0)|pdg=p~|q=-1|m=0.938272|p=298.557 failed to simulate with error NavigatorError:3: No start volume could be resolved
23:16:30    FatrasSimula   ERROR     event 1 particle id=13232980437164586080(vp=87|vs=8|p=72|g=0|sp=0)|pdg=pi+|q=1|m=0.13957|p=94.7992 failed to simulate with error NavigatorError:3: No start volume could be resolved
23:16:30    FatrasSimula   ERROR     event 1 particle id=10185138859288547719(vp=89|vs=6|p=54|g=0|sp=0)|pdg=pi+|q=1|m=0.13957|p=17.1037 failed to simulate with error NavigatorError:3: No start volume could be resolved
23:16:30    FatrasSimula   ERROR     event 1 particle id=7672313412409950184(vp=89|vs=6|p=55|g=0|sp=0)|pdg=pi-|q=-1|m=0.13957|p=63.8891 failed to simulate with error NavigatorError:3: No start volume could be resolved
23:16:30    FatrasSimula   ERROR     event 1 particle id=6071577464389979871(vp=89|vs=13|p=78|g=0|sp=0)|pdg=p|q=1|m=0.938272|p=212.25 failed to simulate with error NavigatorError:3: No start volume could be resolved
23:16:30    FatrasSimula   ERROR     event 1 particle id=9730337573178494173(vp=89|vs=13|p=79|g=0|sp=0)|pdg=pi-|q=-1|m=0.13957|p=32.8309 failed to simulate with error NavigatorError:3: No start volume could be resolved
23:16:30    FatrasSimula   ERROR     event 1 particle id=12288678812472477395(vp=89|vs=18|p=117|g=0|sp=0)|pdg=p|q=1|m=0.938272|p=26.0963 failed to simulate with error NavigatorError:3: No start volume could be resolved
23:16:30    FatrasSimula   ERROR     event 1 particle id=16864810640734708999(vp=89|vs=18|p=118|g=0|sp=0)|pdg=pi-|q=-1|m=0.13957|p=5.91533 failed to simulate with error NavigatorError:3: No start volume could be resolved
23:16:30    FatrasSimula   ERROR     event 1 particle id=2007246413683939847(vp=90|vs=12|p=94|g=0|sp=0)|pdg=pi+|q=1|m=0.13957|p=162.63 failed to simulate with error NavigatorError:3: No start volume could be resolved
23:16:30    FatrasSimula   ERROR     event 1 particle id=7822660654157614484(vp=90|vs=12|p=95|g=0|sp=0)|pdg=pi-|q=-1|m=0.13957|p=118.794 failed to simulate with error NavigatorError:3: No start volume could be resolved
23:16:30    FatrasSimula   ERROR     event 1 particle id=11195090495518227037(vp=90|vs=23|p=162|g=0|sp=0)|pdg=n|q=0|m=0.939565|p=1005.32 failed to simulate with error NavigatorError:3: No start volume could be resolved
23:16:30    FatrasSimula   ERROR     event 1 particle id=15863346947971327665(vp=90|vs=24|p=163|g=0|sp=0)|pdg=gamma|q=0|m=0|p=8.73705 failed to simulate with error NavigatorError:3: No start volume could be resolved
23:16:30    FatrasSimula   ERROR     event 1 particle id=5477546771441548193(vp=90|vs=24|p=164|g=0|sp=0)|pdg=gamma|q=0|m=0|p=143.344 failed to simulate with error NavigatorError:3: No start volume could be resolved
23:16:30    FatrasSimula   ERROR     event 1 particle id=15912907261000514366(vp=91|vs=13|p=78|g=0|sp=0)|pdg=n~|q=0|m=0.939565|p=146.445 failed to simulate with error NavigatorError:3: No start volume could be resolved
23:16:30    FatrasSimula   ERROR     event 1 particle id=2019001344530787643(vp=91|vs=13|p=79|g=0|sp=0)|pdg=pi+|q=1|m=0.13957|p=27.9671 failed to simulate with error NavigatorError:3: No start volume could be resolved
23:16:30    FatrasSimula   ERROR     event 1 particle id=3687040051280200716(vp=92|vs=2|p=2|g=0|sp=0)|pdg=gamma|q=0|m=0|p=186.177 failed to simulate with error NavigatorError:3: No start volume could be resolved
23:16:30    FatrasSimula   ERROR     event 1 particle id=6260918797049167186(vp=92|vs=2|p=3|g=0|sp=0)|pdg=gamma|q=0|m=0|p=48.5155 failed to simulate with error NavigatorError:3: No start volume could be resolved
23:16:30    FatrasSimula   ERROR     event 1 particle id=2179717305204353922(vp=92|vs=3|p=4|g=0|sp=0)|pdg=gamma|q=0|m=0|p=214.334 failed to simulate with error NavigatorError:3: No start volume could be resolved
23:16:30    FatrasSimula   ERROR     event 1 particle id=7833544340963954087(vp=92|vs=3|p=5|g=0|sp=0)|pdg=gamma|q=0|m=0|p=113.758 failed to simulate with error NavigatorError:3: No start volume could be resolved
23:16:30    FatrasSimula   ERROR     event 1 particle id=16618328071413299603(vp=92|vs=5|p=6|g=0|sp=0)|pdg=gamma|q=0|m=0|p=8.36565 failed to simulate with error NavigatorError:3: No start volume could be resolved
23:16:30    FatrasSimula   ERROR     event 1 particle id=1171000151551111201(vp=92|vs=5|p=7|g=0|sp=0)|pdg=gamma|q=0|m=0|p=39.0279 failed to simulate with error NavigatorError:3: No start volume could be resolved
23:16:30    FatrasSimula   ERROR     event 1 particle id=6153723386483855832(vp=92|vs=6|p=8|g=0|sp=0)|pdg=gamma|q=0|m=0|p=15.393 failed to simulate with error NavigatorError:3: No start volume could be resolved
23:16:30    FatrasSimula   ERROR     event 1 particle id=2715436859164183955(vp=92|vs=6|p=9|g=0|sp=0)|pdg=gamma|q=0|m=0|p=24.4721 failed to simulate with error NavigatorError:3: No start volume could be resolved
23:16:30    FatrasSimula   ERROR     event 1 particle id=12894461573243071238(vp=93|vs=18|p=121|g=0|sp=0)|pdg=n~|q=0|m=0.939565|p=1720.04 failed to simulate with error NavigatorError:3: No start volume could be resolved
23:16:30    FatrasSimula   ERROR     event 1 particle id=15268437293303468343(vp=93|vs=19|p=122|g=0|sp=0)|pdg=gamma|q=0|m=0|p=19.7859 failed to simulate with error NavigatorError:3: No start volume could be resolved
23:16:30    FatrasSimula   ERROR     event 1 particle id=4060724561866780709(vp=93|vs=19|p=123|g=0|sp=0)|pdg=gamma|q=0|m=0|p=116.622 failed to simulate with error NavigatorError:3: No start volume could be resolved
23:16:30    FatrasSimula   ERROR     event 1 particle id=3172685107249446121(vp=93|vs=20|p=124|g=0|sp=0)|pdg=n|q=0|m=0.939565|p=712.19 failed to simulate with error NavigatorError:3: No start volume could be resolved
23:16:30    FatrasSimula   ERROR     event 1 particle id=7392942730457289484(vp=93|vs=21|p=125|g=0|sp=0)|pdg=gamma|q=0|m=0|p=102.907 failed to simulate with error NavigatorError:3: No start volume could be resolved
23:16:30    FatrasSimula   ERROR     event 1 particle id=4252938425866087503(vp=93|vs=21|p=126|g=0|sp=0)|pdg=gamma|q=0|m=0|p=81.6289 failed to simulate with error NavigatorError:3: No start volume could be resolved
23:16:30    FatrasSimula   ERROR     event 1 particle id=3405481505204022275(vp=94|vs=3|p=15|g=0|sp=0)|pdg=pi+|q=1|m=0.13957|p=132.598 failed to simulate with error NavigatorError:3: No start volume could be resolved
23:16:30    FatrasSimula   ERROR     event 1 particle id=18436765085290518144(vp=94|vs=3|p=16|g=0|sp=0)|pdg=pi-|q=-1|m=0.13957|p=169.875 failed to simulate with error NavigatorError:3: No start volume could be resolved
23:16:30    FatrasSimula   ERROR     event 1 particle id=10232429369416928096(vp=95|vs=36|p=254|g=0|sp=0)|pdg=n|q=0|m=0.939565|p=1279.82 failed to simulate with error NavigatorError:3: No start volume could be resolved
23:16:30    FatrasSimula   ERROR     event 1 particle id=14004300664054905833(vp=95|vs=36|p=255|g=0|sp=0)|pdg=pi-|q=-1|m=0.13957|p=614.946 failed to simulate with error NavigatorError:3: No start volume could be resolved
23:16:30    FatrasSimula   ERROR     event 1 particle id=14839821260198306136(vp=97|vs=14|p=84|g=0|sp=0)|pdg=pi+|q=1|m=0.13957|p=104.422 failed to simulate with error NavigatorError:3: No start volume could be resolved
23:16:30    FatrasSimula   ERROR     event 1 particle id=6115489830134174530(vp=97|vs=14|p=85|g=0|sp=0)|pdg=pi-|q=-1|m=0.13957|p=105.237 failed to simulate with error NavigatorError:3: No start volume could be resolved
23:16:30    FatrasSimula   ERROR     event 1 particle id=8881452084818089596(vp=98|vs=17|p=96|g=0|sp=0)|pdg=n|q=0|m=0.939565|p=212.809 failed to simulate with error NavigatorError:3: No start volume could be resolved
23:16:30    FatrasSimula   ERROR     event 1 particle id=4252554397874128950(vp=98|vs=17|p=97|g=0|sp=0)|pdg=pi-|q=-1|m=0.13957|p=8.79805 failed to simulate with error NavigatorError:3: No start volume could be resolved
23:16:30    FatrasSimula   ERROR     event 1 particle id=8059723358723297129(vp=101|vs=4|p=13|g=0|sp=0)|pdg=n|q=0|m=0.939565|p=2122.5 failed to simulate with error NavigatorError:3: No start volume could be resolved
23:16:30    FatrasSimula   ERROR     event 1 particle id=4573362603690346249(vp=101|vs=5|p=14|g=0|sp=0)|pdg=gamma|q=0|m=0|p=238.153 failed to simulate with error NavigatorError:3: No start volume could be resolved
23:16:30    FatrasSimula   ERROR     event 1 particle id=14539418380411772323(vp=101|vs=5|p=15|g=0|sp=0)|pdg=gamma|q=0|m=0|p=320.518 failed to simulate with error NavigatorError:3: No start volume could be resolved
23:16:30    FatrasSimula   ERROR     event 1 particle id=3971986400282316964(vp=102|vs=30|p=327|g=0|sp=0)|pdg=n|q=0|m=0.939565|p=1302.98 failed to simulate with error NavigatorError:3: No start volume could be resolved
23:16:30    FatrasSimula   ERROR     event 1 particle id=8189160541480010573(vp=102|vs=31|p=328|g=0|sp=0)|pdg=gamma|q=0|m=0|p=79.5027 failed to simulate with error NavigatorError:3: No start volume could be resolved
23:16:30    FatrasSimula   ERROR     event 1 particle id=16802284664352926411(vp=102|vs=31|p=329|g=0|sp=0)|pdg=gamma|q=0|m=0|p=83.8977 failed to simulate with error NavigatorError:3: No start volume could be resolved
23:16:30    FatrasSimula   ERROR     event 1 particle id=4813164450892597489(vp=104|vs=21|p=145|g=0|sp=0)|pdg=pi+|q=1|m=0.13957|p=81.8273 failed to simulate with error NavigatorError:3: No start volume could be resolved
23:16:30    FatrasSimula   ERROR     event 1 particle id=13394543723376384001(vp=104|vs=21|p=146|g=0|sp=0)|pdg=pi-|q=-1|m=0.13957|p=206.671 failed to simulate with error NavigatorError:3: No start volume could be resolved
23:16:30    FatrasSimula   ERROR     event 1 particle id=17987581180287325179(vp=104|vs=24|p=153|g=0|sp=0)|pdg=pi+|q=1|m=0.13957|p=216.644 failed to simulate with error NavigatorError:3: No start volume could be resolved
23:16:30    FatrasSimula   ERROR     event 1 particle id=6081230595896722321(vp=104|vs=24|p=154|g=0|sp=0)|pdg=pi-|q=-1|m=0.13957|p=85.9112 failed to simulate with error NavigatorError:3: No start volume could be resolved
23:16:30    FatrasSimula   ERROR     event 1 particle id=14377572433845804062(vp=105|vs=8|p=73|g=0|sp=0)|pdg=pi+|q=1|m=0.13957|p=83.0501 failed to simulate with error NavigatorError:3: No start volume could be resolved
23:16:30    FatrasSimula   ERROR     event 1 particle id=16566145626131287438(vp=105|vs=8|p=74|g=0|sp=0)|pdg=pi-|q=-1|m=0.13957|p=94.3072 failed to simulate with error NavigatorError:3: No start volume could be resolved
23:16:30    FatrasSimula   ERROR     event 1 particle id=7958310420647754980(vp=106|vs=10|p=106|g=0|sp=0)|pdg=pi+|q=1|m=0.13957|p=171.669 failed to simulate with error NavigatorError:3: No start volume could be resolved
23:16:30    FatrasSimula   ERROR     event 1 particle id=14436552330293319623(vp=106|vs=10|p=107|g=0|sp=0)|pdg=pi-|q=-1|m=0.13957|p=44.689 failed to simulate with error NavigatorError:3: No start volume could be resolved
23:16:30    FatrasSimula   ERROR     event 1 particle id=5647953779339400048(vp=106|vs=19|p=143|g=0|sp=0)|pdg=pi+|q=1|m=0.13957|p=131.053 failed to simulate with error NavigatorError:3: No start volume could be resolved
23:16:30    FatrasSimula   ERROR     event 1 particle id=8942104131817357451(vp=106|vs=20|p=141|g=0|sp=0)|pdg=p~|q=-1|m=0.938272|p=779.159 failed to simulate with error NavigatorError:3: No start volume could be resolved
23:16:30    FatrasSimula   ERROR     event 1 particle id=5613663950640813444(vp=106|vs=20|p=142|g=0|sp=0)|pdg=pi+|q=1|m=0.13957|p=188.487 failed to simulate with error NavigatorError:3: No start volume could be resolved
23:16:30    FatrasSimula   ERROR     event 1 particle id=106938679594105013(vp=107|vs=18|p=219|g=0|sp=0)|pdg=pi+|q=1|m=0.13957|p=62.4647 failed to simulate with error NavigatorError:3: No start volume could be resolved
23:16:30    FatrasSimula   ERROR     event 1 particle id=12724468250393097094(vp=107|vs=18|p=220|g=0|sp=0)|pdg=pi-|q=-1|m=0.13957|p=148.351 failed to simulate with error NavigatorError:3: No start volume could be resolved
23:16:30    FatrasSimula   ERROR     event 1 particle id=15310816589042176546(vp=108|vs=3|p=11|g=0|sp=0)|pdg=p|q=1|m=0.938272|p=1926.04 failed to simulate with error NavigatorError:3: No start volume could be resolved
23:16:30    FatrasSimula   ERROR     event 1 particle id=15204525544778108487(vp=108|vs=3|p=12|g=0|sp=0)|pdg=pi-|q=-1|m=0.13957|p=209.975 failed to simulate with error NavigatorError:3: No start volume could be resolved
23:16:30    FatrasSimula   ERROR     event 1 particle id=13731144941869654153(vp=110|vs=15|p=109|g=0|sp=0)|pdg=pi+|q=1|m=0.13957|p=110.524 failed to simulate with error NavigatorError:3: No start volume could be resolved
23:16:30    FatrasSimula   ERROR     event 1 particle id=16062783310325117936(vp=110|vs=15|p=110|g=0|sp=0)|pdg=pi-|q=-1|m=0.13957|p=623.374 failed to simulate with error NavigatorError:3: No start volume could be resolved
23:16:30    FatrasSimula   ERROR     event 1 particle id=5150576057047451595(vp=111|vs=12|p=83|g=0|sp=0)|pdg=pi+|q=1|m=0.13957|p=338.724 failed to simulate with error NavigatorError:3: No start volume could be resolved
23:16:30    FatrasSimula   ERROR     event 1 particle id=9476806423998690922(vp=111|vs=12|p=84|g=0|sp=0)|pdg=pi-|q=-1|m=0.13957|p=688.786 failed to simulate with error NavigatorError:3: No start volume could be resolved
23:16:30    FatrasSimula   ERROR     event 1 particle id=3168641931795423619(vp=111|vs=15|p=119|g=0|sp=0)|pdg=p|q=1|m=0.938272|p=92.4527 failed to simulate with error NavigatorError:3: No start volume could be resolved
23:16:30    FatrasSimula   ERROR     event 1 particle id=3216660150276560025(vp=111|vs=15|p=120|g=0|sp=0)|pdg=pi-|q=-1|m=0.13957|p=29.4633 failed to simulate with error NavigatorError:3: No start volume could be resolved
23:16:30    FatrasSimula   ERROR     event 1 particle id=13003446521592800341(vp=111|vs=16|p=122|g=0|sp=0)|pdg=p~|q=-1|m=0.938272|p=463.519 failed to simulate with error NavigatorError:3: No start volume could be resolved
23:16:30    FatrasSimula   ERROR     event 1 particle id=15057816717428027665(vp=111|vs=16|p=123|g=0|sp=0)|pdg=pi+|q=1|m=0.13957|p=83.4404 failed to simulate with error NavigatorError:3: No start volume could be resolved
23:16:30    FatrasSimula   ERROR     event 1 particle id=4733855746125686318(vp=114|vs=11|p=82|g=0|sp=0)|pdg=pi+|q=1|m=0.13957|p=31.8928 failed to simulate with error NavigatorError:3: No start volume could be resolved
23:16:30    FatrasSimula   ERROR     event 1 particle id=6464848669424410667(vp=114|vs=11|p=83|g=0|sp=0)|pdg=pi-|q=-1|m=0.13957|p=14.7674 failed to simulate with error NavigatorError:3: No start volume could be resolved
23:16:30    FatrasSimula   ERROR     event 1 particle id=7002299090778804357(vp=115|vs=1|p=2|g=0|sp=0)|pdg=pi+|q=1|m=0.13957|p=125.952 failed to simulate with error NavigatorError:3: No start volume could be resolved
23:16:30    FatrasSimula   ERROR     event 1 particle id=2060851150121501530(vp=115|vs=1|p=3|g=0|sp=0)|pdg=pi-|q=-1|m=0.13957|p=17.9589 failed to simulate with error NavigatorError:3: No start volume could be resolved
23:16:30    FatrasSimula   ERROR     event 1 particle id=15859879254732797833(vp=119|vs=10|p=58|g=0|sp=0)|pdg=p~|q=-1|m=0.938272|p=60.1216 failed to simulate with error NavigatorError:3: No start volume could be resolved
23:16:30    FatrasSimula   ERROR     event 1 particle id=250700300836748240(vp=119|vs=10|p=59|g=0|sp=0)|pdg=pi+|q=1|m=0.13957|p=5.44117 failed to simulate with error NavigatorError:3: No start volume could be resolved
23:16:30    FatrasSimula   ERROR     event 1 particle id=4906165613793979840(vp=119|vs=11|p=60|g=0|sp=0)|pdg=p|q=1|m=0.938272|p=41.1568 failed to simulate with error NavigatorError:3: No start volume could be resolved
23:16:30    FatrasSimula   ERROR     event 1 particle id=4823551343779970537(vp=119|vs=11|p=61|g=0|sp=0)|pdg=pi-|q=-1|m=0.13957|p=3.15582 failed to simulate with error NavigatorError:3: No start volume could be resolved
23:16:30    FatrasSimula   ERROR     event 1 particle id=1887676118429588067(vp=121|vs=32|p=243|g=0|sp=0)|pdg=pi+|q=1|m=0.13957|p=12.5098 failed to simulate with error NavigatorError:3: No start volume could be resolved
23:16:30    FatrasSimula   ERROR     event 1 particle id=17307050108583836108(vp=121|vs=32|p=244|g=0|sp=0)|pdg=pi-|q=-1|m=0.13957|p=87.1055 failed to simulate with error NavigatorError:3: No start volume could be resolved
23:16:30    FatrasSimula   ERROR     event 1 particle id=15494397197592490447(vp=122|vs=1|p=3|g=0|sp=0)|pdg=n~|q=0|m=0.939565|p=982.936 failed to simulate with error NavigatorError:3: No start volume could be resolved
23:16:30    FatrasSimula   ERROR     event 1 particle id=8400042328227577160(vp=122|vs=1|p=4|g=0|sp=0)|pdg=pi+|q=1|m=0.13957|p=334.195 failed to simulate with error NavigatorError:3: No start volume could be resolved
23:16:30    FatrasSimula   ERROR     event 1 particle id=8491525053948823585(vp=122|vs=2|p=6|g=0|sp=0)|pdg=pi+|q=1|m=0.13957|p=61.1141 failed to simulate with error NavigatorError:3: No start volume could be resolved
23:16:30    FatrasSimula   ERROR     event 1 particle id=14326833901250215511(vp=122|vs=2|p=7|g=0|sp=0)|pdg=pi-|q=-1|m=0.13957|p=12.8635 failed to simulate with error NavigatorError:3: No start volume could be resolved
23:16:30    FatrasSimula   ERROR     event 1 particle id=1473948798210401091(vp=122|vs=3|p=9|g=0|sp=0)|pdg=pi+|q=1|m=0.13957|p=154.083 failed to simulate with error NavigatorError:3: No start volume could be resolved
23:16:30    FatrasSimula   ERROR     event 1 particle id=11278580570786153595(vp=122|vs=3|p=10|g=0|sp=0)|pdg=pi-|q=-1|m=0.13957|p=69.0531 failed to simulate with error NavigatorError:3: No start volume could be resolved
23:16:30    FatrasSimula   ERROR     event 1 particle id=17068391674304863869(vp=122|vs=4|p=12|g=0|sp=0)|pdg=pi+|q=1|m=0.13957|p=46.216 failed to simulate with error NavigatorError:3: No start volume could be resolved
23:16:30    FatrasSimula   ERROR     event 1 particle id=12253388609046328714(vp=122|vs=4|p=13|g=0|sp=0)|pdg=pi-|q=-1|m=0.13957|p=375.029 failed to simulate with error NavigatorError:3: No start volume could be resolved
23:16:30    FatrasSimula   ERROR     event 1 particle id=6766007484692731331(vp=122|vs=5|p=15|g=0|sp=0)|pdg=p|q=1|m=0.938272|p=1074.64 failed to simulate with error NavigatorError:3: No start volume could be resolved
23:16:30    FatrasSimula   ERROR     event 1 particle id=6901336981680955954(vp=122|vs=5|p=16|g=0|sp=0)|pdg=pi-|q=-1|m=0.13957|p=247.302 failed to simulate with error NavigatorError:3: No start volume could be resolved
23:16:30    FatrasSimula   ERROR     event 1 particle id=10515151334830824364(vp=123|vs=13|p=151|g=0|sp=0)|pdg=pi-|q=-1|m=0.13957|p=24.2578 failed to simulate with error NavigatorError:3: No start volume could be resolved
23:16:30    FatrasSimula   ERROR     event 1 particle id=4110322964537929844(vp=123|vs=14|p=149|g=0|sp=0)|pdg=p|q=1|m=0.938272|p=221.298 failed to simulate with error NavigatorError:3: No start volume could be resolved
23:16:30    FatrasSimula   ERROR     event 1 particle id=17228161491068805170(vp=123|vs=14|p=150|g=0|sp=0)|pdg=pi-|q=-1|m=0.13957|p=44.4729 failed to simulate with error NavigatorError:3: No start volume could be resolved
23:16:30    FatrasSimula   ERROR     event 1 particle id=9153731478705453064(vp=123|vs=15|p=152|g=0|sp=0)|pdg=n~|q=0|m=0.939565|p=1514.06 failed to simulate with error NavigatorError:3: No start volume could be resolved
23:16:30    FatrasSimula   ERROR     event 1 particle id=13569262843122332177(vp=123|vs=15|p=153|g=0|sp=0)|pdg=pi+|q=1|m=0.13957|p=730.179 failed to simulate with error NavigatorError:3: No start volume could be resolved
23:16:30    FatrasSimula   ERROR     event 1 particle id=16682515623995385403(vp=124|vs=8|p=66|g=0|sp=0)|pdg=p|q=1|m=0.938272|p=3651.56 failed to simulate with error NavigatorError:3: No start volume could be resolved
23:16:30    FatrasSimula   ERROR     event 1 particle id=10420088743621603585(vp=124|vs=8|p=67|g=0|sp=0)|pdg=pi-|q=-1|m=0.13957|p=861.005 failed to simulate with error NavigatorError:3: No start volume could be resolved
23:16:30    FatrasSimula   ERROR     event 1 particle id=17441911943743142516(vp=125|vs=5|p=68|g=0|sp=0)|pdg=pi+|q=1|m=0.13957|p=300.324 failed to simulate with error NavigatorError:3: No start volume could be resolved
23:16:30    FatrasSimula   ERROR     event 1 particle id=13841119765373721008(vp=125|vs=5|p=69|g=0|sp=0)|pdg=pi-|q=-1|m=0.13957|p=31.6737 failed to simulate with error NavigatorError:3: No start volume could be resolved
23:16:30    FatrasSimula   ERROR     event 1 particle id=6512149347635223093(vp=127|vs=23|p=187|g=0|sp=0)|pdg=gamma|q=0|m=0|p=38.9386 failed to simulate with error NavigatorError:3: No start volume could be resolved
23:16:30    FatrasSimula   ERROR     event 1 particle id=10377844111536585699(vp=127|vs=23|p=188|g=0|sp=0)|pdg=gamma|q=0|m=0|p=40.4079 failed to simulate with error NavigatorError:3: No start volume could be resolved
23:16:30    FatrasSimula   ERROR     event 1 particle id=16508313927704339112(vp=127|vs=24|p=189|g=0|sp=0)|pdg=gamma|q=0|m=0|p=18.5862 failed to simulate with error NavigatorError:3: No start volume could be resolved
23:16:30    FatrasSimula   ERROR     event 1 particle id=14825028950056511763(vp=127|vs=24|p=190|g=0|sp=0)|pdg=gamma|q=0|m=0|p=11.0642 failed to simulate with error NavigatorError:3: No start volume could be resolved
23:16:30    FatrasSimula   ERROR     event 1 particle id=882107016810277525(vp=128|vs=4|p=52|g=0|sp=0)|pdg=gamma|q=0|m=0|p=23.9649 failed to simulate with error NavigatorError:3: No start volume could be resolved
23:16:30    FatrasSimula   ERROR     event 1 particle id=8793367592862849293(vp=128|vs=4|p=53|g=0|sp=0)|pdg=e-|q=-1|m=0.000510999|p=1.09797 failed to simulate with error NavigatorError:3: No start volume could be resolved
23:16:30    FatrasSimula   ERROR     event 1 particle id=6444935430435504525(vp=128|vs=4|p=54|g=0|sp=0)|pdg=e+|q=1|m=0.000510999|p=2.47572 failed to simulate with error NavigatorError:3: No start volume could be resolved
23:16:30    FatrasSimula   ERROR     event 1 particle id=6012648416707801228(vp=128|vs=5|p=55|g=0|sp=0)|pdg=gamma|q=0|m=0|p=11.23 failed to simulate with error NavigatorError:3: No start volume could be resolved
23:16:30    FatrasSimula   ERROR     event 1 particle id=11435940548165151654(vp=128|vs=5|p=56|g=0|sp=0)|pdg=gamma|q=0|m=0|p=3.64567 failed to simulate with error NavigatorError:3: No start volume could be resolved
23:16:30    FatrasSimula   ERROR     event 1 particle id=16011738686303458239(vp=128|vs=9|p=62|g=0|sp=0)|pdg=gamma|q=0|m=0|p=58.7208 failed to simulate with error NavigatorError:3: No start volume could be resolved
23:16:30    FatrasSimula   ERROR     event 1 particle id=10078360418292528998(vp=128|vs=9|p=63|g=0|sp=0)|pdg=gamma|q=0|m=0|p=45.2907 failed to simulate with error NavigatorError:3: No start volume could be resolved
23:16:30    FatrasSimula   ERROR     event 1 particle id=3975445275607308084(vp=128|vs=10|p=64|g=0|sp=0)|pdg=gamma|q=0|m=0|p=28.138 failed to simulate with error NavigatorError:3: No start volume could be resolved
23:16:30    FatrasSimula   ERROR     event 1 particle id=5627097813051157609(vp=128|vs=10|p=65|g=0|sp=0)|pdg=gamma|q=0|m=0|p=3.46037 failed to simulate with error NavigatorError:3: No start volume could be resolved
23:16:30    FatrasSimula   ERROR     event 1 particle id=14446468749649874910(vp=129|vs=9|p=46|g=0|sp=0)|pdg=n|q=0|m=0.939565|p=906.677 failed to simulate with error NavigatorError:3: No start volume could be resolved
23:16:30    FatrasSimula   ERROR     event 1 particle id=11920976678724446179(vp=129|vs=9|p=47|g=0|sp=0)|pdg=pi+|q=1|m=0.13957|p=397.357 failed to simulate with error NavigatorError:3: No start volume could be resolved
23:16:30    FatrasSimula   ERROR     event 1 particle id=16936228156167535674(vp=129|vs=18|p=81|g=0|sp=0)|pdg=p~|q=-1|m=0.938272|p=21.0517 failed to simulate with error NavigatorError:3: No start volume could be resolved
23:16:30    FatrasSimula   ERROR     event 1 particle id=16942852803825214066(vp=129|vs=18|p=82|g=0|sp=0)|pdg=pi+|q=1|m=0.13957|p=4.46602 failed to simulate with error NavigatorError:3: No start volume could be resolved
23:16:30    FatrasSimula   ERROR     event 1 particle id=10293695015852260203(vp=129|vs=20|p=90|g=0|sp=0)|pdg=pi+|q=1|m=0.13957|p=159.582 failed to simulate with error NavigatorError:3: No start volume could be resolved
23:16:30    FatrasSimula   ERROR     event 1 particle id=5767192539049773856(vp=129|vs=20|p=91|g=0|sp=0)|pdg=pi-|q=-1|m=0.13957|p=975.76 failed to simulate with error NavigatorError:3: No start volume could be resolved
23:16:30    FatrasSimula   ERROR     event 1 particle id=12241157120357874678(vp=133|vs=13|p=122|g=0|sp=0)|pdg=n|q=0|m=0.939565|p=89.4758 failed to simulate with error NavigatorError:3: No start volume could be resolved
23:16:30    FatrasSimula   ERROR     event 1 particle id=8787098018456575657(vp=133|vs=13|p=123|g=0|sp=0)|pdg=pi-|q=-1|m=0.13957|p=36.183 failed to simulate with error NavigatorError:3: No start volume could be resolved
23:16:30    FatrasSimula   ERROR     event 1 particle id=11465977401353053202(vp=133|vs=14|p=124|g=0|sp=0)|pdg=p~|q=-1|m=0.938272|p=72.1479 failed to simulate with error NavigatorError:3: No start volume could be resolved
23:16:30    FatrasSimula   ERROR     event 1 particle id=3700585877263930845(vp=133|vs=14|p=125|g=0|sp=0)|pdg=pi+|q=1|m=0.13957|p=10.9709 failed to simulate with error NavigatorError:3: No start volume could be resolved
23:16:30    FatrasSimula   ERROR     event 1 particle id=3772785627892605272(vp=133|vs=21|p=195|g=0|sp=0)|pdg=gamma|q=0|m=0|p=12.5936 failed to simulate with error NavigatorError:3: No start volume could be resolved
23:16:30    FatrasSimula   ERROR     event 1 particle id=3189174609932570161(vp=133|vs=21|p=196|g=0|sp=0)|pdg=gamma|q=0|m=0|p=49.6023 failed to simulate with error NavigatorError:3: No start volume could be resolved
23:16:30    FatrasSimula   ERROR     event 1 particle id=9244430208055610700(vp=133|vs=22|p=197|g=0|sp=0)|pdg=gamma|q=0|m=0|p=108.825 failed to simulate with error NavigatorError:3: No start volume could be resolved
23:16:30    FatrasSimula   ERROR     event 1 particle id=11589921910994069768(vp=133|vs=22|p=198|g=0|sp=0)|pdg=gamma|q=0|m=0|p=167.837 failed to simulate with error NavigatorError:3: No start volume could be resolved
23:16:30    FatrasSimula   ERROR     event 1 particle id=11147567848760944626(vp=133|vs=27|p=222|g=0|sp=0)|pdg=n~|q=0|m=0.939565|p=24.8097 failed to simulate with error NavigatorError:3: No start volume could be resolved
23:16:30    FatrasSimula   ERROR     event 1 particle id=4225171239243570239(vp=133|vs=28|p=223|g=0|sp=0)|pdg=gamma|q=0|m=0|p=1.57979 failed to simulate with error NavigatorError:3: No start volume could be resolved
23:16:30    FatrasSimula   ERROR     event 1 particle id=8481014925322411914(vp=133|vs=28|p=224|g=0|sp=0)|pdg=gamma|q=0|m=0|p=2.44059 failed to simulate with error NavigatorError:3: No start volume could be resolved
23:16:30    FatrasSimula   ERROR     event 1 particle id=6594469544248878585(vp=133|vs=31|p=234|g=0|sp=0)|pdg=p|q=1|m=0.938272|p=214.493 failed to simulate with error NavigatorError:3: No start volume could be resolved
23:16:30    FatrasSimula   ERROR     event 1 particle id=15131661765115815744(vp=133|vs=31|p=235|g=0|sp=0)|pdg=pi-|q=-1|m=0.13957|p=18.7037 failed to simulate with error NavigatorError:3: No start volume could be resolved
23:16:30    FatrasSimula   ERROR     event 1 particle id=2460834778276058895(vp=134|vs=14|p=95|g=0|sp=0)|pdg=gamma|q=0|m=0|p=61.5443 failed to simulate with error NavigatorError:3: No start volume could be resolved
23:16:30    FatrasSimula   ERROR     event 1 particle id=17251228751438882769(vp=134|vs=14|p=96|g=0|sp=0)|pdg=gamma|q=0|m=0|p=2.03997 failed to simulate with error NavigatorError:3: No start volume could be resolved
23:16:30    FatrasSimula   ERROR     event 1 particle id=2805948076818155888(vp=134|vs=15|p=97|g=0|sp=0)|pdg=gamma|q=0|m=0|p=83.1705 failed to simulate with error NavigatorError:3: No start volume could be resolved
23:16:30    FatrasSimula   ERROR     event 1 particle id=4870751701053781012(vp=134|vs=15|p=98|g=0|sp=0)|pdg=gamma|q=0|m=0|p=50.2589 failed to simulate with error NavigatorError:3: No start volume could be resolved
23:16:30    FatrasSimula   ERROR     event 1 particle id=16781308774130476067(vp=134|vs=26|p=149|g=0|sp=0)|pdg=p|q=1|m=0.938272|p=722.348 failed to simulate with error NavigatorError:3: No start volume could be resolved
23:16:30    FatrasSimula   ERROR     event 1 particle id=10213017535223980413(vp=134|vs=27|p=150|g=0|sp=0)|pdg=gamma|q=0|m=0|p=3.07644 failed to simulate with error NavigatorError:3: No start volume could be resolved
23:16:30    FatrasSimula   ERROR     event 1 particle id=12388650669567010210(vp=134|vs=27|p=151|g=0|sp=0)|pdg=gamma|q=0|m=0|p=172.523 failed to simulate with error NavigatorError:3: No start volume could be resolved
23:16:30    FatrasSimula   ERROR     event 1 particle id=1658192837375032004(vp=139|vs=39|p=289|g=0|sp=0)|pdg=p|q=1|m=0.938272|p=632.707 failed to simulate with error NavigatorError:3: No start volume could be resolved
23:16:30    FatrasSimula   ERROR     event 1 particle id=13419132034543134993(vp=139|vs=39|p=290|g=0|sp=0)|pdg=pi-|q=-1|m=0.13957|p=158.359 failed to simulate with error NavigatorError:3: No start volume could be resolved
23:16:30    FatrasSimula   ERROR     event 1 particle id=6956034290379615805(vp=139|vs=42|p=291|g=0|sp=0)|pdg=gamma|q=0|m=0|p=88.7123 failed to simulate with error NavigatorError:3: No start volume could be resolved
23:16:30    FatrasSimula   ERROR     event 1 particle id=18352482232381361306(vp=139|vs=42|p=292|g=0|sp=0)|pdg=gamma|q=0|m=0|p=776.446 failed to simulate with error NavigatorError:3: No start volume could be resolved
23:16:30    FatrasSimula   ERROR     event 1 particle id=9781738587144962663(vp=139|vs=43|p=293|g=0|sp=0)|pdg=gamma|q=0|m=0|p=51.8114 failed to simulate with error NavigatorError:3: No start volume could be resolved
23:16:30    FatrasSimula   ERROR     event 1 particle id=4903666887661575943(vp=139|vs=43|p=294|g=0|sp=0)|pdg=gamma|q=0|m=0|p=133.633 failed to simulate with error NavigatorError:3: No start volume could be resolved
23:16:30    FatrasSimula   ERROR     event 1 particle id=1795350680544474719(vp=139|vs=49|p=338|g=0|sp=0)|pdg=p|q=1|m=0.938272|p=197.54 failed to simulate with error NavigatorError:3: No start volume could be resolved
23:16:30    FatrasSimula   ERROR     event 1 particle id=2724676228386712246(vp=139|vs=49|p=339|g=0|sp=0)|pdg=pi-|q=-1|m=0.13957|p=27.5278 failed to simulate with error NavigatorError:3: No start volume could be resolved
23:16:30    FatrasSimula   ERROR     event 1 particle id=13349965350506924868(vp=139|vs=50|p=341|g=0|sp=0)|pdg=n~|q=0|m=0.939565|p=189.553 failed to simulate with error NavigatorError:3: No start volume could be resolved
23:16:30    FatrasSimula   ERROR     event 1 particle id=14111510782040525886(vp=139|vs=51|p=342|g=0|sp=0)|pdg=gamma|q=0|m=0|p=0.684777 failed to simulate with error NavigatorError:3: No start volume could be resolved
23:16:30    FatrasSimula   ERROR     event 1 particle id=10352272915873619861(vp=139|vs=51|p=343|g=0|sp=0)|pdg=gamma|q=0|m=0|p=52.0437 failed to simulate with error NavigatorError:3: No start volume could be resolved
23:16:30    FatrasSimula   ERROR     event 1 particle id=16187779502446952339(vp=141|vs=3|p=10|g=0|sp=0)|pdg=n|q=0|m=0.939565|p=62.143 failed to simulate with error NavigatorError:3: No start volume could be resolved
23:16:30    FatrasSimula   ERROR     event 1 particle id=14606929777487039209(vp=141|vs=3|p=11|g=0|sp=0)|pdg=gamma|q=0|m=0|p=1.78458 failed to simulate with error NavigatorError:3: No start volume could be resolved
23:16:30    FatrasSimula   ERROR     event 1 particle id=240906703873029340(vp=141|vs=3|p=12|g=0|sp=0)|pdg=gamma|q=0|m=0|p=2.60893 failed to simulate with error NavigatorError:3: No start volume could be resolved
23:16:30    FatrasSimula   ERROR     event 1 particle id=13767517519666101791(vp=141|vs=4|p=15|g=0|sp=0)|pdg=pi+|q=1|m=0.13957|p=18.3981 failed to simulate with error NavigatorError:3: No start volume could be resolved
23:16:30    FatrasSimula   ERROR     event 1 particle id=3203318655772502767(vp=141|vs=5|p=13|g=0|sp=0)|pdg=p~|q=-1|m=0.938272|p=108.23 failed to simulate with error NavigatorError:3: No start volume could be resolved
23:16:30    FatrasSimula   ERROR     event 1 particle id=4640367930849513955(vp=141|vs=5|p=14|g=0|sp=0)|pdg=pi+|q=1|m=0.13957|p=32.1368 failed to simulate with error NavigatorError:3: No start volume could be resolved
23:16:30    FatrasSimula   ERROR     event 1 particle id=13783969417047913605(vp=146|vs=10|p=80|g=0|sp=0)|pdg=pi+|q=1|m=0.13957|p=99.0274 failed to simulate with error NavigatorError:3: No start volume could be resolved
23:16:30    FatrasSimula   ERROR     event 1 particle id=10900079578455433640(vp=146|vs=10|p=81|g=0|sp=0)|pdg=pi-|q=-1|m=0.13957|p=67.6385 failed to simulate with error NavigatorError:3: No start volume could be resolved
23:16:30    FatrasSimula   ERROR     event 1 particle id=8299497833361111942(vp=147|vs=2|p=9|g=0|sp=0)|pdg=pi-|q=-1|m=0.13957|p=619.831 failed to simulate with error NavigatorError:3: No start volume could be resolved
23:16:30    FatrasSimula   ERROR     event 1 particle id=7927683598102059837(vp=147|vs=3|p=6|g=0|sp=0)|pdg=n|q=0|m=0.939565|p=1689.92 failed to simulate with error NavigatorError:3: No start volume could be resolved
23:16:30    FatrasSimula   ERROR     event 1 particle id=14220672007108172978(vp=147|vs=4|p=7|g=0|sp=0)|pdg=gamma|q=0|m=0|p=28.6752 failed to simulate with error NavigatorError:3: No start volume could be resolved
23:16:30    FatrasSimula   ERROR     event 1 particle id=13471222656006989440(vp=147|vs=4|p=8|g=0|sp=0)|pdg=gamma|q=0|m=0|p=95.5908 failed to simulate with error NavigatorError:3: No start volume could be resolved
23:16:30    FatrasSimula   ERROR     event 1 particle id=5927710714043578500(vp=147|vs=10|p=91|g=0|sp=0)|pdg=pi+|q=1|m=0.13957|p=216.5 failed to simulate with error NavigatorError:3: No start volume could be resolved
23:16:30    FatrasSimula   ERROR     event 1 particle id=621513293666416983(vp=147|vs=10|p=92|g=0|sp=0)|pdg=pi-|q=-1|m=0.13957|p=42.2604 failed to simulate with error NavigatorError:3: No start volume could be resolved
23:16:30    FatrasSimula   ERROR     event 1 particle id=11845146929923050795(vp=148|vs=8|p=48|g=0|sp=0)|pdg=n|q=0|m=0.939565|p=707.538 failed to simulate with error NavigatorError:3: No start volume could be resolved
23:16:30    FatrasSimula   ERROR     event 1 particle id=16266068594028813448(vp=148|vs=9|p=49|g=0|sp=0)|pdg=gamma|q=0|m=0|p=49.3841 failed to simulate with error NavigatorError:3: No start volume could be resolved
23:16:30    FatrasSimula   ERROR     event 1 particle id=7182624385347048849(vp=148|vs=9|p=50|g=0|sp=0)|pdg=gamma|q=0|m=0|p=24.5974 failed to simulate with error NavigatorError:3: No start volume could be resolved
23:16:30    FatrasSimula   ERROR     event 1 particle id=426469853388269558(vp=149|vs=8|p=58|g=0|sp=0)|pdg=pi+|q=1|m=0.13957|p=41.5465 failed to simulate with error NavigatorError:3: No start volume could be resolved
23:16:30    FatrasSimula   ERROR     event 1 particle id=18091127364887020563(vp=149|vs=8|p=59|g=0|sp=0)|pdg=pi-|q=-1|m=0.13957|p=269.213 failed to simulate with error NavigatorError:3: No start volume could be resolved
23:16:30    FatrasSimula   ERROR     event 1 particle id=2983062620270401673(vp=150|vs=23|p=230|g=0|sp=0)|pdg=pi+|q=1|m=0.13957|p=245.311 failed to simulate with error NavigatorError:3: No start volume could be resolved
23:16:30    FatrasSimula   ERROR     event 1 particle id=8220930573051551492(vp=150|vs=23|p=231|g=0|sp=0)|pdg=pi-|q=-1|m=0.13957|p=821.253 failed to simulate with error NavigatorError:3: No start volume could be resolved
23:16:30    FatrasSimula   ERROR     event 1 particle id=6588680694738883416(vp=151|vs=9|p=42|g=0|sp=0)|pdg=n~|q=0|m=0.939565|p=63.7539 failed to simulate with error NavigatorError:3: No start volume could be resolved
23:16:30    FatrasSimula   ERROR     event 1 particle id=873111236523575171(vp=151|vs=9|p=43|g=0|sp=0)|pdg=gamma|q=0|m=0|p=4.96264 failed to simulate with error NavigatorError:3: No start volume could be resolved
23:16:30    FatrasSimula   ERROR     event 1 particle id=14512773516629050054(vp=151|vs=9|p=44|g=0|sp=0)|pdg=gamma|q=0|m=0|p=10.1854 failed to simulate with error NavigatorError:3: No start volume could be resolved
23:16:30    FatrasSimula   ERROR     event 1 particle id=10471458265045397452(vp=151|vs=18|p=86|g=0|sp=0)|pdg=n|q=0|m=0.939565|p=53.1026 failed to simulate with error NavigatorError:3: No start volume could be resolved
23:16:30    FatrasSimula   ERROR     event 1 particle id=4607822186612931225(vp=151|vs=19|p=87|g=0|sp=0)|pdg=gamma|q=0|m=0|p=5.7291 failed to simulate with error NavigatorError:3: No start volume could be resolved
23:16:30    FatrasSimula   ERROR     event 1 particle id=13645381928576249218(vp=151|vs=19|p=88|g=0|sp=0)|pdg=gamma|q=0|m=0|p=9.93392 failed to simulate with error NavigatorError:3: No start volume could be resolved
23:16:30    FatrasSimula   ERROR     event 1 particle id=12434628454012024552(vp=151|vs=21|p=92|g=0|sp=0)|pdg=n~|q=0|m=0.939565|p=284.323 failed to simulate with error NavigatorError:3: No start volume could be resolved
23:16:30    FatrasSimula   ERROR     event 1 particle id=1131852617596961058(vp=151|vs=22|p=93|g=0|sp=0)|pdg=gamma|q=0|m=0|p=50.9198 failed to simulate with error NavigatorError:3: No start volume could be resolved
23:16:30    FatrasSimula   ERROR     event 1 particle id=2588292511147997325(vp=151|vs=22|p=94|g=0|sp=0)|pdg=gamma|q=0|m=0|p=12.2152 failed to simulate with error NavigatorError:3: No start volume could be resolved
23:16:30    FatrasSimula   ERROR     event 1 particle id=7035398880346041438(vp=161|vs=11|p=69|g=0|sp=0)|pdg=pi+|q=1|m=0.13957|p=152.607 failed to simulate with error NavigatorError:3: No start volume could be resolved
23:16:30    FatrasSimula   ERROR     event 1 particle id=8549960397818170991(vp=161|vs=11|p=70|g=0|sp=0)|pdg=pi-|q=-1|m=0.13957|p=23.1592 failed to simulate with error NavigatorError:3: No start volume could be resolved
23:16:30    FatrasSimula   ERROR     event 1 particle id=13460576669474337299(vp=161|vs=12|p=73|g=0|sp=0)|pdg=pi+|q=1|m=0.13957|p=410.862 failed to simulate with error NavigatorError:3: No start volume could be resolved
23:16:30    FatrasSimula   ERROR     event 1 particle id=5584308626603494539(vp=161|vs=12|p=74|g=0|sp=0)|pdg=pi-|q=-1|m=0.13957|p=142.79 failed to simulate with error NavigatorError:3: No start volume could be resolved
23:16:30    FatrasSimula   ERROR     event 1 particle id=1524301155509791708(vp=161|vs=13|p=75|g=0|sp=0)|pdg=pi+|q=1|m=0.13957|p=63.9479 failed to simulate with error NavigatorError:3: No start volume could be resolved
23:16:30    FatrasSimula   ERROR     event 1 particle id=5140981575025195689(vp=161|vs=13|p=76|g=0|sp=0)|pdg=pi-|q=-1|m=0.13957|p=141.645 failed to simulate with error NavigatorError:3: No start volume could be resolved
23:16:30    FatrasSimula   ERROR     event 1 particle id=18238952927158991056(vp=161|vs=15|p=81|g=0|sp=0)|pdg=pi+|q=1|m=0.13957|p=47.8705 failed to simulate with error NavigatorError:3: No start volume could be resolved
23:16:30    FatrasSimula   ERROR     event 1 particle id=13034397554029580965(vp=161|vs=15|p=82|g=0|sp=0)|pdg=pi-|q=-1|m=0.13957|p=38.25 failed to simulate with error NavigatorError:3: No start volume could be resolved
23:16:30    FatrasSimula   ERROR     event 1 particle id=2220371449298912691(vp=161|vs=19|p=111|g=0|sp=0)|pdg=n|q=0|m=0.939565|p=2077.89 failed to simulate with error NavigatorError:3: No start volume could be resolved
23:16:30    FatrasSimula   ERROR     event 1 particle id=10714078601631790639(vp=161|vs=19|p=112|g=0|sp=0)|pdg=pi+|q=1|m=0.13957|p=119.45 failed to simulate with error NavigatorError:3: No start volume could be resolved
23:16:30    FatrasSimula   ERROR     event 1 particle id=653952482530112923(vp=162|vs=29|p=306|g=0|sp=0)|pdg=pi+|q=1|m=0.13957|p=38.8818 failed to simulate with error NavigatorError:3: No start volume could be resolved
23:16:30    FatrasSimula   ERROR     event 1 particle id=2587469530842354280(vp=162|vs=29|p=307|g=0|sp=0)|pdg=pi-|q=-1|m=0.13957|p=79.807 failed to simulate with error NavigatorError:3: No start volume could be resolved
23:16:30    FatrasSimula   ERROR     event 1 particle id=8593686166280607450(vp=162|vs=62|p=522|g=0|sp=0)|pdg=n|q=0|m=0.939565|p=291.202 failed to simulate with error NavigatorError:3: No start volume could be resolved
23:16:30    FatrasSimula   ERROR     event 1 particle id=8128255972266170942(vp=162|vs=63|p=523|g=0|sp=0)|pdg=gamma|q=0|m=0|p=8.26762 failed to simulate with error NavigatorError:3: No start volume could be resolved
23:16:30    FatrasSimula   ERROR     event 1 particle id=2184085559268339892(vp=162|vs=63|p=524|g=0|sp=0)|pdg=gamma|q=0|m=0|p=45.7198 failed to simulate with error NavigatorError:3: No start volume could be resolved
23:16:30    FatrasSimula   ERROR     event 1 particle id=8172612228122025022(vp=163|vs=24|p=143|g=0|sp=0)|pdg=n|q=0|m=0.939565|p=2052.55 failed to simulate with error NavigatorError:3: No start volume could be resolved
23:16:30    FatrasSimula   ERROR     event 1 particle id=898007506632866268(vp=163|vs=25|p=144|g=0|sp=0)|pdg=gamma|q=0|m=0|p=178.966 failed to simulate with error NavigatorError:3: No start volume could be resolved
23:16:30    FatrasSimula   ERROR     event 1 particle id=11367096292740164066(vp=163|vs=25|p=145|g=0|sp=0)|pdg=gamma|q=0|m=0|p=421.305 failed to simulate with error NavigatorError:3: No start volume could be resolved
23:16:30    FatrasSimula   ERROR     event 1 particle id=15218276658601198389(vp=164|vs=11|p=122|g=0|sp=0)|pdg=n~|q=0|m=0.939565|p=148.205 failed to simulate with error NavigatorError:3: No start volume could be resolved
23:16:30    FatrasSimula   ERROR     event 1 particle id=6359640069595108751(vp=164|vs=12|p=123|g=0|sp=0)|pdg=gamma|q=0|m=0|p=9.19495 failed to simulate with error NavigatorError:3: No start volume could be resolved
23:16:30    FatrasSimula   ERROR     event 1 particle id=3401668137933654788(vp=164|vs=12|p=124|g=0|sp=0)|pdg=gamma|q=0|m=0|p=4.39703 failed to simulate with error NavigatorError:3: No start volume could be resolved
23:16:30    FatrasSimula   ERROR     event 1 particle id=6702573967376221589(vp=164|vs=29|p=317|g=0|sp=0)|pdg=p~|q=-1|m=0.938272|p=390.939 failed to simulate with error NavigatorError:3: No start volume could be resolved
23:16:30    FatrasSimula   ERROR     event 1 particle id=8422898150606823871(vp=164|vs=29|p=318|g=0|sp=0)|pdg=pi+|q=1|m=0.13957|p=57.3277 failed to simulate with error NavigatorError:3: No start volume could be resolved
23:16:30    FatrasSimula   ERROR     event 1 particle id=2439995510526901097(vp=165|vs=24|p=130|g=0|sp=0)|pdg=p|q=1|m=0.938272|p=57.1277 failed to simulate with error NavigatorError:3: No start volume could be resolved
23:16:30    FatrasSimula   ERROR     event 1 particle id=16223134281991790526(vp=165|vs=24|p=131|g=0|sp=0)|pdg=pi-|q=-1|m=0.13957|p=9.28855 failed to simulate with error NavigatorError:3: No start volume could be resolved
23:16:30    FatrasSimula   ERROR     event 1 particle id=3721616125127220482(vp=165|vs=26|p=132|g=0|sp=0)|pdg=p~|q=-1|m=0.938272|p=161.404 failed to simulate with error NavigatorError:3: No start volume could be resolved
23:16:30    FatrasSimula   ERROR     event 1 particle id=18117662895784980263(vp=165|vs=26|p=133|g=0|sp=0)|pdg=pi+|q=1|m=0.13957|p=43.8889 failed to simulate with error NavigatorError:3: No start volume could be resolved
23:16:30    FatrasSimula   ERROR     event 1 particle id=11184106796924953554(vp=165|vs=27|p=135|g=0|sp=0)|pdg=pi+|q=1|m=0.13957|p=20.011 failed to simulate with error NavigatorError:3: No start volume could be resolved
23:16:30    FatrasSimula   ERROR     event 1 particle id=9330434164759191030(vp=165|vs=27|p=136|g=0|sp=0)|pdg=pi-|q=-1|m=0.13957|p=96.3387 failed to simulate with error NavigatorError:3: No start volume could be resolved
23:16:30    FatrasSimula   ERROR     event 1 particle id=15090614625506159389(vp=166|vs=31|p=222|g=0|sp=0)|pdg=gamma|q=0|m=0|p=5.10385 failed to simulate with error NavigatorError:3: No start volume could be resolved
23:16:30    FatrasSimula   ERROR     event 1 particle id=17057835628122453662(vp=166|vs=31|p=223|g=0|sp=0)|pdg=gamma|q=0|m=0|p=1.88508 failed to simulate with error NavigatorError:3: No start volume could be resolved
23:16:30    FatrasSimula   ERROR     event 1 particle id=17526849792900383244(vp=166|vs=32|p=220|g=0|sp=0)|pdg=gamma|q=0|m=0|p=12.0799 failed to simulate with error NavigatorError:3: No start volume could be resolved
23:16:30    FatrasSimula   ERROR     event 1 particle id=13903866294422243874(vp=166|vs=32|p=221|g=0|sp=0)|pdg=gamma|q=0|m=0|p=34.974 failed to simulate with error NavigatorError:3: No start volume could be resolved
23:16:30    FatrasSimula   ERROR     event 1 particle id=7816824209240728457(vp=166|vs=38|p=247|g=0|sp=0)|pdg=p~|q=-1|m=0.938272|p=388.727 failed to simulate with error NavigatorError:3: No start volume could be resolved
23:16:30    FatrasSimula   ERROR     event 1 particle id=15148363092668481519(vp=166|vs=38|p=248|g=0|sp=0)|pdg=pi+|q=1|m=0.13957|p=124.243 failed to simulate with error NavigatorError:3: No start volume could be resolved
23:16:30    FatrasSimula   ERROR     event 1 particle id=244589046496774626(vp=172|vs=11|p=72|g=0|sp=0)|pdg=pi+|q=1|m=0.13957|p=715.234 failed to simulate with error NavigatorError:3: No start volume could be resolved
23:16:30    FatrasSimula   ERROR     event 1 particle id=2870893341822021378(vp=172|vs=11|p=73|g=0|sp=0)|pdg=pi-|q=-1|m=0.13957|p=374.288 failed to simulate with error NavigatorError:3: No start volume could be resolved
23:16:30    FatrasSimula   ERROR     event 1 particle id=4950599775406144828(vp=173|vs=4|p=39|g=0|sp=0)|pdg=gamma|q=0|m=0|p=14.0423 failed to simulate with error NavigatorError:3: No start volume could be resolved
23:16:30    FatrasSimula   ERROR     event 1 particle id=16934815469475940052(vp=173|vs=4|p=40|g=0|sp=0)|pdg=gamma|q=0|m=0|p=6.93201 failed to simulate with error NavigatorError:3: No start volume could be resolved
23:16:30    FatrasSimula   ERROR     event 1 particle id=12253016291549641512(vp=173|vs=5|p=41|g=0|sp=0)|pdg=gamma|q=0|m=0|p=13.9534 failed to simulate with error NavigatorError:3: No start volume could be resolved
23:16:30    FatrasSimula   ERROR     event 1 particle id=18018662578096425398(vp=173|vs=5|p=42|g=0|sp=0)|pdg=gamma|q=0|m=0|p=3.15086 failed to simulate with error NavigatorError:3: No start volume could be resolved
23:16:30    FatrasSimula   ERROR     event 1 particle id=12813681890113753028(vp=174|vs=30|p=252|g=0|sp=0)|pdg=p|q=1|m=0.938272|p=151.463 failed to simulate with error NavigatorError:3: No start volume could be resolved
23:16:30    FatrasSimula   ERROR     event 1 particle id=8526570573794898883(vp=174|vs=30|p=253|g=0|sp=0)|pdg=pi-|q=-1|m=0.13957|p=27.2424 failed to simulate with error NavigatorError:3: No start volume could be resolved
23:16:30    FatrasSimula   ERROR     event 1 particle id=18391426392175723151(vp=174|vs=31|p=254|g=0|sp=0)|pdg=gamma|q=0|m=0|p=37.7488 failed to simulate with error NavigatorError:3: No start volume could be resolved
23:16:30    FatrasSimula   ERROR     event 1 particle id=4936073994953978490(vp=174|vs=31|p=255|g=0|sp=0)|pdg=gamma|q=0|m=0|p=17.9898 failed to simulate with error NavigatorError:3: No start volume could be resolved
23:16:30    FatrasSimula   ERROR     event 1 particle id=4327879819996672809(vp=174|vs=32|p=256|g=0|sp=0)|pdg=p~|q=-1|m=0.938272|p=214.68 failed to simulate with error NavigatorError:3: No start volume could be resolved
23:16:30    FatrasSimula   ERROR     event 1 particle id=5553675368793933428(vp=174|vs=33|p=257|g=0|sp=0)|pdg=gamma|q=0|m=0|p=5.71584 failed to simulate with error NavigatorError:3: No start volume could be resolved
23:16:30    FatrasSimula   ERROR     event 1 particle id=7911057931634808544(vp=174|vs=33|p=258|g=0|sp=0)|pdg=gamma|q=0|m=0|p=101.233 failed to simulate with error NavigatorError:3: No start volume could be resolved
23:16:30    FatrasSimula   ERROR     event 1 particle id=9667733595473675513(vp=174|vs=39|p=297|g=0|sp=0)|pdg=p|q=1|m=0.938272|p=1274.27 failed to simulate with error NavigatorError:3: No start volume could be resolved
23:16:30    FatrasSimula   ERROR     event 1 particle id=13131343695340962098(vp=174|vs=40|p=298|g=0|sp=0)|pdg=gamma|q=0|m=0|p=18.7241 failed to simulate with error NavigatorError:3: No start volume could be resolved
23:16:30    FatrasSimula   ERROR     event 1 particle id=15310119876504837180(vp=174|vs=40|p=299|g=0|sp=0)|pdg=gamma|q=0|m=0|p=33.482 failed to simulate with error NavigatorError:3: No start volume could be resolved
23:16:30    FatrasSimula   ERROR     event 1 particle id=13599176746087365432(vp=174|vs=43|p=300|g=0|sp=0)|pdg=gamma|q=0|m=0|p=240.45 failed to simulate with error NavigatorError:3: No start volume could be resolved
23:16:30    FatrasSimula   ERROR     event 1 particle id=5497196940020845594(vp=174|vs=43|p=301|g=0|sp=0)|pdg=gamma|q=0|m=0|p=125.999 failed to simulate with error NavigatorError:3: No start volume could be resolved
23:16:30    FatrasSimula   ERROR     event 1 particle id=1494244077384127883(vp=174|vs=44|p=302|g=0|sp=0)|pdg=gamma|q=0|m=0|p=1781.15 failed to simulate with error NavigatorError:3: No start volume could be resolved
23:16:30    FatrasSimula   ERROR     event 1 particle id=1850900556756408090(vp=174|vs=44|p=303|g=0|sp=0)|pdg=gamma|q=0|m=0|p=94.3481 failed to simulate with error NavigatorError:3: No start volume could be resolved
23:16:30    FatrasSimula   ERROR     event 1 particle id=14106655393808228535(vp=176|vs=30|p=194|g=0|sp=0)|pdg=pi+|q=1|m=0.13957|p=13.009 failed to simulate with error NavigatorError:3: No start volume could be resolved
23:16:30    FatrasSimula   ERROR     event 1 particle id=1042437897354513610(vp=176|vs=30|p=195|g=0|sp=0)|pdg=pi-|q=-1|m=0.13957|p=21.3054 failed to simulate with error NavigatorError:3: No start volume could be resolved
23:16:30    FatrasSimula   ERROR     event 1 particle id=9689411758798930488(vp=177|vs=10|p=109|g=0|sp=0)|pdg=n|q=0|m=0.939565|p=2448.24 failed to simulate with error NavigatorError:3: No start volume could be resolved
23:16:30    FatrasSimula   ERROR     event 1 particle id=13876104049843259845(vp=177|vs=10|p=110|g=0|sp=0)|pdg=pi+|q=1|m=0.13957|p=177.614 failed to simulate with error NavigatorError:3: No start volume could be resolved
23:16:30    FatrasSimula   ERROR     event 1 particle id=13205987778040788056(vp=177|vs=11|p=111|g=0|sp=0)|pdg=n~|q=0|m=0.939565|p=2202.63 failed to simulate with error NavigatorError:3: No start volume could be resolved
23:16:30    FatrasSimula   ERROR     event 1 particle id=3141066266449065844(vp=177|vs=12|p=112|g=0|sp=0)|pdg=gamma|q=0|m=0|p=106.671 failed to simulate with error NavigatorError:3: No start volume could be resolved
23:16:30    FatrasSimula   ERROR     event 1 particle id=9540608547211214776(vp=177|vs=12|p=113|g=0|sp=0)|pdg=gamma|q=0|m=0|p=64.5675 failed to simulate with error NavigatorError:3: No start volume could be resolved
23:16:30    FatrasSimula   ERROR     event 1 particle id=6566008020439192006(vp=177|vs=28|p=175|g=0|sp=0)|pdg=n~|q=0|m=0.939565|p=239.452 failed to simulate with error NavigatorError:3: No start volume could be resolved
23:16:30    FatrasSimula   ERROR     event 1 particle id=6535428568739759523(vp=177|vs=29|p=176|g=0|sp=0)|pdg=gamma|q=0|m=0|p=8.90443 failed to simulate with error NavigatorError:3: No start volume could be resolved
23:16:30    FatrasSimula   ERROR     event 1 particle id=13218485064156509867(vp=177|vs=29|p=177|g=0|sp=0)|pdg=gamma|q=0|m=0|p=30.8236 failed to simulate with error NavigatorError:3: No start volume could be resolved
23:16:30    FatrasSimula   ERROR     event 1 particle id=17157205193554306480(vp=177|vs=34|p=192|g=0|sp=0)|pdg=p|q=1|m=0.938272|p=101.428 failed to simulate with error NavigatorError:3: No start volume could be resolved
23:16:30    FatrasSimula   ERROR     event 1 particle id=9735832081826215437(vp=177|vs=34|p=193|g=0|sp=0)|pdg=pi-|q=-1|m=0.13957|p=24.8511 failed to simulate with error NavigatorError:3: No start volume could be resolved
23:16:30    FatrasSimula   ERROR     event 1 particle id=17337482292599954536(vp=177|vs=36|p=195|g=0|sp=0)|pdg=p~|q=-1|m=0.938272|p=85.1083 failed to simulate with error NavigatorError:3: No start volume could be resolved
23:16:30    FatrasSimula   ERROR     event 1 particle id=9216043176275417763(vp=177|vs=36|p=196|g=0|sp=0)|pdg=pi+|q=1|m=0.13957|p=11.4452 failed to simulate with error NavigatorError:3: No start volume could be resolved
23:16:30    FatrasSimula   ERROR     event 1 particle id=440151769908795840(vp=177|vs=43|p=281|g=0|sp=0)|pdg=gamma|q=0|m=0|p=0.999534 failed to simulate with error NavigatorError:3: No start volume could be resolved
23:16:30    FatrasSimula   ERROR     event 1 particle id=1071903994010574019(vp=177|vs=44|p=278|g=0|sp=0)|pdg=p~|q=-1|m=0.938272|p=18.4719 failed to simulate with error NavigatorError:3: No start volume could be resolved
23:16:30    FatrasSimula   ERROR     event 1 particle id=17258664611404814449(vp=177|vs=44|p=279|g=0|sp=0)|pdg=pi+|q=1|m=0.13957|p=1.31616 failed to simulate with error NavigatorError:3: No start volume could be resolved
23:16:30    FatrasSimula   ERROR     event 1 particle id=16650781881896441786(vp=178|vs=10|p=62|g=0|sp=0)|pdg=p|q=1|m=0.938272|p=63.398 failed to simulate with error NavigatorError:3: No start volume could be resolved
23:16:30    FatrasSimula   ERROR     event 1 particle id=6009759485536194220(vp=178|vs=10|p=63|g=0|sp=0)|pdg=pi-|q=-1|m=0.13957|p=19.575 failed to simulate with error NavigatorError:3: No start volume could be resolved
23:16:30    FatrasSimula   ERROR     event 1 particle id=16843866609906307923(vp=180|vs=9|p=56|g=0|sp=0)|pdg=p|q=1|m=0.938272|p=509.4 failed to simulate with error NavigatorError:3: No start volume could be resolved
23:16:30    FatrasSimula   ERROR     event 1 particle id=12346002343297807983(vp=180|vs=10|p=57|g=0|sp=0)|pdg=gamma|q=0|m=0|p=68.5057 failed to simulate with error NavigatorError:3: No start volume could be resolved
23:16:30    FatrasSimula   ERROR     event 1 particle id=3614218165581959651(vp=180|vs=10|p=58|g=0|sp=0)|pdg=gamma|q=0|m=0|p=40.6443 failed to simulate with error NavigatorError:3: No start volume could be resolved
23:16:30    FatrasSimula   ERROR     event 1 particle id=2907127997482185024(vp=181|vs=41|p=375|g=0|sp=0)|pdg=pi+|q=1|m=0.13957|p=59.2031 failed to simulate with error NavigatorError:3: No start volume could be resolved
23:16:30    FatrasSimula   ERROR     event 1 particle id=6161400840568184847(vp=181|vs=41|p=376|g=0|sp=0)|pdg=pi-|q=-1|m=0.13957|p=148.283 failed to simulate with error NavigatorError:3: No start volume could be resolved
23:16:30    FatrasSimula   ERROR     event 1 particle id=13134161630017157970(vp=184|vs=6|p=60|g=0|sp=0)|pdg=n~|q=0|m=0.939565|p=21.5601 failed to simulate with error NavigatorError:3: No start volume could be resolved
23:16:30    FatrasSimula   ERROR     event 1 particle id=8224024517370029059(vp=184|vs=6|p=61|g=0|sp=0)|pdg=gamma|q=0|m=0|p=1.73433 failed to simulate with error NavigatorError:3: No start volume could be resolved
23:16:30    FatrasSimula   ERROR     event 1 particle id=15815452453180121419(vp=184|vs=19|p=173|g=0|sp=0)|pdg=p|q=1|m=0.938272|p=42.2575 failed to simulate with error NavigatorError:3: No start volume could be resolved
23:16:30    FatrasSimula   ERROR     event 1 particle id=13047054004691520343(vp=184|vs=19|p=174|g=0|sp=0)|pdg=pi-|q=-1|m=0.13957|p=11.0149 failed to simulate with error NavigatorError:3: No start volume could be resolved
23:16:30    FatrasSimula   ERROR     event 1 particle id=4600606615741429545(vp=184|vs=27|p=270|g=0|sp=0)|pdg=pi+|q=1|m=0.13957|p=45.9048 failed to simulate with error NavigatorError:3: No start volume could be resolved
23:16:30    FatrasSimula   ERROR     event 1 particle id=5774014059335633631(vp=184|vs=27|p=271|g=0|sp=0)|pdg=pi-|q=-1|m=0.13957|p=18.3742 failed to simulate with error NavigatorError:3: No start volume could be resolved
23:16:30    FatrasSimula   ERROR     event 1 particle id=11721249075672757818(vp=186|vs=24|p=227|g=0|sp=0)|pdg=p|q=1|m=0.938272|p=74.5083 failed to simulate with error NavigatorError:3: No start volume could be resolved
23:16:30    FatrasSimula   ERROR     event 1 particle id=15213928104437859507(vp=186|vs=24|p=228|g=0|sp=0)|pdg=pi-|q=-1|m=0.13957|p=5.27939 failed to simulate with error NavigatorError:3: No start volume could be resolved
23:16:30    FatrasSimula   ERROR     event 1 particle id=4643247121297449673(vp=186|vs=25|p=229|g=0|sp=0)|pdg=gamma|q=0|m=0|p=16.5121 failed to simulate with error NavigatorError:3: No start volume could be resolved
23:16:30    FatrasSimula   ERROR     event 1 particle id=11625381218394855546(vp=186|vs=25|p=230|g=0|sp=0)|pdg=gamma|q=0|m=0|p=7.67057 failed to simulate with error NavigatorError:3: No start volume could be resolved
23:16:30    FatrasSimula   ERROR     event 1 particle id=30115984872786414(vp=188|vs=22|p=96|g=0|sp=0)|pdg=pi+|q=1|m=0.13957|p=37.7103 failed to simulate with error NavigatorError:3: No start volume could be resolved
23:16:30    FatrasSimula   ERROR     event 1 particle id=6894284415666343218(vp=188|vs=22|p=97|g=0|sp=0)|pdg=pi-|q=-1|m=0.13957|p=34.2402 failed to simulate with error NavigatorError:3: No start volume could be resolved
23:16:30    FatrasSimula   ERROR     event 1 particle id=17206752264715400299(vp=188|vs=30|p=143|g=0|sp=0)|pdg=p|q=1|m=0.938272|p=85.2209 failed to simulate with error NavigatorError:3: No start volume could be resolved
23:16:30    FatrasSimula   ERROR     event 1 particle id=13064535881016638686(vp=188|vs=30|p=144|g=0|sp=0)|pdg=pi-|q=-1|m=0.13957|p=11.7248 failed to simulate with error NavigatorError:3: No start volume could be resolved
23:16:30    FatrasSimula   ERROR     event 1 particle id=5085663934833297117(vp=188|vs=31|p=146|g=0|sp=0)|pdg=p~|q=-1|m=0.938272|p=179.029 failed to simulate with error NavigatorError:3: No start volume could be resolved
23:16:30    FatrasSimula   ERROR     event 1 particle id=14523704383263463003(vp=188|vs=31|p=147|g=0|sp=0)|pdg=pi+|q=1|m=0.13957|p=22.2571 failed to simulate with error NavigatorError:3: No start volume could be resolved
23:16:30    FatrasSimula   ERROR     event 1 particle id=13346967075980193557(vp=191|vs=4|p=36|g=0|sp=0)|pdg=p|q=1|m=0.938272|p=31.6519 failed to simulate with error NavigatorError:3: No start volume could be resolved
23:16:30    FatrasSimula   ERROR     event 1 particle id=15939440993103906040(vp=191|vs=4|p=37|g=0|sp=0)|pdg=pi-|q=-1|m=0.13957|p=3.36958 failed to simulate with error NavigatorError:3: No start volume could be resolved
23:16:30    FatrasSimula   ERROR     event 1 particle id=6925024412043695784(vp=191|vs=14|p=97|g=0|sp=0)|pdg=n|q=0|m=0.939565|p=596.055 failed to simulate with error NavigatorError:3: No start volume could be resolved
23:16:30    FatrasSimula   ERROR     event 1 particle id=7089369853640643618(vp=191|vs=15|p=98|g=0|sp=0)|pdg=gamma|q=0|m=0|p=23.4597 failed to simulate with error NavigatorError:3: No start volume could be resolved
23:16:30    FatrasSimula   ERROR     event 1 particle id=8411933959729920075(vp=191|vs=15|p=99|g=0|sp=0)|pdg=gamma|q=0|m=0|p=107.914 failed to simulate with error NavigatorError:3: No start volume could be resolved
23:16:30    FatrasSimula   ERROR     event 1 particle id=15909743826441092130(vp=191|vs=40|p=281|g=0|sp=0)|pdg=pi+|q=1|m=0.13957|p=523.761 failed to simulate with error NavigatorError:3: No start volume could be resolved
23:16:30    FatrasSimula   ERROR     event 1 particle id=16829760470184093956(vp=191|vs=40|p=282|g=0|sp=0)|pdg=pi-|q=-1|m=0.13957|p=118.023 failed to simulate with error NavigatorError:3: No start volume could be resolved
23:16:30    FatrasSimula   ERROR     event 1 particle id=8697630751660767992(vp=191|vs=44|p=298|g=0|sp=0)|pdg=p|q=1|m=0.938272|p=119.92 failed to simulate with error NavigatorError:3: No start volume could be resolved
23:16:30    FatrasSimula   ERROR     event 1 particle id=10835226868727853023(vp=191|vs=44|p=299|g=0|sp=0)|pdg=gamma|q=0|m=0|p=2.09206 failed to simulate with error NavigatorError:3: No start volume could be resolved
23:16:30    FatrasSimula   ERROR     event 1 particle id=6334777362418688488(vp=191|vs=44|p=300|g=0|sp=0)|pdg=gamma|q=0|m=0|p=10.7464 failed to simulate with error NavigatorError:3: No start volume could be resolved
23:16:30    FatrasSimula   ERROR     event 1 particle id=15846098573230521878(vp=191|vs=45|p=301|g=0|sp=0)|pdg=p~|q=-1|m=0.938272|p=94.0045 failed to simulate with error NavigatorError:3: No start volume could be resolved
23:16:30    FatrasSimula   ERROR     event 1 particle id=14669209344807329970(vp=191|vs=45|p=302|g=0|sp=0)|pdg=pi+|q=1|m=0.13957|p=23.0286 failed to simulate with error NavigatorError:3: No start volume could be resolved
23:16:30    FatrasSimula   ERROR     event 1 particle id=13341081241436539857(vp=191|vs=51|p=384|g=0|sp=0)|pdg=n|q=0|m=0.939565|p=772.837 failed to simulate with error NavigatorError:3: No start volume could be resolved
23:16:30    FatrasSimula   ERROR     event 1 particle id=10311502745578128000(vp=191|vs=52|p=385|g=0|sp=0)|pdg=gamma|q=0|m=0|p=0.571812 failed to simulate with error NavigatorError:3: No start volume could be resolved
23:16:30    FatrasSimula   ERROR     event 1 particle id=10711610620138215251(vp=191|vs=52|p=386|g=0|sp=0)|pdg=gamma|q=0|m=0|p=189.115 failed to simulate with error NavigatorError:3: No start volume could be resolved
23:16:30    FatrasSimula   ERROR     event 1 particle id=1488716457974685754(vp=192|vs=7|p=54|g=0|sp=0)|pdg=pi+|q=1|m=0.13957|p=86.657 failed to simulate with error NavigatorError:3: No start volume could be resolved
23:16:30    FatrasSimula   ERROR     event 1 particle id=11180746092674075738(vp=192|vs=7|p=55|g=0|sp=0)|pdg=pi-|q=-1|m=0.13957|p=53.3327 failed to simulate with error NavigatorError:3: No start volume could be resolved
23:16:30    FatrasSimula   ERROR     event 1 particle id=15133702683081657587(vp=193|vs=15|p=145|g=0|sp=0)|pdg=pi+|q=1|m=0.13957|p=437.573 failed to simulate with error NavigatorError:3: No start volume could be resolved
23:16:30    FatrasSimula   ERROR     event 1 particle id=11750434755181802325(vp=193|vs=15|p=146|g=0|sp=0)|pdg=pi-|q=-1|m=0.13957|p=118.7 failed to simulate with error NavigatorError:3: No start volume could be resolved
23:16:30    FatrasSimula   ERROR     event 1 particle id=13641362016211095120(vp=193|vs=18|p=170|g=0|sp=0)|pdg=n|q=0|m=0.939565|p=91.1804 failed to simulate with error NavigatorError:3: No start volume could be resolved
23:16:30    FatrasSimula   ERROR     event 1 particle id=3561721305579198005(vp=193|vs=18|p=171|g=0|sp=0)|pdg=gamma|q=0|m=0|p=2.80667 failed to simulate with error NavigatorError:3: No start volume could be resolved
23:16:30    FatrasSimula   ERROR     event 1 particle id=15955470963294297571(vp=193|vs=18|p=172|g=0|sp=0)|pdg=gamma|q=0|m=0|p=5.58745 failed to simulate with error NavigatorError:3: No start volume could be resolved
23:16:30    FatrasSimula   ERROR     event 1 particle id=4211759476701248595(vp=194|vs=8|p=90|g=0|sp=0)|pdg=pi+|q=1|m=0.13957|p=112.317 failed to simulate with error NavigatorError:3: No start volume could be resolved
23:16:30    FatrasSimula   ERROR     event 1 particle id=3859763281752204978(vp=194|vs=8|p=91|g=0|sp=0)|pdg=pi-|q=-1|m=0.13957|p=137.809 failed to simulate with error NavigatorError:3: No start volume could be resolved
23:16:30    FatrasSimula   ERROR     event 1 particle id=3036449612263620515(vp=194|vs=31|p=294|g=0|sp=0)|pdg=p|q=1|m=0.938272|p=169.715 failed to simulate with error NavigatorError:3: No start volume could be resolved
23:16:30    FatrasSimula   ERROR     event 1 particle id=14225480601339704069(vp=194|vs=31|p=295|g=0|sp=0)|pdg=pi-|q=-1|m=0.13957|p=13.4219 failed to simulate with error NavigatorError:3: No start volume could be resolved
23:16:30    FatrasSimula   ERROR     event 1 particle id=18015582335327719385(vp=195|vs=1|p=8|g=0|sp=0)|pdg=p|q=1|m=0.938272|p=988.26 failed to simulate with error NavigatorError:3: No start volume could be resolved
23:16:30    FatrasSimula   ERROR     event 1 particle id=10207737480591332832(vp=195|vs=1|p=9|g=0|sp=0)|pdg=pi-|q=-1|m=0.13957|p=98.5077 failed to simulate with error NavigatorError:3: No start volume could be resolved
23:16:30    FatrasSimula   ERROR     event 1 particle id=17153176057225758588(vp=197|vs=3|p=6|g=0|sp=0)|pdg=pi+|q=1|m=0.13957|p=128.645 failed to simulate with error NavigatorError:3: No start volume could be resolved
23:16:30    FatrasSimula   ERROR     event 1 particle id=9944192361515471171(vp=197|vs=3|p=7|g=0|sp=0)|pdg=pi-|q=-1|m=0.13957|p=304.977 failed to simulate with error NavigatorError:3: No start volume could be resolved
23:16:30    FatrasSimula   ERROR     event 1 particle id=7026700656556698981(vp=197|vs=8|p=36|g=0|sp=0)|pdg=pi+|q=1|m=0.13957|p=19.1348 failed to simulate with error NavigatorError:3: No start volume could be resolved
23:16:30    FatrasSimula   ERROR     event 1 particle id=10994585298888402268(vp=197|vs=8|p=37|g=0|sp=0)|pdg=pi-|q=-1|m=0.13957|p=11.5161 failed to simulate with error NavigatorError:3: No start volume could be resolved
23:16:30    FatrasSimula   ERROR     event 1 particle id=7760722345969256573(vp=197|vs=18|p=126|g=0|sp=0)|pdg=pi+|q=1|m=0.13957|p=218.86 failed to simulate with error NavigatorError:3: No start volume could be resolved
23:16:30    FatrasSimula   ERROR     event 1 particle id=14143930174541862337(vp=197|vs=18|p=127|g=0|sp=0)|pdg=pi-|q=-1|m=0.13957|p=60.621 failed to simulate with error NavigatorError:3: No start volume could be resolved
23:16:30    Digitization   WARNING   9670 skipped in Digitization. Enable DEBUG mode to see more details.
23:16:35    Sequencer      INFO      finished event 1
23:16:38    FatrasSimula   ERROR     event 2 particle id=2234815453491672093(vp=1|vs=8|p=84|g=0|sp=0)|pdg=p|q=1|m=0.938272|p=157.425 failed to simulate with error NavigatorError:3: No start volume could be resolved
23:16:38    FatrasSimula   ERROR     event 2 particle id=11290696228220647744(vp=1|vs=8|p=85|g=0|sp=0)|pdg=pi-|q=-1|m=0.13957|p=25.2747 failed to simulate with error NavigatorError:3: No start volume could be resolved
23:16:38    FatrasSimula   ERROR     event 2 particle id=15003619701446636549(vp=1|vs=29|p=326|g=0|sp=0)|pdg=p|q=1|m=0.938272|p=27.5853 failed to simulate with error NavigatorError:3: No start volume could be resolved
23:16:38    FatrasSimula   ERROR     event 2 particle id=17420807246858927110(vp=1|vs=29|p=327|g=0|sp=0)|pdg=pi-|q=-1|m=0.13957|p=4.75816 failed to simulate with error NavigatorError:3: No start volume could be resolved
23:16:38    FatrasSimula   ERROR     event 2 particle id=17932129647519858069(vp=1|vs=45|p=423|g=0|sp=0)|pdg=pi+|q=1|m=0.13957|p=218.247 failed to simulate with error NavigatorError:3: No start volume could be resolved
23:16:38    FatrasSimula   ERROR     event 2 particle id=13269741672411411218(vp=1|vs=45|p=424|g=0|sp=0)|pdg=pi-|q=-1|m=0.13957|p=338.897 failed to simulate with error NavigatorError:3: No start volume could be resolved
23:16:38    FatrasSimula   ERROR     event 2 particle id=197120451741945356(vp=1|vs=46|p=425|g=0|sp=0)|pdg=p|q=1|m=0.938272|p=1183.78 failed to simulate with error NavigatorError:3: No start volume could be resolved
23:16:38    FatrasSimula   ERROR     event 2 particle id=14072197051350898026(vp=1|vs=46|p=426|g=0|sp=0)|pdg=pi-|q=-1|m=0.13957|p=283.918 failed to simulate with error NavigatorError:3: No start volume could be resolved
23:16:38    FatrasSimula   ERROR     event 2 particle id=1764720919777511878(vp=5|vs=5|p=33|g=0|sp=0)|pdg=pi+|q=1|m=0.13957|p=271.125 failed to simulate with error NavigatorError:3: No start volume could be resolved
23:16:38    FatrasSimula   ERROR     event 2 particle id=4911968601862659370(vp=5|vs=5|p=34|g=0|sp=0)|pdg=pi-|q=-1|m=0.13957|p=88.9925 failed to simulate with error NavigatorError:3: No start volume could be resolved
23:16:38    FatrasSimula   ERROR     event 2 particle id=13474451526263510763(vp=6|vs=7|p=45|g=0|sp=0)|pdg=pi+|q=1|m=0.13957|p=106.116 failed to simulate with error NavigatorError:3: No start volume could be resolved
23:16:38    FatrasSimula   ERROR     event 2 particle id=7301753772654697929(vp=6|vs=7|p=46|g=0|sp=0)|pdg=pi-|q=-1|m=0.13957|p=120.718 failed to simulate with error NavigatorError:3: No start volume could be resolved
23:16:38    FatrasSimula   ERROR     event 2 particle id=3177144342268698647(vp=6|vs=17|p=141|g=0|sp=0)|pdg=n~|q=0|m=0.939565|p=258.88 failed to simulate with error NavigatorError:3: No start volume could be resolved
23:16:38    FatrasSimula   ERROR     event 2 particle id=5886599451183887500(vp=6|vs=18|p=142|g=0|sp=0)|pdg=gamma|q=0|m=0|p=42.9732 failed to simulate with error NavigatorError:3: No start volume could be resolved
23:16:38    FatrasSimula   ERROR     event 2 particle id=1666962983104626494(vp=6|vs=18|p=143|g=0|sp=0)|pdg=gamma|q=0|m=0|p=15.1449 failed to simulate with error NavigatorError:3: No start volume could be resolved
23:16:38    FatrasSimula   ERROR     event 2 particle id=8037865622566918898(vp=8|vs=12|p=90|g=0|sp=0)|pdg=p|q=1|m=0.938272|p=412.205 failed to simulate with error NavigatorError:3: No start volume could be resolved
23:16:38    FatrasSimula   ERROR     event 2 particle id=99300064198228163(vp=8|vs=13|p=91|g=0|sp=0)|pdg=gamma|q=0|m=0|p=135.556 failed to simulate with error NavigatorError:3: No start volume could be resolved
23:16:38    FatrasSimula   ERROR     event 2 particle id=6519887883046139352(vp=8|vs=13|p=92|g=0|sp=0)|pdg=gamma|q=0|m=0|p=5.52471 failed to simulate with error NavigatorError:3: No start volume could be resolved
23:16:38    FatrasSimula   ERROR     event 2 particle id=17744234624432188473(vp=10|vs=6|p=78|g=0|sp=0)|pdg=pi+|q=1|m=0.13957|p=55.4141 failed to simulate with error NavigatorError:3: No start volume could be resolved
23:16:38    FatrasSimula   ERROR     event 2 particle id=13620630003039105324(vp=10|vs=6|p=79|g=0|sp=0)|pdg=pi-|q=-1|m=0.13957|p=99.7973 failed to simulate with error NavigatorError:3: No start volume could be resolved
23:16:38    FatrasSimula   ERROR     event 2 particle id=17254600680157966866(vp=10|vs=8|p=80|g=0|sp=0)|pdg=gamma|q=0|m=0|p=539.556 failed to simulate with error NavigatorError:3: No start volume could be resolved
23:16:38    FatrasSimula   ERROR     event 2 particle id=1435102582817661687(vp=10|vs=8|p=81|g=0|sp=0)|pdg=gamma|q=0|m=0|p=45.769 failed to simulate with error NavigatorError:3: No start volume could be resolved
23:16:38    FatrasSimula   ERROR     event 2 particle id=10160740980764869809(vp=10|vs=9|p=82|g=0|sp=0)|pdg=gamma|q=0|m=0|p=28.316 failed to simulate with error NavigatorError:3: No start volume could be resolved
23:16:38    FatrasSimula   ERROR     event 2 particle id=17972227970379611167(vp=10|vs=9|p=83|g=0|sp=0)|pdg=gamma|q=0|m=0|p=40.7251 failed to simulate with error NavigatorError:3: No start volume could be resolved
23:16:38    FatrasSimula   ERROR     event 2 particle id=9813499655815160372(vp=10|vs=24|p=239|g=0|sp=0)|pdg=n~|q=0|m=0.939565|p=35.9639 failed to simulate with error NavigatorError:3: No start volume could be resolved
23:16:38    FatrasSimula   ERROR     event 2 particle id=13887956691316677589(vp=10|vs=25|p=240|g=0|sp=0)|pdg=gamma|q=0|m=0|p=4.68314 failed to simulate with error NavigatorError:3: No start volume could be resolved
23:16:38    FatrasSimula   ERROR     event 2 particle id=17225658121002563379(vp=10|vs=25|p=241|g=0|sp=0)|pdg=gamma|q=0|m=0|p=0.588178 failed to simulate with error NavigatorError:3: No start volume could be resolved
23:16:38    FatrasSimula   ERROR     event 2 particle id=17356921310209676393(vp=10|vs=34|p=288|g=0|sp=0)|pdg=n|q=0|m=0.939565|p=1903.51 failed to simulate with error NavigatorError:3: No start volume could be resolved
23:16:38    FatrasSimula   ERROR     event 2 particle id=12436091190531967431(vp=10|vs=35|p=289|g=0|sp=0)|pdg=gamma|q=0|m=0|p=408.091 failed to simulate with error NavigatorError:3: No start volume could be resolved
23:16:38    FatrasSimula   ERROR     event 2 particle id=5346724665850651925(vp=10|vs=35|p=290|g=0|sp=0)|pdg=gamma|q=0|m=0|p=68.0681 failed to simulate with error NavigatorError:3: No start volume could be resolved
23:16:38    FatrasSimula   ERROR     event 2 particle id=12759137163620133677(vp=11|vs=6|p=63|g=0|sp=0)|pdg=gamma|q=0|m=0|p=89.132 failed to simulate with error NavigatorError:3: No start volume could be resolved
23:16:38    FatrasSimula   ERROR     event 2 particle id=12131481448503799698(vp=11|vs=6|p=64|g=0|sp=0)|pdg=gamma|q=0|m=0|p=2.60514 failed to simulate with error NavigatorError:3: No start volume could be resolved
23:16:38    FatrasSimula   ERROR     event 2 particle id=18315512154452236159(vp=11|vs=6|p=65|g=0|sp=0)|pdg=gamma|q=0|m=0|p=7.06096 failed to simulate with error NavigatorError:3: No start volume could be resolved
23:16:38    FatrasSimula   ERROR     event 2 particle id=8729221211143706485(vp=11|vs=6|p=66|g=0|sp=0)|pdg=gamma|q=0|m=0|p=2.2589 failed to simulate with error NavigatorError:3: No start volume could be resolved
23:16:38    FatrasSimula   ERROR     event 2 particle id=4360337804096922680(vp=11|vs=22|p=139|g=0|sp=0)|pdg=pi+|q=1|m=0.13957|p=452.868 failed to simulate with error NavigatorError:3: No start volume could be resolved
23:16:38    FatrasSimula   ERROR     event 2 particle id=9756493761757279820(vp=11|vs=22|p=140|g=0|sp=0)|pdg=pi-|q=-1|m=0.13957|p=69.9826 failed to simulate with error NavigatorError:3: No start volume could be resolved
23:16:38    FatrasSimula   ERROR     event 2 particle id=5646912633729382966(vp=11|vs=23|p=141|g=0|sp=0)|pdg=n|q=0|m=0.939565|p=3933.05 failed to simulate with error NavigatorError:3: No start volume could be resolved
23:16:38    FatrasSimula   ERROR     event 2 particle id=4111670982538820667(vp=11|vs=24|p=142|g=0|sp=0)|pdg=gamma|q=0|m=0|p=302.721 failed to simulate with error NavigatorError:3: No start volume could be resolved
23:16:38    FatrasSimula   ERROR     event 2 particle id=2418981227340853237(vp=11|vs=24|p=143|g=0|sp=0)|pdg=gamma|q=0|m=0|p=195.31 failed to simulate with error NavigatorError:3: No start volume could be resolved
23:16:38    FatrasSimula   ERROR     event 2 particle id=7528879456571343963(vp=12|vs=67|p=465|g=0|sp=0)|pdg=gamma|q=0|m=0|p=8.85755 failed to simulate with error NavigatorError:3: No start volume could be resolved
23:16:38    FatrasSimula   ERROR     event 2 particle id=16727626660043997091(vp=12|vs=67|p=466|g=0|sp=0)|pdg=gamma|q=0|m=0|p=17.6244 failed to simulate with error NavigatorError:3: No start volume could be resolved
23:16:38    FatrasSimula   ERROR     event 2 particle id=14058681310725247014(vp=12|vs=68|p=467|g=0|sp=0)|pdg=gamma|q=0|m=0|p=3.18266 failed to simulate with error NavigatorError:3: No start volume could be resolved
23:16:38    FatrasSimula   ERROR     event 2 particle id=11756614410149190747(vp=12|vs=68|p=468|g=0|sp=0)|pdg=gamma|q=0|m=0|p=11.5209 failed to simulate with error NavigatorError:3: No start volume could be resolved
23:16:38    FatrasSimula   ERROR     event 2 particle id=6262412014017659715(vp=13|vs=24|p=236|g=0|sp=0)|pdg=p|q=1|m=0.938272|p=3187.75 failed to simulate with error NavigatorError:3: No start volume could be resolved
23:16:38    FatrasSimula   ERROR     event 2 particle id=8908374647436864766(vp=13|vs=24|p=237|g=0|sp=0)|pdg=pi-|q=-1|m=0.13957|p=357.264 failed to simulate with error NavigatorError:3: No start volume could be resolved
23:16:38    FatrasSimula   ERROR     event 2 particle id=6882382762722886447(vp=15|vs=4|p=42|g=0|sp=0)|pdg=n|q=0|m=0.939565|p=1659.93 failed to simulate with error NavigatorError:3: No start volume could be resolved
23:16:38    FatrasSimula   ERROR     event 2 particle id=13253293784740319322(vp=15|vs=4|p=43|g=0|sp=0)|pdg=pi-|q=-1|m=0.13957|p=208.129 failed to simulate with error NavigatorError:3: No start volume could be resolved
23:16:38    FatrasSimula   ERROR     event 2 particle id=12826434858847053198(vp=15|vs=13|p=83|g=0|sp=0)|pdg=pi+|q=1|m=0.13957|p=309.283 failed to simulate with error NavigatorError:3: No start volume could be resolved
23:16:38    FatrasSimula   ERROR     event 2 particle id=11402622556478861823(vp=15|vs=13|p=84|g=0|sp=0)|pdg=pi-|q=-1|m=0.13957|p=97.9537 failed to simulate with error NavigatorError:3: No start volume could be resolved
23:16:38    FatrasSimula   ERROR     event 2 particle id=9237407509555556975(vp=17|vs=26|p=248|g=0|sp=0)|pdg=pi+|q=1|m=0.13957|p=57.9635 failed to simulate with error NavigatorError:3: No start volume could be resolved
23:16:38    FatrasSimula   ERROR     event 2 particle id=14902907136772808302(vp=17|vs=26|p=249|g=0|sp=0)|pdg=pi-|q=-1|m=0.13957|p=8.62246 failed to simulate with error NavigatorError:3: No start volume could be resolved
23:16:38    FatrasSimula   ERROR     event 2 particle id=1447377089975447933(vp=18|vs=18|p=105|g=0|sp=0)|pdg=gamma|q=0|m=0|p=540.119 failed to simulate with error NavigatorError:3: No start volume could be resolved
23:16:38    FatrasSimula   ERROR     event 2 particle id=4807114398393847974(vp=18|vs=18|p=106|g=0|sp=0)|pdg=gamma|q=0|m=0|p=528.663 failed to simulate with error NavigatorError:3: No start volume could be resolved
23:16:38    FatrasSimula   ERROR     event 2 particle id=6687272612670899312(vp=18|vs=19|p=107|g=0|sp=0)|pdg=gamma|q=0|m=0|p=54.0431 failed to simulate with error NavigatorError:3: No start volume could be resolved
23:16:38    FatrasSimula   ERROR     event 2 particle id=18217792846494440063(vp=18|vs=19|p=108|g=0|sp=0)|pdg=gamma|q=0|m=0|p=989.187 failed to simulate with error NavigatorError:3: No start volume could be resolved
23:16:38    FatrasSimula   ERROR     event 2 particle id=9743623153610468521(vp=19|vs=1|p=1|g=0|sp=0)|pdg=p|q=1|m=0.938272|p=805.643 failed to simulate with error NavigatorError:3: No start volume could be resolved
23:16:38    FatrasSimula   ERROR     event 2 particle id=3326874048523685243(vp=19|vs=1|p=2|g=0|sp=0)|pdg=pi-|q=-1|m=0.13957|p=184.112 failed to simulate with error NavigatorError:3: No start volume could be resolved
23:16:38    FatrasSimula   ERROR     event 2 particle id=4214702198787847495(vp=19|vs=2|p=4|g=0|sp=0)|pdg=n~|q=0|m=0.939565|p=252.871 failed to simulate with error NavigatorError:3: No start volume could be resolved
23:16:38    FatrasSimula   ERROR     event 2 particle id=13185142553508160154(vp=19|vs=3|p=5|g=0|sp=0)|pdg=gamma|q=0|m=0|p=29.6263 failed to simulate with error NavigatorError:3: No start volume could be resolved
23:16:38    FatrasSimula   ERROR     event 2 particle id=14098447021400888456(vp=19|vs=3|p=6|g=0|sp=0)|pdg=gamma|q=0|m=0|p=13.0213 failed to simulate with error NavigatorError:3: No start volume could be resolved
23:16:38    FatrasSimula   ERROR     event 2 particle id=11214735139027519681(vp=19|vs=16|p=94|g=0|sp=0)|pdg=n|q=0|m=0.939565|p=2009.79 failed to simulate with error NavigatorError:3: No start volume could be resolved
23:16:38    FatrasSimula   ERROR     event 2 particle id=2308798541192208186(vp=19|vs=16|p=95|g=0|sp=0)|pdg=pi+|q=1|m=0.13957|p=107.843 failed to simulate with error NavigatorError:3: No start volume could be resolved
23:16:38    FatrasSimula   ERROR     event 2 particle id=1063412929693354396(vp=22|vs=16|p=99|g=0|sp=0)|pdg=pi+|q=1|m=0.13957|p=14.7625 failed to simulate with error NavigatorError:3: No start volume could be resolved
23:16:38    FatrasSimula   ERROR     event 2 particle id=3338569806466575614(vp=22|vs=16|p=100|g=0|sp=0)|pdg=pi-|q=-1|m=0.13957|p=19.0139 failed to simulate with error NavigatorError:3: No start volume could be resolved
23:16:38    FatrasSimula   ERROR     event 2 particle id=16198254869370680456(vp=24|vs=16|p=190|g=0|sp=0)|pdg=p|q=1|m=0.938272|p=89.0345 failed to simulate with error NavigatorError:3: No start volume could be resolved
23:16:38    FatrasSimula   ERROR     event 2 particle id=7397232447389727818(vp=24|vs=16|p=191|g=0|sp=0)|pdg=pi-|q=-1|m=0.13957|p=6.15505 failed to simulate with error NavigatorError:3: No start volume could be resolved
23:16:38    FatrasSimula   ERROR     event 2 particle id=1380975230811529869(vp=24|vs=46|p=472|g=0|sp=0)|pdg=n|q=0|m=0.939565|p=124.936 failed to simulate with error NavigatorError:3: No start volume could be resolved
23:16:38    FatrasSimula   ERROR     event 2 particle id=14558319553906365842(vp=24|vs=46|p=473|g=0|sp=0)|pdg=pi-|q=-1|m=0.13957|p=20.1567 failed to simulate with error NavigatorError:3: No start volume could be resolved
23:16:38    FatrasSimula   ERROR     event 2 particle id=4228781640496659248(vp=24|vs=47|p=475|g=0|sp=0)|pdg=p~|q=-1|m=0.938272|p=257.088 failed to simulate with error NavigatorError:3: No start volume could be resolved
23:16:38    FatrasSimula   ERROR     event 2 particle id=15892584959211101691(vp=24|vs=47|p=476|g=0|sp=0)|pdg=pi+|q=1|m=0.13957|p=66.8439 failed to simulate with error NavigatorError:3: No start volume could be resolved
23:16:38    FatrasSimula   ERROR     event 2 particle id=2952570024490192248(vp=24|vs=48|p=479|g=0|sp=0)|pdg=gamma|q=0|m=0|p=5.08785 failed to simulate with error NavigatorError:3: No start volume could be resolved
23:16:38    FatrasSimula   ERROR     event 2 particle id=6768175712714761377(vp=24|vs=48|p=480|g=0|sp=0)|pdg=gamma|q=0|m=0|p=5.69584 failed to simulate with error NavigatorError:3: No start volume could be resolved
23:16:38    FatrasSimula   ERROR     event 2 particle id=9331373076771254693(vp=24|vs=49|p=481|g=0|sp=0)|pdg=gamma|q=0|m=0|p=42.7943 failed to simulate with error NavigatorError:3: No start volume could be resolved
23:16:38    FatrasSimula   ERROR     event 2 particle id=3363784305802232084(vp=24|vs=49|p=482|g=0|sp=0)|pdg=gamma|q=0|m=0|p=64.8225 failed to simulate with error NavigatorError:3: No start volume could be resolved
23:16:38    FatrasSimula   ERROR     event 2 particle id=13193719671363782302(vp=24|vs=53|p=501|g=0|sp=0)|pdg=p~|q=-1|m=0.938272|p=258.197 failed to simulate with error NavigatorError:3: No start volume could be resolved
23:16:38    FatrasSimula   ERROR     event 2 particle id=7045646346629172962(vp=24|vs=53|p=502|g=0|sp=0)|pdg=pi+|q=1|m=0.13957|p=47.9244 failed to simulate with error NavigatorError:3: No start volume could be resolved
23:16:38    FatrasSimula   ERROR     event 2 particle id=12810561637208203525(vp=24|vs=57|p=531|g=0|sp=0)|pdg=gamma|q=0|m=0|p=50.841 failed to simulate with error NavigatorError:3: No start volume could be resolved
23:16:38    FatrasSimula   ERROR     event 2 particle id=7492843724260244976(vp=24|vs=57|p=532|g=0|sp=0)|pdg=gamma|q=0|m=0|p=26.9812 failed to simulate with error NavigatorError:3: No start volume could be resolved
23:16:38    FatrasSimula   ERROR     event 2 particle id=1686699442957971946(vp=24|vs=58|p=533|g=0|sp=0)|pdg=gamma|q=0|m=0|p=5.06946 failed to simulate with error NavigatorError:3: No start volume could be resolved
23:16:38    FatrasSimula   ERROR     event 2 particle id=10824829532417380465(vp=24|vs=58|p=534|g=0|sp=0)|pdg=gamma|q=0|m=0|p=16.8389 failed to simulate with error NavigatorError:3: No start volume could be resolved
23:16:38    FatrasSimula   ERROR     event 2 particle id=13592911417645092848(vp=24|vs=65|p=572|g=0|sp=0)|pdg=p~|q=-1|m=0.938272|p=20.8644 failed to simulate with error NavigatorError:3: No start volume could be resolved
23:16:38    FatrasSimula   ERROR     event 2 particle id=1907194158674906830(vp=24|vs=65|p=573|g=0|sp=0)|pdg=pi+|q=1|m=0.13957|p=2.01017 failed to simulate with error NavigatorError:3: No start volume could be resolved
23:16:38    FatrasSimula   ERROR     event 2 particle id=16837541002028602(vp=24|vs=71|p=636|g=0|sp=0)|pdg=p|q=1|m=0.938272|p=175.217 failed to simulate with error NavigatorError:3: No start volume could be resolved
23:16:38    FatrasSimula   ERROR     event 2 particle id=14851237978337782064(vp=24|vs=71|p=637|g=0|sp=0)|pdg=pi-|q=-1|m=0.13957|p=31.6726 failed to simulate with error NavigatorError:3: No start volume could be resolved
23:16:38    FatrasSimula   ERROR     event 2 particle id=211761824774234851(vp=25|vs=8|p=67|g=0|sp=0)|pdg=pi+|q=1|m=0.13957|p=30.8491 failed to simulate with error NavigatorError:3: No start volume could be resolved
23:16:38    FatrasSimula   ERROR     event 2 particle id=6778856691420285490(vp=25|vs=8|p=68|g=0|sp=0)|pdg=pi-|q=-1|m=0.13957|p=96.5304 failed to simulate with error NavigatorError:3: No start volume could be resolved
23:16:38    FatrasSimula   ERROR     event 2 particle id=4741931756815064935(vp=25|vs=12|p=84|g=0|sp=0)|pdg=p~|q=-1|m=0.938272|p=452.553 failed to simulate with error NavigatorError:3: No start volume could be resolved
23:16:38    FatrasSimula   ERROR     event 2 particle id=12051747590659939625(vp=25|vs=12|p=85|g=0|sp=0)|pdg=pi+|q=1|m=0.13957|p=54.5786 failed to simulate with error NavigatorError:3: No start volume could be resolved
23:16:38    FatrasSimula   ERROR     event 2 particle id=13642464121789498674(vp=26|vs=3|p=23|g=0|sp=0)|pdg=gamma|q=0|m=0|p=11.3051 failed to simulate with error NavigatorError:3: No start volume could be resolved
23:16:38    FatrasSimula   ERROR     event 2 particle id=7531741655799321953(vp=26|vs=3|p=24|g=0|sp=0)|pdg=gamma|q=0|m=0|p=17.012 failed to simulate with error NavigatorError:3: No start volume could be resolved
23:16:38    FatrasSimula   ERROR     event 2 particle id=13969451781867983999(vp=26|vs=4|p=21|g=0|sp=0)|pdg=gamma|q=0|m=0|p=52.7919 failed to simulate with error NavigatorError:3: No start volume could be resolved
23:16:38    FatrasSimula   ERROR     event 2 particle id=9587549388539396360(vp=26|vs=4|p=22|g=0|sp=0)|pdg=gamma|q=0|m=0|p=26.1566 failed to simulate with error NavigatorError:3: No start volume could be resolved
23:16:38    FatrasSimula   ERROR     event 2 particle id=1658306300873563802(vp=29|vs=11|p=95|g=0|sp=0)|pdg=pi+|q=1|m=0.13957|p=65.5393 failed to simulate with error NavigatorError:3: No start volume could be resolved
23:16:38    FatrasSimula   ERROR     event 2 particle id=16302007805550111559(vp=29|vs=11|p=96|g=0|sp=0)|pdg=pi-|q=-1|m=0.13957|p=74.4233 failed to simulate with error NavigatorError:3: No start volume could be resolved
23:16:38    FatrasSimula   ERROR     event 2 particle id=5452401070093937831(vp=31|vs=6|p=29|g=0|sp=0)|pdg=pi+|q=1|m=0.13957|p=17.8066 failed to simulate with error NavigatorError:3: No start volume could be resolved
23:16:38    FatrasSimula   ERROR     event 2 particle id=7272426817828161723(vp=31|vs=6|p=30|g=0|sp=0)|pdg=pi-|q=-1|m=0.13957|p=17.3295 failed to simulate with error NavigatorError:3: No start volume could be resolved
23:16:38    FatrasSimula   ERROR     event 2 particle id=4504319618430834493(vp=33|vs=31|p=234|g=0|sp=0)|pdg=n~|q=0|m=0.939565|p=124.134 failed to simulate with error NavigatorError:3: No start volume could be resolved
23:16:38    FatrasSimula   ERROR     event 2 particle id=8125373051912000181(vp=33|vs=31|p=235|g=0|sp=0)|pdg=pi+|q=1|m=0.13957|p=41.7276 failed to simulate with error NavigatorError:3: No start volume could be resolved
23:16:38    FatrasSimula   ERROR     event 2 particle id=8469272272713841326(vp=33|vs=36|p=253|g=0|sp=0)|pdg=gamma|q=0|m=0|p=24.6778 failed to simulate with error NavigatorError:3: No start volume could be resolved
23:16:38    FatrasSimula   ERROR     event 2 particle id=4464440569757502259(vp=33|vs=36|p=254|g=0|sp=0)|pdg=gamma|q=0|m=0|p=9.57195 failed to simulate with error NavigatorError:3: No start volume could be resolved
23:16:38    FatrasSimula   ERROR     event 2 particle id=16771791680912768710(vp=33|vs=37|p=255|g=0|sp=0)|pdg=gamma|q=0|m=0|p=35.7475 failed to simulate with error NavigatorError:3: No start volume could be resolved
23:16:38    FatrasSimula   ERROR     event 2 particle id=6168411223493072533(vp=33|vs=37|p=256|g=0|sp=0)|pdg=gamma|q=0|m=0|p=50.4692 failed to simulate with error NavigatorError:3: No start volume could be resolved
23:16:38    FatrasSimula   ERROR     event 2 particle id=2518731191712375382(vp=33|vs=77|p=539|g=0|sp=0)|pdg=gamma|q=0|m=0|p=12.3373 failed to simulate with error NavigatorError:3: No start volume could be resolved
23:16:38    FatrasSimula   ERROR     event 2 particle id=3173339028064542844(vp=33|vs=77|p=540|g=0|sp=0)|pdg=gamma|q=0|m=0|p=86.8357 failed to simulate with error NavigatorError:3: No start volume could be resolved
23:16:38    FatrasSimula   ERROR     event 2 particle id=14922450035783418117(vp=33|vs=78|p=541|g=0|sp=0)|pdg=gamma|q=0|m=0|p=21.6352 failed to simulate with error NavigatorError:3: No start volume could be resolved
23:16:38    FatrasSimula   ERROR     event 2 particle id=17171857894039069687(vp=33|vs=78|p=542|g=0|sp=0)|pdg=gamma|q=0|m=0|p=18.433 failed to simulate with error NavigatorError:3: No start volume could be resolved
23:16:38    FatrasSimula   ERROR     event 2 particle id=14570582355222615283(vp=34|vs=5|p=62|g=0|sp=0)|pdg=pi+|q=1|m=0.13957|p=33.3948 failed to simulate with error NavigatorError:3: No start volume could be resolved
23:16:38    FatrasSimula   ERROR     event 2 particle id=8442279925056483478(vp=34|vs=5|p=63|g=0|sp=0)|pdg=pi-|q=-1|m=0.13957|p=5.46788 failed to simulate with error NavigatorError:3: No start volume could be resolved
23:16:38    FatrasSimula   ERROR     event 2 particle id=14809316271906151563(vp=34|vs=25|p=198|g=0|sp=0)|pdg=n|q=0|m=0.939565|p=2423.74 failed to simulate with error NavigatorError:3: No start volume could be resolved
23:16:38    FatrasSimula   ERROR     event 2 particle id=12944765984019493198(vp=34|vs=25|p=199|g=0|sp=0)|pdg=pi+|q=1|m=0.13957|p=402.669 failed to simulate with error NavigatorError:3: No start volume could be resolved
23:16:38    FatrasSimula   ERROR     event 2 particle id=3469431583667725013(vp=41|vs=8|p=82|g=0|sp=0)|pdg=pi+|q=1|m=0.13957|p=192.886 failed to simulate with error NavigatorError:3: No start volume could be resolved
23:16:38    FatrasSimula   ERROR     event 2 particle id=12460669131895550824(vp=41|vs=8|p=83|g=0|sp=0)|pdg=pi-|q=-1|m=0.13957|p=49.85 failed to simulate with error NavigatorError:3: No start volume could be resolved
23:16:38    FatrasSimula   ERROR     event 2 particle id=9439590947306657646(vp=43|vs=8|p=63|g=0|sp=0)|pdg=pi+|q=1|m=0.13957|p=355.552 failed to simulate with error NavigatorError:3: No start volume could be resolved
23:16:38    FatrasSimula   ERROR     event 2 particle id=5518729055658583354(vp=43|vs=8|p=64|g=0|sp=0)|pdg=pi-|q=-1|m=0.13957|p=532.668 failed to simulate with error NavigatorError:3: No start volume could be resolved
23:16:38    FatrasSimula   ERROR     event 2 particle id=7471099808655389352(vp=43|vs=9|p=68|g=0|sp=0)|pdg=p|q=1|m=0.938272|p=614.766 failed to simulate with error NavigatorError:3: No start volume could be resolved
23:16:38    FatrasSimula   ERROR     event 2 particle id=18131697801772662007(vp=43|vs=10|p=69|g=0|sp=0)|pdg=gamma|q=0|m=0|p=294.759 failed to simulate with error NavigatorError:3: No start volume could be resolved
23:16:38    FatrasSimula   ERROR     event 2 particle id=9902390179516741146(vp=43|vs=10|p=70|g=0|sp=0)|pdg=gamma|q=0|m=0|p=8.62143 failed to simulate with error NavigatorError:3: No start volume could be resolved
23:16:38    FatrasSimula   ERROR     event 2 particle id=13011258802240600402(vp=44|vs=18|p=238|g=0|sp=0)|pdg=n|q=0|m=0.939565|p=1145.53 failed to simulate with error NavigatorError:3: No start volume could be resolved
23:16:38    FatrasSimula   ERROR     event 2 particle id=11971663099701075570(vp=44|vs=18|p=239|g=0|sp=0)|pdg=pi-|q=-1|m=0.13957|p=179.326 failed to simulate with error NavigatorError:3: No start volume could be resolved
23:16:38    FatrasSimula   ERROR     event 2 particle id=7914707376200153547(vp=45|vs=7|p=69|g=0|sp=0)|pdg=pi+|q=1|m=0.13957|p=31.2527 failed to simulate with error NavigatorError:3: No start volume could be resolved
23:16:38    FatrasSimula   ERROR     event 2 particle id=6723224961478594937(vp=45|vs=8|p=66|g=0|sp=0)|pdg=n~|q=0|m=0.939565|p=196.028 failed to simulate with error NavigatorError:3: No start volume could be resolved
23:16:38    FatrasSimula   ERROR     event 2 particle id=12472126513852632739(vp=45|vs=9|p=67|g=0|sp=0)|pdg=gamma|q=0|m=0|p=17.0283 failed to simulate with error NavigatorError:3: No start volume could be resolved
23:16:38    FatrasSimula   ERROR     event 2 particle id=6563984381123257669(vp=45|vs=9|p=68|g=0|sp=0)|pdg=gamma|q=0|m=0|p=25.5867 failed to simulate with error NavigatorError:3: No start volume could be resolved
23:16:38    FatrasSimula   ERROR     event 2 particle id=6022926684404159205(vp=49|vs=17|p=134|g=0|sp=0)|pdg=n~|q=0|m=0.939565|p=132.665 failed to simulate with error NavigatorError:3: No start volume could be resolved
23:16:38    FatrasSimula   ERROR     event 2 particle id=965100603434258301(vp=49|vs=17|p=135|g=0|sp=0)|pdg=pi+|q=1|m=0.13957|p=68.0395 failed to simulate with error NavigatorError:3: No start volume could be resolved
23:16:38    FatrasSimula   ERROR     event 2 particle id=2036111992087311698(vp=54|vs=2|p=1|g=0|sp=0)|pdg=p|q=1|m=0.938272|p=267.284 failed to simulate with error NavigatorError:3: No start volume could be resolved
23:16:38    FatrasSimula   ERROR     event 2 particle id=2245234544432539987(vp=54|vs=2|p=2|g=0|sp=0)|pdg=pi-|q=-1|m=0.13957|p=78.532 failed to simulate with error NavigatorError:3: No start volume could be resolved
23:16:38    FatrasSimula   ERROR     event 2 particle id=10577052240730827719(vp=54|vs=3|p=3|g=0|sp=0)|pdg=gamma|q=0|m=0|p=17.0392 failed to simulate with error NavigatorError:3: No start volume could be resolved
23:16:38    FatrasSimula   ERROR     event 2 particle id=3614291938260847309(vp=54|vs=3|p=4|g=0|sp=0)|pdg=gamma|q=0|m=0|p=17.6188 failed to simulate with error NavigatorError:3: No start volume could be resolved
23:16:38    FatrasSimula   ERROR     event 2 particle id=9006438775864448333(vp=54|vs=4|p=5|g=0|sp=0)|pdg=n~|q=0|m=0.939565|p=420 failed to simulate with error NavigatorError:3: No start volume could be resolved
23:16:38    FatrasSimula   ERROR     event 2 particle id=12180719676170244991(vp=54|vs=4|p=6|g=0|sp=0)|pdg=pi-|q=-1|m=0.13957|p=104.286 failed to simulate with error NavigatorError:3: No start volume could be resolved
23:16:38    FatrasSimula   ERROR     event 2 particle id=749699146601005692(vp=58|vs=2|p=12|g=0|sp=0)|pdg=pi+|q=1|m=0.13957|p=59.238 failed to simulate with error NavigatorError:3: No start volume could be resolved
23:16:38    FatrasSimula   ERROR     event 2 particle id=2022031979804894881(vp=58|vs=2|p=13|g=0|sp=0)|pdg=pi-|q=-1|m=0.13957|p=44.8042 failed to simulate with error NavigatorError:3: No start volume could be resolved
23:16:38    FatrasSimula   ERROR     event 2 particle id=2906797765838958883(vp=60|vs=5|p=24|g=0|sp=0)|pdg=pi+|q=1|m=0.13957|p=22.6834 failed to simulate with error NavigatorError:3: No start volume could be resolved
23:16:38    FatrasSimula   ERROR     event 2 particle id=11772283858024987460(vp=60|vs=5|p=25|g=0|sp=0)|pdg=pi-|q=-1|m=0.13957|p=42.5306 failed to simulate with error NavigatorError:3: No start volume could be resolved
23:16:38    FatrasSimula   ERROR     event 2 particle id=15821869853954705390(vp=62|vs=23|p=378|g=0|sp=0)|pdg=p|q=1|m=0.938272|p=21.3767 failed to simulate with error NavigatorError:3: No start volume could be resolved
23:16:38    FatrasSimula   ERROR     event 2 particle id=7204447790347236315(vp=62|vs=23|p=379|g=0|sp=0)|pdg=pi-|q=-1|m=0.13957|p=3.94464 failed to simulate with error NavigatorError:3: No start volume could be resolved
23:16:38    FatrasSimula   ERROR     event 2 particle id=13096170288819388524(vp=62|vs=29|p=403|g=0|sp=0)|pdg=n|q=0|m=0.939565|p=590.077 failed to simulate with error NavigatorError:3: No start volume could be resolved
23:16:38    FatrasSimula   ERROR     event 2 particle id=15032802616910816421(vp=62|vs=29|p=404|g=0|sp=0)|pdg=gamma|q=0|m=0|p=42.6558 failed to simulate with error NavigatorError:3: No start volume could be resolved
23:16:38    FatrasSimula   ERROR     event 2 particle id=17485503557380872655(vp=62|vs=29|p=405|g=0|sp=0)|pdg=gamma|q=0|m=0|p=10.1819 failed to simulate with error NavigatorError:3: No start volume could be resolved
23:16:38    FatrasSimula   ERROR     event 2 particle id=5114462178305472318(vp=62|vs=30|p=407|g=0|sp=0)|pdg=n~|q=0|m=0.939565|p=280.902 failed to simulate with error NavigatorError:3: No start volume could be resolved
23:16:38    FatrasSimula   ERROR     event 2 particle id=12536732559167575909(vp=62|vs=30|p=408|g=0|sp=0)|pdg=pi-|q=-1|m=0.13957|p=143.321 failed to simulate with error NavigatorError:3: No start volume could be resolved
23:16:38    FatrasSimula   ERROR     event 2 particle id=80453437995509350(vp=62|vs=36|p=500|g=0|sp=0)|pdg=gamma|q=0|m=0|p=17.7215 failed to simulate with error NavigatorError:3: No start volume could be resolved
23:16:38    FatrasSimula   ERROR     event 2 particle id=1048795675544829481(vp=62|vs=36|p=501|g=0|sp=0)|pdg=gamma|q=0|m=0|p=7.55802 failed to simulate with error NavigatorError:3: No start volume could be resolved
23:16:38    FatrasSimula   ERROR     event 2 particle id=11035134788274985829(vp=62|vs=37|p=502|g=0|sp=0)|pdg=gamma|q=0|m=0|p=3.80694 failed to simulate with error NavigatorError:3: No start volume could be resolved
23:16:38    FatrasSimula   ERROR     event 2 particle id=17117435591999251946(vp=62|vs=37|p=503|g=0|sp=0)|pdg=gamma|q=0|m=0|p=7.56981 failed to simulate with error NavigatorError:3: No start volume could be resolved
23:16:38    FatrasSimula   ERROR     event 2 particle id=231122904187341300(vp=62|vs=45|p=553|g=0|sp=0)|pdg=pi+|q=1|m=0.13957|p=24.7018 failed to simulate with error NavigatorError:3: No start volume could be resolved
23:16:38    FatrasSimula   ERROR     event 2 particle id=17789611134546080805(vp=62|vs=45|p=554|g=0|sp=0)|pdg=pi-|q=-1|m=0.13957|p=108.674 failed to simulate with error NavigatorError:3: No start volume could be resolved
23:16:38    FatrasSimula   ERROR     event 2 particle id=1121339455114589066(vp=62|vs=47|p=555|g=0|sp=0)|pdg=n|q=0|m=0.939565|p=166.688 failed to simulate with error NavigatorError:3: No start volume could be resolved
23:16:38    FatrasSimula   ERROR     event 2 particle id=6508829248450134838(vp=62|vs=48|p=556|g=0|sp=0)|pdg=gamma|q=0|m=0|p=30.3167 failed to simulate with error NavigatorError:3: No start volume could be resolved
23:16:38    FatrasSimula   ERROR     event 2 particle id=15384405564493759536(vp=62|vs=48|p=557|g=0|sp=0)|pdg=gamma|q=0|m=0|p=14.8741 failed to simulate with error NavigatorError:3: No start volume could be resolved
23:16:38    FatrasSimula   ERROR     event 2 particle id=11631161038203206154(vp=62|vs=49|p=558|g=0|sp=0)|pdg=gamma|q=0|m=0|p=38.7429 failed to simulate with error NavigatorError:3: No start volume could be resolved
23:16:38    FatrasSimula   ERROR     event 2 particle id=9519117517657091025(vp=62|vs=49|p=559|g=0|sp=0)|pdg=gamma|q=0|m=0|p=5.66328 failed to simulate with error NavigatorError:3: No start volume could be resolved
23:16:38    FatrasSimula   ERROR     event 2 particle id=7549462152639592010(vp=62|vs=51|p=564|g=0|sp=0)|pdg=n~|q=0|m=0.939565|p=112.862 failed to simulate with error NavigatorError:3: No start volume could be resolved
23:16:38    FatrasSimula   ERROR     event 2 particle id=10715330282580958562(vp=62|vs=51|p=565|g=0|sp=0)|pdg=pi-|q=-1|m=0.13957|p=35.8859 failed to simulate with error NavigatorError:3: No start volume could be resolved
23:16:38    FatrasSimula   ERROR     event 2 particle id=7258271650047453197(vp=64|vs=4|p=25|g=0|sp=0)|pdg=pi+|q=1|m=0.13957|p=17.0702 failed to simulate with error NavigatorError:3: No start volume could be resolved
23:16:38    FatrasSimula   ERROR     event 2 particle id=13131325268211275390(vp=64|vs=4|p=26|g=0|sp=0)|pdg=pi-|q=-1|m=0.13957|p=19.8194 failed to simulate with error NavigatorError:3: No start volume could be resolved
23:16:38    FatrasSimula   ERROR     event 2 particle id=4935122777925724653(vp=64|vs=5|p=32|g=0|sp=0)|pdg=n|q=0|m=0.939565|p=127.725 failed to simulate with error NavigatorError:3: No start volume could be resolved
23:16:38    FatrasSimula   ERROR     event 2 particle id=14851881945494141779(vp=64|vs=6|p=33|g=0|sp=0)|pdg=gamma|q=0|m=0|p=15.6894 failed to simulate with error NavigatorError:3: No start volume could be resolved
23:16:38    FatrasSimula   ERROR     event 2 particle id=5501961331334335999(vp=64|vs=6|p=34|g=0|sp=0)|pdg=gamma|q=0|m=0|p=11.8562 failed to simulate with error NavigatorError:3: No start volume could be resolved
23:16:38    FatrasSimula   ERROR     event 2 particle id=102090934616978869(vp=64|vs=7|p=36|g=0|sp=0)|pdg=n~|q=0|m=0.939565|p=171.393 failed to simulate with error NavigatorError:3: No start volume could be resolved
23:16:38    FatrasSimula   ERROR     event 2 particle id=7964058180903457404(vp=64|vs=8|p=37|g=0|sp=0)|pdg=gamma|q=0|m=0|p=48.8879 failed to simulate with error NavigatorError:3: No start volume could be resolved
23:16:38    FatrasSimula   ERROR     event 2 particle id=16083352621855057153(vp=64|vs=8|p=38|g=0|sp=0)|pdg=gamma|q=0|m=0|p=3.12986 failed to simulate with error NavigatorError:3: No start volume could be resolved
23:16:38    FatrasSimula   ERROR     event 2 particle id=3935018781060041810(vp=69|vs=9|p=45|g=0|sp=0)|pdg=gamma|q=0|m=0|p=56.3613 failed to simulate with error NavigatorError:3: No start volume could be resolved
23:16:38    FatrasSimula   ERROR     event 2 particle id=10071230934334573434(vp=69|vs=9|p=46|g=0|sp=0)|pdg=gamma|q=0|m=0|p=10.2143 failed to simulate with error NavigatorError:3: No start volume could be resolved
23:16:38    FatrasSimula   ERROR     event 2 particle id=8550625759504366878(vp=69|vs=10|p=47|g=0|sp=0)|pdg=gamma|q=0|m=0|p=2.11192 failed to simulate with error NavigatorError:3: No start volume could be resolved
23:16:38    FatrasSimula   ERROR     event 2 particle id=2662760038097679383(vp=69|vs=10|p=48|g=0|sp=0)|pdg=gamma|q=0|m=0|p=8.82905 failed to simulate with error NavigatorError:3: No start volume could be resolved
23:16:38    FatrasSimula   ERROR     event 2 particle id=4837367596431159286(vp=69|vs=26|p=187|g=0|sp=0)|pdg=n|q=0|m=0.939565|p=577.354 failed to simulate with error NavigatorError:3: No start volume could be resolved
23:16:38    FatrasSimula   ERROR     event 2 particle id=17175479886836618339(vp=69|vs=26|p=188|g=0|sp=0)|pdg=pi-|q=-1|m=0.13957|p=296.073 failed to simulate with error NavigatorError:3: No start volume could be resolved
23:16:38    FatrasSimula   ERROR     event 2 particle id=11141010986962221270(vp=69|vs=27|p=189|g=0|sp=0)|pdg=n~|q=0|m=0.939565|p=1055.11 failed to simulate with error NavigatorError:3: No start volume could be resolved
23:16:38    FatrasSimula   ERROR     event 2 particle id=7780609477861221785(vp=69|vs=27|p=190|g=0|sp=0)|pdg=pi+|q=1|m=0.13957|p=309.156 failed to simulate with error NavigatorError:3: No start volume could be resolved
23:16:38    FatrasSimula   ERROR     event 2 particle id=2057838587099080179(vp=70|vs=1|p=1|g=0|sp=0)|pdg=pi+|q=1|m=0.13957|p=103.971 failed to simulate with error NavigatorError:3: No start volume could be resolved
23:16:38    FatrasSimula   ERROR     event 2 particle id=12000867783922883853(vp=70|vs=1|p=2|g=0|sp=0)|pdg=pi-|q=-1|m=0.13957|p=418.754 failed to simulate with error NavigatorError:3: No start volume could be resolved
23:16:38    FatrasSimula   ERROR     event 2 particle id=8582187448088467019(vp=70|vs=2|p=3|g=0|sp=0)|pdg=pi+|q=1|m=0.13957|p=182.475 failed to simulate with error NavigatorError:3: No start volume could be resolved
23:16:38    FatrasSimula   ERROR     event 2 particle id=4745988199138635447(vp=70|vs=2|p=4|g=0|sp=0)|pdg=pi-|q=-1|m=0.13957|p=236.397 failed to simulate with error NavigatorError:3: No start volume could be resolved
23:16:38    FatrasSimula   ERROR     event 2 particle id=3540371587907593532(vp=72|vs=8|p=123|g=0|sp=0)|pdg=pi+|q=1|m=0.13957|p=71.8796 failed to simulate with error NavigatorError:3: No start volume could be resolved
23:16:38    FatrasSimula   ERROR     event 2 particle id=16165860338714361549(vp=72|vs=8|p=124|g=0|sp=0)|pdg=pi-|q=-1|m=0.13957|p=68.1231 failed to simulate with error NavigatorError:3: No start volume could be resolved
23:16:38    FatrasSimula   ERROR     event 2 particle id=16034857950312310784(vp=72|vs=53|p=378|g=0|sp=0)|pdg=n|q=0|m=0.939565|p=499.06 failed to simulate with error NavigatorError:3: No start volume could be resolved
23:16:38    FatrasSimula   ERROR     event 2 particle id=8222512302100327418(vp=72|vs=54|p=379|g=0|sp=0)|pdg=gamma|q=0|m=0|p=30.4196 failed to simulate with error NavigatorError:3: No start volume could be resolved
23:16:38    FatrasSimula   ERROR     event 2 particle id=17883060748769833172(vp=72|vs=54|p=380|g=0|sp=0)|pdg=gamma|q=0|m=0|p=63.5033 failed to simulate with error NavigatorError:3: No start volume could be resolved
23:16:38    FatrasSimula   ERROR     event 2 particle id=6850515022933250001(vp=73|vs=3|p=16|g=0|sp=0)|pdg=p~|q=-1|m=0.938272|p=240.391 failed to simulate with error NavigatorError:3: No start volume could be resolved
23:16:38    FatrasSimula   ERROR     event 2 particle id=14375146224817725541(vp=73|vs=3|p=17|g=0|sp=0)|pdg=pi+|q=1|m=0.13957|p=28.9784 failed to simulate with error NavigatorError:3: No start volume could be resolved
23:16:38    FatrasSimula   ERROR     event 2 particle id=12026796030745641093(vp=73|vs=12|p=115|g=0|sp=0)|pdg=p|q=1|m=0.938272|p=164.052 failed to simulate with error NavigatorError:3: No start volume could be resolved
23:16:38    FatrasSimula   ERROR     event 2 particle id=11342002627604340376(vp=73|vs=12|p=116|g=0|sp=0)|pdg=pi-|q=-1|m=0.13957|p=48.1353 failed to simulate with error NavigatorError:3: No start volume could be resolved
23:16:38    FatrasSimula   ERROR     event 2 particle id=4787969848444765180(vp=73|vs=13|p=117|g=0|sp=0)|pdg=gamma|q=0|m=0|p=4.16879 failed to simulate with error NavigatorError:3: No start volume could be resolved
23:16:38    FatrasSimula   ERROR     event 2 particle id=14812646402205135113(vp=73|vs=13|p=118|g=0|sp=0)|pdg=gamma|q=0|m=0|p=6.69539 failed to simulate with error NavigatorError:3: No start volume could be resolved
23:16:38    FatrasSimula   ERROR     event 2 particle id=14657830586390005686(vp=73|vs=14|p=119|g=0|sp=0)|pdg=p~|q=-1|m=0.938272|p=288.701 failed to simulate with error NavigatorError:3: No start volume could be resolved
23:16:38    FatrasSimula   ERROR     event 2 particle id=18349600375281972396(vp=73|vs=15|p=120|g=0|sp=0)|pdg=gamma|q=0|m=0|p=9.10969 failed to simulate with error NavigatorError:3: No start volume could be resolved
23:16:38    FatrasSimula   ERROR     event 2 particle id=586243529090381544(vp=73|vs=15|p=121|g=0|sp=0)|pdg=gamma|q=0|m=0|p=23.3994 failed to simulate with error NavigatorError:3: No start volume could be resolved
23:16:38    FatrasSimula   ERROR     event 2 particle id=3903990015674704207(vp=75|vs=11|p=50|g=0|sp=0)|pdg=gamma|q=0|m=0|p=35.3617 failed to simulate with error NavigatorError:3: No start volume could be resolved
23:16:38    FatrasSimula   ERROR     event 2 particle id=8285212568673520759(vp=75|vs=11|p=51|g=0|sp=0)|pdg=gamma|q=0|m=0|p=8.10605 failed to simulate with error NavigatorError:3: No start volume could be resolved
23:16:38    FatrasSimula   ERROR     event 2 particle id=17220941806737009328(vp=75|vs=12|p=52|g=0|sp=0)|pdg=gamma|q=0|m=0|p=27.2846 failed to simulate with error NavigatorError:3: No start volume could be resolved
23:16:38    FatrasSimula   ERROR     event 2 particle id=724896294961469688(vp=75|vs=12|p=53|g=0|sp=0)|pdg=gamma|q=0|m=0|p=10.8654 failed to simulate with error NavigatorError:3: No start volume could be resolved
23:16:38    FatrasSimula   ERROR     event 2 particle id=11109723181440594712(vp=75|vs=13|p=55|g=0|sp=0)|pdg=pi+|q=1|m=0.13957|p=172.815 failed to simulate with error NavigatorError:3: No start volume could be resolved
23:16:38    FatrasSimula   ERROR     event 2 particle id=18429900507001951263(vp=75|vs=13|p=56|g=0|sp=0)|pdg=pi-|q=-1|m=0.13957|p=47.2829 failed to simulate with error NavigatorError:3: No start volume could be resolved
23:16:38    FatrasSimula   ERROR     event 2 particle id=2647501940906429217(vp=76|vs=19|p=104|g=0|sp=0)|pdg=p~|q=-1|m=0.938272|p=325.138 failed to simulate with error NavigatorError:3: No start volume could be resolved
23:16:38    FatrasSimula   ERROR     event 2 particle id=16135948311318851938(vp=76|vs=19|p=105|g=0|sp=0)|pdg=pi+|q=1|m=0.13957|p=48.2333 failed to simulate with error NavigatorError:3: No start volume could be resolved
23:16:38    FatrasSimula   ERROR     event 2 particle id=17600097380625192948(vp=76|vs=21|p=110|g=0|sp=0)|pdg=pi+|q=1|m=0.13957|p=372.473 failed to simulate with error NavigatorError:3: No start volume could be resolved
23:16:38    FatrasSimula   ERROR     event 2 particle id=6673110968518463507(vp=76|vs=21|p=111|g=0|sp=0)|pdg=pi-|q=-1|m=0.13957|p=348.553 failed to simulate with error NavigatorError:3: No start volume could be resolved
23:16:38    FatrasSimula   ERROR     event 2 particle id=13323679523087590563(vp=78|vs=35|p=330|g=0|sp=0)|pdg=pi+|q=1|m=0.13957|p=10.0501 failed to simulate with error NavigatorError:3: No start volume could be resolved
23:16:38    FatrasSimula   ERROR     event 2 particle id=7153033801322404949(vp=78|vs=35|p=331|g=0|sp=0)|pdg=pi-|q=-1|m=0.13957|p=27.9246 failed to simulate with error NavigatorError:3: No start volume could be resolved
23:16:38    FatrasSimula   ERROR     event 2 particle id=17054865742387256810(vp=81|vs=24|p=250|g=0|sp=0)|pdg=n~|q=0|m=0.939565|p=43.6681 failed to simulate with error NavigatorError:3: No start volume could be resolved
23:16:38    FatrasSimula   ERROR     event 2 particle id=9366631332132887019(vp=81|vs=24|p=251|g=0|sp=0)|pdg=gamma|q=0|m=0|p=11.0795 failed to simulate with error NavigatorError:3: No start volume could be resolved
23:16:38    FatrasSimula   ERROR     event 2 particle id=8069853958629232515(vp=81|vs=24|p=252|g=0|sp=0)|pdg=gamma|q=0|m=0|p=2.10337 failed to simulate with error NavigatorError:3: No start volume could be resolved
23:16:38    FatrasSimula   ERROR     event 2 particle id=14889699492713257892(vp=82|vs=1|p=4|g=0|sp=0)|pdg=n|q=0|m=0.939565|p=75.3288 failed to simulate with error NavigatorError:3: No start volume could be resolved
23:16:38    FatrasSimula   ERROR     event 2 particle id=15341837688022030927(vp=82|vs=1|p=5|g=0|sp=0)|pdg=pi-|q=-1|m=0.13957|p=15.5503 failed to simulate with error NavigatorError:3: No start volume could be resolved
23:16:38    FatrasSimula   ERROR     event 2 particle id=8246428747038292101(vp=82|vs=3|p=8|g=0|sp=0)|pdg=p~|q=-1|m=0.938272|p=58.6294 failed to simulate with error NavigatorError:3: No start volume could be resolved
23:16:38    FatrasSimula   ERROR     event 2 particle id=5682881478878690204(vp=82|vs=3|p=9|g=0|sp=0)|pdg=pi+|q=1|m=0.13957|p=15.0296 failed to simulate with error NavigatorError:3: No start volume could be resolved
23:16:38    FatrasSimula   ERROR     event 2 particle id=5170982473336786161(vp=82|vs=11|p=69|g=0|sp=0)|pdg=p|q=1|m=0.938272|p=78.9266 failed to simulate with error NavigatorError:3: No start volume could be resolved
23:16:38    FatrasSimula   ERROR     event 2 particle id=7345625192267009198(vp=82|vs=11|p=70|g=0|sp=0)|pdg=pi-|q=-1|m=0.13957|p=16.9795 failed to simulate with error NavigatorError:3: No start volume could be resolved
23:16:38    FatrasSimula   ERROR     event 2 particle id=5461973025335922480(vp=82|vs=13|p=75|g=0|sp=0)|pdg=n~|q=0|m=0.939565|p=1464.3 failed to simulate with error NavigatorError:3: No start volume could be resolved
23:16:38    FatrasSimula   ERROR     event 2 particle id=1077764999544389877(vp=82|vs=13|p=76|g=0|sp=0)|pdg=gamma|q=0|m=0|p=18.4401 failed to simulate with error NavigatorError:3: No start volume could be resolved
23:16:38    FatrasSimula   ERROR     event 2 particle id=12211879524348842537(vp=82|vs=13|p=77|g=0|sp=0)|pdg=gamma|q=0|m=0|p=102.231 failed to simulate with error NavigatorError:3: No start volume could be resolved
23:16:38    FatrasSimula   ERROR     event 2 particle id=4673821639456137298(vp=82|vs=14|p=81|g=0|sp=0)|pdg=pi+|q=1|m=0.13957|p=65.0898 failed to simulate with error NavigatorError:3: No start volume could be resolved
23:16:38    FatrasSimula   ERROR     event 2 particle id=1385780660687321266(vp=82|vs=14|p=82|g=0|sp=0)|pdg=pi-|q=-1|m=0.13957|p=119.375 failed to simulate with error NavigatorError:3: No start volume could be resolved
23:16:38    FatrasSimula   ERROR     event 2 particle id=17840443407530387386(vp=82|vs=16|p=89|g=0|sp=0)|pdg=pi+|q=1|m=0.13957|p=231.886 failed to simulate with error NavigatorError:3: No start volume could be resolved
23:16:38    FatrasSimula   ERROR     event 2 particle id=5595871166315589711(vp=82|vs=16|p=90|g=0|sp=0)|pdg=pi-|q=-1|m=0.13957|p=24.8053 failed to simulate with error NavigatorError:3: No start volume could be resolved
23:16:38    FatrasSimula   ERROR     event 2 particle id=8804424664350250175(vp=83|vs=43|p=389|g=0|sp=0)|pdg=p~|q=-1|m=0.938272|p=103.733 failed to simulate with error NavigatorError:3: No start volume could be resolved
23:16:38    FatrasSimula   ERROR     event 2 particle id=14897375927180075477(vp=83|vs=43|p=390|g=0|sp=0)|pdg=pi+|q=1|m=0.13957|p=9.05369 failed to simulate with error NavigatorError:3: No start volume could be resolved
23:16:38    FatrasSimula   ERROR     event 2 particle id=8013258585229770409(vp=83|vs=76|p=626|g=0|sp=0)|pdg=p~|q=-1|m=0.938272|p=167.202 failed to simulate with error NavigatorError:3: No start volume could be resolved
23:16:38    FatrasSimula   ERROR     event 2 particle id=4615977818276861475(vp=83|vs=76|p=627|g=0|sp=0)|pdg=pi+|q=1|m=0.13957|p=51.756 failed to simulate with error NavigatorError:3: No start volume could be resolved
23:16:38    FatrasSimula   ERROR     event 2 particle id=7921642770878891863(vp=83|vs=78|p=628|g=0|sp=0)|pdg=gamma|q=0|m=0|p=100.171 failed to simulate with error NavigatorError:3: No start volume could be resolved
23:16:38    FatrasSimula   ERROR     event 2 particle id=3198764839519038992(vp=83|vs=78|p=629|g=0|sp=0)|pdg=gamma|q=0|m=0|p=79.2511 failed to simulate with error NavigatorError:3: No start volume could be resolved
23:16:38    FatrasSimula   ERROR     event 2 particle id=14715897949992800668(vp=83|vs=79|p=630|g=0|sp=0)|pdg=gamma|q=0|m=0|p=93.6927 failed to simulate with error NavigatorError:3: No start volume could be resolved
23:16:38    FatrasSimula   ERROR     event 2 particle id=11632609519300288365(vp=83|vs=79|p=631|g=0|sp=0)|pdg=gamma|q=0|m=0|p=44.0736 failed to simulate with error NavigatorError:3: No start volume could be resolved
23:16:38    FatrasSimula   ERROR     event 2 particle id=745726873540802521(vp=84|vs=21|p=169|g=0|sp=0)|pdg=p~|q=-1|m=0.938272|p=145.853 failed to simulate with error NavigatorError:3: No start volume could be resolved
23:16:38    FatrasSimula   ERROR     event 2 particle id=10491356802470682460(vp=84|vs=21|p=170|g=0|sp=0)|pdg=pi+|q=1|m=0.13957|p=31.1648 failed to simulate with error NavigatorError:3: No start volume could be resolved
23:16:38    FatrasSimula   ERROR     event 2 particle id=804984161009743210(vp=84|vs=59|p=585|g=0|sp=0)|pdg=p|q=1|m=0.938272|p=111.035 failed to simulate with error NavigatorError:3: No start volume could be resolved
23:16:38    FatrasSimula   ERROR     event 2 particle id=16483195576271728263(vp=84|vs=59|p=586|g=0|sp=0)|pdg=pi-|q=-1|m=0.13957|p=35.8934 failed to simulate with error NavigatorError:3: No start volume could be resolved
23:16:38    FatrasSimula   ERROR     event 2 particle id=3749015149603773046(vp=84|vs=61|p=589|g=0|sp=0)|pdg=pi+|q=1|m=0.13957|p=10.7299 failed to simulate with error NavigatorError:3: No start volume could be resolved
23:16:38    FatrasSimula   ERROR     event 2 particle id=504698121795043229(vp=84|vs=61|p=590|g=0|sp=0)|pdg=pi-|q=-1|m=0.13957|p=67.4685 failed to simulate with error NavigatorError:3: No start volume could be resolved
23:16:38    FatrasSimula   ERROR     event 2 particle id=13924199201635052574(vp=87|vs=34|p=210|g=0|sp=0)|pdg=gamma|q=0|m=0|p=9.63616 failed to simulate with error NavigatorError:3: No start volume could be resolved
23:16:38    FatrasSimula   ERROR     event 2 particle id=4789128140734361891(vp=87|vs=35|p=212|g=0|sp=0)|pdg=gamma|q=0|m=0|p=2.64833 failed to simulate with error NavigatorError:3: No start volume could be resolved
23:16:38    FatrasSimula   ERROR     event 2 particle id=7426124077070811517(vp=87|vs=35|p=213|g=0|sp=0)|pdg=gamma|q=0|m=0|p=14.8765 failed to simulate with error NavigatorError:3: No start volume could be resolved
23:16:38    FatrasSimula   ERROR     event 2 particle id=11386259788137129715(vp=93|vs=10|p=109|g=0|sp=0)|pdg=pi+|q=1|m=0.13957|p=126.212 failed to simulate with error NavigatorError:3: No start volume could be resolved
23:16:38    FatrasSimula   ERROR     event 2 particle id=11629910975090981975(vp=93|vs=10|p=110|g=0|sp=0)|pdg=pi-|q=-1|m=0.13957|p=254.65 failed to simulate with error NavigatorError:3: No start volume could be resolved
23:16:38    FatrasSimula   ERROR     event 2 particle id=2120943948118862993(vp=93|vs=35|p=285|g=0|sp=0)|pdg=p|q=1|m=0.938272|p=1641.36 failed to simulate with error NavigatorError:3: No start volume could be resolved
23:16:38    FatrasSimula   ERROR     event 2 particle id=3438870898650218484(vp=93|vs=35|p=286|g=0|sp=0)|pdg=pi-|q=-1|m=0.13957|p=520.103 failed to simulate with error NavigatorError:3: No start volume could be resolved
23:16:38    FatrasSimula   ERROR     event 2 particle id=12270576756890619069(vp=95|vs=7|p=98|g=0|sp=0)|pdg=pi+|q=1|m=0.13957|p=74.2976 failed to simulate with error NavigatorError:3: No start volume could be resolved
23:16:38    FatrasSimula   ERROR     event 2 particle id=17454246383442066675(vp=95|vs=7|p=99|g=0|sp=0)|pdg=pi-|q=-1|m=0.13957|p=198.57 failed to simulate with error NavigatorError:3: No start volume could be resolved
23:16:38    FatrasSimula   ERROR     event 2 particle id=4525032767197569079(vp=95|vs=8|p=100|g=0|sp=0)|pdg=p|q=1|m=0.938272|p=294.7 failed to simulate with error NavigatorError:3: No start volume could be resolved
23:16:38    FatrasSimula   ERROR     event 2 particle id=2976593485519617419(vp=95|vs=8|p=101|g=0|sp=0)|pdg=pi-|q=-1|m=0.13957|p=26.1249 failed to simulate with error NavigatorError:3: No start volume could be resolved
23:16:38    FatrasSimula   ERROR     event 2 particle id=1111295617808733565(vp=95|vs=11|p=108|g=0|sp=0)|pdg=pi+|q=1|m=0.13957|p=23.8052 failed to simulate with error NavigatorError:3: No start volume could be resolved
23:16:38    FatrasSimula   ERROR     event 2 particle id=1786432587785552865(vp=95|vs=11|p=109|g=0|sp=0)|pdg=pi-|q=-1|m=0.13957|p=11.4556 failed to simulate with error NavigatorError:3: No start volume could be resolved
23:16:38    FatrasSimula   ERROR     event 2 particle id=8119227979783783993(vp=95|vs=12|p=110|g=0|sp=0)|pdg=pi+|q=1|m=0.13957|p=7.59247 failed to simulate with error NavigatorError:3: No start volume could be resolved
23:16:38    FatrasSimula   ERROR     event 2 particle id=9068087820767476746(vp=95|vs=12|p=111|g=0|sp=0)|pdg=pi-|q=-1|m=0.13957|p=79.4535 failed to simulate with error NavigatorError:3: No start volume could be resolved
23:16:38    FatrasSimula   ERROR     event 2 particle id=3025859285480636477(vp=95|vs=38|p=322|g=0|sp=0)|pdg=p|q=1|m=0.938272|p=24.6192 failed to simulate with error NavigatorError:3: No start volume could be resolved
23:16:38    FatrasSimula   ERROR     event 2 particle id=14959973252376604666(vp=95|vs=38|p=323|g=0|sp=0)|pdg=pi-|q=-1|m=0.13957|p=3.80444 failed to simulate with error NavigatorError:3: No start volume could be resolved
23:16:38    FatrasSimula   ERROR     event 2 particle id=4966925678253717669(vp=98|vs=8|p=111|g=0|sp=0)|pdg=n~|q=0|m=0.939565|p=1344.07 failed to simulate with error NavigatorError:3: No start volume could be resolved
23:16:38    FatrasSimula   ERROR     event 2 particle id=4006479041633866176(vp=98|vs=9|p=112|g=0|sp=0)|pdg=gamma|q=0|m=0|p=77.8411 failed to simulate with error NavigatorError:3: No start volume could be resolved
23:16:38    FatrasSimula   ERROR     event 2 particle id=4280898996976201087(vp=98|vs=9|p=113|g=0|sp=0)|pdg=gamma|q=0|m=0|p=12.4791 failed to simulate with error NavigatorError:3: No start volume could be resolved
23:16:38    FatrasSimula   ERROR     event 2 particle id=15049913794794024662(vp=98|vs=10|p=114|g=0|sp=0)|pdg=p|q=1|m=0.938272|p=3724.79 failed to simulate with error NavigatorError:3: No start volume could be resolved
23:16:38    FatrasSimula   ERROR     event 2 particle id=11554400352103943040(vp=98|vs=10|p=115|g=0|sp=0)|pdg=pi-|q=-1|m=0.13957|p=329.68 failed to simulate with error NavigatorError:3: No start volume could be resolved
23:16:38    FatrasSimula   ERROR     event 2 particle id=12203141534820983183(vp=99|vs=11|p=81|g=0|sp=0)|pdg=gamma|q=0|m=0|p=0.700624 failed to simulate with error NavigatorError:3: No start volume could be resolved
23:16:38    FatrasSimula   ERROR     event 2 particle id=11488758862127307097(vp=99|vs=11|p=82|g=0|sp=0)|pdg=gamma|q=0|m=0|p=9.84287 failed to simulate with error NavigatorError:3: No start volume could be resolved
23:16:38    FatrasSimula   ERROR     event 2 particle id=17515966969686932606(vp=99|vs=12|p=79|g=0|sp=0)|pdg=gamma|q=0|m=0|p=52.9012 failed to simulate with error NavigatorError:3: No start volume could be resolved
23:16:38    FatrasSimula   ERROR     event 2 particle id=4366596990570402906(vp=99|vs=12|p=80|g=0|sp=0)|pdg=gamma|q=0|m=0|p=13.8179 failed to simulate with error NavigatorError:3: No start volume could be resolved
23:16:38    FatrasSimula   ERROR     event 2 particle id=8535669626231345397(vp=100|vs=4|p=66|g=0|sp=0)|pdg=pi+|q=1|m=0.13957|p=36.1811 failed to simulate with error NavigatorError:3: No start volume could be resolved
23:16:38    FatrasSimula   ERROR     event 2 particle id=16781281664706555715(vp=100|vs=4|p=67|g=0|sp=0)|pdg=pi-|q=-1|m=0.13957|p=34.8448 failed to simulate with error NavigatorError:3: No start volume could be resolved
23:16:38    FatrasSimula   ERROR     event 2 particle id=8520249181284377424(vp=100|vs=7|p=74|g=0|sp=0)|pdg=p~|q=-1|m=0.938272|p=39.956 failed to simulate with error NavigatorError:3: No start volume could be resolved
23:16:38    FatrasSimula   ERROR     event 2 particle id=16601057721950997764(vp=100|vs=7|p=75|g=0|sp=0)|pdg=pi+|q=1|m=0.13957|p=4.90407 failed to simulate with error NavigatorError:3: No start volume could be resolved
23:16:38    FatrasSimula   ERROR     event 2 particle id=13619329632689223392(vp=100|vs=13|p=121|g=0|sp=0)|pdg=n|q=0|m=0.939565|p=226.511 failed to simulate with error NavigatorError:3: No start volume could be resolved
23:16:38    FatrasSimula   ERROR     event 2 particle id=4669922144628858747(vp=100|vs=13|p=122|g=0|sp=0)|pdg=pi-|q=-1|m=0.13957|p=111.572 failed to simulate with error NavigatorError:3: No start volume could be resolved
23:16:38    FatrasSimula   ERROR     event 2 particle id=3251241752728099746(vp=100|vs=14|p=123|g=0|sp=0)|pdg=p~|q=-1|m=0.938272|p=578.821 failed to simulate with error NavigatorError:3: No start volume could be resolved
23:16:38    FatrasSimula   ERROR     event 2 particle id=11959367583280533561(vp=100|vs=14|p=124|g=0|sp=0)|pdg=pi+|q=1|m=0.13957|p=176.267 failed to simulate with error NavigatorError:3: No start volume could be resolved
23:16:38    FatrasSimula   ERROR     event 2 particle id=8649505196465014704(vp=101|vs=17|p=155|g=0|sp=0)|pdg=n|q=0|m=0.939565|p=154.457 failed to simulate with error NavigatorError:3: No start volume could be resolved
23:16:38    FatrasSimula   ERROR     event 2 particle id=6941530421583324762(vp=101|vs=17|p=156|g=0|sp=0)|pdg=pi-|q=-1|m=0.13957|p=59.2914 failed to simulate with error NavigatorError:3: No start volume could be resolved
23:16:38    FatrasSimula   ERROR     event 2 particle id=10028642000277115840(vp=101|vs=20|p=166|g=0|sp=0)|pdg=pi+|q=1|m=0.13957|p=209.204 failed to simulate with error NavigatorError:3: No start volume could be resolved
23:16:38    FatrasSimula   ERROR     event 2 particle id=15897467886385712082(vp=101|vs=20|p=167|g=0|sp=0)|pdg=pi-|q=-1|m=0.13957|p=32.0401 failed to simulate with error NavigatorError:3: No start volume could be resolved
23:16:38    FatrasSimula   ERROR     event 2 particle id=1113839498334266981(vp=102|vs=17|p=109|g=0|sp=0)|pdg=p|q=1|m=0.938272|p=244.438 failed to simulate with error NavigatorError:3: No start volume could be resolved
23:16:38    FatrasSimula   ERROR     event 2 particle id=9101196637270193770(vp=102|vs=17|p=110|g=0|sp=0)|pdg=pi-|q=-1|m=0.13957|p=57.4489 failed to simulate with error NavigatorError:3: No start volume could be resolved
23:16:38    FatrasSimula   ERROR     event 2 particle id=7581633828966977596(vp=102|vs=19|p=112|g=0|sp=0)|pdg=p~|q=-1|m=0.938272|p=311.497 failed to simulate with error NavigatorError:3: No start volume could be resolved
23:16:38    FatrasSimula   ERROR     event 2 particle id=12799957277668334832(vp=102|vs=19|p=113|g=0|sp=0)|pdg=pi+|q=1|m=0.13957|p=35.1637 failed to simulate with error NavigatorError:3: No start volume could be resolved
23:16:38    FatrasSimula   ERROR     event 2 particle id=3474271800539869885(vp=103|vs=4|p=29|g=0|sp=0)|pdg=p~|q=-1|m=0.938272|p=109.346 failed to simulate with error NavigatorError:3: No start volume could be resolved
23:16:38    FatrasSimula   ERROR     event 2 particle id=4452660025532725172(vp=103|vs=4|p=30|g=0|sp=0)|pdg=pi+|q=1|m=0.13957|p=23.8598 failed to simulate with error NavigatorError:3: No start volume could be resolved
23:16:38    FatrasSimula   ERROR     event 2 particle id=6445741108170927435(vp=107|vs=6|p=49|g=0|sp=0)|pdg=pi+|q=1|m=0.13957|p=307.037 failed to simulate with error NavigatorError:3: No start volume could be resolved
23:16:38    FatrasSimula   ERROR     event 2 particle id=14607454297265826690(vp=107|vs=6|p=50|g=0|sp=0)|pdg=pi-|q=-1|m=0.13957|p=31.2809 failed to simulate with error NavigatorError:3: No start volume could be resolved
23:16:38    FatrasSimula   ERROR     event 2 particle id=8350137636392572027(vp=112|vs=22|p=222|g=0|sp=0)|pdg=p|q=1|m=0.938272|p=458.08 failed to simulate with error NavigatorError:3: No start volume could be resolved
23:16:38    FatrasSimula   ERROR     event 2 particle id=8017725052478697728(vp=112|vs=22|p=223|g=0|sp=0)|pdg=pi-|q=-1|m=0.13957|p=40.7205 failed to simulate with error NavigatorError:3: No start volume could be resolved
23:16:38    FatrasSimula   ERROR     event 2 particle id=10110491917413337711(vp=112|vs=24|p=229|g=0|sp=0)|pdg=n~|q=0|m=0.939565|p=550.408 failed to simulate with error NavigatorError:3: No start volume could be resolved
23:16:38    FatrasSimula   ERROR     event 2 particle id=2719003206269018206(vp=112|vs=24|p=230|g=0|sp=0)|pdg=pi-|q=-1|m=0.13957|p=60.9753 failed to simulate with error NavigatorError:3: No start volume could be resolved
23:16:38    FatrasSimula   ERROR     event 2 particle id=2185758710911019816(vp=112|vs=30|p=250|g=0|sp=0)|pdg=gamma|q=0|m=0|p=27.9637 failed to simulate with error NavigatorError:3: No start volume could be resolved
23:16:38    FatrasSimula   ERROR     event 2 particle id=3080837719178820313(vp=112|vs=30|p=251|g=0|sp=0)|pdg=gamma|q=0|m=0|p=14.2129 failed to simulate with error NavigatorError:3: No start volume could be resolved
23:16:38    FatrasSimula   ERROR     event 2 particle id=2163670422646768262(vp=112|vs=31|p=252|g=0|sp=0)|pdg=gamma|q=0|m=0|p=29.0003 failed to simulate with error NavigatorError:3: No start volume could be resolved
23:16:38    FatrasSimula   ERROR     event 2 particle id=14506649382337408675(vp=112|vs=31|p=253|g=0|sp=0)|pdg=gamma|q=0|m=0|p=20.6666 failed to simulate with error NavigatorError:3: No start volume could be resolved
23:16:38    FatrasSimula   ERROR     event 2 particle id=5572724452822640821(vp=118|vs=20|p=179|g=0|sp=0)|pdg=gamma|q=0|m=0|p=7.65925 failed to simulate with error NavigatorError:3: No start volume could be resolved
23:16:38    FatrasSimula   ERROR     event 2 particle id=13856636024898382844(vp=118|vs=20|p=180|g=0|sp=0)|pdg=gamma|q=0|m=0|p=13.76 failed to simulate with error NavigatorError:3: No start volume could be resolved
23:16:38    FatrasSimula   ERROR     event 2 particle id=5436547293739797883(vp=118|vs=21|p=181|g=0|sp=0)|pdg=gamma|q=0|m=0|p=18.2112 failed to simulate with error NavigatorError:3: No start volume could be resolved
23:16:38    FatrasSimula   ERROR     event 2 particle id=6597313090421918313(vp=118|vs=21|p=182|g=0|sp=0)|pdg=gamma|q=0|m=0|p=0.844541 failed to simulate with error NavigatorError:3: No start volume could be resolved
23:16:38    FatrasSimula   ERROR     event 2 particle id=6903488595154442756(vp=118|vs=27|p=209|g=0|sp=0)|pdg=p|q=1|m=0.938272|p=182.816 failed to simulate with error NavigatorError:3: No start volume could be resolved
23:16:38    FatrasSimula   ERROR     event 2 particle id=7015492296628996646(vp=118|vs=28|p=210|g=0|sp=0)|pdg=gamma|q=0|m=0|p=23.6101 failed to simulate with error NavigatorError:3: No start volume could be resolved
23:16:38    FatrasSimula   ERROR     event 2 particle id=16075928977943045983(vp=118|vs=28|p=211|g=0|sp=0)|pdg=gamma|q=0|m=0|p=67.7465 failed to simulate with error NavigatorError:3: No start volume could be resolved
23:16:38    FatrasSimula   ERROR     event 2 particle id=3093238389972254690(vp=118|vs=31|p=215|g=0|sp=0)|pdg=pi+|q=1|m=0.13957|p=61.611 failed to simulate with error NavigatorError:3: No start volume could be resolved
23:16:38    FatrasSimula   ERROR     event 2 particle id=150493046054161559(vp=118|vs=31|p=216|g=0|sp=0)|pdg=pi-|q=-1|m=0.13957|p=108.538 failed to simulate with error NavigatorError:3: No start volume could be resolved
23:16:38    FatrasSimula   ERROR     event 2 particle id=16134430344620096334(vp=118|vs=32|p=217|g=0|sp=0)|pdg=pi+|q=1|m=0.13957|p=49.3205 failed to simulate with error NavigatorError:3: No start volume could be resolved
23:16:38    FatrasSimula   ERROR     event 2 particle id=5201201763418467001(vp=118|vs=32|p=218|g=0|sp=0)|pdg=pi-|q=-1|m=0.13957|p=91.9746 failed to simulate with error NavigatorError:3: No start volume could be resolved
23:16:38    FatrasSimula   ERROR     event 2 particle id=6025102653610256877(vp=122|vs=28|p=347|g=0|sp=0)|pdg=p|q=1|m=0.938272|p=311.988 failed to simulate with error NavigatorError:3: No start volume could be resolved
23:16:38    FatrasSimula   ERROR     event 2 particle id=9705301344093256173(vp=122|vs=29|p=348|g=0|sp=0)|pdg=gamma|q=0|m=0|p=81.479 failed to simulate with error NavigatorError:3: No start volume could be resolved
23:16:38    FatrasSimula   ERROR     event 2 particle id=5380430137948530471(vp=122|vs=29|p=349|g=0|sp=0)|pdg=gamma|q=0|m=0|p=18.3475 failed to simulate with error NavigatorError:3: No start volume could be resolved
23:16:38    FatrasSimula   ERROR     event 2 particle id=8019751921310879501(vp=122|vs=40|p=434|g=0|sp=0)|pdg=p~|q=-1|m=0.938272|p=22.7601 failed to simulate with error NavigatorError:3: No start volume could be resolved
23:16:38    FatrasSimula   ERROR     event 2 particle id=6188541075012951662(vp=122|vs=40|p=435|g=0|sp=0)|pdg=pi+|q=1|m=0.13957|p=2.31558 failed to simulate with error NavigatorError:3: No start volume could be resolved
23:16:38    FatrasSimula   ERROR     event 2 particle id=4229655716455721539(vp=122|vs=57|p=531|g=0|sp=0)|pdg=pi+|q=1|m=0.13957|p=12.7315 failed to simulate with error NavigatorError:3: No start volume could be resolved
23:16:38    FatrasSimula   ERROR     event 2 particle id=3168218624377549044(vp=122|vs=57|p=532|g=0|sp=0)|pdg=pi-|q=-1|m=0.13957|p=44.9387 failed to simulate with error NavigatorError:3: No start volume could be resolved
23:16:38    FatrasSimula   ERROR     event 2 particle id=8258286831237025273(vp=122|vs=59|p=553|g=0|sp=0)|pdg=pi+|q=1|m=0.13957|p=40.5554 failed to simulate with error NavigatorError:3: No start volume could be resolved
23:16:38    FatrasSimula   ERROR     event 2 particle id=14919197977798716816(vp=122|vs=59|p=554|g=0|sp=0)|pdg=pi-|q=-1|m=0.13957|p=81.8031 failed to simulate with error NavigatorError:3: No start volume could be resolved
23:16:38    FatrasSimula   ERROR     event 2 particle id=15845206392002118143(vp=124|vs=2|p=32|g=0|sp=0)|pdg=gamma|q=0|m=0|p=21.758 failed to simulate with error NavigatorError:3: No start volume could be resolved
23:16:38    FatrasSimula   ERROR     event 2 particle id=17192153104980506934(vp=124|vs=2|p=33|g=0|sp=0)|pdg=gamma|q=0|m=0|p=27.719 failed to simulate with error NavigatorError:3: No start volume could be resolved
23:16:38    FatrasSimula   ERROR     event 2 particle id=18377994851940417160(vp=124|vs=3|p=34|g=0|sp=0)|pdg=gamma|q=0|m=0|p=22.4796 failed to simulate with error NavigatorError:3: No start volume could be resolved
23:16:38    FatrasSimula   ERROR     event 2 particle id=8703274693227711003(vp=124|vs=3|p=35|g=0|sp=0)|pdg=gamma|q=0|m=0|p=1.25925 failed to simulate with error NavigatorError:3: No start volume could be resolved
23:16:38    FatrasSimula   ERROR     event 2 particle id=9767907866377707976(vp=125|vs=22|p=155|g=0|sp=0)|pdg=n|q=0|m=0.939565|p=1594.77 failed to simulate with error NavigatorError:3: No start volume could be resolved
23:16:38    FatrasSimula   ERROR     event 2 particle id=2695276621277664420(vp=125|vs=23|p=156|g=0|sp=0)|pdg=gamma|q=0|m=0|p=62.251 failed to simulate with error NavigatorError:3: No start volume could be resolved
23:16:38    FatrasSimula   ERROR     event 2 particle id=1349132831249294640(vp=125|vs=23|p=157|g=0|sp=0)|pdg=gamma|q=0|m=0|p=163.294 failed to simulate with error NavigatorError:3: No start volume could be resolved
23:16:38    FatrasSimula   ERROR     event 2 particle id=15771671779439735368(vp=125|vs=27|p=184|g=0|sp=0)|pdg=gamma|q=0|m=0|p=53.7802 failed to simulate with error NavigatorError:3: No start volume could be resolved
23:16:38    FatrasSimula   ERROR     event 2 particle id=17718462483126463084(vp=125|vs=27|p=185|g=0|sp=0)|pdg=gamma|q=0|m=0|p=21.6346 failed to simulate with error NavigatorError:3: No start volume could be resolved
23:16:38    FatrasSimula   ERROR     event 2 particle id=2181538998315097073(vp=125|vs=28|p=186|g=0|sp=0)|pdg=gamma|q=0|m=0|p=15.2502 failed to simulate with error NavigatorError:3: No start volume could be resolved
23:16:38    FatrasSimula   ERROR     event 2 particle id=13785635194840976770(vp=125|vs=28|p=187|g=0|sp=0)|pdg=gamma|q=0|m=0|p=55.2034 failed to simulate with error NavigatorError:3: No start volume could be resolved
23:16:38    FatrasSimula   ERROR     event 2 particle id=13219661747076677802(vp=128|vs=9|p=37|g=0|sp=0)|pdg=gamma|q=0|m=0|p=123.299 failed to simulate with error NavigatorError:3: No start volume could be resolved
23:16:38    FatrasSimula   ERROR     event 2 particle id=12911986024415526892(vp=128|vs=9|p=38|g=0|sp=0)|pdg=gamma|q=0|m=0|p=106.628 failed to simulate with error NavigatorError:3: No start volume could be resolved
23:16:38    FatrasSimula   ERROR     event 2 particle id=1538617324819513381(vp=128|vs=10|p=39|g=0|sp=0)|pdg=gamma|q=0|m=0|p=144.016 failed to simulate with error NavigatorError:3: No start volume could be resolved
23:16:38    FatrasSimula   ERROR     event 2 particle id=14902694267595461365(vp=128|vs=10|p=40|g=0|sp=0)|pdg=gamma|q=0|m=0|p=881.103 failed to simulate with error NavigatorError:3: No start volume could be resolved
23:16:38    FatrasSimula   ERROR     event 2 particle id=7253110035180841079(vp=129|vs=14|p=89|g=0|sp=0)|pdg=p|q=1|m=0.938272|p=1006.24 failed to simulate with error NavigatorError:3: No start volume could be resolved
23:16:38    FatrasSimula   ERROR     event 2 particle id=9780919082232240852(vp=129|vs=14|p=90|g=0|sp=0)|pdg=pi-|q=-1|m=0.13957|p=240.236 failed to simulate with error NavigatorError:3: No start volume could be resolved
23:16:38    FatrasSimula   ERROR     event 2 particle id=12836709919534303923(vp=132|vs=41|p=251|g=0|sp=0)|pdg=pi+|q=1|m=0.13957|p=4.91003 failed to simulate with error NavigatorError:3: No start volume could be resolved
23:16:38    FatrasSimula   ERROR     event 2 particle id=5299951475170056239(vp=132|vs=41|p=252|g=0|sp=0)|pdg=pi-|q=-1|m=0.13957|p=18.662 failed to simulate with error NavigatorError:3: No start volume could be resolved
23:16:38    FatrasSimula   ERROR     event 2 particle id=7893159821768593927(vp=134|vs=13|p=75|g=0|sp=0)|pdg=pi+|q=1|m=0.13957|p=300.21 failed to simulate with error NavigatorError:3: No start volume could be resolved
23:16:38    FatrasSimula   ERROR     event 2 particle id=15105255387687727246(vp=134|vs=13|p=76|g=0|sp=0)|pdg=pi-|q=-1|m=0.13957|p=2036.59 failed to simulate with error NavigatorError:3: No start volume could be resolved
23:16:38    FatrasSimula   ERROR     event 2 particle id=8629953839701767952(vp=135|vs=34|p=200|g=0|sp=0)|pdg=gamma|q=0|m=0|p=27.0505 failed to simulate with error NavigatorError:3: No start volume could be resolved
23:16:38    FatrasSimula   ERROR     event 2 particle id=8564665664729681260(vp=135|vs=34|p=201|g=0|sp=0)|pdg=gamma|q=0|m=0|p=10.8014 failed to simulate with error NavigatorError:3: No start volume could be resolved
23:16:38    FatrasSimula   ERROR     event 2 particle id=6794379538499376861(vp=135|vs=35|p=198|g=0|sp=0)|pdg=gamma|q=0|m=0|p=29.7104 failed to simulate with error NavigatorError:3: No start volume could be resolved
23:16:38    FatrasSimula   ERROR     event 2 particle id=4195419355229076046(vp=135|vs=35|p=199|g=0|sp=0)|pdg=gamma|q=0|m=0|p=14.2368 failed to simulate with error NavigatorError:3: No start volume could be resolved
23:16:38    FatrasSimula   ERROR     event 2 particle id=5953144486818218877(vp=138|vs=13|p=102|g=0|sp=0)|pdg=n|q=0|m=0.939565|p=97.2968 failed to simulate with error NavigatorError:3: No start volume could be resolved
23:16:38    FatrasSimula   ERROR     event 2 particle id=2747976192613884018(vp=138|vs=14|p=103|g=0|sp=0)|pdg=gamma|q=0|m=0|p=8.29188 failed to simulate with error NavigatorError:3: No start volume could be resolved
23:16:38    FatrasSimula   ERROR     event 2 particle id=7591950147928814745(vp=138|vs=14|p=104|g=0|sp=0)|pdg=gamma|q=0|m=0|p=1.65828 failed to simulate with error NavigatorError:3: No start volume could be resolved
23:16:38    FatrasSimula   ERROR     event 2 particle id=13839163333179715751(vp=139|vs=8|p=23|g=0|sp=0)|pdg=gamma|q=0|m=0|p=311.828 failed to simulate with error NavigatorError:3: No start volume could be resolved
23:16:38    FatrasSimula   ERROR     event 2 particle id=8281268334815492300(vp=139|vs=8|p=24|g=0|sp=0)|pdg=gamma|q=0|m=0|p=2.97363 failed to simulate with error NavigatorError:3: No start volume could be resolved
23:16:38    FatrasSimula   ERROR     event 2 particle id=7714413114264450043(vp=139|vs=9|p=25|g=0|sp=0)|pdg=gamma|q=0|m=0|p=43.2201 failed to simulate with error NavigatorError:3: No start volume could be resolved
23:16:38    FatrasSimula   ERROR     event 2 particle id=1582478992697699106(vp=139|vs=9|p=26|g=0|sp=0)|pdg=gamma|q=0|m=0|p=86.6302 failed to simulate with error NavigatorError:3: No start volume could be resolved
23:16:38    FatrasSimula   ERROR     event 2 particle id=3936538148923473021(vp=139|vs=13|p=53|g=0|sp=0)|pdg=pi+|q=1|m=0.13957|p=43.6355 failed to simulate with error NavigatorError:3: No start volume could be resolved
23:16:38    FatrasSimula   ERROR     event 2 particle id=2192222468861472274(vp=139|vs=13|p=54|g=0|sp=0)|pdg=pi-|q=-1|m=0.13957|p=31.2491 failed to simulate with error NavigatorError:3: No start volume could be resolved
23:16:38    FatrasSimula   ERROR     event 2 particle id=12244124233285552808(vp=139|vs=14|p=60|g=0|sp=0)|pdg=p|q=1|m=0.938272|p=2000.56 failed to simulate with error NavigatorError:3: No start volume could be resolved
23:16:38    FatrasSimula   ERROR     event 2 particle id=476683723136158914(vp=139|vs=14|p=61|g=0|sp=0)|pdg=pi-|q=-1|m=0.13957|p=444.529 failed to simulate with error NavigatorError:3: No start volume could be resolved
23:16:38    FatrasSimula   ERROR     event 2 particle id=3666654334386888469(vp=141|vs=3|p=5|g=0|sp=0)|pdg=pi+|q=1|m=0.13957|p=31.7802 failed to simulate with error NavigatorError:3: No start volume could be resolved
23:16:38    FatrasSimula   ERROR     event 2 particle id=16818633445021697291(vp=141|vs=3|p=6|g=0|sp=0)|pdg=pi-|q=-1|m=0.13957|p=133.095 failed to simulate with error NavigatorError:3: No start volume could be resolved
23:16:38    FatrasSimula   ERROR     event 2 particle id=1643781031107961591(vp=141|vs=12|p=58|g=0|sp=0)|pdg=pi+|q=1|m=0.13957|p=5.341 failed to simulate with error NavigatorError:3: No start volume could be resolved
23:16:38    FatrasSimula   ERROR     event 2 particle id=5185036270873217725(vp=141|vs=12|p=59|g=0|sp=0)|pdg=pi-|q=-1|m=0.13957|p=54.5598 failed to simulate with error NavigatorError:3: No start volume could be resolved
23:16:38    FatrasSimula   ERROR     event 2 particle id=11634302777505194390(vp=143|vs=3|p=22|g=0|sp=0)|pdg=pi+|q=1|m=0.13957|p=41.8574 failed to simulate with error NavigatorError:3: No start volume could be resolved
23:16:38    FatrasSimula   ERROR     event 2 particle id=1948839460578196095(vp=143|vs=3|p=23|g=0|sp=0)|pdg=pi-|q=-1|m=0.13957|p=41.5365 failed to simulate with error NavigatorError:3: No start volume could be resolved
23:16:38    FatrasSimula   ERROR     event 2 particle id=10177824390322649222(vp=143|vs=4|p=24|g=0|sp=0)|pdg=pi+|q=1|m=0.13957|p=53.5876 failed to simulate with error NavigatorError:3: No start volume could be resolved
23:16:38    FatrasSimula   ERROR     event 2 particle id=1903660086321900174(vp=143|vs=4|p=25|g=0|sp=0)|pdg=pi-|q=-1|m=0.13957|p=292.474 failed to simulate with error NavigatorError:3: No start volume could be resolved
23:16:38    FatrasSimula   ERROR     event 2 particle id=15973110451698655103(vp=143|vs=6|p=58|g=0|sp=0)|pdg=pi+|q=1|m=0.13957|p=39.1357 failed to simulate with error NavigatorError:3: No start volume could be resolved
23:16:38    FatrasSimula   ERROR     event 2 particle id=7167566972314817268(vp=143|vs=6|p=59|g=0|sp=0)|pdg=pi-|q=-1|m=0.13957|p=22.9998 failed to simulate with error NavigatorError:3: No start volume could be resolved
23:16:38    FatrasSimula   ERROR     event 2 particle id=10229112173875169643(vp=143|vs=16|p=83|g=0|sp=0)|pdg=n~|q=0|m=0.939565|p=74.8076 failed to simulate with error NavigatorError:3: No start volume could be resolved
23:16:38    FatrasSimula   ERROR     event 2 particle id=11866081967264673657(vp=143|vs=16|p=84|g=0|sp=0)|pdg=gamma|q=0|m=0|p=5.25196 failed to simulate with error NavigatorError:3: No start volume could be resolved
23:16:38    FatrasSimula   ERROR     event 2 particle id=1433627943923705867(vp=143|vs=16|p=85|g=0|sp=0)|pdg=gamma|q=0|m=0|p=1.04277 failed to simulate with error NavigatorError:3: No start volume could be resolved
23:16:38    FatrasSimula   ERROR     event 2 particle id=7084333162667323747(vp=143|vs=18|p=128|g=0|sp=0)|pdg=pi+|q=1|m=0.13957|p=84.5051 failed to simulate with error NavigatorError:3: No start volume could be resolved
23:16:38    FatrasSimula   ERROR     event 2 particle id=9105438591629200253(vp=143|vs=18|p=129|g=0|sp=0)|pdg=pi-|q=-1|m=0.13957|p=389.083 failed to simulate with error NavigatorError:3: No start volume could be resolved
23:16:38    FatrasSimula   ERROR     event 2 particle id=3871279783277364830(vp=144|vs=5|p=88|g=0|sp=0)|pdg=n~|q=0|m=0.939565|p=304.856 failed to simulate with error NavigatorError:3: No start volume could be resolved
23:16:38    FatrasSimula   ERROR     event 2 particle id=5223558488013496148(vp=144|vs=6|p=89|g=0|sp=0)|pdg=gamma|q=0|m=0|p=7.89364 failed to simulate with error NavigatorError:3: No start volume could be resolved
23:16:38    FatrasSimula   ERROR     event 2 particle id=10446765547573536735(vp=144|vs=6|p=90|g=0|sp=0)|pdg=gamma|q=0|m=0|p=21.5199 failed to simulate with error NavigatorError:3: No start volume could be resolved
23:16:38    FatrasSimula   ERROR     event 2 particle id=16391041359581181212(vp=144|vs=11|p=132|g=0|sp=0)|pdg=p|q=1|m=0.938272|p=74.5852 failed to simulate with error NavigatorError:3: No start volume could be resolved
23:16:38    FatrasSimula   ERROR     event 2 particle id=11421373537485032614(vp=144|vs=11|p=133|g=0|sp=0)|pdg=pi-|q=-1|m=0.13957|p=6.15983 failed to simulate with error NavigatorError:3: No start volume could be resolved
23:16:38    FatrasSimula   ERROR     event 2 particle id=279372480125338198(vp=147|vs=25|p=200|g=0|sp=0)|pdg=n|q=0|m=0.939565|p=49.0732 failed to simulate with error NavigatorError:3: No start volume could be resolved
23:16:38    FatrasSimula   ERROR     event 2 particle id=3057605787769805742(vp=147|vs=25|p=201|g=0|sp=0)|pdg=pi-|q=-1|m=0.13957|p=9.74133 failed to simulate with error NavigatorError:3: No start volume could be resolved
23:16:38    FatrasSimula   ERROR     event 2 particle id=8918533109946602670(vp=147|vs=27|p=204|g=0|sp=0)|pdg=p|q=1|m=0.938272|p=110.87 failed to simulate with error NavigatorError:3: No start volume could be resolved
23:16:38    FatrasSimula   ERROR     event 2 particle id=15701706827683157361(vp=147|vs=27|p=205|g=0|sp=0)|pdg=pi-|q=-1|m=0.13957|p=15.6596 failed to simulate with error NavigatorError:3: No start volume could be resolved
23:16:38    FatrasSimula   ERROR     event 2 particle id=1526934259393250942(vp=147|vs=29|p=206|g=0|sp=0)|pdg=gamma|q=0|m=0|p=245.969 failed to simulate with error NavigatorError:3: No start volume could be resolved
23:16:38    FatrasSimula   ERROR     event 2 particle id=7691331841725034990(vp=147|vs=29|p=207|g=0|sp=0)|pdg=gamma|q=0|m=0|p=95.7226 failed to simulate with error NavigatorError:3: No start volume could be resolved
23:16:38    FatrasSimula   ERROR     event 2 particle id=13596879580139292268(vp=147|vs=30|p=208|g=0|sp=0)|pdg=gamma|q=0|m=0|p=88.0737 failed to simulate with error NavigatorError:3: No start volume could be resolved
23:16:38    FatrasSimula   ERROR     event 2 particle id=1068039017741027299(vp=147|vs=30|p=209|g=0|sp=0)|pdg=gamma|q=0|m=0|p=159.279 failed to simulate with error NavigatorError:3: No start volume could be resolved
23:16:38    FatrasSimula   ERROR     event 2 particle id=9615503260958148791(vp=148|vs=8|p=60|g=0|sp=0)|pdg=gamma|q=0|m=0|p=25.4196 failed to simulate with error NavigatorError:3: No start volume could be resolved
23:16:38    FatrasSimula   ERROR     event 2 particle id=17346241658197066433(vp=148|vs=9|p=62|g=0|sp=0)|pdg=gamma|q=0|m=0|p=26.9805 failed to simulate with error NavigatorError:3: No start volume could be resolved
23:16:38    FatrasSimula   ERROR     event 2 particle id=2117918928732240298(vp=148|vs=9|p=63|g=0|sp=0)|pdg=gamma|q=0|m=0|p=46.5105 failed to simulate with error NavigatorError:3: No start volume could be resolved
23:16:38    FatrasSimula   ERROR     event 2 particle id=18405302596288817410(vp=149|vs=6|p=69|g=0|sp=0)|pdg=p~|q=-1|m=0.938272|p=139.906 failed to simulate with error NavigatorError:3: No start volume could be resolved
23:16:38    FatrasSimula   ERROR     event 2 particle id=4210366532307935391(vp=149|vs=6|p=70|g=0|sp=0)|pdg=pi+|q=1|m=0.13957|p=36.0442 failed to simulate with error NavigatorError:3: No start volume could be resolved
23:16:38    FatrasSimula   ERROR     event 2 particle id=5533102460363167300(vp=149|vs=15|p=130|g=0|sp=0)|pdg=pi+|q=1|m=0.13957|p=983.056 failed to simulate with error NavigatorError:3: No start volume could be resolved
23:16:38    FatrasSimula   ERROR     event 2 particle id=12110222859353544282(vp=149|vs=15|p=131|g=0|sp=0)|pdg=pi-|q=-1|m=0.13957|p=240.824 failed to simulate with error NavigatorError:3: No start volume could be resolved
23:16:38    FatrasSimula   ERROR     event 2 particle id=2900158286392569435(vp=151|vs=1|p=14|g=0|sp=0)|pdg=pi+|q=1|m=0.13957|p=42.728 failed to simulate with error NavigatorError:3: No start volume could be resolved
23:16:38    FatrasSimula   ERROR     event 2 particle id=9753572182553253915(vp=151|vs=1|p=15|g=0|sp=0)|pdg=pi-|q=-1|m=0.13957|p=58.2536 failed to simulate with error NavigatorError:3: No start volume could be resolved
23:16:38    FatrasSimula   ERROR     event 2 particle id=1412945333625577104(vp=154|vs=15|p=106|g=0|sp=0)|pdg=gamma|q=0|m=0|p=162.434 failed to simulate with error NavigatorError:3: No start volume could be resolved
23:16:38    FatrasSimula   ERROR     event 2 particle id=11963892118406212667(vp=154|vs=15|p=107|g=0|sp=0)|pdg=gamma|q=0|m=0|p=43.9949 failed to simulate with error NavigatorError:3: No start volume could be resolved
23:16:38    FatrasSimula   ERROR     event 2 particle id=924851402336165193(vp=154|vs=16|p=108|g=0|sp=0)|pdg=gamma|q=0|m=0|p=103.653 failed to simulate with error NavigatorError:3: No start volume could be resolved
23:16:38    FatrasSimula   ERROR     event 2 particle id=4192259189951218752(vp=154|vs=16|p=109|g=0|sp=0)|pdg=gamma|q=0|m=0|p=185.51 failed to simulate with error NavigatorError:3: No start volume could be resolved
23:16:38    FatrasSimula   ERROR     event 2 particle id=16732231187063253562(vp=154|vs=17|p=110|g=0|sp=0)|pdg=p|q=1|m=0.938272|p=958 failed to simulate with error NavigatorError:3: No start volume could be resolved
23:16:38    FatrasSimula   ERROR     event 2 particle id=2157657227931379105(vp=154|vs=17|p=111|g=0|sp=0)|pdg=pi-|q=-1|m=0.13957|p=225.65 failed to simulate with error NavigatorError:3: No start volume could be resolved
23:16:38    FatrasSimula   ERROR     event 2 particle id=3978810242195967388(vp=154|vs=43|p=246|g=0|sp=0)|pdg=pi+|q=1|m=0.13957|p=137.534 failed to simulate with error NavigatorError:3: No start volume could be resolved
23:16:38    FatrasSimula   ERROR     event 2 particle id=15853607866580333721(vp=154|vs=43|p=247|g=0|sp=0)|pdg=pi-|q=-1|m=0.13957|p=49.4689 failed to simulate with error NavigatorError:3: No start volume could be resolved
23:16:38    FatrasSimula   ERROR     event 2 particle id=12323766486116189421(vp=154|vs=46|p=256|g=0|sp=0)|pdg=p|q=1|m=0.938272|p=66.1337 failed to simulate with error NavigatorError:3: No start volume could be resolved
23:16:38    FatrasSimula   ERROR     event 2 particle id=14886578052771421912(vp=154|vs=46|p=257|g=0|sp=0)|pdg=gamma|q=0|m=0|p=9.83236 failed to simulate with error NavigatorError:3: No start volume could be resolved
23:16:38    FatrasSimula   ERROR     event 2 particle id=8502685955237225001(vp=154|vs=46|p=258|g=0|sp=0)|pdg=gamma|q=0|m=0|p=0.765306 failed to simulate with error NavigatorError:3: No start volume could be resolved
23:16:38    FatrasSimula   ERROR     event 2 particle id=13302016993839409640(vp=155|vs=6|p=59|g=0|sp=0)|pdg=pi+|q=1|m=0.13957|p=18.3836 failed to simulate with error NavigatorError:3: No start volume could be resolved
23:16:38    FatrasSimula   ERROR     event 2 particle id=15468850364994667638(vp=155|vs=6|p=60|g=0|sp=0)|pdg=pi-|q=-1|m=0.13957|p=68.3559 failed to simulate with error NavigatorError:3: No start volume could be resolved
23:16:38    FatrasSimula   ERROR     event 2 particle id=14377608610382722114(vp=155|vs=10|p=71|g=0|sp=0)|pdg=p|q=1|m=0.938272|p=925.257 failed to simulate with error NavigatorError:3: No start volume could be resolved
23:16:38    FatrasSimula   ERROR     event 2 particle id=3071197529301387326(vp=155|vs=10|p=72|g=0|sp=0)|pdg=pi-|q=-1|m=0.13957|p=263.115 failed to simulate with error NavigatorError:3: No start volume could be resolved
23:16:38    FatrasSimula   ERROR     event 2 particle id=3420531929604561014(vp=156|vs=24|p=109|g=0|sp=0)|pdg=p|q=1|m=0.938272|p=104.851 failed to simulate with error NavigatorError:3: No start volume could be resolved
23:16:38    FatrasSimula   ERROR     event 2 particle id=9093986481349302270(vp=156|vs=24|p=110|g=0|sp=0)|pdg=pi-|q=-1|m=0.13957|p=14.2375 failed to simulate with error NavigatorError:3: No start volume could be resolved
23:16:38    FatrasSimula   ERROR     event 2 particle id=15815320133705173661(vp=156|vs=32|p=164|g=0|sp=0)|pdg=gamma|q=0|m=0|p=20.9723 failed to simulate with error NavigatorError:3: No start volume could be resolved
23:16:38    FatrasSimula   ERROR     event 2 particle id=5972356092240175391(vp=156|vs=32|p=165|g=0|sp=0)|pdg=gamma|q=0|m=0|p=4.2282 failed to simulate with error NavigatorError:3: No start volume could be resolved
23:16:38    FatrasSimula   ERROR     event 2 particle id=17550839805031010810(vp=156|vs=33|p=167|g=0|sp=0)|pdg=gamma|q=0|m=0|p=8.87198 failed to simulate with error NavigatorError:3: No start volume could be resolved
23:16:38    FatrasSimula   ERROR     event 2 particle id=13598865688174088563(vp=156|vs=76|p=447|g=0|sp=0)|pdg=n|q=0|m=0.939565|p=154.257 failed to simulate with error NavigatorError:3: No start volume could be resolved
23:16:38    FatrasSimula   ERROR     event 2 particle id=13215617238352547064(vp=156|vs=77|p=448|g=0|sp=0)|pdg=gamma|q=0|m=0|p=1.38486 failed to simulate with error NavigatorError:3: No start volume could be resolved
23:16:38    FatrasSimula   ERROR     event 2 particle id=3070847425338656143(vp=156|vs=77|p=449|g=0|sp=0)|pdg=gamma|q=0|m=0|p=37.8559 failed to simulate with error NavigatorError:3: No start volume could be resolved
23:16:38    FatrasSimula   ERROR     event 2 particle id=2814771485388134830(vp=156|vs=78|p=451|g=0|sp=0)|pdg=p~|q=-1|m=0.938272|p=744.544 failed to simulate with error NavigatorError:3: No start volume could be resolved
23:16:38    FatrasSimula   ERROR     event 2 particle id=16658268049847156145(vp=156|vs=79|p=452|g=0|sp=0)|pdg=gamma|q=0|m=0|p=30.8656 failed to simulate with error NavigatorError:3: No start volume could be resolved
23:16:38    FatrasSimula   ERROR     event 2 particle id=15401024390200577130(vp=156|vs=79|p=453|g=0|sp=0)|pdg=gamma|q=0|m=0|p=238.94 failed to simulate with error NavigatorError:3: No start volume could be resolved
23:16:38    FatrasSimula   ERROR     event 2 particle id=18270957615839838517(vp=157|vs=36|p=274|g=0|sp=0)|pdg=n|q=0|m=0.939565|p=1067.5 failed to simulate with error NavigatorError:3: No start volume could be resolved
23:16:38    FatrasSimula   ERROR     event 2 particle id=14945349315459660158(vp=157|vs=36|p=275|g=0|sp=0)|pdg=pi+|q=1|m=0.13957|p=144.575 failed to simulate with error NavigatorError:3: No start volume could be resolved
23:16:38    FatrasSimula   ERROR     event 2 particle id=14803274112939483243(vp=157|vs=38|p=277|g=0|sp=0)|pdg=pi+|q=1|m=0.13957|p=427.12 failed to simulate with error NavigatorError:3: No start volume could be resolved
23:16:38    FatrasSimula   ERROR     event 2 particle id=988002791175905219(vp=157|vs=38|p=278|g=0|sp=0)|pdg=pi-|q=-1|m=0.13957|p=1197.08 failed to simulate with error NavigatorError:3: No start volume could be resolved
23:16:38    FatrasSimula   ERROR     event 2 particle id=2885733388009618791(vp=163|vs=12|p=171|g=0|sp=0)|pdg=p|q=1|m=0.938272|p=131.125 failed to simulate with error NavigatorError:3: No start volume could be resolved
23:16:38    FatrasSimula   ERROR     event 2 particle id=3975276256002498601(vp=163|vs=12|p=172|g=0|sp=0)|pdg=pi-|q=-1|m=0.13957|p=26.782 failed to simulate with error NavigatorError:3: No start volume could be resolved
23:16:38    FatrasSimula   ERROR     event 2 particle id=7112116705586415179(vp=163|vs=13|p=174|g=0|sp=0)|pdg=p~|q=-1|m=0.938272|p=63.9161 failed to simulate with error NavigatorError:3: No start volume could be resolved
23:16:38    FatrasSimula   ERROR     event 2 particle id=4094155379171227230(vp=163|vs=13|p=175|g=0|sp=0)|pdg=pi+|q=1|m=0.13957|p=4.99179 failed to simulate with error NavigatorError:3: No start volume could be resolved
23:16:38    FatrasSimula   ERROR     event 2 particle id=11511507527136318807(vp=164|vs=19|p=126|g=0|sp=0)|pdg=p|q=1|m=0.938272|p=64.2126 failed to simulate with error NavigatorError:3: No start volume could be resolved
23:16:38    FatrasSimula   ERROR     event 2 particle id=9763133251336839843(vp=164|vs=19|p=127|g=0|sp=0)|pdg=pi-|q=-1|m=0.13957|p=13.7327 failed to simulate with error NavigatorError:3: No start volume could be resolved
23:16:38    FatrasSimula   ERROR     event 2 particle id=14932590009732771685(vp=168|vs=12|p=94|g=0|sp=0)|pdg=pi+|q=1|m=0.13957|p=682.08 failed to simulate with error NavigatorError:3: No start volume could be resolved
23:16:38    FatrasSimula   ERROR     event 2 particle id=2812153346015544689(vp=168|vs=12|p=95|g=0|sp=0)|pdg=pi-|q=-1|m=0.13957|p=499.619 failed to simulate with error NavigatorError:3: No start volume could be resolved
23:16:38    FatrasSimula   ERROR     event 2 particle id=8360248153296464938(vp=168|vs=29|p=232|g=0|sp=0)|pdg=pi+|q=1|m=0.13957|p=37.0676 failed to simulate with error NavigatorError:3: No start volume could be resolved
23:16:38    FatrasSimula   ERROR     event 2 particle id=3384902249592552011(vp=168|vs=29|p=233|g=0|sp=0)|pdg=pi-|q=-1|m=0.13957|p=8.70742 failed to simulate with error NavigatorError:3: No start volume could be resolved
23:16:38    FatrasSimula   ERROR     event 2 particle id=5923480611651035615(vp=168|vs=35|p=272|g=0|sp=0)|pdg=p~|q=-1|m=0.938272|p=58.3495 failed to simulate with error NavigatorError:3: No start volume could be resolved
23:16:38    FatrasSimula   ERROR     event 2 particle id=31757803186758487(vp=168|vs=35|p=273|g=0|sp=0)|pdg=pi+|q=1|m=0.13957|p=10.0161 failed to simulate with error NavigatorError:3: No start volume could be resolved
23:16:38    FatrasSimula   ERROR     event 2 particle id=5305876899866589415(vp=169|vs=11|p=76|g=0|sp=0)|pdg=n|q=0|m=0.939565|p=28.5751 failed to simulate with error NavigatorError:3: No start volume could be resolved
23:16:38    FatrasSimula   ERROR     event 2 particle id=2969916056694358755(vp=169|vs=12|p=77|g=0|sp=0)|pdg=gamma|q=0|m=0|p=2.66411 failed to simulate with error NavigatorError:3: No start volume could be resolved
23:16:38    FatrasSimula   ERROR     event 2 particle id=2303559046670020319(vp=169|vs=12|p=78|g=0|sp=0)|pdg=gamma|q=0|m=0|p=5.8625 failed to simulate with error NavigatorError:3: No start volume could be resolved
23:16:38    FatrasSimula   ERROR     event 2 particle id=9380223898338202414(vp=169|vs=44|p=405|g=0|sp=0)|pdg=pi+|q=1|m=0.13957|p=18.4296 failed to simulate with error NavigatorError:3: No start volume could be resolved
23:16:38    FatrasSimula   ERROR     event 2 particle id=1685653606238761140(vp=169|vs=44|p=406|g=0|sp=0)|pdg=pi-|q=-1|m=0.13957|p=29.4058 failed to simulate with error NavigatorError:3: No start volume could be resolved
23:16:38    FatrasSimula   ERROR     event 2 particle id=4896153521538170926(vp=176|vs=3|p=16|g=0|sp=0)|pdg=pi+|q=1|m=0.13957|p=105.191 failed to simulate with error NavigatorError:3: No start volume could be resolved
23:16:38    FatrasSimula   ERROR     event 2 particle id=10474489319901097934(vp=176|vs=3|p=17|g=0|sp=0)|pdg=pi-|q=-1|m=0.13957|p=10.4883 failed to simulate with error NavigatorError:3: No start volume could be resolved
23:16:38    FatrasSimula   ERROR     event 2 particle id=5274560607448418691(vp=177|vs=7|p=55|g=0|sp=0)|pdg=p~|q=-1|m=0.938272|p=49.4407 failed to simulate with error NavigatorError:3: No start volume could be resolved
23:16:38    FatrasSimula   ERROR     event 2 particle id=7351877867860770386(vp=177|vs=7|p=56|g=0|sp=0)|pdg=pi+|q=1|m=0.13957|p=15.3619 failed to simulate with error NavigatorError:3: No start volume could be resolved
23:16:38    FatrasSimula   ERROR     event 2 particle id=12025486444054693946(vp=177|vs=14|p=78|g=0|sp=0)|pdg=n|q=0|m=0.939565|p=773.963 failed to simulate with error NavigatorError:3: No start volume could be resolved
23:16:38    FatrasSimula   ERROR     event 2 particle id=2006739594605255448(vp=177|vs=14|p=79|g=0|sp=0)|pdg=pi-|q=-1|m=0.13957|p=238.144 failed to simulate with error NavigatorError:3: No start volume could be resolved
23:16:38    FatrasSimula   ERROR     event 2 particle id=1073408631220744540(vp=177|vs=15|p=82|g=0|sp=0)|pdg=p~|q=-1|m=0.938272|p=261.286 failed to simulate with error NavigatorError:3: No start volume could be resolved
23:16:38    FatrasSimula   ERROR     event 2 particle id=1652407241701039529(vp=177|vs=15|p=83|g=0|sp=0)|pdg=pi+|q=1|m=0.13957|p=48.9666 failed to simulate with error NavigatorError:3: No start volume could be resolved
23:16:38    FatrasSimula   ERROR     event 2 particle id=5447786007324860543(vp=180|vs=20|p=209|g=0|sp=0)|pdg=gamma|q=0|m=0|p=9.2668 failed to simulate with error NavigatorError:3: No start volume could be resolved
23:16:38    FatrasSimula   ERROR     event 2 particle id=8953815469447034069(vp=180|vs=21|p=210|g=0|sp=0)|pdg=gamma|q=0|m=0|p=23.6823 failed to simulate with error NavigatorError:3: No start volume could be resolved
23:16:38    FatrasSimula   ERROR     event 2 particle id=15835501538877008336(vp=180|vs=21|p=211|g=0|sp=0)|pdg=gamma|q=0|m=0|p=24.9414 failed to simulate with error NavigatorError:3: No start volume could be resolved
23:16:38    FatrasSimula   ERROR     event 2 particle id=2997446750560175549(vp=180|vs=32|p=294|g=0|sp=0)|pdg=gamma|q=0|m=0|p=3.52815 failed to simulate with error NavigatorError:3: No start volume could be resolved
23:16:38    FatrasSimula   ERROR     event 2 particle id=14014555687798563118(vp=180|vs=32|p=295|g=0|sp=0)|pdg=gamma|q=0|m=0|p=1.25515 failed to simulate with error NavigatorError:3: No start volume could be resolved
23:16:38    FatrasSimula   ERROR     event 2 particle id=3785905855396918432(vp=180|vs=33|p=292|g=0|sp=0)|pdg=p~|q=-1|m=0.938272|p=86.4955 failed to simulate with error NavigatorError:3: No start volume could be resolved
23:16:38    FatrasSimula   ERROR     event 2 particle id=2771764877800089403(vp=180|vs=33|p=293|g=0|sp=0)|pdg=pi+|q=1|m=0.13957|p=6.40478 failed to simulate with error NavigatorError:3: No start volume could be resolved
23:16:38    FatrasSimula   ERROR     event 2 particle id=17792744599086488633(vp=180|vs=43|p=398|g=0|sp=0)|pdg=pi+|q=1|m=0.13957|p=114.254 failed to simulate with error NavigatorError:3: No start volume could be resolved
23:16:38    FatrasSimula   ERROR     event 2 particle id=14389418776426941990(vp=180|vs=43|p=399|g=0|sp=0)|pdg=pi-|q=-1|m=0.13957|p=417.868 failed to simulate with error NavigatorError:3: No start volume could be resolved
23:16:38    FatrasSimula   ERROR     event 2 particle id=10039009937014845691(vp=180|vs=44|p=400|g=0|sp=0)|pdg=p|q=1|m=0.938272|p=2857.96 failed to simulate with error NavigatorError:3: No start volume could be resolved
23:16:38    FatrasSimula   ERROR     event 2 particle id=410098271118020069(vp=180|vs=44|p=401|g=0|sp=0)|pdg=pi-|q=-1|m=0.13957|p=775.824 failed to simulate with error NavigatorError:3: No start volume could be resolved
23:16:38    FatrasSimula   ERROR     event 2 particle id=11948493948660919846(vp=183|vs=3|p=12|g=0|sp=0)|pdg=p~|q=-1|m=0.938272|p=275.083 failed to simulate with error NavigatorError:3: No start volume could be resolved
23:16:38    FatrasSimula   ERROR     event 2 particle id=10574318980003849361(vp=183|vs=3|p=13|g=0|sp=0)|pdg=pi+|q=1|m=0.13957|p=28.3195 failed to simulate with error NavigatorError:3: No start volume could be resolved
23:16:38    FatrasSimula   ERROR     event 2 particle id=8291304176585627796(vp=187|vs=16|p=121|g=0|sp=0)|pdg=gamma|q=0|m=0|p=6.56165 failed to simulate with error NavigatorError:3: No start volume could be resolved
23:16:38    FatrasSimula   ERROR     event 2 particle id=9606840110305278462(vp=187|vs=16|p=122|g=0|sp=0)|pdg=gamma|q=0|m=0|p=65.9786 failed to simulate with error NavigatorError:3: No start volume could be resolved
23:16:38    FatrasSimula   ERROR     event 2 particle id=14795889485890165281(vp=187|vs=17|p=123|g=0|sp=0)|pdg=gamma|q=0|m=0|p=62.3462 failed to simulate with error NavigatorError:3: No start volume could be resolved
23:16:38    FatrasSimula   ERROR     event 2 particle id=12503827778934805030(vp=187|vs=17|p=124|g=0|sp=0)|pdg=gamma|q=0|m=0|p=57.6983 failed to simulate with error NavigatorError:3: No start volume could be resolved
23:16:38    FatrasSimula   ERROR     event 2 particle id=5826629663258803910(vp=188|vs=2|p=59|g=0|sp=0)|pdg=pi+|q=1|m=0.13957|p=12.5917 failed to simulate with error NavigatorError:3: No start volume could be resolved
23:16:38    FatrasSimula   ERROR     event 2 particle id=15200061485671968868(vp=188|vs=2|p=60|g=0|sp=0)|pdg=pi-|q=-1|m=0.13957|p=94.7066 failed to simulate with error NavigatorError:3: No start volume could be resolved
23:16:38    FatrasSimula   ERROR     event 2 particle id=12176896206583699014(vp=189|vs=15|p=63|g=0|sp=0)|pdg=n~|q=0|m=0.939565|p=259.647 failed to simulate with error NavigatorError:3: No start volume could be resolved
23:16:38    FatrasSimula   ERROR     event 2 particle id=10274250947569122325(vp=189|vs=16|p=64|g=0|sp=0)|pdg=gamma|q=0|m=0|p=30.2142 failed to simulate with error NavigatorError:3: No start volume could be resolved
23:16:38    FatrasSimula   ERROR     event 2 particle id=15452258798100466184(vp=189|vs=16|p=65|g=0|sp=0)|pdg=gamma|q=0|m=0|p=43.3142 failed to simulate with error NavigatorError:3: No start volume could be resolved
23:16:38    FatrasSimula   ERROR     event 2 particle id=6889484218869969397(vp=189|vs=25|p=127|g=0|sp=0)|pdg=pi+|q=1|m=0.13957|p=15.2366 failed to simulate with error NavigatorError:3: No start volume could be resolved
23:16:38    FatrasSimula   ERROR     event 2 particle id=469051092581272176(vp=189|vs=25|p=128|g=0|sp=0)|pdg=pi-|q=-1|m=0.13957|p=112.73 failed to simulate with error NavigatorError:3: No start volume could be resolved
23:16:38    FatrasSimula   ERROR     event 2 particle id=17359321543336376874(vp=189|vs=26|p=129|g=0|sp=0)|pdg=pi+|q=1|m=0.13957|p=50.3263 failed to simulate with error NavigatorError:3: No start volume could be resolved
23:16:38    FatrasSimula   ERROR     event 2 particle id=7855366322023644106(vp=189|vs=26|p=130|g=0|sp=0)|pdg=pi-|q=-1|m=0.13957|p=20.898 failed to simulate with error NavigatorError:3: No start volume could be resolved
23:16:38    FatrasSimula   ERROR     event 2 particle id=11158866994743242905(vp=189|vs=49|p=290|g=0|sp=0)|pdg=p|q=1|m=0.938272|p=352.969 failed to simulate with error NavigatorError:3: No start volume could be resolved
23:16:38    FatrasSimula   ERROR     event 2 particle id=8946953954299400002(vp=189|vs=49|p=291|g=0|sp=0)|pdg=pi-|q=-1|m=0.13957|p=66.0237 failed to simulate with error NavigatorError:3: No start volume could be resolved
23:16:38    FatrasSimula   ERROR     event 2 particle id=11549790053221113669(vp=190|vs=12|p=85|g=0|sp=0)|pdg=gamma|q=0|m=0|p=6.641 failed to simulate with error NavigatorError:3: No start volume could be resolved
23:16:38    FatrasSimula   ERROR     event 2 particle id=6619789757164012489(vp=190|vs=12|p=86|g=0|sp=0)|pdg=gamma|q=0|m=0|p=33.4336 failed to simulate with error NavigatorError:3: No start volume could be resolved
23:16:38    FatrasSimula   ERROR     event 2 particle id=4622616382234360408(vp=190|vs=13|p=87|g=0|sp=0)|pdg=gamma|q=0|m=0|p=200.722 failed to simulate with error NavigatorError:3: No start volume could be resolved
23:16:38    FatrasSimula   ERROR     event 2 particle id=13170337197618318675(vp=190|vs=13|p=88|g=0|sp=0)|pdg=gamma|q=0|m=0|p=9.88349 failed to simulate with error NavigatorError:3: No start volume could be resolved
23:16:38    FatrasSimula   ERROR     event 2 particle id=13834716486336808166(vp=191|vs=10|p=70|g=0|sp=0)|pdg=pi+|q=1|m=0.13957|p=51.6481 failed to simulate with error NavigatorError:3: No start volume could be resolved
23:16:38    FatrasSimula   ERROR     event 2 particle id=3094899028055555950(vp=191|vs=10|p=71|g=0|sp=0)|pdg=pi-|q=-1|m=0.13957|p=74.5073 failed to simulate with error NavigatorError:3: No start volume could be resolved
23:16:38    FatrasSimula   ERROR     event 2 particle id=9702687504970086249(vp=194|vs=1|p=3|g=0|sp=0)|pdg=p|q=1|m=0.938272|p=4016.69 failed to simulate with error NavigatorError:3: No start volume could be resolved
23:16:38    FatrasSimula   ERROR     event 2 particle id=8554029170976323337(vp=194|vs=1|p=4|g=0|sp=0)|pdg=pi-|q=-1|m=0.13957|p=795.844 failed to simulate with error NavigatorError:3: No start volume could be resolved
23:16:38    Digitization   WARNING   10595 skipped in Digitization. Enable DEBUG mode to see more details.
23:16:44    Sequencer      INFO      finished event 2
23:16:47    FatrasSimula   ERROR     event 3 particle id=5841057793316105277(vp=1|vs=24|p=304|g=0|sp=0)|pdg=n~|q=0|m=0.939565|p=167.425 failed to simulate with error NavigatorError:3: No start volume could be resolved
23:16:47    FatrasSimula   ERROR     event 3 particle id=6174198750916192500(vp=1|vs=24|p=305|g=0|sp=0)|pdg=gamma|q=0|m=0|p=12.7637 failed to simulate with error NavigatorError:3: No start volume could be resolved
23:16:47    FatrasSimula   ERROR     event 3 particle id=13279091035754808783(vp=1|vs=24|p=306|g=0|sp=0)|pdg=gamma|q=0|m=0|p=31.3803 failed to simulate with error NavigatorError:3: No start volume could be resolved
23:16:47    FatrasSimula   ERROR     event 3 particle id=13232372502862151284(vp=1|vs=36|p=366|g=0|sp=0)|pdg=n|q=0|m=0.939565|p=58.3371 failed to simulate with error NavigatorError:3: No start volume could be resolved
23:16:47    FatrasSimula   ERROR     event 3 particle id=16454660089946202846(vp=1|vs=37|p=367|g=0|sp=0)|pdg=gamma|q=0|m=0|p=15.4442 failed to simulate with error NavigatorError:3: No start volume could be resolved
23:16:47    FatrasSimula   ERROR     event 3 particle id=2406292626253059351(vp=1|vs=37|p=368|g=0|sp=0)|pdg=gamma|q=0|m=0|p=2.68109 failed to simulate with error NavigatorError:3: No start volume could be resolved
23:16:47    FatrasSimula   ERROR     event 3 particle id=7049710650216401378(vp=3|vs=7|p=43|g=0|sp=0)|pdg=pi+|q=1|m=0.13957|p=23.1834 failed to simulate with error NavigatorError:3: No start volume could be resolved
23:16:47    FatrasSimula   ERROR     event 3 particle id=3581740827478546452(vp=3|vs=7|p=44|g=0|sp=0)|pdg=pi-|q=-1|m=0.13957|p=26.315 failed to simulate with error NavigatorError:3: No start volume could be resolved
23:16:47    FatrasSimula   ERROR     event 3 particle id=1862205596364341940(vp=3|vs=18|p=121|g=0|sp=0)|pdg=p~|q=-1|m=0.938272|p=31.4149 failed to simulate with error NavigatorError:3: No start volume could be resolved
23:16:47    FatrasSimula   ERROR     event 3 particle id=1908342391789472361(vp=3|vs=18|p=122|g=0|sp=0)|pdg=pi+|q=1|m=0.13957|p=8.72868 failed to simulate with error NavigatorError:3: No start volume could be resolved
23:16:47    FatrasSimula   ERROR     event 3 particle id=13156415514551644826(vp=3|vs=33|p=353|g=0|sp=0)|pdg=gamma|q=0|m=0|p=7.90476 failed to simulate with error NavigatorError:3: No start volume could be resolved
23:16:47    FatrasSimula   ERROR     event 3 particle id=15463134517545540540(vp=3|vs=33|p=354|g=0|sp=0)|pdg=gamma|q=0|m=0|p=21.8475 failed to simulate with error NavigatorError:3: No start volume could be resolved
23:16:47    FatrasSimula   ERROR     event 3 particle id=7739812497944146500(vp=3|vs=34|p=351|g=0|sp=0)|pdg=gamma|q=0|m=0|p=24.0849 failed to simulate with error NavigatorError:3: No start volume could be resolved
23:16:47    FatrasSimula   ERROR     event 3 particle id=324537359345874869(vp=3|vs=34|p=352|g=0|sp=0)|pdg=gamma|q=0|m=0|p=7.32582 failed to simulate with error NavigatorError:3: No start volume could be resolved
23:16:47    FatrasSimula   ERROR     event 3 particle id=5643066515539861167(vp=3|vs=52|p=410|g=0|sp=0)|pdg=gamma|q=0|m=0|p=38.342 failed to simulate with error NavigatorError:3: No start volume could be resolved
23:16:47    FatrasSimula   ERROR     event 3 particle id=17890141365630034126(vp=3|vs=52|p=411|g=0|sp=0)|pdg=gamma|q=0|m=0|p=68.1105 failed to simulate with error NavigatorError:3: No start volume could be resolved
23:16:47    FatrasSimula   ERROR     event 3 particle id=9686311258760125668(vp=3|vs=53|p=412|g=0|sp=0)|pdg=gamma|q=0|m=0|p=7.09296 failed to simulate with error NavigatorError:3: No start volume could be resolved
23:16:47    FatrasSimula   ERROR     event 3 particle id=4079216294181683859(vp=3|vs=53|p=413|g=0|sp=0)|pdg=gamma|q=0|m=0|p=12.6755 failed to simulate with error NavigatorError:3: No start volume could be resolved
23:16:47    FatrasSimula   ERROR     event 3 particle id=584189763464215933(vp=6|vs=20|p=119|g=0|sp=0)|pdg=gamma|q=0|m=0|p=130.664 failed to simulate with error NavigatorError:3: No start volume could be resolved
23:16:47    FatrasSimula   ERROR     event 3 particle id=8903469949288647283(vp=6|vs=20|p=120|g=0|sp=0)|pdg=gamma|q=0|m=0|p=167.382 failed to simulate with error NavigatorError:3: No start volume could be resolved
23:16:47    FatrasSimula   ERROR     event 3 particle id=17872204640721224836(vp=6|vs=21|p=121|g=0|sp=0)|pdg=gamma|q=0|m=0|p=87.3024 failed to simulate with error NavigatorError:3: No start volume could be resolved
23:16:47    FatrasSimula   ERROR     event 3 particle id=8456326420024919230(vp=6|vs=21|p=122|g=0|sp=0)|pdg=gamma|q=0|m=0|p=32.803 failed to simulate with error NavigatorError:3: No start volume could be resolved
23:16:47    FatrasSimula   ERROR     event 3 particle id=8527514182250846062(vp=6|vs=24|p=128|g=0|sp=0)|pdg=pi+|q=1|m=0.13957|p=129.862 failed to simulate with error NavigatorError:3: No start volume could be resolved
23:16:47    FatrasSimula   ERROR     event 3 particle id=13575402191564939595(vp=6|vs=24|p=129|g=0|sp=0)|pdg=pi-|q=-1|m=0.13957|p=90.8331 failed to simulate with error NavigatorError:3: No start volume could be resolved
23:16:47    FatrasSimula   ERROR     event 3 particle id=5105226773869147651(vp=7|vs=32|p=425|g=0|sp=0)|pdg=gamma|q=0|m=0|p=17.9802 failed to simulate with error NavigatorError:3: No start volume could be resolved
23:16:47    FatrasSimula   ERROR     event 3 particle id=8319822136195751717(vp=7|vs=33|p=423|g=0|sp=0)|pdg=gamma|q=0|m=0|p=43.439 failed to simulate with error NavigatorError:3: No start volume could be resolved
23:16:47    FatrasSimula   ERROR     event 3 particle id=4526864204559499881(vp=7|vs=33|p=424|g=0|sp=0)|pdg=gamma|q=0|m=0|p=6.39693 failed to simulate with error NavigatorError:3: No start volume could be resolved
23:16:47    FatrasSimula   ERROR     event 3 particle id=17561267148628745261(vp=7|vs=46|p=499|g=0|sp=0)|pdg=p|q=1|m=0.938272|p=312.221 failed to simulate with error NavigatorError:3: No start volume could be resolved
23:16:47    FatrasSimula   ERROR     event 3 particle id=16940985966882279007(vp=7|vs=46|p=500|g=0|sp=0)|pdg=pi-|q=-1|m=0.13957|p=24.0839 failed to simulate with error NavigatorError:3: No start volume could be resolved
23:16:47    FatrasSimula   ERROR     event 3 particle id=4435217218322546226(vp=7|vs=47|p=502|g=0|sp=0)|pdg=p~|q=-1|m=0.938272|p=162.383 failed to simulate with error NavigatorError:3: No start volume could be resolved
23:16:47    FatrasSimula   ERROR     event 3 particle id=5950950160401902166(vp=7|vs=47|p=503|g=0|sp=0)|pdg=pi+|q=1|m=0.13957|p=23.5771 failed to simulate with error NavigatorError:3: No start volume could be resolved
23:16:47    FatrasSimula   ERROR     event 3 particle id=8004951399369816289(vp=8|vs=6|p=67|g=0|sp=0)|pdg=p|q=1|m=0.938272|p=23.6425 failed to simulate with error NavigatorError:3: No start volume could be resolved
23:16:47    FatrasSimula   ERROR     event 3 particle id=15806329442929635476(vp=8|vs=6|p=68|g=0|sp=0)|pdg=pi-|q=-1|m=0.13957|p=4.09004 failed to simulate with error NavigatorError:3: No start volume could be resolved
23:16:47    FatrasSimula   ERROR     event 3 particle id=14272295134587793993(vp=8|vs=7|p=70|g=0|sp=0)|pdg=p~|q=-1|m=0.938272|p=28.5101 failed to simulate with error NavigatorError:3: No start volume could be resolved
23:16:47    FatrasSimula   ERROR     event 3 particle id=11256464094085980041(vp=8|vs=7|p=71|g=0|sp=0)|pdg=pi+|q=1|m=0.13957|p=8.65095 failed to simulate with error NavigatorError:3: No start volume could be resolved
23:16:47    FatrasSimula   ERROR     event 3 particle id=8410642609307909139(vp=10|vs=8|p=29|g=0|sp=0)|pdg=n|q=0|m=0.939565|p=113.725 failed to simulate with error NavigatorError:3: No start volume could be resolved
23:16:47    FatrasSimula   ERROR     event 3 particle id=13273781862578099822(vp=10|vs=8|p=30|g=0|sp=0)|pdg=pi-|q=-1|m=0.13957|p=12.5544 failed to simulate with error NavigatorError:3: No start volume could be resolved
23:16:47    FatrasSimula   ERROR     event 3 particle id=9149946661460514269(vp=10|vs=9|p=31|g=0|sp=0)|pdg=p~|q=-1|m=0.938272|p=234.064 failed to simulate with error NavigatorError:3: No start volume could be resolved
23:16:47    FatrasSimula   ERROR     event 3 particle id=18220811408287043130(vp=10|vs=9|p=32|g=0|sp=0)|pdg=pi+|q=1|m=0.13957|p=33.3306 failed to simulate with error NavigatorError:3: No start volume could be resolved
23:16:47    FatrasSimula   ERROR     event 3 particle id=12019727829866958123(vp=11|vs=3|p=9|g=0|sp=0)|pdg=pi-|q=-1|m=0.13957|p=26.1872 failed to simulate with error NavigatorError:3: No start volume could be resolved
23:16:47    FatrasSimula   ERROR     event 3 particle id=11676039804132711287(vp=11|vs=4|p=7|g=0|sp=0)|pdg=p|q=1|m=0.938272|p=139.001 failed to simulate with error NavigatorError:3: No start volume could be resolved
23:16:47    FatrasSimula   ERROR     event 3 particle id=10518843909896925539(vp=11|vs=4|p=8|g=0|sp=0)|pdg=pi-|q=-1|m=0.13957|p=13.8497 failed to simulate with error NavigatorError:3: No start volume could be resolved
23:16:47    FatrasSimula   ERROR     event 3 particle id=305268249340505014(vp=15|vs=31|p=253|g=0|sp=0)|pdg=p|q=1|m=0.938272|p=16.9925 failed to simulate with error NavigatorError:3: No start volume could be resolved
23:16:47    FatrasSimula   ERROR     event 3 particle id=261990896021243853(vp=15|vs=31|p=254|g=0|sp=0)|pdg=pi-|q=-1|m=0.13957|p=4.4501 failed to simulate with error NavigatorError:3: No start volume could be resolved
23:16:47    FatrasSimula   ERROR     event 3 particle id=17429160333618542066(vp=15|vs=37|p=297|g=0|sp=0)|pdg=pi+|q=1|m=0.13957|p=67.4736 failed to simulate with error NavigatorError:3: No start volume could be resolved
23:16:47    FatrasSimula   ERROR     event 3 particle id=14241263973198438384(vp=15|vs=37|p=298|g=0|sp=0)|pdg=pi-|q=-1|m=0.13957|p=41.3899 failed to simulate with error NavigatorError:3: No start volume could be resolved
23:16:47    FatrasSimula   ERROR     event 3 particle id=18255504065162243199(vp=15|vs=47|p=413|g=0|sp=0)|pdg=n|q=0|m=0.939565|p=1006.62 failed to simulate with error NavigatorError:3: No start volume could be resolved
23:16:47    FatrasSimula   ERROR     event 3 particle id=16074491034103605168(vp=15|vs=47|p=414|g=0|sp=0)|pdg=pi-|q=-1|m=0.13957|p=191.549 failed to simulate with error NavigatorError:3: No start volume could be resolved
23:16:47    FatrasSimula   ERROR     event 3 particle id=15992013753183335855(vp=15|vs=48|p=415|g=0|sp=0)|pdg=n~|q=0|m=0.939565|p=269.799 failed to simulate with error NavigatorError:3: No start volume could be resolved
23:16:47    FatrasSimula   ERROR     event 3 particle id=16775120909833615386(vp=15|vs=48|p=416|g=0|sp=0)|pdg=pi+|q=1|m=0.13957|p=47.125 failed to simulate with error NavigatorError:3: No start volume could be resolved
23:16:47    FatrasSimula   ERROR     event 3 particle id=939449521685625758(vp=15|vs=74|p=633|g=0|sp=0)|pdg=pi+|q=1|m=0.13957|p=24.9655 failed to simulate with error NavigatorError:3: No start volume could be resolved
23:16:47    FatrasSimula   ERROR     event 3 particle id=9120853377869971196(vp=15|vs=74|p=634|g=0|sp=0)|pdg=pi-|q=-1|m=0.13957|p=9.059 failed to simulate with error NavigatorError:3: No start volume could be resolved
23:16:47    FatrasSimula   ERROR     event 3 particle id=17488635876379628828(vp=15|vs=80|p=669|g=0|sp=0)|pdg=pi+|q=1|m=0.13957|p=6.30139 failed to simulate with error NavigatorError:3: No start volume could be resolved
23:16:47    FatrasSimula   ERROR     event 3 particle id=10899727098762959049(vp=15|vs=80|p=670|g=0|sp=0)|pdg=pi-|q=-1|m=0.13957|p=55.0665 failed to simulate with error NavigatorError:3: No start volume could be resolved
23:16:47    FatrasSimula   ERROR     event 3 particle id=13431262640382474469(vp=16|vs=10|p=46|g=0|sp=0)|pdg=pi+|q=1|m=0.13957|p=1695.84 failed to simulate with error NavigatorError:3: No start volume could be resolved
23:16:47    FatrasSimula   ERROR     event 3 particle id=3935687046681639454(vp=16|vs=10|p=47|g=0|sp=0)|pdg=pi-|q=-1|m=0.13957|p=709.921 failed to simulate with error NavigatorError:3: No start volume could be resolved
23:16:47    FatrasSimula   ERROR     event 3 particle id=15267492999361703109(vp=17|vs=16|p=197|g=0|sp=0)|pdg=n|q=0|m=0.939565|p=184.655 failed to simulate with error NavigatorError:3: No start volume could be resolved
23:16:47    FatrasSimula   ERROR     event 3 particle id=1413855931675723479(vp=17|vs=16|p=198|g=0|sp=0)|pdg=pi-|q=-1|m=0.13957|p=7.61872 failed to simulate with error NavigatorError:3: No start volume could be resolved
23:16:47    FatrasSimula   ERROR     event 3 particle id=10998811397139806395(vp=18|vs=12|p=111|g=0|sp=0)|pdg=n~|q=0|m=0.939565|p=589.193 failed to simulate with error NavigatorError:3: No start volume could be resolved
23:16:47    FatrasSimula   ERROR     event 3 particle id=3324932165117006550(vp=18|vs=13|p=112|g=0|sp=0)|pdg=gamma|q=0|m=0|p=50.934 failed to simulate with error NavigatorError:3: No start volume could be resolved
23:16:47    FatrasSimula   ERROR     event 3 particle id=4388700109361549494(vp=18|vs=13|p=113|g=0|sp=0)|pdg=gamma|q=0|m=0|p=85.3042 failed to simulate with error NavigatorError:3: No start volume could be resolved
23:16:47    FatrasSimula   ERROR     event 3 particle id=1609757691478085341(vp=18|vs=14|p=114|g=0|sp=0)|pdg=n|q=0|m=0.939565|p=2277.05 failed to simulate with error NavigatorError:3: No start volume could be resolved
23:16:47    FatrasSimula   ERROR     event 3 particle id=17727718559122438052(vp=18|vs=15|p=115|g=0|sp=0)|pdg=gamma|q=0|m=0|p=83.7993 failed to simulate with error NavigatorError:3: No start volume could be resolved
23:16:47    FatrasSimula   ERROR     event 3 particle id=4555072672370079905(vp=18|vs=15|p=116|g=0|sp=0)|pdg=gamma|q=0|m=0|p=192.579 failed to simulate with error NavigatorError:3: No start volume could be resolved
23:16:47    FatrasSimula   ERROR     event 3 particle id=14642942920989764579(vp=23|vs=8|p=85|g=0|sp=0)|pdg=pi+|q=1|m=0.13957|p=25.3233 failed to simulate with error NavigatorError:3: No start volume could be resolved
23:16:47    FatrasSimula   ERROR     event 3 particle id=471419829573065102(vp=23|vs=8|p=86|g=0|sp=0)|pdg=pi-|q=-1|m=0.13957|p=24.7888 failed to simulate with error NavigatorError:3: No start volume could be resolved
23:16:47    FatrasSimula   ERROR     event 3 particle id=10058016619338317721(vp=23|vs=18|p=140|g=0|sp=0)|pdg=pi+|q=1|m=0.13957|p=32.9642 failed to simulate with error NavigatorError:3: No start volume could be resolved
23:16:47    FatrasSimula   ERROR     event 3 particle id=16947107169097902088(vp=23|vs=18|p=141|g=0|sp=0)|pdg=pi-|q=-1|m=0.13957|p=13.3311 failed to simulate with error NavigatorError:3: No start volume could be resolved
23:16:47    FatrasSimula   ERROR     event 3 particle id=15245390805979037517(vp=23|vs=21|p=145|g=0|sp=0)|pdg=n|q=0|m=0.939565|p=126.247 failed to simulate with error NavigatorError:3: No start volume could be resolved
23:16:47    FatrasSimula   ERROR     event 3 particle id=6050886929077581669(vp=23|vs=22|p=146|g=0|sp=0)|pdg=gamma|q=0|m=0|p=9.30518 failed to simulate with error NavigatorError:3: No start volume could be resolved
23:16:47    FatrasSimula   ERROR     event 3 particle id=10883371341193930235(vp=23|vs=22|p=147|g=0|sp=0)|pdg=gamma|q=0|m=0|p=12.2246 failed to simulate with error NavigatorError:3: No start volume could be resolved
23:16:47    FatrasSimula   ERROR     event 3 particle id=15653205705015961980(vp=23|vs=23|p=148|g=0|sp=0)|pdg=gamma|q=0|m=0|p=18.6907 failed to simulate with error NavigatorError:3: No start volume could be resolved
23:16:47    FatrasSimula   ERROR     event 3 particle id=13129722777901127787(vp=23|vs=23|p=149|g=0|sp=0)|pdg=gamma|q=0|m=0|p=0.748264 failed to simulate with error NavigatorError:3: No start volume could be resolved
23:16:47    FatrasSimula   ERROR     event 3 particle id=14315484019247672094(vp=23|vs=28|p=158|g=0|sp=0)|pdg=p~|q=-1|m=0.938272|p=50.6115 failed to simulate with error NavigatorError:3: No start volume could be resolved
23:16:47    FatrasSimula   ERROR     event 3 particle id=7324520242577259510(vp=23|vs=28|p=159|g=0|sp=0)|pdg=pi+|q=1|m=0.13957|p=12.3968 failed to simulate with error NavigatorError:3: No start volume could be resolved
23:16:47    FatrasSimula   ERROR     event 3 particle id=1942737091828205267(vp=23|vs=52|p=353|g=0|sp=0)|pdg=n|q=0|m=0.939565|p=197.988 failed to simulate with error NavigatorError:3: No start volume could be resolved
23:16:47    FatrasSimula   ERROR     event 3 particle id=7422690149660359888(vp=23|vs=52|p=354|g=0|sp=0)|pdg=pi-|q=-1|m=0.13957|p=45.0218 failed to simulate with error NavigatorError:3: No start volume could be resolved
23:16:47    FatrasSimula   ERROR     event 3 particle id=184795324433404578(vp=23|vs=53|p=358|g=0|sp=0)|pdg=pi+|q=1|m=0.13957|p=5.74805 failed to simulate with error NavigatorError:3: No start volume could be resolved
23:16:47    FatrasSimula   ERROR     event 3 particle id=13732296683005471830(vp=23|vs=54|p=355|g=0|sp=0)|pdg=n~|q=0|m=0.939565|p=36.9378 failed to simulate with error NavigatorError:3: No start volume could be resolved
23:16:47    FatrasSimula   ERROR     event 3 particle id=5889737881422824478(vp=23|vs=55|p=356|g=0|sp=0)|pdg=gamma|q=0|m=0|p=4.15498 failed to simulate with error NavigatorError:3: No start volume could be resolved
23:16:47    FatrasSimula   ERROR     event 3 particle id=11722978802123305729(vp=23|vs=55|p=357|g=0|sp=0)|pdg=gamma|q=0|m=0|p=4.98749 failed to simulate with error NavigatorError:3: No start volume could be resolved
23:16:47    FatrasSimula   ERROR     event 3 particle id=16521783008304790909(vp=25|vs=30|p=258|g=0|sp=0)|pdg=pi+|q=1|m=0.13957|p=1219.95 failed to simulate with error NavigatorError:3: No start volume could be resolved
23:16:47    FatrasSimula   ERROR     event 3 particle id=15050670462883114449(vp=25|vs=30|p=259|g=0|sp=0)|pdg=pi-|q=-1|m=0.13957|p=431.811 failed to simulate with error NavigatorError:3: No start volume could be resolved
23:16:47    FatrasSimula   ERROR     event 3 particle id=6830654783194888852(vp=27|vs=11|p=108|g=0|sp=0)|pdg=pi+|q=1|m=0.13957|p=18.289 failed to simulate with error NavigatorError:3: No start volume could be resolved
23:16:47    FatrasSimula   ERROR     event 3 particle id=16797102527804836682(vp=27|vs=11|p=109|g=0|sp=0)|pdg=pi-|q=-1|m=0.13957|p=63.8693 failed to simulate with error NavigatorError:3: No start volume could be resolved
23:16:47    FatrasSimula   ERROR     event 3 particle id=14891625797610079125(vp=27|vs=36|p=253|g=0|sp=0)|pdg=gamma|q=0|m=0|p=78.4573 failed to simulate with error NavigatorError:3: No start volume could be resolved
23:16:47    FatrasSimula   ERROR     event 3 particle id=4056032127037177272(vp=27|vs=36|p=254|g=0|sp=0)|pdg=gamma|q=0|m=0|p=14.7243 failed to simulate with error NavigatorError:3: No start volume could be resolved
23:16:47    FatrasSimula   ERROR     event 3 particle id=5636943242645000392(vp=27|vs=37|p=255|g=0|sp=0)|pdg=gamma|q=0|m=0|p=107.333 failed to simulate with error NavigatorError:3: No start volume could be resolved
23:16:47    FatrasSimula   ERROR     event 3 particle id=17159146853769683207(vp=27|vs=37|p=256|g=0|sp=0)|pdg=gamma|q=0|m=0|p=59.2071 failed to simulate with error NavigatorError:3: No start volume could be resolved
23:16:47    FatrasSimula   ERROR     event 3 particle id=8698416033156284451(vp=28|vs=24|p=169|g=0|sp=0)|pdg=pi+|q=1|m=0.13957|p=25.227 failed to simulate with error NavigatorError:3: No start volume could be resolved
23:16:47    FatrasSimula   ERROR     event 3 particle id=7506424135144732016(vp=28|vs=24|p=170|g=0|sp=0)|pdg=pi-|q=-1|m=0.13957|p=64.6998 failed to simulate with error NavigatorError:3: No start volume could be resolved
23:16:47    FatrasSimula   ERROR     event 3 particle id=9083778931935544319(vp=28|vs=30|p=233|g=0|sp=0)|pdg=gamma|q=0|m=0|p=14.9142 failed to simulate with error NavigatorError:3: No start volume could be resolved
23:16:47    FatrasSimula   ERROR     event 3 particle id=14284777717932838660(vp=28|vs=30|p=234|g=0|sp=0)|pdg=gamma|q=0|m=0|p=56.8327 failed to simulate with error NavigatorError:3: No start volume could be resolved
23:16:47    FatrasSimula   ERROR     event 3 particle id=7956837072607073305(vp=28|vs=31|p=235|g=0|sp=0)|pdg=gamma|q=0|m=0|p=22.6467 failed to simulate with error NavigatorError:3: No start volume could be resolved
23:16:47    FatrasSimula   ERROR     event 3 particle id=4070145819661219445(vp=28|vs=31|p=236|g=0|sp=0)|pdg=gamma|q=0|m=0|p=87.1217 failed to simulate with error NavigatorError:3: No start volume could be resolved
23:16:47    FatrasSimula   ERROR     event 3 particle id=13202409055777776232(vp=28|vs=33|p=239|g=0|sp=0)|pdg=gamma|q=0|m=0|p=17.844 failed to simulate with error NavigatorError:3: No start volume could be resolved
23:16:47    FatrasSimula   ERROR     event 3 particle id=8421149457779580336(vp=28|vs=33|p=240|g=0|sp=0)|pdg=gamma|q=0|m=0|p=42.064 failed to simulate with error NavigatorError:3: No start volume could be resolved
23:16:47    FatrasSimula   ERROR     event 3 particle id=17544697597333439041(vp=28|vs=34|p=241|g=0|sp=0)|pdg=gamma|q=0|m=0|p=144.517 failed to simulate with error NavigatorError:3: No start volume could be resolved
23:16:47    FatrasSimula   ERROR     event 3 particle id=15190783822851094337(vp=28|vs=34|p=242|g=0|sp=0)|pdg=gamma|q=0|m=0|p=219.175 failed to simulate with error NavigatorError:3: No start volume could be resolved
23:16:47    FatrasSimula   ERROR     event 3 particle id=8543762417694510778(vp=28|vs=37|p=253|g=0|sp=0)|pdg=p|q=1|m=0.938272|p=573.362 failed to simulate with error NavigatorError:3: No start volume could be resolved
23:16:47    FatrasSimula   ERROR     event 3 particle id=3684829343432892179(vp=28|vs=37|p=254|g=0|sp=0)|pdg=pi-|q=-1|m=0.13957|p=53.1621 failed to simulate with error NavigatorError:3: No start volume could be resolved
23:16:47    FatrasSimula   ERROR     event 3 particle id=8537238020747210363(vp=28|vs=47|p=288|g=0|sp=0)|pdg=pi+|q=1|m=0.13957|p=36.9 failed to simulate with error NavigatorError:3: No start volume could be resolved
23:16:47    FatrasSimula   ERROR     event 3 particle id=7443130575964304522(vp=28|vs=47|p=289|g=0|sp=0)|pdg=pi-|q=-1|m=0.13957|p=166.367 failed to simulate with error NavigatorError:3: No start volume could be resolved
23:16:47    FatrasSimula   ERROR     event 3 particle id=9189282590060326821(vp=30|vs=20|p=158|g=0|sp=0)|pdg=pi+|q=1|m=0.13957|p=1223.06 failed to simulate with error NavigatorError:3: No start volume could be resolved
23:16:47    FatrasSimula   ERROR     event 3 particle id=1229256560746403094(vp=30|vs=20|p=159|g=0|sp=0)|pdg=pi-|q=-1|m=0.13957|p=366.764 failed to simulate with error NavigatorError:3: No start volume could be resolved
23:16:47    FatrasSimula   ERROR     event 3 particle id=2812455400433213468(vp=30|vs=36|p=234|g=0|sp=0)|pdg=gamma|q=0|m=0|p=13.3237 failed to simulate with error NavigatorError:3: No start volume could be resolved
23:16:47    FatrasSimula   ERROR     event 3 particle id=13366750029582614226(vp=30|vs=36|p=235|g=0|sp=0)|pdg=gamma|q=0|m=0|p=5.91659 failed to simulate with error NavigatorError:3: No start volume could be resolved
23:16:47    FatrasSimula   ERROR     event 3 particle id=5504524107570274779(vp=30|vs=37|p=236|g=0|sp=0)|pdg=gamma|q=0|m=0|p=1.95749 failed to simulate with error NavigatorError:3: No start volume could be resolved
23:16:47    FatrasSimula   ERROR     event 3 particle id=15400262975396556770(vp=30|vs=37|p=237|g=0|sp=0)|pdg=gamma|q=0|m=0|p=6.84218 failed to simulate with error NavigatorError:3: No start volume could be resolved
23:16:47    FatrasSimula   ERROR     event 3 particle id=16945045328225329365(vp=31|vs=2|p=29|g=0|sp=0)|pdg=pi+|q=1|m=0.13957|p=95.884 failed to simulate with error NavigatorError:3: No start volume could be resolved
23:16:47    FatrasSimula   ERROR     event 3 particle id=18399679223288292254(vp=31|vs=2|p=30|g=0|sp=0)|pdg=pi-|q=-1|m=0.13957|p=20.5238 failed to simulate with error NavigatorError:3: No start volume could be resolved
23:16:47    FatrasSimula   ERROR     event 3 particle id=12216800792768626308(vp=31|vs=4|p=32|g=0|sp=0)|pdg=pi+|q=1|m=0.13957|p=441.039 failed to simulate with error NavigatorError:3: No start volume could be resolved
23:16:47    FatrasSimula   ERROR     event 3 particle id=17983793448960684584(vp=31|vs=4|p=33|g=0|sp=0)|pdg=pi-|q=-1|m=0.13957|p=62.1474 failed to simulate with error NavigatorError:3: No start volume could be resolved
23:16:47    FatrasSimula   ERROR     event 3 particle id=2505130462285622728(vp=32|vs=23|p=172|g=0|sp=0)|pdg=gamma|q=0|m=0|p=124.218 failed to simulate with error NavigatorError:3: No start volume could be resolved
23:16:47    FatrasSimula   ERROR     event 3 particle id=13694957413601182678(vp=32|vs=23|p=173|g=0|sp=0)|pdg=gamma|q=0|m=0|p=110.963 failed to simulate with error NavigatorError:3: No start volume could be resolved
23:16:47    FatrasSimula   ERROR     event 3 particle id=4878777769215296127(vp=32|vs=24|p=174|g=0|sp=0)|pdg=gamma|q=0|m=0|p=16.8837 failed to simulate with error NavigatorError:3: No start volume could be resolved
23:16:47    FatrasSimula   ERROR     event 3 particle id=10063172025994232566(vp=32|vs=24|p=175|g=0|sp=0)|pdg=gamma|q=0|m=0|p=90.3962 failed to simulate with error NavigatorError:3: No start volume could be resolved
23:16:47    FatrasSimula   ERROR     event 3 particle id=14884996989151447902(vp=32|vs=39|p=298|g=0|sp=0)|pdg=n|q=0|m=0.939565|p=742.928 failed to simulate with error NavigatorError:3: No start volume could be resolved
23:16:47    FatrasSimula   ERROR     event 3 particle id=6530673206209422859(vp=32|vs=40|p=299|g=0|sp=0)|pdg=gamma|q=0|m=0|p=183.36 failed to simulate with error NavigatorError:3: No start volume could be resolved
23:16:47    FatrasSimula   ERROR     event 3 particle id=15431616483117364826(vp=32|vs=40|p=300|g=0|sp=0)|pdg=gamma|q=0|m=0|p=8.70391 failed to simulate with error NavigatorError:3: No start volume could be resolved
23:16:47    FatrasSimula   ERROR     event 3 particle id=15424005899777759273(vp=32|vs=44|p=339|g=0|sp=0)|pdg=p|q=1|m=0.938272|p=73.5636 failed to simulate with error NavigatorError:3: No start volume could be resolved
23:16:47    FatrasSimula   ERROR     event 3 particle id=7772195592859726774(vp=32|vs=44|p=340|g=0|sp=0)|pdg=pi-|q=-1|m=0.13957|p=10.231 failed to simulate with error NavigatorError:3: No start volume could be resolved
23:16:47    FatrasSimula   ERROR     event 3 particle id=9420344401990105107(vp=33|vs=7|p=68|g=0|sp=0)|pdg=pi+|q=1|m=0.13957|p=64.3064 failed to simulate with error NavigatorError:3: No start volume could be resolved
23:16:47    FatrasSimula   ERROR     event 3 particle id=8133986515791810227(vp=33|vs=7|p=69|g=0|sp=0)|pdg=pi-|q=-1|m=0.13957|p=43.182 failed to simulate with error NavigatorError:3: No start volume could be resolved
23:16:47    FatrasSimula   ERROR     event 3 particle id=3795893186385037997(vp=34|vs=19|p=166|g=0|sp=0)|pdg=pi+|q=1|m=0.13957|p=51.9293 failed to simulate with error NavigatorError:3: No start volume could be resolved
23:16:47    FatrasSimula   ERROR     event 3 particle id=15226606624402571744(vp=34|vs=19|p=167|g=0|sp=0)|pdg=pi-|q=-1|m=0.13957|p=10.4484 failed to simulate with error NavigatorError:3: No start volume could be resolved
23:16:47    FatrasSimula   ERROR     event 3 particle id=15071389426628281890(vp=35|vs=8|p=54|g=0|sp=0)|pdg=p|q=1|m=0.938272|p=28.6582 failed to simulate with error NavigatorError:3: No start volume could be resolved
23:16:47    FatrasSimula   ERROR     event 3 particle id=18240779571295215470(vp=35|vs=8|p=55|g=0|sp=0)|pdg=pi-|q=-1|m=0.13957|p=6.85679 failed to simulate with error NavigatorError:3: No start volume could be resolved
23:16:47    FatrasSimula   ERROR     event 3 particle id=8337269569468817880(vp=35|vs=9|p=62|g=0|sp=0)|pdg=p~|q=-1|m=0.938272|p=48.4531 failed to simulate with error NavigatorError:3: No start volume could be resolved
23:16:47    FatrasSimula   ERROR     event 3 particle id=9577517101367470786(vp=35|vs=9|p=63|g=0|sp=0)|pdg=pi+|q=1|m=0.13957|p=8.93887 failed to simulate with error NavigatorError:3: No start volume could be resolved
23:16:47    FatrasSimula   ERROR     event 3 particle id=2569912116286336696(vp=35|vs=21|p=223|g=0|sp=0)|pdg=pi+|q=1|m=0.13957|p=11.2974 failed to simulate with error NavigatorError:3: No start volume could be resolved
23:16:47    FatrasSimula   ERROR     event 3 particle id=17785394018687502595(vp=35|vs=21|p=224|g=0|sp=0)|pdg=pi-|q=-1|m=0.13957|p=91.0762 failed to simulate with error NavigatorError:3: No start volume could be resolved
23:16:47    FatrasSimula   ERROR     event 3 particle id=17768115640848934035(vp=35|vs=25|p=234|g=0|sp=0)|pdg=p~|q=-1|m=0.938272|p=471.972 failed to simulate with error NavigatorError:3: No start volume could be resolved
23:16:47    FatrasSimula   ERROR     event 3 particle id=7990982013837707700(vp=35|vs=25|p=235|g=0|sp=0)|pdg=pi+|q=1|m=0.13957|p=67.5782 failed to simulate with error NavigatorError:3: No start volume could be resolved
23:16:47    FatrasSimula   ERROR     event 3 particle id=12885848738303474177(vp=35|vs=38|p=294|g=0|sp=0)|pdg=gamma|q=0|m=0|p=112.198 failed to simulate with error NavigatorError:3: No start volume could be resolved
23:16:47    FatrasSimula   ERROR     event 3 particle id=12276086040552583084(vp=35|vs=38|p=295|g=0|sp=0)|pdg=gamma|q=0|m=0|p=34.9254 failed to simulate with error NavigatorError:3: No start volume could be resolved
23:16:47    FatrasSimula   ERROR     event 3 particle id=15358407016461098201(vp=35|vs=39|p=296|g=0|sp=0)|pdg=gamma|q=0|m=0|p=12.4619 failed to simulate with error NavigatorError:3: No start volume could be resolved
23:16:47    FatrasSimula   ERROR     event 3 particle id=1516389806803850325(vp=35|vs=39|p=297|g=0|sp=0)|pdg=gamma|q=0|m=0|p=4.17369 failed to simulate with error NavigatorError:3: No start volume could be resolved
23:16:47    FatrasSimula   ERROR     event 3 particle id=1430679768325601028(vp=36|vs=7|p=60|g=0|sp=0)|pdg=pi+|q=1|m=0.13957|p=83.6766 failed to simulate with error NavigatorError:3: No start volume could be resolved
23:16:47    FatrasSimula   ERROR     event 3 particle id=13298604519227052229(vp=36|vs=7|p=61|g=0|sp=0)|pdg=pi-|q=-1|m=0.13957|p=30.3227 failed to simulate with error NavigatorError:3: No start volume could be resolved
23:16:47    FatrasSimula   ERROR     event 3 particle id=3383354405217144860(vp=38|vs=52|p=360|g=0|sp=0)|pdg=gamma|q=0|m=0|p=5.49073 failed to simulate with error NavigatorError:3: No start volume could be resolved
23:16:47    FatrasSimula   ERROR     event 3 particle id=5759180024197227392(vp=38|vs=52|p=361|g=0|sp=0)|pdg=gamma|q=0|m=0|p=34.1792 failed to simulate with error NavigatorError:3: No start volume could be resolved
23:16:47    FatrasSimula   ERROR     event 3 particle id=17830965904128696029(vp=38|vs=53|p=362|g=0|sp=0)|pdg=gamma|q=0|m=0|p=19.4581 failed to simulate with error NavigatorError:3: No start volume could be resolved
23:16:47    FatrasSimula   ERROR     event 3 particle id=7015752974283778695(vp=38|vs=53|p=363|g=0|sp=0)|pdg=gamma|q=0|m=0|p=141.228 failed to simulate with error NavigatorError:3: No start volume could be resolved
23:16:47    FatrasSimula   ERROR     event 3 particle id=14556129391103292522(vp=41|vs=2|p=10|g=0|sp=0)|pdg=pi+|q=1|m=0.13957|p=65.7971 failed to simulate with error NavigatorError:3: No start volume could be resolved
23:16:47    FatrasSimula   ERROR     event 3 particle id=1247791860337039377(vp=41|vs=2|p=11|g=0|sp=0)|pdg=pi-|q=-1|m=0.13957|p=154.472 failed to simulate with error NavigatorError:3: No start volume could be resolved
23:16:47    FatrasSimula   ERROR     event 3 particle id=6994825000582483241(vp=41|vs=4|p=16|g=0|sp=0)|pdg=pi+|q=1|m=0.13957|p=92.3627 failed to simulate with error NavigatorError:3: No start volume could be resolved
23:16:47    FatrasSimula   ERROR     event 3 particle id=12588895843444426105(vp=41|vs=4|p=17|g=0|sp=0)|pdg=pi-|q=-1|m=0.13957|p=127.961 failed to simulate with error NavigatorError:3: No start volume could be resolved
23:16:47    FatrasSimula   ERROR     event 3 particle id=17298155865466778323(vp=43|vs=13|p=71|g=0|sp=0)|pdg=gamma|q=0|m=0|p=38.065 failed to simulate with error NavigatorError:3: No start volume could be resolved
23:16:47    FatrasSimula   ERROR     event 3 particle id=3439061001385082381(vp=43|vs=13|p=72|g=0|sp=0)|pdg=gamma|q=0|m=0|p=25.0626 failed to simulate with error NavigatorError:3: No start volume could be resolved
23:16:47    FatrasSimula   ERROR     event 3 particle id=5807383269747144072(vp=43|vs=14|p=73|g=0|sp=0)|pdg=gamma|q=0|m=0|p=99.2465 failed to simulate with error NavigatorError:3: No start volume could be resolved
23:16:47    FatrasSimula   ERROR     event 3 particle id=10195385909117804771(vp=43|vs=14|p=74|g=0|sp=0)|pdg=gamma|q=0|m=0|p=36.4316 failed to simulate with error NavigatorError:3: No start volume could be resolved
23:16:47    FatrasSimula   ERROR     event 3 particle id=14915076189026110534(vp=43|vs=24|p=169|g=0|sp=0)|pdg=n~|q=0|m=0.939565|p=517.269 failed to simulate with error NavigatorError:3: No start volume could be resolved
23:16:47    FatrasSimula   ERROR     event 3 particle id=2200511033650093187(vp=43|vs=25|p=170|g=0|sp=0)|pdg=gamma|q=0|m=0|p=28.2246 failed to simulate with error NavigatorError:3: No start volume could be resolved
23:16:47    FatrasSimula   ERROR     event 3 particle id=8763790538596891286(vp=43|vs=25|p=171|g=0|sp=0)|pdg=gamma|q=0|m=0|p=23.8094 failed to simulate with error NavigatorError:3: No start volume could be resolved
23:16:47    FatrasSimula   ERROR     event 3 particle id=10291318699113315178(vp=43|vs=40|p=222|g=0|sp=0)|pdg=gamma|q=0|m=0|p=4.15383 failed to simulate with error NavigatorError:3: No start volume could be resolved
23:16:47    FatrasSimula   ERROR     event 3 particle id=9416947946173404719(vp=43|vs=40|p=223|g=0|sp=0)|pdg=gamma|q=0|m=0|p=98.0924 failed to simulate with error NavigatorError:3: No start volume could be resolved
23:16:47    FatrasSimula   ERROR     event 3 particle id=6137237770630859671(vp=43|vs=41|p=224|g=0|sp=0)|pdg=gamma|q=0|m=0|p=36.0118 failed to simulate with error NavigatorError:3: No start volume could be resolved
23:16:47    FatrasSimula   ERROR     event 3 particle id=1734831564556672424(vp=43|vs=41|p=225|g=0|sp=0)|pdg=gamma|q=0|m=0|p=31.9834 failed to simulate with error NavigatorError:3: No start volume could be resolved
23:16:47    FatrasSimula   ERROR     event 3 particle id=17583821615628329540(vp=44|vs=3|p=32|g=0|sp=0)|pdg=p~|q=-1|m=0.938272|p=138.998 failed to simulate with error NavigatorError:3: No start volume could be resolved
23:16:47    FatrasSimula   ERROR     event 3 particle id=9100016666804719337(vp=44|vs=3|p=33|g=0|sp=0)|pdg=pi+|q=1|m=0.13957|p=38.5935 failed to simulate with error NavigatorError:3: No start volume could be resolved
23:16:47    FatrasSimula   ERROR     event 3 particle id=14873915641006738927(vp=44|vs=6|p=61|g=0|sp=0)|pdg=n~|q=0|m=0.939565|p=83.8425 failed to simulate with error NavigatorError:3: No start volume could be resolved
23:16:47    FatrasSimula   ERROR     event 3 particle id=17574726731744233316(vp=44|vs=6|p=62|g=0|sp=0)|pdg=gamma|q=0|m=0|p=12.8973 failed to simulate with error NavigatorError:3: No start volume could be resolved
23:16:47    FatrasSimula   ERROR     event 3 particle id=11468923519695421878(vp=44|vs=6|p=63|g=0|sp=0)|pdg=gamma|q=0|m=0|p=9.03818 failed to simulate with error NavigatorError:3: No start volume could be resolved
23:16:47    FatrasSimula   ERROR     event 3 particle id=14985179965174362937(vp=46|vs=11|p=121|g=0|sp=0)|pdg=pi+|q=1|m=0.13957|p=513.265 failed to simulate with error NavigatorError:3: No start volume could be resolved
23:16:47    FatrasSimula   ERROR     event 3 particle id=2390299457895544251(vp=46|vs=11|p=122|g=0|sp=0)|pdg=pi-|q=-1|m=0.13957|p=310.675 failed to simulate with error NavigatorError:3: No start volume could be resolved
23:16:47    FatrasSimula   ERROR     event 3 particle id=11610219507378374056(vp=46|vs=13|p=127|g=0|sp=0)|pdg=gamma|q=0|m=0|p=85.4891 failed to simulate with error NavigatorError:3: No start volume could be resolved
23:16:47    FatrasSimula   ERROR     event 3 particle id=9229565655915318698(vp=46|vs=13|p=128|g=0|sp=0)|pdg=gamma|q=0|m=0|p=97.6991 failed to simulate with error NavigatorError:3: No start volume could be resolved
23:16:47    FatrasSimula   ERROR     event 3 particle id=7705885805778195581(vp=46|vs=14|p=125|g=0|sp=0)|pdg=gamma|q=0|m=0|p=23.8904 failed to simulate with error NavigatorError:3: No start volume could be resolved
23:16:47    FatrasSimula   ERROR     event 3 particle id=5661502327578272413(vp=46|vs=14|p=126|g=0|sp=0)|pdg=gamma|q=0|m=0|p=30.9582 failed to simulate with error NavigatorError:3: No start volume could be resolved
23:16:47    FatrasSimula   ERROR     event 3 particle id=15773021483498342822(vp=51|vs=10|p=123|g=0|sp=0)|pdg=gamma|q=0|m=0|p=8.07116 failed to simulate with error NavigatorError:3: No start volume could be resolved
23:16:47    FatrasSimula   ERROR     event 3 particle id=10330548040153043315(vp=51|vs=10|p=124|g=0|sp=0)|pdg=gamma|q=0|m=0|p=32.6591 failed to simulate with error NavigatorError:3: No start volume could be resolved
23:16:47    FatrasSimula   ERROR     event 3 particle id=9449077398515060222(vp=51|vs=11|p=121|g=0|sp=0)|pdg=gamma|q=0|m=0|p=63.7509 failed to simulate with error NavigatorError:3: No start volume could be resolved
23:16:47    FatrasSimula   ERROR     event 3 particle id=8499256294259620681(vp=51|vs=11|p=122|g=0|sp=0)|pdg=gamma|q=0|m=0|p=81.3334 failed to simulate with error NavigatorError:3: No start volume could be resolved
23:16:47    FatrasSimula   ERROR     event 3 particle id=2988485522026470815(vp=51|vs=27|p=328|g=0|sp=0)|pdg=gamma|q=0|m=0|p=92.5942 failed to simulate with error NavigatorError:3: No start volume could be resolved
23:16:47    FatrasSimula   ERROR     event 3 particle id=3943316447342322635(vp=51|vs=27|p=329|g=0|sp=0)|pdg=gamma|q=0|m=0|p=303.916 failed to simulate with error NavigatorError:3: No start volume could be resolved
23:16:47    FatrasSimula   ERROR     event 3 particle id=14970579646191030517(vp=51|vs=28|p=330|g=0|sp=0)|pdg=gamma|q=0|m=0|p=38.9759 failed to simulate with error NavigatorError:3: No start volume could be resolved
23:16:47    FatrasSimula   ERROR     event 3 particle id=8176507806336749472(vp=51|vs=28|p=331|g=0|sp=0)|pdg=gamma|q=0|m=0|p=92.8904 failed to simulate with error NavigatorError:3: No start volume could be resolved
23:16:47    FatrasSimula   ERROR     event 3 particle id=4978340101541849649(vp=51|vs=29|p=333|g=0|sp=0)|pdg=pi+|q=1|m=0.13957|p=73.5987 failed to simulate with error NavigatorError:3: No start volume could be resolved
23:16:47    FatrasSimula   ERROR     event 3 particle id=17185096181574550861(vp=51|vs=29|p=334|g=0|sp=0)|pdg=pi-|q=-1|m=0.13957|p=159.993 failed to simulate with error NavigatorError:3: No start volume could be resolved
23:16:47    FatrasSimula   ERROR     event 3 particle id=6593384547192591809(vp=53|vs=10|p=42|g=0|sp=0)|pdg=pi+|q=1|m=0.13957|p=1075.33 failed to simulate with error NavigatorError:3: No start volume could be resolved
23:16:47    FatrasSimula   ERROR     event 3 particle id=11997132711207411468(vp=53|vs=10|p=43|g=0|sp=0)|pdg=pi-|q=-1|m=0.13957|p=944.528 failed to simulate with error NavigatorError:3: No start volume could be resolved
23:16:47    FatrasSimula   ERROR     event 3 particle id=7883103561567966643(vp=53|vs=11|p=44|g=0|sp=0)|pdg=n|q=0|m=0.939565|p=2754.84 failed to simulate with error NavigatorError:3: No start volume could be resolved
23:16:47    FatrasSimula   ERROR     event 3 particle id=188293361623719269(vp=53|vs=12|p=45|g=0|sp=0)|pdg=gamma|q=0|m=0|p=303.309 failed to simulate with error NavigatorError:3: No start volume could be resolved
23:16:47    FatrasSimula   ERROR     event 3 particle id=17603312323340428428(vp=53|vs=12|p=46|g=0|sp=0)|pdg=gamma|q=0|m=0|p=326.681 failed to simulate with error NavigatorError:3: No start volume could be resolved
23:16:47    FatrasSimula   ERROR     event 3 particle id=8895832833619887384(vp=54|vs=9|p=58|g=0|sp=0)|pdg=p|q=1|m=0.938272|p=1448.97 failed to simulate with error NavigatorError:3: No start volume could be resolved
23:16:47    FatrasSimula   ERROR     event 3 particle id=14925228870671089963(vp=54|vs=9|p=59|g=0|sp=0)|pdg=pi-|q=-1|m=0.13957|p=137.36 failed to simulate with error NavigatorError:3: No start volume could be resolved
23:16:47    FatrasSimula   ERROR     event 3 particle id=9799634764978385727(vp=56|vs=1|p=1|g=0|sp=0)|pdg=n|q=0|m=0.939565|p=353.202 failed to simulate with error NavigatorError:3: No start volume could be resolved
23:16:47    FatrasSimula   ERROR     event 3 particle id=18048312362999301743(vp=56|vs=1|p=2|g=0|sp=0)|pdg=pi-|q=-1|m=0.13957|p=166.071 failed to simulate with error NavigatorError:3: No start volume could be resolved
23:16:47    FatrasSimula   ERROR     event 3 particle id=17626789707037906780(vp=56|vs=2|p=3|g=0|sp=0)|pdg=n~|q=0|m=0.939565|p=662.973 failed to simulate with error NavigatorError:3: No start volume could be resolved
23:16:47    FatrasSimula   ERROR     event 3 particle id=6988795924598261457(vp=56|vs=2|p=4|g=0|sp=0)|pdg=pi+|q=1|m=0.13957|p=34.9948 failed to simulate with error NavigatorError:3: No start volume could be resolved
23:16:47    FatrasSimula   ERROR     event 3 particle id=4277436553730078706(vp=56|vs=20|p=95|g=0|sp=0)|pdg=n|q=0|m=0.939565|p=794.688 failed to simulate with error NavigatorError:3: No start volume could be resolved
23:16:47    FatrasSimula   ERROR     event 3 particle id=5064772022201552824(vp=56|vs=20|p=96|g=0|sp=0)|pdg=pi+|q=1|m=0.13957|p=262.447 failed to simulate with error NavigatorError:3: No start volume could be resolved
23:16:47    FatrasSimula   ERROR     event 3 particle id=636953479565891799(vp=58|vs=16|p=120|g=0|sp=0)|pdg=pi+|q=1|m=0.13957|p=54.0701 failed to simulate with error NavigatorError:3: No start volume could be resolved
23:16:47    FatrasSimula   ERROR     event 3 particle id=5847454093392877811(vp=58|vs=16|p=121|g=0|sp=0)|pdg=pi-|q=-1|m=0.13957|p=85.1218 failed to simulate with error NavigatorError:3: No start volume could be resolved
23:16:47    FatrasSimula   ERROR     event 3 particle id=16839154363771744294(vp=58|vs=42|p=430|g=0|sp=0)|pdg=pi+|q=1|m=0.13957|p=49.2453 failed to simulate with error NavigatorError:3: No start volume could be resolved
23:16:47    FatrasSimula   ERROR     event 3 particle id=5684442115451417735(vp=58|vs=42|p=431|g=0|sp=0)|pdg=pi-|q=-1|m=0.13957|p=9.53715 failed to simulate with error NavigatorError:3: No start volume could be resolved
23:16:47    FatrasSimula   ERROR     event 3 particle id=8079389478111697886(vp=59|vs=27|p=219|g=0|sp=0)|pdg=pi+|q=1|m=0.13957|p=173.537 failed to simulate with error NavigatorError:3: No start volume could be resolved
23:16:47    FatrasSimula   ERROR     event 3 particle id=1034592950322588659(vp=59|vs=27|p=220|g=0|sp=0)|pdg=pi-|q=-1|m=0.13957|p=154.029 failed to simulate with error NavigatorError:3: No start volume could be resolved
23:16:47    FatrasSimula   ERROR     event 3 particle id=6330044708424450768(vp=59|vs=33|p=231|g=0|sp=0)|pdg=n|q=0|m=0.939565|p=174.661 failed to simulate with error NavigatorError:3: No start volume could be resolved
23:16:47    FatrasSimula   ERROR     event 3 particle id=14279100617290043111(vp=59|vs=33|p=232|g=0|sp=0)|pdg=gamma|q=0|m=0|p=21.665 failed to simulate with error NavigatorError:3: No start volume could be resolved
23:16:47    FatrasSimula   ERROR     event 3 particle id=8731068398365075649(vp=59|vs=33|p=233|g=0|sp=0)|pdg=gamma|q=0|m=0|p=6.50754 failed to simulate with error NavigatorError:3: No start volume could be resolved
23:16:47    FatrasSimula   ERROR     event 3 particle id=17410728738097363803(vp=59|vs=37|p=247|g=0|sp=0)|pdg=n~|q=0|m=0.939565|p=46.5758 failed to simulate with error NavigatorError:3: No start volume could be resolved
23:16:47    FatrasSimula   ERROR     event 3 particle id=7430295260369087881(vp=59|vs=37|p=248|g=0|sp=0)|pdg=pi+|q=1|m=0.13957|p=9.89408 failed to simulate with error NavigatorError:3: No start volume could be resolved
23:16:47    FatrasSimula   ERROR     event 3 particle id=7480254721166331607(vp=59|vs=52|p=394|g=0|sp=0)|pdg=n~|q=0|m=0.939565|p=21.4919 failed to simulate with error NavigatorError:3: No start volume could be resolved
23:16:47    FatrasSimula   ERROR     event 3 particle id=14467749997861413810(vp=59|vs=52|p=395|g=0|sp=0)|pdg=gamma|q=0|m=0|p=3.25503 failed to simulate with error NavigatorError:3: No start volume could be resolved
23:16:47    FatrasSimula   ERROR     event 3 particle id=18026375972073575043(vp=59|vs=52|p=396|g=0|sp=0)|pdg=gamma|q=0|m=0|p=2.91872 failed to simulate with error NavigatorError:3: No start volume could be resolved
23:16:47    FatrasSimula   ERROR     event 3 particle id=5270829106813632507(vp=59|vs=62|p=426|g=0|sp=0)|pdg=p|q=1|m=0.938272|p=508.45 failed to simulate with error NavigatorError:3: No start volume could be resolved
23:16:47    FatrasSimula   ERROR     event 3 particle id=13796524219708565583(vp=59|vs=62|p=427|g=0|sp=0)|pdg=pi-|q=-1|m=0.13957|p=54.5548 failed to simulate with error NavigatorError:3: No start volume could be resolved
23:16:47    FatrasSimula   ERROR     event 3 particle id=17728556554907442056(vp=59|vs=64|p=429|g=0|sp=0)|pdg=p~|q=-1|m=0.938272|p=400.77 failed to simulate with error NavigatorError:3: No start volume could be resolved
23:16:47    FatrasSimula   ERROR     event 3 particle id=14861298645461467021(vp=59|vs=64|p=430|g=0|sp=0)|pdg=pi+|q=1|m=0.13957|p=33.8189 failed to simulate with error NavigatorError:3: No start volume could be resolved
23:16:47    FatrasSimula   ERROR     event 3 particle id=4433350221094618029(vp=59|vs=65|p=431|g=0|sp=0)|pdg=gamma|q=0|m=0|p=25.843 failed to simulate with error NavigatorError:3: No start volume could be resolved
23:16:47    FatrasSimula   ERROR     event 3 particle id=7789583648321122681(vp=59|vs=65|p=432|g=0|sp=0)|pdg=gamma|q=0|m=0|p=57.1368 failed to simulate with error NavigatorError:3: No start volume could be resolved
23:16:47    FatrasSimula   ERROR     event 3 particle id=4893637421494678299(vp=60|vs=1|p=41|g=0|sp=0)|pdg=p|q=1|m=0.938272|p=689.024 failed to simulate with error NavigatorError:3: No start volume could be resolved
23:16:47    FatrasSimula   ERROR     event 3 particle id=3344989290486442749(vp=60|vs=1|p=42|g=0|sp=0)|pdg=pi-|q=-1|m=0.13957|p=100.596 failed to simulate with error NavigatorError:3: No start volume could be resolved
23:16:47    FatrasSimula   ERROR     event 3 particle id=1573295496787173277(vp=62|vs=30|p=201|g=0|sp=0)|pdg=gamma|q=0|m=0|p=9.41684 failed to simulate with error NavigatorError:3: No start volume could be resolved
23:16:47    FatrasSimula   ERROR     event 3 particle id=1640787660785728401(vp=62|vs=30|p=202|g=0|sp=0)|pdg=gamma|q=0|m=0|p=23.4622 failed to simulate with error NavigatorError:3: No start volume could be resolved
23:16:47    FatrasSimula   ERROR     event 3 particle id=8705057799045396583(vp=62|vs=31|p=203|g=0|sp=0)|pdg=gamma|q=0|m=0|p=4.38146 failed to simulate with error NavigatorError:3: No start volume could be resolved
23:16:47    FatrasSimula   ERROR     event 3 particle id=13897139903119652130(vp=62|vs=31|p=204|g=0|sp=0)|pdg=gamma|q=0|m=0|p=2.71768 failed to simulate with error NavigatorError:3: No start volume could be resolved
23:16:47    FatrasSimula   ERROR     event 3 particle id=2491059193217023692(vp=62|vs=43|p=293|g=0|sp=0)|pdg=n|q=0|m=0.939565|p=665.914 failed to simulate with error NavigatorError:3: No start volume could be resolved
23:16:47    FatrasSimula   ERROR     event 3 particle id=10262809369836686354(vp=62|vs=44|p=294|g=0|sp=0)|pdg=gamma|q=0|m=0|p=72.2811 failed to simulate with error NavigatorError:3: No start volume could be resolved
23:16:47    FatrasSimula   ERROR     event 3 particle id=7062035063411813206(vp=62|vs=44|p=295|g=0|sp=0)|pdg=gamma|q=0|m=0|p=52.1246 failed to simulate with error NavigatorError:3: No start volume could be resolved
23:16:47    FatrasSimula   ERROR     event 3 particle id=13780873172334287791(vp=62|vs=46|p=298|g=0|sp=0)|pdg=p~|q=-1|m=0.938272|p=356.238 failed to simulate with error NavigatorError:3: No start volume could be resolved
23:16:47    FatrasSimula   ERROR     event 3 particle id=13299785226362993045(vp=62|vs=47|p=299|g=0|sp=0)|pdg=gamma|q=0|m=0|p=4.689 failed to simulate with error NavigatorError:3: No start volume could be resolved
23:16:47    FatrasSimula   ERROR     event 3 particle id=10057956080251809425(vp=62|vs=47|p=300|g=0|sp=0)|pdg=gamma|q=0|m=0|p=42.6573 failed to simulate with error NavigatorError:3: No start volume could be resolved
23:16:47    FatrasSimula   ERROR     event 3 particle id=9725649563522564032(vp=63|vs=8|p=96|g=0|sp=0)|pdg=n|q=0|m=0.939565|p=2950.54 failed to simulate with error NavigatorError:3: No start volume could be resolved
23:16:47    FatrasSimula   ERROR     event 3 particle id=17241002067601345610(vp=63|vs=9|p=97|g=0|sp=0)|pdg=gamma|q=0|m=0|p=50.3343 failed to simulate with error NavigatorError:3: No start volume could be resolved
23:16:47    FatrasSimula   ERROR     event 3 particle id=15300623090904303706(vp=63|vs=9|p=98|g=0|sp=0)|pdg=gamma|q=0|m=0|p=154.345 failed to simulate with error NavigatorError:3: No start volume could be resolved
23:16:47    FatrasSimula   ERROR     event 3 particle id=14313863418450799915(vp=63|vs=22|p=184|g=0|sp=0)|pdg=p|q=1|m=0.938272|p=35.3056 failed to simulate with error NavigatorError:3: No start volume could be resolved
23:16:47    FatrasSimula   ERROR     event 3 particle id=12164539470774727239(vp=63|vs=22|p=185|g=0|sp=0)|pdg=pi-|q=-1|m=0.13957|p=10.0566 failed to simulate with error NavigatorError:3: No start volume could be resolved
23:16:47    FatrasSimula   ERROR     event 3 particle id=17864487033309266348(vp=64|vs=9|p=45|g=0|sp=0)|pdg=gamma|q=0|m=0|p=19.685 failed to simulate with error NavigatorError:3: No start volume could be resolved
23:16:47    FatrasSimula   ERROR     event 3 particle id=4961029054785052633(vp=64|vs=9|p=46|g=0|sp=0)|pdg=gamma|q=0|m=0|p=18.4374 failed to simulate with error NavigatorError:3: No start volume could be resolved
23:16:47    FatrasSimula   ERROR     event 3 particle id=618135740874633051(vp=64|vs=10|p=47|g=0|sp=0)|pdg=gamma|q=0|m=0|p=46.5346 failed to simulate with error NavigatorError:3: No start volume could be resolved
23:16:47    FatrasSimula   ERROR     event 3 particle id=8793196489053792458(vp=64|vs=10|p=48|g=0|sp=0)|pdg=gamma|q=0|m=0|p=227.619 failed to simulate with error NavigatorError:3: No start volume could be resolved
23:16:47    FatrasSimula   ERROR     event 3 particle id=6794662838255287844(vp=65|vs=3|p=40|g=0|sp=0)|pdg=p~|q=-1|m=0.938272|p=19.6577 failed to simulate with error NavigatorError:3: No start volume could be resolved
23:16:47    FatrasSimula   ERROR     event 3 particle id=16953384053903904036(vp=65|vs=3|p=41|g=0|sp=0)|pdg=pi+|q=1|m=0.13957|p=4.19669 failed to simulate with error NavigatorError:3: No start volume could be resolved
23:16:47    FatrasSimula   ERROR     event 3 particle id=14453780136299236282(vp=66|vs=8|p=62|g=0|sp=0)|pdg=p~|q=-1|m=0.938272|p=95.3957 failed to simulate with error NavigatorError:3: No start volume could be resolved
23:16:47    FatrasSimula   ERROR     event 3 particle id=5905372338666594564(vp=66|vs=8|p=63|g=0|sp=0)|pdg=pi+|q=1|m=0.13957|p=13.4184 failed to simulate with error NavigatorError:3: No start volume could be resolved
23:16:47    FatrasSimula   ERROR     event 3 particle id=15457438193041292422(vp=68|vs=5|p=44|g=0|sp=0)|pdg=n|q=0|m=0.939565|p=98.6828 failed to simulate with error NavigatorError:3: No start volume could be resolved
23:16:47    FatrasSimula   ERROR     event 3 particle id=5118159912208265956(vp=68|vs=5|p=45|g=0|sp=0)|pdg=gamma|q=0|m=0|p=4.90997 failed to simulate with error NavigatorError:3: No start volume could be resolved
23:16:47    FatrasSimula   ERROR     event 3 particle id=7586540018911146975(vp=68|vs=5|p=46|g=0|sp=0)|pdg=gamma|q=0|m=0|p=1.48227 failed to simulate with error NavigatorError:3: No start volume could be resolved
23:16:47    FatrasSimula   ERROR     event 3 particle id=14037493463050919186(vp=68|vs=6|p=49|g=0|sp=0)|pdg=n~|q=0|m=0.939565|p=675.312 failed to simulate with error NavigatorError:3: No start volume could be resolved
23:16:47    FatrasSimula   ERROR     event 3 particle id=369515455647617734(vp=68|vs=6|p=50|g=0|sp=0)|pdg=gamma|q=0|m=0|p=205.681 failed to simulate with error NavigatorError:3: No start volume could be resolved
23:16:47    FatrasSimula   ERROR     event 3 particle id=6917131327739418289(vp=68|vs=14|p=102|g=0|sp=0)|pdg=n|q=0|m=0.939565|p=1435.92 failed to simulate with error NavigatorError:3: No start volume could be resolved
23:16:47    FatrasSimula   ERROR     event 3 particle id=3580580341144795555(vp=68|vs=14|p=103|g=0|sp=0)|pdg=pi+|q=1|m=0.13957|p=239.733 failed to simulate with error NavigatorError:3: No start volume could be resolved
23:16:47    FatrasSimula   ERROR     event 3 particle id=10125332054400778529(vp=69|vs=16|p=123|g=0|sp=0)|pdg=p~|q=-1|m=0.938272|p=111.328 failed to simulate with error NavigatorError:3: No start volume could be resolved
23:16:47    FatrasSimula   ERROR     event 3 particle id=5107451003616259312(vp=69|vs=16|p=124|g=0|sp=0)|pdg=pi+|q=1|m=0.13957|p=14.4043 failed to simulate with error NavigatorError:3: No start volume could be resolved
23:16:47    FatrasSimula   ERROR     event 3 particle id=13634916699046406917(vp=69|vs=22|p=157|g=0|sp=0)|pdg=gamma|q=0|m=0|p=1.44886 failed to simulate with error NavigatorError:3: No start volume could be resolved
23:16:47    FatrasSimula   ERROR     event 3 particle id=12693180863297764209(vp=69|vs=22|p=158|g=0|sp=0)|pdg=gamma|q=0|m=0|p=13.0993 failed to simulate with error NavigatorError:3: No start volume could be resolved
23:16:47    FatrasSimula   ERROR     event 3 particle id=5799188934640073748(vp=69|vs=23|p=155|g=0|sp=0)|pdg=gamma|q=0|m=0|p=26.4241 failed to simulate with error NavigatorError:3: No start volume could be resolved
23:16:47    FatrasSimula   ERROR     event 3 particle id=1785567800949494504(vp=69|vs=23|p=156|g=0|sp=0)|pdg=gamma|q=0|m=0|p=18.1187 failed to simulate with error NavigatorError:3: No start volume could be resolved
23:16:47    FatrasSimula   ERROR     event 3 particle id=12905986893345150417(vp=69|vs=51|p=507|g=0|sp=0)|pdg=n|q=0|m=0.939565|p=108.047 failed to simulate with error NavigatorError:3: No start volume could be resolved
23:16:47    FatrasSimula   ERROR     event 3 particle id=11971650887071956272(vp=69|vs=51|p=508|g=0|sp=0)|pdg=gamma|q=0|m=0|p=2.36599 failed to simulate with error NavigatorError:3: No start volume could be resolved
23:16:47    FatrasSimula   ERROR     event 3 particle id=17458613008477685770(vp=69|vs=51|p=509|g=0|sp=0)|pdg=gamma|q=0|m=0|p=4.71638 failed to simulate with error NavigatorError:3: No start volume could be resolved
23:16:47    FatrasSimula   ERROR     event 3 particle id=12015370694291208943(vp=69|vs=74|p=670|g=0|sp=0)|pdg=p|q=1|m=0.938272|p=2714.2 failed to simulate with error NavigatorError:3: No start volume could be resolved
23:16:47    FatrasSimula   ERROR     event 3 particle id=12779687875710903025(vp=69|vs=74|p=671|g=0|sp=0)|pdg=pi-|q=-1|m=0.13957|p=692.456 failed to simulate with error NavigatorError:3: No start volume could be resolved
23:16:47    FatrasSimula   ERROR     event 3 particle id=7330528017017383392(vp=70|vs=6|p=58|g=0|sp=0)|pdg=n|q=0|m=0.939565|p=419.135 failed to simulate with error NavigatorError:3: No start volume could be resolved
23:16:47    FatrasSimula   ERROR     event 3 particle id=12464279069040357961(vp=70|vs=7|p=59|g=0|sp=0)|pdg=gamma|q=0|m=0|p=95.1985 failed to simulate with error NavigatorError:3: No start volume could be resolved
23:16:47    FatrasSimula   ERROR     event 3 particle id=15494415734641380481(vp=70|vs=7|p=60|g=0|sp=0)|pdg=gamma|q=0|m=0|p=17.8027 failed to simulate with error NavigatorError:3: No start volume could be resolved
23:16:47    FatrasSimula   ERROR     event 3 particle id=3960274544064299207(vp=70|vs=13|p=81|g=0|sp=0)|pdg=pi+|q=1|m=0.13957|p=40.1871 failed to simulate with error NavigatorError:3: No start volume could be resolved
23:16:47    FatrasSimula   ERROR     event 3 particle id=1640228883690506330(vp=70|vs=13|p=82|g=0|sp=0)|pdg=pi-|q=-1|m=0.13957|p=138.983 failed to simulate with error NavigatorError:3: No start volume could be resolved
23:16:47    FatrasSimula   ERROR     event 3 particle id=3012638965571608510(vp=71|vs=14|p=195|g=0|sp=0)|pdg=p|q=1|m=0.938272|p=567.591 failed to simulate with error NavigatorError:3: No start volume could be resolved
23:16:47    FatrasSimula   ERROR     event 3 particle id=12838732000937564554(vp=71|vs=14|p=196|g=0|sp=0)|pdg=pi-|q=-1|m=0.13957|p=109.891 failed to simulate with error NavigatorError:3: No start volume could be resolved
23:16:47    FatrasSimula   ERROR     event 3 particle id=9287194817157913129(vp=71|vs=15|p=197|g=0|sp=0)|pdg=p~|q=-1|m=0.938272|p=160.064 failed to simulate with error NavigatorError:3: No start volume could be resolved
23:16:47    FatrasSimula   ERROR     event 3 particle id=7324333178674080454(vp=71|vs=15|p=198|g=0|sp=0)|pdg=pi+|q=1|m=0.13957|p=25.9719 failed to simulate with error NavigatorError:3: No start volume could be resolved
23:16:47    FatrasSimula   ERROR     event 3 particle id=15655387333569944100(vp=71|vs=63|p=610|g=0|sp=0)|pdg=p|q=1|m=0.938272|p=373.84 failed to simulate with error NavigatorError:3: No start volume could be resolved
23:16:47    FatrasSimula   ERROR     event 3 particle id=15867151238518616714(vp=71|vs=63|p=611|g=0|sp=0)|pdg=pi-|q=-1|m=0.13957|p=56.9002 failed to simulate with error NavigatorError:3: No start volume could be resolved
23:16:47    FatrasSimula   ERROR     event 3 particle id=15654183164446384884(vp=75|vs=8|p=88|g=0|sp=0)|pdg=pi+|q=1|m=0.13957|p=403.906 failed to simulate with error NavigatorError:3: No start volume could be resolved
23:16:47    FatrasSimula   ERROR     event 3 particle id=4019982622036336037(vp=75|vs=8|p=89|g=0|sp=0)|pdg=pi-|q=-1|m=0.13957|p=132.594 failed to simulate with error NavigatorError:3: No start volume could be resolved
23:16:47    FatrasSimula   ERROR     event 3 particle id=2244683302277065562(vp=79|vs=16|p=175|g=0|sp=0)|pdg=p|q=1|m=0.938272|p=21.5504 failed to simulate with error NavigatorError:3: No start volume could be resolved
23:16:47    FatrasSimula   ERROR     event 3 particle id=12272502533443042956(vp=79|vs=16|p=176|g=0|sp=0)|pdg=pi-|q=-1|m=0.13957|p=5.60783 failed to simulate with error NavigatorError:3: No start volume could be resolved
23:16:47    FatrasSimula   ERROR     event 3 particle id=3536207005285766155(vp=79|vs=17|p=177|g=0|sp=0)|pdg=gamma|q=0|m=0|p=2.13937 failed to simulate with error NavigatorError:3: No start volume could be resolved
23:16:47    FatrasSimula   ERROR     event 3 particle id=11140852252928586626(vp=79|vs=17|p=178|g=0|sp=0)|pdg=gamma|q=0|m=0|p=0.67327 failed to simulate with error NavigatorError:3: No start volume could be resolved
23:16:47    FatrasSimula   ERROR     event 3 particle id=15013877912186344576(vp=80|vs=12|p=63|g=0|sp=0)|pdg=gamma|q=0|m=0|p=22.6555 failed to simulate with error NavigatorError:3: No start volume could be resolved
23:16:47    FatrasSimula   ERROR     event 3 particle id=1159689502480437435(vp=80|vs=12|p=64|g=0|sp=0)|pdg=gamma|q=0|m=0|p=24.3898 failed to simulate with error NavigatorError:3: No start volume could be resolved
23:16:47    FatrasSimula   ERROR     event 3 particle id=1131278320098832155(vp=80|vs=13|p=65|g=0|sp=0)|pdg=gamma|q=0|m=0|p=61.1243 failed to simulate with error NavigatorError:3: No start volume could be resolved
23:16:47    FatrasSimula   ERROR     event 3 particle id=9000019675077373456(vp=80|vs=13|p=66|g=0|sp=0)|pdg=gamma|q=0|m=0|p=36.9826 failed to simulate with error NavigatorError:3: No start volume could be resolved
23:16:47    FatrasSimula   ERROR     event 3 particle id=4961101289453247088(vp=80|vs=26|p=120|g=0|sp=0)|pdg=n|q=0|m=0.939565|p=3434.86 failed to simulate with error NavigatorError:3: No start volume could be resolved
23:16:47    FatrasSimula   ERROR     event 3 particle id=11422284983469635712(vp=80|vs=27|p=121|g=0|sp=0)|pdg=gamma|q=0|m=0|p=82.9353 failed to simulate with error NavigatorError:3: No start volume could be resolved
23:16:47    FatrasSimula   ERROR     event 3 particle id=5992617116473444315(vp=80|vs=27|p=122|g=0|sp=0)|pdg=gamma|q=0|m=0|p=950.169 failed to simulate with error NavigatorError:3: No start volume could be resolved
23:16:47    FatrasSimula   ERROR     event 3 particle id=5590775104399621043(vp=81|vs=6|p=61|g=0|sp=0)|pdg=p|q=1|m=0.938272|p=55.5462 failed to simulate with error NavigatorError:3: No start volume could be resolved
23:16:47    FatrasSimula   ERROR     event 3 particle id=15904247274419303513(vp=81|vs=6|p=62|g=0|sp=0)|pdg=pi-|q=-1|m=0.13957|p=15.5793 failed to simulate with error NavigatorError:3: No start volume could be resolved
23:16:47    FatrasSimula   ERROR     event 3 particle id=9725624017414820856(vp=81|vs=40|p=306|g=0|sp=0)|pdg=pi+|q=1|m=0.13957|p=124.368 failed to simulate with error NavigatorError:3: No start volume could be resolved
23:16:47    FatrasSimula   ERROR     event 3 particle id=14797530934329851238(vp=81|vs=40|p=307|g=0|sp=0)|pdg=pi-|q=-1|m=0.13957|p=233.739 failed to simulate with error NavigatorError:3: No start volume could be resolved
23:16:47    FatrasSimula   ERROR     event 3 particle id=8317166524177810981(vp=82|vs=5|p=38|g=0|sp=0)|pdg=p|q=1|m=0.938272|p=2784.12 failed to simulate with error NavigatorError:3: No start volume could be resolved
23:16:47    FatrasSimula   ERROR     event 3 particle id=16807552712392302041(vp=82|vs=6|p=39|g=0|sp=0)|pdg=gamma|q=0|m=0|p=130.511 failed to simulate with error NavigatorError:3: No start volume could be resolved
23:16:47    FatrasSimula   ERROR     event 3 particle id=8070151593522651078(vp=82|vs=6|p=40|g=0|sp=0)|pdg=gamma|q=0|m=0|p=18.0432 failed to simulate with error NavigatorError:3: No start volume could be resolved
23:16:47    FatrasSimula   ERROR     event 3 particle id=11068354983166649965(vp=84|vs=5|p=44|g=0|sp=0)|pdg=p|q=1|m=0.938272|p=93.9886 failed to simulate with error NavigatorError:3: No start volume could be resolved
23:16:47    FatrasSimula   ERROR     event 3 particle id=6764256546675426311(vp=84|vs=5|p=45|g=0|sp=0)|pdg=pi-|q=-1|m=0.13957|p=14.3744 failed to simulate with error NavigatorError:3: No start volume could be resolved
23:16:47    FatrasSimula   ERROR     event 3 particle id=6600640506143194121(vp=85|vs=18|p=106|g=0|sp=0)|pdg=pi+|q=1|m=0.13957|p=50.5826 failed to simulate with error NavigatorError:3: No start volume could be resolved
23:16:47    FatrasSimula   ERROR     event 3 particle id=17163171384585673033(vp=85|vs=18|p=107|g=0|sp=0)|pdg=pi-|q=-1|m=0.13957|p=54.2965 failed to simulate with error NavigatorError:3: No start volume could be resolved
23:16:47    FatrasSimula   ERROR     event 3 particle id=2468505441074032983(vp=85|vs=31|p=234|g=0|sp=0)|pdg=pi+|q=1|m=0.13957|p=87.2517 failed to simulate with error NavigatorError:3: No start volume could be resolved
23:16:47    FatrasSimula   ERROR     event 3 particle id=5055448208765211482(vp=85|vs=31|p=235|g=0|sp=0)|pdg=pi-|q=-1|m=0.13957|p=20.0174 failed to simulate with error NavigatorError:3: No start volume could be resolved
23:16:47    FatrasSimula   ERROR     event 3 particle id=11758656576824510596(vp=91|vs=2|p=4|g=0|sp=0)|pdg=p|q=1|m=0.938272|p=387.402 failed to simulate with error NavigatorError:3: No start volume could be resolved
23:16:47    FatrasSimula   ERROR     event 3 particle id=672317473483473863(vp=91|vs=2|p=5|g=0|sp=0)|pdg=pi-|q=-1|m=0.13957|p=32.0187 failed to simulate with error NavigatorError:3: No start volume could be resolved
23:16:47    FatrasSimula   ERROR     event 3 particle id=2689844634182413336(vp=91|vs=15|p=128|g=0|sp=0)|pdg=gamma|q=0|m=0|p=159.927 failed to simulate with error NavigatorError:3: No start volume could be resolved
23:16:47    FatrasSimula   ERROR     event 3 particle id=16475704594151860689(vp=91|vs=15|p=129|g=0|sp=0)|pdg=gamma|q=0|m=0|p=16.2963 failed to simulate with error NavigatorError:3: No start volume could be resolved
23:16:47    FatrasSimula   ERROR     event 3 particle id=8659085431969701359(vp=91|vs=16|p=130|g=0|sp=0)|pdg=gamma|q=0|m=0|p=153.147 failed to simulate with error NavigatorError:3: No start volume could be resolved
23:16:47    FatrasSimula   ERROR     event 3 particle id=6185752190808484429(vp=91|vs=16|p=131|g=0|sp=0)|pdg=gamma|q=0|m=0|p=74.7081 failed to simulate with error NavigatorError:3: No start volume could be resolved
23:16:47    FatrasSimula   ERROR     event 3 particle id=8982236319285921886(vp=91|vs=19|p=148|g=0|sp=0)|pdg=n|q=0|m=0.939565|p=492.383 failed to simulate with error NavigatorError:3: No start volume could be resolved
23:16:47    FatrasSimula   ERROR     event 3 particle id=4253286530900412591(vp=91|vs=20|p=149|g=0|sp=0)|pdg=gamma|q=0|m=0|p=129.066 failed to simulate with error NavigatorError:3: No start volume could be resolved
23:16:47    FatrasSimula   ERROR     event 3 particle id=8375655104340274219(vp=91|vs=20|p=150|g=0|sp=0)|pdg=gamma|q=0|m=0|p=19.467 failed to simulate with error NavigatorError:3: No start volume could be resolved
23:16:47    FatrasSimula   ERROR     event 3 particle id=2792547284135676132(vp=91|vs=21|p=151|g=0|sp=0)|pdg=p~|q=-1|m=0.938272|p=193.198 failed to simulate with error NavigatorError:3: No start volume could be resolved
23:16:47    FatrasSimula   ERROR     event 3 particle id=5253001469276752422(vp=91|vs=21|p=152|g=0|sp=0)|pdg=pi+|q=1|m=0.13957|p=24.2213 failed to simulate with error NavigatorError:3: No start volume could be resolved
23:16:47    FatrasSimula   ERROR     event 3 particle id=16460982127028719296(vp=93|vs=5|p=12|g=0|sp=0)|pdg=gamma|q=0|m=0|p=127.095 failed to simulate with error NavigatorError:3: No start volume could be resolved
23:16:47    FatrasSimula   ERROR     event 3 particle id=9089647755515722527(vp=93|vs=5|p=13|g=0|sp=0)|pdg=gamma|q=0|m=0|p=227.043 failed to simulate with error NavigatorError:3: No start volume could be resolved
23:16:47    FatrasSimula   ERROR     event 3 particle id=12965711734527015807(vp=93|vs=6|p=14|g=0|sp=0)|pdg=gamma|q=0|m=0|p=44.4002 failed to simulate with error NavigatorError:3: No start volume could be resolved
23:16:47    FatrasSimula   ERROR     event 3 particle id=3207001951480172071(vp=93|vs=6|p=15|g=0|sp=0)|pdg=gamma|q=0|m=0|p=10.8456 failed to simulate with error NavigatorError:3: No start volume could be resolved
23:16:47    FatrasSimula   ERROR     event 3 particle id=11426332934324405080(vp=94|vs=7|p=41|g=0|sp=0)|pdg=p|q=1|m=0.938272|p=1418.84 failed to simulate with error NavigatorError:3: No start volume could be resolved
23:16:47    FatrasSimula   ERROR     event 3 particle id=588249971738573683(vp=94|vs=7|p=42|g=0|sp=0)|pdg=pi-|q=-1|m=0.13957|p=150.972 failed to simulate with error NavigatorError:3: No start volume could be resolved
23:16:47    FatrasSimula   ERROR     event 3 particle id=7783698492038722918(vp=94|vs=20|p=94|g=0|sp=0)|pdg=p|q=1|m=0.938272|p=905.892 failed to simulate with error NavigatorError:3: No start volume could be resolved
23:16:47    FatrasSimula   ERROR     event 3 particle id=15736248514862911039(vp=94|vs=20|p=95|g=0|sp=0)|pdg=pi-|q=-1|m=0.13957|p=75.527 failed to simulate with error NavigatorError:3: No start volume could be resolved
23:16:47    FatrasSimula   ERROR     event 3 particle id=5067626220207390677(vp=95|vs=7|p=33|g=0|sp=0)|pdg=pi+|q=1|m=0.13957|p=95.8599 failed to simulate with error NavigatorError:3: No start volume could be resolved
23:16:47    FatrasSimula   ERROR     event 3 particle id=5994720832267306066(vp=95|vs=7|p=34|g=0|sp=0)|pdg=pi-|q=-1|m=0.13957|p=35.1366 failed to simulate with error NavigatorError:3: No start volume could be resolved
23:16:47    FatrasSimula   ERROR     event 3 particle id=9360218930097328334(vp=100|vs=2|p=17|g=0|sp=0)|pdg=n|q=0|m=0.939565|p=999.299 failed to simulate with error NavigatorError:3: No start volume could be resolved
23:16:47    FatrasSimula   ERROR     event 3 particle id=9444985461584820621(vp=100|vs=2|p=18|g=0|sp=0)|pdg=pi-|q=-1|m=0.13957|p=281.071 failed to simulate with error NavigatorError:3: No start volume could be resolved
23:16:47    FatrasSimula   ERROR     event 3 particle id=2430030929295103440(vp=103|vs=13|p=126|g=0|sp=0)|pdg=gamma|q=0|m=0|p=121.41 failed to simulate with error NavigatorError:3: No start volume could be resolved
23:16:47    FatrasSimula   ERROR     event 3 particle id=16320080226880894943(vp=103|vs=13|p=127|g=0|sp=0)|pdg=gamma|q=0|m=0|p=58.4605 failed to simulate with error NavigatorError:3: No start volume could be resolved
23:16:47    FatrasSimula   ERROR     event 3 particle id=13588793323118779118(vp=103|vs=14|p=124|g=0|sp=0)|pdg=gamma|q=0|m=0|p=108.996 failed to simulate with error NavigatorError:3: No start volume could be resolved
23:16:47    FatrasSimula   ERROR     event 3 particle id=18120168419899818159(vp=103|vs=14|p=125|g=0|sp=0)|pdg=gamma|q=0|m=0|p=108.445 failed to simulate with error NavigatorError:3: No start volume could be resolved
23:16:47    FatrasSimula   ERROR     event 3 particle id=39476024372333409(vp=103|vs=34|p=282|g=0|sp=0)|pdg=pi+|q=1|m=0.13957|p=62.901 failed to simulate with error NavigatorError:3: No start volume could be resolved
23:16:47    FatrasSimula   ERROR     event 3 particle id=2495194482853464646(vp=103|vs=34|p=283|g=0|sp=0)|pdg=pi-|q=-1|m=0.13957|p=6.8388 failed to simulate with error NavigatorError:3: No start volume could be resolved
23:16:47    FatrasSimula   ERROR     event 3 particle id=12733151607231463817(vp=104|vs=6|p=49|g=0|sp=0)|pdg=pi+|q=1|m=0.13957|p=209.129 failed to simulate with error NavigatorError:3: No start volume could be resolved
23:16:47    FatrasSimula   ERROR     event 3 particle id=9011392583921166662(vp=104|vs=6|p=50|g=0|sp=0)|pdg=pi-|q=-1|m=0.13957|p=315.106 failed to simulate with error NavigatorError:3: No start volume could be resolved
23:16:47    FatrasSimula   ERROR     event 3 particle id=14151173181145113523(vp=104|vs=21|p=155|g=0|sp=0)|pdg=pi+|q=1|m=0.13957|p=248.346 failed to simulate with error NavigatorError:3: No start volume could be resolved
23:16:47    FatrasSimula   ERROR     event 3 particle id=16223434925585059184(vp=104|vs=21|p=156|g=0|sp=0)|pdg=pi-|q=-1|m=0.13957|p=26.3138 failed to simulate with error NavigatorError:3: No start volume could be resolved
23:16:47    FatrasSimula   ERROR     event 3 particle id=14757518001463935665(vp=104|vs=36|p=240|g=0|sp=0)|pdg=gamma|q=0|m=0|p=29.345 failed to simulate with error NavigatorError:3: No start volume could be resolved
23:16:47    FatrasSimula   ERROR     event 3 particle id=16418717262943377181(vp=104|vs=36|p=241|g=0|sp=0)|pdg=gamma|q=0|m=0|p=76.8389 failed to simulate with error NavigatorError:3: No start volume could be resolved
23:16:47    FatrasSimula   ERROR     event 3 particle id=8949136053749547731(vp=104|vs=37|p=242|g=0|sp=0)|pdg=gamma|q=0|m=0|p=36.3641 failed to simulate with error NavigatorError:3: No start volume could be resolved
23:16:47    FatrasSimula   ERROR     event 3 particle id=10942101019680073645(vp=104|vs=37|p=243|g=0|sp=0)|pdg=gamma|q=0|m=0|p=21.0423 failed to simulate with error NavigatorError:3: No start volume could be resolved
23:16:47    FatrasSimula   ERROR     event 3 particle id=3541670402297499289(vp=106|vs=12|p=117|g=0|sp=0)|pdg=p|q=1|m=0.938272|p=124.049 failed to simulate with error NavigatorError:3: No start volume could be resolved
23:16:47    FatrasSimula   ERROR     event 3 particle id=17177815278000857036(vp=106|vs=13|p=118|g=0|sp=0)|pdg=gamma|q=0|m=0|p=26.3919 failed to simulate with error NavigatorError:3: No start volume could be resolved
23:16:47    FatrasSimula   ERROR     event 3 particle id=10969112617164330916(vp=106|vs=13|p=119|g=0|sp=0)|pdg=gamma|q=0|m=0|p=2.08059 failed to simulate with error NavigatorError:3: No start volume could be resolved
23:16:47    FatrasSimula   ERROR     event 3 particle id=6617575298811799130(vp=106|vs=14|p=120|g=0|sp=0)|pdg=p~|q=-1|m=0.938272|p=137.42 failed to simulate with error NavigatorError:3: No start volume could be resolved
23:16:47    FatrasSimula   ERROR     event 3 particle id=16901896759528749643(vp=106|vs=14|p=121|g=0|sp=0)|pdg=pi+|q=1|m=0.13957|p=17.1235 failed to simulate with error NavigatorError:3: No start volume could be resolved
23:16:47    FatrasSimula   ERROR     event 3 particle id=484060489168229820(vp=106|vs=15|p=124|g=0|sp=0)|pdg=p|q=1|m=0.938272|p=810.791 failed to simulate with error NavigatorError:3: No start volume could be resolved
23:16:47    FatrasSimula   ERROR     event 3 particle id=10697499544346883320(vp=106|vs=15|p=125|g=0|sp=0)|pdg=gamma|q=0|m=0|p=66.6749 failed to simulate with error NavigatorError:3: No start volume could be resolved
23:16:47    FatrasSimula   ERROR     event 3 particle id=4501150221677500793(vp=106|vs=15|p=126|g=0|sp=0)|pdg=gamma|q=0|m=0|p=8.09773 failed to simulate with error NavigatorError:3: No start volume could be resolved
23:16:47    FatrasSimula   ERROR     event 3 particle id=10487607575042966649(vp=106|vs=16|p=127|g=0|sp=0)|pdg=p~|q=-1|m=0.938272|p=317.729 failed to simulate with error NavigatorError:3: No start volume could be resolved
23:16:47    FatrasSimula   ERROR     event 3 particle id=3866871827245612550(vp=106|vs=17|p=128|g=0|sp=0)|pdg=gamma|q=0|m=0|p=106.005 failed to simulate with error NavigatorError:3: No start volume could be resolved
23:16:47    FatrasSimula   ERROR     event 3 particle id=16889928899394355099(vp=109|vs=6|p=14|g=0|sp=0)|pdg=pi+|q=1|m=0.13957|p=55.2393 failed to simulate with error NavigatorError:3: No start volume could be resolved
23:16:47    FatrasSimula   ERROR     event 3 particle id=3898801245921158835(vp=109|vs=6|p=15|g=0|sp=0)|pdg=pi-|q=-1|m=0.13957|p=31.0425 failed to simulate with error NavigatorError:3: No start volume could be resolved
23:16:47    FatrasSimula   ERROR     event 3 particle id=3667179982729516239(vp=109|vs=20|p=175|g=0|sp=0)|pdg=pi+|q=1|m=0.13957|p=34.2271 failed to simulate with error NavigatorError:3: No start volume could be resolved
23:16:47    FatrasSimula   ERROR     event 3 particle id=7788509805122524435(vp=109|vs=20|p=176|g=0|sp=0)|pdg=pi-|q=-1|m=0.13957|p=53.7304 failed to simulate with error NavigatorError:3: No start volume could be resolved
23:16:47    FatrasSimula   ERROR     event 3 particle id=11385626002115821538(vp=109|vs=26|p=187|g=0|sp=0)|pdg=gamma|q=0|m=0|p=214.796 failed to simulate with error NavigatorError:3: No start volume could be resolved
23:16:47    FatrasSimula   ERROR     event 3 particle id=15542842793672827508(vp=109|vs=26|p=188|g=0|sp=0)|pdg=gamma|q=0|m=0|p=0.550086 failed to simulate with error NavigatorError:3: No start volume could be resolved
23:16:47    FatrasSimula   ERROR     event 3 particle id=8703851210976499938(vp=109|vs=27|p=189|g=0|sp=0)|pdg=gamma|q=0|m=0|p=21.7369 failed to simulate with error NavigatorError:3: No start volume could be resolved
23:16:47    FatrasSimula   ERROR     event 3 particle id=6943702585889974288(vp=109|vs=27|p=190|g=0|sp=0)|pdg=gamma|q=0|m=0|p=311.542 failed to simulate with error NavigatorError:3: No start volume could be resolved
23:16:47    FatrasSimula   ERROR     event 3 particle id=3045090469032111114(vp=109|vs=64|p=433|g=0|sp=0)|pdg=p|q=1|m=0.938272|p=115.868 failed to simulate with error NavigatorError:3: No start volume could be resolved
23:16:47    FatrasSimula   ERROR     event 3 particle id=8541220199022120635(vp=109|vs=64|p=434|g=0|sp=0)|pdg=pi-|q=-1|m=0.13957|p=8.14176 failed to simulate with error NavigatorError:3: No start volume could be resolved
23:16:47    FatrasSimula   ERROR     event 3 particle id=2924725103916237082(vp=110|vs=12|p=98|g=0|sp=0)|pdg=n|q=0|m=0.939565|p=380.134 failed to simulate with error NavigatorError:3: No start volume could be resolved
23:16:47    FatrasSimula   ERROR     event 3 particle id=8277065745260343271(vp=110|vs=12|p=99|g=0|sp=0)|pdg=gamma|q=0|m=0|p=6.62118 failed to simulate with error NavigatorError:3: No start volume could be resolved
23:16:47    FatrasSimula   ERROR     event 3 particle id=613849319629146723(vp=110|vs=12|p=100|g=0|sp=0)|pdg=gamma|q=0|m=0|p=30.3287 failed to simulate with error NavigatorError:3: No start volume could be resolved
23:16:47    FatrasSimula   ERROR     event 3 particle id=8947638679930328099(vp=110|vs=18|p=145|g=0|sp=0)|pdg=pi+|q=1|m=0.13957|p=173.626 failed to simulate with error NavigatorError:3: No start volume could be resolved
23:16:47    FatrasSimula   ERROR     event 3 particle id=4589825964725475076(vp=110|vs=18|p=146|g=0|sp=0)|pdg=pi-|q=-1|m=0.13957|p=62.1033 failed to simulate with error NavigatorError:3: No start volume could be resolved
23:16:47    FatrasSimula   ERROR     event 3 particle id=11325304648399436472(vp=111|vs=5|p=52|g=0|sp=0)|pdg=pi+|q=1|m=0.13957|p=3.55319 failed to simulate with error NavigatorError:3: No start volume could be resolved
23:16:47    FatrasSimula   ERROR     event 3 particle id=14548515901940387040(vp=111|vs=5|p=53|g=0|sp=0)|pdg=pi-|q=-1|m=0.13957|p=16.4847 failed to simulate with error NavigatorError:3: No start volume could be resolved
23:16:47    FatrasSimula   ERROR     event 3 particle id=3954368464335882995(vp=111|vs=52|p=426|g=0|sp=0)|pdg=n|q=0|m=0.939565|p=794.711 failed to simulate with error NavigatorError:3: No start volume could be resolved
23:16:47    FatrasSimula   ERROR     event 3 particle id=9550317434154594267(vp=111|vs=53|p=427|g=0|sp=0)|pdg=gamma|q=0|m=0|p=138.869 failed to simulate with error NavigatorError:3: No start volume could be resolved
23:16:47    FatrasSimula   ERROR     event 3 particle id=12920892057345938778(vp=111|vs=53|p=428|g=0|sp=0)|pdg=gamma|q=0|m=0|p=104.054 failed to simulate with error NavigatorError:3: No start volume could be resolved
23:16:47    FatrasSimula   ERROR     event 3 particle id=4242416701390321680(vp=111|vs=54|p=429|g=0|sp=0)|pdg=gamma|q=0|m=0|p=77.695 failed to simulate with error NavigatorError:3: No start volume could be resolved
23:16:47    FatrasSimula   ERROR     event 3 particle id=17421031736288658413(vp=111|vs=54|p=430|g=0|sp=0)|pdg=gamma|q=0|m=0|p=121.507 failed to simulate with error NavigatorError:3: No start volume could be resolved
23:16:47    FatrasSimula   ERROR     event 3 particle id=9890659991581629046(vp=111|vs=57|p=436|g=0|sp=0)|pdg=n~|q=0|m=0.939565|p=222.742 failed to simulate with error NavigatorError:3: No start volume could be resolved
23:16:47    FatrasSimula   ERROR     event 3 particle id=9342268285406653452(vp=111|vs=57|p=437|g=0|sp=0)|pdg=pi+|q=1|m=0.13957|p=17.8266 failed to simulate with error NavigatorError:3: No start volume could be resolved
23:16:47    FatrasSimula   ERROR     event 3 particle id=8599344685304402629(vp=111|vs=60|p=444|g=0|sp=0)|pdg=gamma|q=0|m=0|p=37.6328 failed to simulate with error NavigatorError:3: No start volume could be resolved
23:16:47    FatrasSimula   ERROR     event 3 particle id=15618766741916856627(vp=111|vs=60|p=445|g=0|sp=0)|pdg=gamma|q=0|m=0|p=30.9043 failed to simulate with error NavigatorError:3: No start volume could be resolved
23:16:47    FatrasSimula   ERROR     event 3 particle id=8255784433296375730(vp=111|vs=61|p=446|g=0|sp=0)|pdg=gamma|q=0|m=0|p=14.1407 failed to simulate with error NavigatorError:3: No start volume could be resolved
23:16:47    FatrasSimula   ERROR     event 3 particle id=11462673047409749540(vp=111|vs=61|p=447|g=0|sp=0)|pdg=gamma|q=0|m=0|p=24.7749 failed to simulate with error NavigatorError:3: No start volume could be resolved
23:16:47    FatrasSimula   ERROR     event 3 particle id=8746480760109674793(vp=113|vs=4|p=26|g=0|sp=0)|pdg=n~|q=0|m=0.939565|p=81.7597 failed to simulate with error NavigatorError:3: No start volume could be resolved
23:16:47    FatrasSimula   ERROR     event 3 particle id=1264806699680021077(vp=113|vs=4|p=27|g=0|sp=0)|pdg=gamma|q=0|m=0|p=4.93517 failed to simulate with error NavigatorError:3: No start volume could be resolved
23:16:47    FatrasSimula   ERROR     event 3 particle id=15070665522534070098(vp=113|vs=4|p=28|g=0|sp=0)|pdg=gamma|q=0|m=0|p=15.4896 failed to simulate with error NavigatorError:3: No start volume could be resolved
23:16:47    FatrasSimula   ERROR     event 3 particle id=5021892979998463443(vp=113|vs=17|p=176|g=0|sp=0)|pdg=p|q=1|m=0.938272|p=339.37 failed to simulate with error NavigatorError:3: No start volume could be resolved
23:16:47    FatrasSimula   ERROR     event 3 particle id=2746529436944929499(vp=113|vs=17|p=177|g=0|sp=0)|pdg=pi-|q=-1|m=0.13957|p=35.6394 failed to simulate with error NavigatorError:3: No start volume could be resolved
23:16:47    FatrasSimula   ERROR     event 3 particle id=4698886669253839006(vp=113|vs=19|p=181|g=0|sp=0)|pdg=n~|q=0|m=0.939565|p=1550.24 failed to simulate with error NavigatorError:3: No start volume could be resolved
23:16:47    FatrasSimula   ERROR     event 3 particle id=8879887966465220757(vp=113|vs=19|p=182|g=0|sp=0)|pdg=pi+|q=1|m=0.13957|p=75.0353 failed to simulate with error NavigatorError:3: No start volume could be resolved
23:16:47    FatrasSimula   ERROR     event 3 particle id=5903609068414056089(vp=117|vs=10|p=86|g=0|sp=0)|pdg=n|q=0|m=0.939565|p=38.0923 failed to simulate with error NavigatorError:3: No start volume could be resolved
23:16:47    FatrasSimula   ERROR     event 3 particle id=3816749669382736668(vp=117|vs=11|p=87|g=0|sp=0)|pdg=gamma|q=0|m=0|p=3.0527 failed to simulate with error NavigatorError:3: No start volume could be resolved
23:16:47    FatrasSimula   ERROR     event 3 particle id=3731515924429760047(vp=117|vs=24|p=184|g=0|sp=0)|pdg=pi+|q=1|m=0.13957|p=43.0665 failed to simulate with error NavigatorError:3: No start volume could be resolved
23:16:47    FatrasSimula   ERROR     event 3 particle id=4754130409660191463(vp=117|vs=24|p=185|g=0|sp=0)|pdg=pi-|q=-1|m=0.13957|p=206.929 failed to simulate with error NavigatorError:3: No start volume could be resolved
23:16:47    FatrasSimula   ERROR     event 3 particle id=4310257810581789639(vp=117|vs=33|p=245|g=0|sp=0)|pdg=p|q=1|m=0.938272|p=86.1732 failed to simulate with error NavigatorError:3: No start volume could be resolved
23:16:47    FatrasSimula   ERROR     event 3 particle id=16685464205750047424(vp=117|vs=33|p=246|g=0|sp=0)|pdg=pi-|q=-1|m=0.13957|p=17.6112 failed to simulate with error NavigatorError:3: No start volume could be resolved
23:16:47    FatrasSimula   ERROR     event 3 particle id=12476267687287411738(vp=120|vs=7|p=27|g=0|sp=0)|pdg=p|q=1|m=0.938272|p=317.346 failed to simulate with error NavigatorError:3: No start volume could be resolved
23:16:47    FatrasSimula   ERROR     event 3 particle id=13842759019928735685(vp=120|vs=7|p=28|g=0|sp=0)|pdg=pi-|q=-1|m=0.13957|p=89.2542 failed to simulate with error NavigatorError:3: No start volume could be resolved
23:16:47    FatrasSimula   ERROR     event 3 particle id=13205291767818721075(vp=120|vs=11|p=38|g=0|sp=0)|pdg=pi+|q=1|m=0.13957|p=21.7484 failed to simulate with error NavigatorError:3: No start volume could be resolved
23:16:47    FatrasSimula   ERROR     event 3 particle id=2658369271932646542(vp=120|vs=11|p=39|g=0|sp=0)|pdg=pi-|q=-1|m=0.13957|p=191.807 failed to simulate with error NavigatorError:3: No start volume could be resolved
23:16:47    FatrasSimula   ERROR     event 3 particle id=9319063181823130070(vp=120|vs=12|p=42|g=0|sp=0)|pdg=pi+|q=1|m=0.13957|p=14.1591 failed to simulate with error NavigatorError:3: No start volume could be resolved
23:16:47    FatrasSimula   ERROR     event 3 particle id=1359746690647422747(vp=120|vs=12|p=43|g=0|sp=0)|pdg=pi-|q=-1|m=0.13957|p=17.1774 failed to simulate with error NavigatorError:3: No start volume could be resolved
23:16:47    FatrasSimula   ERROR     event 3 particle id=11721862026404862264(vp=123|vs=11|p=98|g=0|sp=0)|pdg=pi+|q=1|m=0.13957|p=269.015 failed to simulate with error NavigatorError:3: No start volume could be resolved
23:16:47    FatrasSimula   ERROR     event 3 particle id=13840582268222733198(vp=123|vs=11|p=99|g=0|sp=0)|pdg=pi-|q=-1|m=0.13957|p=108.43 failed to simulate with error NavigatorError:3: No start volume could be resolved
23:16:47    FatrasSimula   ERROR     event 3 particle id=17617318495301299019(vp=123|vs=23|p=185|g=0|sp=0)|pdg=pi+|q=1|m=0.13957|p=197.543 failed to simulate with error NavigatorError:3: No start volume could be resolved
23:16:47    FatrasSimula   ERROR     event 3 particle id=5182418031517108321(vp=123|vs=23|p=186|g=0|sp=0)|pdg=pi-|q=-1|m=0.13957|p=180.608 failed to simulate with error NavigatorError:3: No start volume could be resolved
23:16:47    FatrasSimula   ERROR     event 3 particle id=6858967465324986303(vp=124|vs=4|p=24|g=0|sp=0)|pdg=n|q=0|m=0.939565|p=73.6056 failed to simulate with error NavigatorError:3: No start volume could be resolved
23:16:47    FatrasSimula   ERROR     event 3 particle id=2164903137378842110(vp=124|vs=4|p=25|g=0|sp=0)|pdg=pi-|q=-1|m=0.13957|p=31.78 failed to simulate with error NavigatorError:3: No start volume could be resolved
23:16:47    FatrasSimula   ERROR     event 3 particle id=3805782605895235951(vp=124|vs=5|p=26|g=0|sp=0)|pdg=p~|q=-1|m=0.938272|p=95.3705 failed to simulate with error NavigatorError:3: No start volume could be resolved
23:16:47    FatrasSimula   ERROR     event 3 particle id=6025844478865668635(vp=124|vs=5|p=27|g=0|sp=0)|pdg=pi+|q=1|m=0.13957|p=20.6032 failed to simulate with error NavigatorError:3: No start volume could be resolved
23:16:47    FatrasSimula   ERROR     event 3 particle id=8831176664351826410(vp=125|vs=1|p=3|g=0|sp=0)|pdg=n~|q=0|m=0.939565|p=29.9248 failed to simulate with error NavigatorError:3: No start volume could be resolved
23:16:47    FatrasSimula   ERROR     event 3 particle id=2277235579653724701(vp=125|vs=2|p=4|g=0|sp=0)|pdg=gamma|q=0|m=0|p=1.49033 failed to simulate with error NavigatorError:3: No start volume could be resolved
23:16:47    FatrasSimula   ERROR     event 3 particle id=10320642435616674720(vp=125|vs=2|p=5|g=0|sp=0)|pdg=gamma|q=0|m=0|p=4.95332 failed to simulate with error NavigatorError:3: No start volume could be resolved
23:16:47    FatrasSimula   ERROR     event 3 particle id=5805427985246856689(vp=125|vs=26|p=173|g=0|sp=0)|pdg=pi+|q=1|m=0.13957|p=65.1944 failed to simulate with error NavigatorError:3: No start volume could be resolved
23:16:47    FatrasSimula   ERROR     event 3 particle id=9317661696182254363(vp=125|vs=26|p=174|g=0|sp=0)|pdg=pi-|q=-1|m=0.13957|p=35.5729 failed to simulate with error NavigatorError:3: No start volume could be resolved
23:16:47    FatrasSimula   ERROR     event 3 particle id=9458538045551349327(vp=125|vs=35|p=237|g=0|sp=0)|pdg=pi+|q=1|m=0.13957|p=28.1553 failed to simulate with error NavigatorError:3: No start volume could be resolved
23:16:47    FatrasSimula   ERROR     event 3 particle id=12767790254094036363(vp=125|vs=35|p=238|g=0|sp=0)|pdg=pi-|q=-1|m=0.13957|p=124.909 failed to simulate with error NavigatorError:3: No start volume could be resolved
23:16:47    FatrasSimula   ERROR     event 3 particle id=6029159158116453922(vp=127|vs=1|p=7|g=0|sp=0)|pdg=pi-|q=-1|m=0.13957|p=27.5964 failed to simulate with error NavigatorError:3: No start volume could be resolved
23:16:47    FatrasSimula   ERROR     event 3 particle id=9507379058171229604(vp=127|vs=2|p=5|g=0|sp=0)|pdg=p|q=1|m=0.938272|p=249.932 failed to simulate with error NavigatorError:3: No start volume could be resolved
23:16:47    FatrasSimula   ERROR     event 3 particle id=7794205862557670642(vp=127|vs=2|p=6|g=0|sp=0)|pdg=pi-|q=-1|m=0.13957|p=77.474 failed to simulate with error NavigatorError:3: No start volume could be resolved
23:16:47    FatrasSimula   ERROR     event 3 particle id=16243895726808738879(vp=127|vs=3|p=8|g=0|sp=0)|pdg=p~|q=-1|m=0.938272|p=166.14 failed to simulate with error NavigatorError:3: No start volume could be resolved
23:16:47    FatrasSimula   ERROR     event 3 particle id=11150142001809551556(vp=127|vs=3|p=9|g=0|sp=0)|pdg=pi+|q=1|m=0.13957|p=16.3209 failed to simulate with error NavigatorError:3: No start volume could be resolved
23:16:47    FatrasSimula   ERROR     event 3 particle id=14126933638502348186(vp=127|vs=24|p=223|g=0|sp=0)|pdg=pi+|q=1|m=0.13957|p=129.247 failed to simulate with error NavigatorError:3: No start volume could be resolved
23:16:47    FatrasSimula   ERROR     event 3 particle id=14169237216575893790(vp=127|vs=24|p=224|g=0|sp=0)|pdg=pi-|q=-1|m=0.13957|p=12.4299 failed to simulate with error NavigatorError:3: No start volume could be resolved
23:16:47    FatrasSimula   ERROR     event 3 particle id=3305704180062841730(vp=127|vs=71|p=565|g=0|sp=0)|pdg=pi+|q=1|m=0.13957|p=47.2869 failed to simulate with error NavigatorError:3: No start volume could be resolved
23:16:47    FatrasSimula   ERROR     event 3 particle id=4018500850050149488(vp=127|vs=71|p=566|g=0|sp=0)|pdg=pi-|q=-1|m=0.13957|p=5.14246 failed to simulate with error NavigatorError:3: No start volume could be resolved
23:16:47    FatrasSimula   ERROR     event 3 particle id=14084252474576592019(vp=127|vs=72|p=568|g=0|sp=0)|pdg=p|q=1|m=0.938272|p=129.459 failed to simulate with error NavigatorError:3: No start volume could be resolved
23:16:47    FatrasSimula   ERROR     event 3 particle id=18162780288507404021(vp=127|vs=72|p=569|g=0|sp=0)|pdg=pi-|q=-1|m=0.13957|p=27.4223 failed to simulate with error NavigatorError:3: No start volume could be resolved
23:16:47    FatrasSimula   ERROR     event 3 particle id=1431228243560870874(vp=130|vs=7|p=78|g=0|sp=0)|pdg=n|q=0|m=0.939565|p=2180.47 failed to simulate with error NavigatorError:3: No start volume could be resolved
23:16:47    FatrasSimula   ERROR     event 3 particle id=15277178667094707527(vp=130|vs=7|p=79|g=0|sp=0)|pdg=pi+|q=1|m=0.13957|p=222.45 failed to simulate with error NavigatorError:3: No start volume could be resolved
23:16:47    FatrasSimula   ERROR     event 3 particle id=9789078913346656553(vp=134|vs=21|p=190|g=0|sp=0)|pdg=p|q=1|m=0.938272|p=91.2411 failed to simulate with error NavigatorError:3: No start volume could be resolved
23:16:47    FatrasSimula   ERROR     event 3 particle id=1428135406367120267(vp=134|vs=21|p=191|g=0|sp=0)|pdg=pi-|q=-1|m=0.13957|p=7.75345 failed to simulate with error NavigatorError:3: No start volume could be resolved
23:16:47    FatrasSimula   ERROR     event 3 particle id=1426001493167382892(vp=134|vs=22|p=194|g=0|sp=0)|pdg=n~|q=0|m=0.939565|p=301.934 failed to simulate with error NavigatorError:3: No start volume could be resolved
23:16:47    FatrasSimula   ERROR     event 3 particle id=12490894859772360333(vp=134|vs=23|p=195|g=0|sp=0)|pdg=gamma|q=0|m=0|p=18.2431 failed to simulate with error NavigatorError:3: No start volume could be resolved
23:16:47    FatrasSimula   ERROR     event 3 particle id=8148151602728066985(vp=134|vs=23|p=196|g=0|sp=0)|pdg=gamma|q=0|m=0|p=14.513 failed to simulate with error NavigatorError:3: No start volume could be resolved
23:16:47    FatrasSimula   ERROR     event 3 particle id=10845926988465854370(vp=135|vs=4|p=9|g=0|sp=0)|pdg=pi+|q=1|m=0.13957|p=161.426 failed to simulate with error NavigatorError:3: No start volume could be resolved
23:16:47    FatrasSimula   ERROR     event 3 particle id=16784121830851177879(vp=135|vs=4|p=10|g=0|sp=0)|pdg=pi-|q=-1|m=0.13957|p=47.6102 failed to simulate with error NavigatorError:3: No start volume could be resolved
23:16:47    FatrasSimula   ERROR     event 3 particle id=774982686264596513(vp=135|vs=32|p=263|g=0|sp=0)|pdg=p|q=1|m=0.938272|p=288.606 failed to simulate with error NavigatorError:3: No start volume could be resolved
23:16:47    FatrasSimula   ERROR     event 3 particle id=17535306587275965935(vp=135|vs=32|p=264|g=0|sp=0)|pdg=pi-|q=-1|m=0.13957|p=84.1181 failed to simulate with error NavigatorError:3: No start volume could be resolved
23:16:47    FatrasSimula   ERROR     event 3 particle id=5334230683217303233(vp=136|vs=12|p=119|g=0|sp=0)|pdg=p|q=1|m=0.938272|p=1146.31 failed to simulate with error NavigatorError:3: No start volume could be resolved
23:16:47    FatrasSimula   ERROR     event 3 particle id=7964503934566788582(vp=136|vs=12|p=120|g=0|sp=0)|pdg=pi-|q=-1|m=0.13957|p=96.6821 failed to simulate with error NavigatorError:3: No start volume could be resolved
23:16:47    FatrasSimula   ERROR     event 3 particle id=2198817975082809360(vp=140|vs=20|p=178|g=0|sp=0)|pdg=pi-|q=-1|m=0.13957|p=50.3198 failed to simulate with error NavigatorError:3: No start volume could be resolved
23:16:47    FatrasSimula   ERROR     event 3 particle id=14644594256989265819(vp=140|vs=21|p=175|g=0|sp=0)|pdg=n|q=0|m=0.939565|p=141.668 failed to simulate with error NavigatorError:3: No start volume could be resolved
23:16:47    FatrasSimula   ERROR     event 3 particle id=6501219379955951030(vp=140|vs=22|p=176|g=0|sp=0)|pdg=gamma|q=0|m=0|p=19.898 failed to simulate with error NavigatorError:3: No start volume could be resolved
23:16:47    FatrasSimula   ERROR     event 3 particle id=14207688436439429350(vp=140|vs=22|p=177|g=0|sp=0)|pdg=gamma|q=0|m=0|p=15.6609 failed to simulate with error NavigatorError:3: No start volume could be resolved
23:16:47    FatrasSimula   ERROR     event 3 particle id=8410232088890508832(vp=140|vs=23|p=179|g=0|sp=0)|pdg=n~|q=0|m=0.939565|p=190.104 failed to simulate with error NavigatorError:3: No start volume could be resolved
23:16:47    FatrasSimula   ERROR     event 3 particle id=5924271191444903156(vp=140|vs=23|p=180|g=0|sp=0)|pdg=pi+|q=1|m=0.13957|p=69.2878 failed to simulate with error NavigatorError:3: No start volume could be resolved
23:16:47    FatrasSimula   ERROR     event 3 particle id=5142140896859766954(vp=140|vs=40|p=255|g=0|sp=0)|pdg=p~|q=-1|m=0.938272|p=914.954 failed to simulate with error NavigatorError:3: No start volume could be resolved
23:16:47    FatrasSimula   ERROR     event 3 particle id=18069026866957775687(vp=140|vs=40|p=256|g=0|sp=0)|pdg=pi+|q=1|m=0.13957|p=249.039 failed to simulate with error NavigatorError:3: No start volume could be resolved
23:16:47    FatrasSimula   ERROR     event 3 particle id=715894930511403138(vp=140|vs=42|p=259|g=0|sp=0)|pdg=n|q=0|m=0.939565|p=2367.22 failed to simulate with error NavigatorError:3: No start volume could be resolved
23:16:47    FatrasSimula   ERROR     event 3 particle id=14343950579429104963(vp=140|vs=43|p=260|g=0|sp=0)|pdg=gamma|q=0|m=0|p=325.227 failed to simulate with error NavigatorError:3: No start volume could be resolved
23:16:47    FatrasSimula   ERROR     event 3 particle id=3610829351844349445(vp=140|vs=43|p=261|g=0|sp=0)|pdg=gamma|q=0|m=0|p=48.7321 failed to simulate with error NavigatorError:3: No start volume could be resolved
23:16:47    FatrasSimula   ERROR     event 3 particle id=8540804366058961222(vp=141|vs=7|p=39|g=0|sp=0)|pdg=p~|q=-1|m=0.938272|p=194.291 failed to simulate with error NavigatorError:3: No start volume could be resolved
23:16:47    FatrasSimula   ERROR     event 3 particle id=10906031067741328191(vp=141|vs=7|p=40|g=0|sp=0)|pdg=pi+|q=1|m=0.13957|p=34.687 failed to simulate with error NavigatorError:3: No start volume could be resolved
23:16:47    FatrasSimula   ERROR     event 3 particle id=9986363371101337643(vp=141|vs=8|p=41|g=0|sp=0)|pdg=gamma|q=0|m=0|p=12.9272 failed to simulate with error NavigatorError:3: No start volume could be resolved
23:16:47    FatrasSimula   ERROR     event 3 particle id=5343368455009492271(vp=141|vs=8|p=42|g=0|sp=0)|pdg=gamma|q=0|m=0|p=10.1082 failed to simulate with error NavigatorError:3: No start volume could be resolved
23:16:47    FatrasSimula   ERROR     event 3 particle id=2834280483485203345(vp=141|vs=18|p=182|g=0|sp=0)|pdg=gamma|q=0|m=0|p=0.636692 failed to simulate with error NavigatorError:3: No start volume could be resolved
23:16:47    FatrasSimula   ERROR     event 3 particle id=3604487382954916381(vp=141|vs=18|p=183|g=0|sp=0)|pdg=gamma|q=0|m=0|p=7.32599 failed to simulate with error NavigatorError:3: No start volume could be resolved
23:16:47    FatrasSimula   ERROR     event 3 particle id=999833379263111201(vp=141|vs=19|p=184|g=0|sp=0)|pdg=gamma|q=0|m=0|p=3.16755 failed to simulate with error NavigatorError:3: No start volume could be resolved
23:16:47    FatrasSimula   ERROR     event 3 particle id=10678819984084089181(vp=141|vs=19|p=185|g=0|sp=0)|pdg=gamma|q=0|m=0|p=14.7963 failed to simulate with error NavigatorError:3: No start volume could be resolved
23:16:47    FatrasSimula   ERROR     event 3 particle id=2534218101708200757(vp=141|vs=50|p=384|g=0|sp=0)|pdg=pi+|q=1|m=0.13957|p=47.766 failed to simulate with error NavigatorError:3: No start volume could be resolved
23:16:47    FatrasSimula   ERROR     event 3 particle id=11910553060731129138(vp=141|vs=50|p=385|g=0|sp=0)|pdg=pi-|q=-1|m=0.13957|p=239.955 failed to simulate with error NavigatorError:3: No start volume could be resolved
23:16:47    FatrasSimula   ERROR     event 3 particle id=4806675270308315411(vp=142|vs=2|p=1|g=0|sp=0)|pdg=pi+|q=1|m=0.13957|p=418.418 failed to simulate with error NavigatorError:3: No start volume could be resolved
23:16:47    FatrasSimula   ERROR     event 3 particle id=12399648213234035648(vp=142|vs=2|p=2|g=0|sp=0)|pdg=pi-|q=-1|m=0.13957|p=106.726 failed to simulate with error NavigatorError:3: No start volume could be resolved
23:16:47    FatrasSimula   ERROR     event 3 particle id=12369065676988189034(vp=142|vs=3|p=3|g=0|sp=0)|pdg=p|q=1|m=0.938272|p=4824.95 failed to simulate with error NavigatorError:3: No start volume could be resolved
23:16:47    FatrasSimula   ERROR     event 3 particle id=18168017141337508230(vp=142|vs=3|p=4|g=0|sp=0)|pdg=pi-|q=-1|m=0.13957|p=992.79 failed to simulate with error NavigatorError:3: No start volume could be resolved
23:16:47    FatrasSimula   ERROR     event 3 particle id=14462761814497444500(vp=143|vs=17|p=120|g=0|sp=0)|pdg=pi+|q=1|m=0.13957|p=36.4942 failed to simulate with error NavigatorError:3: No start volume could be resolved
23:16:47    FatrasSimula   ERROR     event 3 particle id=18327707770784856942(vp=143|vs=17|p=121|g=0|sp=0)|pdg=pi-|q=-1|m=0.13957|p=13.4183 failed to simulate with error NavigatorError:3: No start volume could be resolved
23:16:47    FatrasSimula   ERROR     event 3 particle id=257140595182986672(vp=145|vs=6|p=70|g=0|sp=0)|pdg=pi+|q=1|m=0.13957|p=649.762 failed to simulate with error NavigatorError:3: No start volume could be resolved
23:16:47    FatrasSimula   ERROR     event 3 particle id=5767791669227460797(vp=145|vs=6|p=71|g=0|sp=0)|pdg=pi-|q=-1|m=0.13957|p=877.372 failed to simulate with error NavigatorError:3: No start volume could be resolved
23:16:47    FatrasSimula   ERROR     event 3 particle id=6492643692119597456(vp=145|vs=11|p=114|g=0|sp=0)|pdg=n|q=0|m=0.939565|p=1436.52 failed to simulate with error NavigatorError:3: No start volume could be resolved
23:16:47    FatrasSimula   ERROR     event 3 particle id=6882354800993898417(vp=145|vs=12|p=115|g=0|sp=0)|pdg=gamma|q=0|m=0|p=78.8102 failed to simulate with error NavigatorError:3: No start volume could be resolved
23:16:47    FatrasSimula   ERROR     event 3 particle id=3364684220639327855(vp=145|vs=12|p=116|g=0|sp=0)|pdg=gamma|q=0|m=0|p=133.52 failed to simulate with error NavigatorError:3: No start volume could be resolved
23:16:47    FatrasSimula   ERROR     event 3 particle id=6433749164259463514(vp=149|vs=32|p=357|g=0|sp=0)|pdg=pi+|q=1|m=0.13957|p=48.4326 failed to simulate with error NavigatorError:3: No start volume could be resolved
23:16:47    FatrasSimula   ERROR     event 3 particle id=8505565606008952254(vp=149|vs=32|p=358|g=0|sp=0)|pdg=pi-|q=-1|m=0.13957|p=508.499 failed to simulate with error NavigatorError:3: No start volume could be resolved
23:16:47    FatrasSimula   ERROR     event 3 particle id=2384391652873087621(vp=149|vs=52|p=491|g=0|sp=0)|pdg=p|q=1|m=0.938272|p=588.146 failed to simulate with error NavigatorError:3: No start volume could be resolved
23:16:47    FatrasSimula   ERROR     event 3 particle id=15758365681345155593(vp=149|vs=53|p=492|g=0|sp=0)|pdg=gamma|q=0|m=0|p=14.3984 failed to simulate with error NavigatorError:3: No start volume could be resolved
23:16:47    FatrasSimula   ERROR     event 3 particle id=7427457192977156260(vp=149|vs=53|p=493|g=0|sp=0)|pdg=gamma|q=0|m=0|p=31.2171 failed to simulate with error NavigatorError:3: No start volume could be resolved
23:16:47    FatrasSimula   ERROR     event 3 particle id=9161074331140669343(vp=149|vs=61|p=588|g=0|sp=0)|pdg=pi+|q=1|m=0.13957|p=100.39 failed to simulate with error NavigatorError:3: No start volume could be resolved
23:16:47    FatrasSimula   ERROR     event 3 particle id=1173621301681989945(vp=149|vs=61|p=589|g=0|sp=0)|pdg=pi-|q=-1|m=0.13957|p=131.599 failed to simulate with error NavigatorError:3: No start volume could be resolved
23:16:47    FatrasSimula   ERROR     event 3 particle id=6749837505143760740(vp=153|vs=29|p=194|g=0|sp=0)|pdg=n|q=0|m=0.939565|p=763.945 failed to simulate with error NavigatorError:3: No start volume could be resolved
23:16:47    FatrasSimula   ERROR     event 3 particle id=6567747598647952549(vp=153|vs=30|p=195|g=0|sp=0)|pdg=gamma|q=0|m=0|p=142.864 failed to simulate with error NavigatorError:3: No start volume could be resolved
23:16:47    FatrasSimula   ERROR     event 3 particle id=5837789120111262191(vp=153|vs=30|p=196|g=0|sp=0)|pdg=gamma|q=0|m=0|p=21.5864 failed to simulate with error NavigatorError:3: No start volume could be resolved
23:16:47    FatrasSimula   ERROR     event 3 particle id=4647880139083989885(vp=155|vs=3|p=10|g=0|sp=0)|pdg=pi+|q=1|m=0.13957|p=685.245 failed to simulate with error NavigatorError:3: No start volume could be resolved
23:16:47    FatrasSimula   ERROR     event 3 particle id=15457713692132782540(vp=155|vs=3|p=11|g=0|sp=0)|pdg=pi-|q=-1|m=0.13957|p=709.157 failed to simulate with error NavigatorError:3: No start volume could be resolved
23:16:47    FatrasSimula   ERROR     event 3 particle id=13595328561950840877(vp=155|vs=11|p=51|g=0|sp=0)|pdg=p|q=1|m=0.938272|p=2474.77 failed to simulate with error NavigatorError:3: No start volume could be resolved
23:16:47    FatrasSimula   ERROR     event 3 particle id=3782395441678494577(vp=155|vs=11|p=52|g=0|sp=0)|pdg=pi-|q=-1|m=0.13957|p=464.268 failed to simulate with error NavigatorError:3: No start volume could be resolved
23:16:47    FatrasSimula   ERROR     event 3 particle id=13066821384733959077(vp=157|vs=11|p=51|g=0|sp=0)|pdg=n|q=0|m=0.939565|p=308.166 failed to simulate with error NavigatorError:3: No start volume could be resolved
23:16:47    FatrasSimula   ERROR     event 3 particle id=2203374362047701051(vp=157|vs=11|p=52|g=0|sp=0)|pdg=pi-|q=-1|m=0.13957|p=76.0322 failed to simulate with error NavigatorError:3: No start volume could be resolved
23:16:47    FatrasSimula   ERROR     event 3 particle id=13634887693000139590(vp=157|vs=12|p=53|g=0|sp=0)|pdg=n~|q=0|m=0.939565|p=93.6304 failed to simulate with error NavigatorError:3: No start volume could be resolved
23:16:47    FatrasSimula   ERROR     event 3 particle id=13093184563126424146(vp=157|vs=12|p=54|g=0|sp=0)|pdg=pi+|q=1|m=0.13957|p=52.6496 failed to simulate with error NavigatorError:3: No start volume could be resolved
23:16:47    FatrasSimula   ERROR     event 3 particle id=13485023235587510201(vp=160|vs=38|p=337|g=0|sp=0)|pdg=pi+|q=1|m=0.13957|p=444.817 failed to simulate with error NavigatorError:3: No start volume could be resolved
23:16:47    FatrasSimula   ERROR     event 3 particle id=12397782039702460364(vp=160|vs=38|p=338|g=0|sp=0)|pdg=pi-|q=-1|m=0.13957|p=503.127 failed to simulate with error NavigatorError:3: No start volume could be resolved
23:16:47    FatrasSimula   ERROR     event 3 particle id=12362242005118775399(vp=161|vs=5|p=36|g=0|sp=0)|pdg=gamma|q=0|m=0|p=150.466 failed to simulate with error NavigatorError:3: No start volume could be resolved
23:16:47    FatrasSimula   ERROR     event 3 particle id=10258734494064081509(vp=161|vs=5|p=37|g=0|sp=0)|pdg=gamma|q=0|m=0|p=93.6389 failed to simulate with error NavigatorError:3: No start volume could be resolved
23:16:47    FatrasSimula   ERROR     event 3 particle id=4769412308524989841(vp=161|vs=6|p=38|g=0|sp=0)|pdg=gamma|q=0|m=0|p=92.7265 failed to simulate with error NavigatorError:3: No start volume could be resolved
23:16:47    FatrasSimula   ERROR     event 3 particle id=4582957249722010213(vp=161|vs=6|p=39|g=0|sp=0)|pdg=e-|q=-1|m=0.000510999|p=4.56411 failed to simulate with error NavigatorError:3: No start volume could be resolved
23:16:47    FatrasSimula   ERROR     event 3 particle id=3423145745711043935(vp=161|vs=6|p=40|g=0|sp=0)|pdg=e+|q=1|m=0.000510999|p=1.86937 failed to simulate with error NavigatorError:3: No start volume could be resolved
23:16:47    FatrasSimula   ERROR     event 3 particle id=7234972755313653719(vp=163|vs=6|p=57|g=0|sp=0)|pdg=gamma|q=0|m=0|p=2.47062 failed to simulate with error NavigatorError:3: No start volume could be resolved
23:16:47    FatrasSimula   ERROR     event 3 particle id=8397652015290298142(vp=163|vs=6|p=58|g=0|sp=0)|pdg=gamma|q=0|m=0|p=1.84366 failed to simulate with error NavigatorError:3: No start volume could be resolved
23:16:47    FatrasSimula   ERROR     event 3 particle id=17077527729969465173(vp=163|vs=7|p=55|g=0|sp=0)|pdg=p~|q=-1|m=0.938272|p=47.9338 failed to simulate with error NavigatorError:3: No start volume could be resolved
23:16:47    FatrasSimula   ERROR     event 3 particle id=7364466723800589663(vp=163|vs=7|p=56|g=0|sp=0)|pdg=pi+|q=1|m=0.13957|p=5.12291 failed to simulate with error NavigatorError:3: No start volume could be resolved
23:16:47    FatrasSimula   ERROR     event 3 particle id=5185860682828868354(vp=163|vs=12|p=112|g=0|sp=0)|pdg=pi+|q=1|m=0.13957|p=22.2109 failed to simulate with error NavigatorError:3: No start volume could be resolved
23:16:47    FatrasSimula   ERROR     event 3 particle id=4513780909823682534(vp=163|vs=12|p=113|g=0|sp=0)|pdg=pi-|q=-1|m=0.13957|p=68.6758 failed to simulate with error NavigatorError:3: No start volume could be resolved
23:16:47    FatrasSimula   ERROR     event 3 particle id=18314691564536836695(vp=164|vs=8|p=85|g=0|sp=0)|pdg=p|q=1|m=0.938272|p=124.006 failed to simulate with error NavigatorError:3: No start volume could be resolved
23:16:47    FatrasSimula   ERROR     event 3 particle id=10632248337112555518(vp=164|vs=8|p=86|g=0|sp=0)|pdg=pi-|q=-1|m=0.13957|p=9.62514 failed to simulate with error NavigatorError:3: No start volume could be resolved
23:16:47    FatrasSimula   ERROR     event 3 particle id=9123622531501650667(vp=164|vs=43|p=453|g=0|sp=0)|pdg=p~|q=-1|m=0.938272|p=33.5394 failed to simulate with error NavigatorError:3: No start volume could be resolved
23:16:47    FatrasSimula   ERROR     event 3 particle id=12717365363380347623(vp=164|vs=43|p=454|g=0|sp=0)|pdg=pi+|q=1|m=0.13957|p=3.23429 failed to simulate with error NavigatorError:3: No start volume could be resolved
23:16:47    FatrasSimula   ERROR     event 3 particle id=8772296214863822377(vp=164|vs=57|p=571|g=0|sp=0)|pdg=gamma|q=0|m=0|p=49.5375 failed to simulate with error NavigatorError:3: No start volume could be resolved
23:16:47    FatrasSimula   ERROR     event 3 particle id=7329748919489817250(vp=164|vs=57|p=572|g=0|sp=0)|pdg=gamma|q=0|m=0|p=23.1174 failed to simulate with error NavigatorError:3: No start volume could be resolved
23:16:47    FatrasSimula   ERROR     event 3 particle id=12187674962347784284(vp=164|vs=58|p=573|g=0|sp=0)|pdg=gamma|q=0|m=0|p=3.84782 failed to simulate with error NavigatorError:3: No start volume could be resolved
23:16:47    FatrasSimula   ERROR     event 3 particle id=6926934674493994224(vp=164|vs=58|p=574|g=0|sp=0)|pdg=gamma|q=0|m=0|p=71.7665 failed to simulate with error NavigatorError:3: No start volume could be resolved
23:16:47    FatrasSimula   ERROR     event 3 particle id=12029862140741860114(vp=164|vs=63|p=585|g=0|sp=0)|pdg=gamma|q=0|m=0|p=125.002 failed to simulate with error NavigatorError:3: No start volume could be resolved
23:16:47    FatrasSimula   ERROR     event 3 particle id=9254730481174679722(vp=164|vs=63|p=586|g=0|sp=0)|pdg=gamma|q=0|m=0|p=13.7682 failed to simulate with error NavigatorError:3: No start volume could be resolved
23:16:47    FatrasSimula   ERROR     event 3 particle id=12190809813468881264(vp=164|vs=64|p=587|g=0|sp=0)|pdg=gamma|q=0|m=0|p=29.3589 failed to simulate with error NavigatorError:3: No start volume could be resolved
23:16:47    FatrasSimula   ERROR     event 3 particle id=15863034372760131075(vp=164|vs=73|p=708|g=0|sp=0)|pdg=n|q=0|m=0.939565|p=67.6569 failed to simulate with error NavigatorError:3: No start volume could be resolved
23:16:47    FatrasSimula   ERROR     event 3 particle id=3096462234292457549(vp=164|vs=73|p=709|g=0|sp=0)|pdg=pi-|q=-1|m=0.13957|p=18.23 failed to simulate with error NavigatorError:3: No start volume could be resolved
23:16:47    FatrasSimula   ERROR     event 3 particle id=4952226167838610281(vp=165|vs=40|p=356|g=0|sp=0)|pdg=pi+|q=1|m=0.13957|p=71.446 failed to simulate with error NavigatorError:3: No start volume could be resolved
23:16:47    FatrasSimula   ERROR     event 3 particle id=14558583416578387404(vp=165|vs=40|p=357|g=0|sp=0)|pdg=pi-|q=-1|m=0.13957|p=330.771 failed to simulate with error NavigatorError:3: No start volume could be resolved
23:16:47    FatrasSimula   ERROR     event 3 particle id=933190393187940589(vp=167|vs=18|p=196|g=0|sp=0)|pdg=n~|q=0|m=0.939565|p=404.302 failed to simulate with error NavigatorError:3: No start volume could be resolved
23:16:47    FatrasSimula   ERROR     event 3 particle id=10734044469941655906(vp=167|vs=19|p=197|g=0|sp=0)|pdg=gamma|q=0|m=0|p=85.9419 failed to simulate with error NavigatorError:3: No start volume could be resolved
23:16:47    FatrasSimula   ERROR     event 3 particle id=12305719856380633693(vp=167|vs=19|p=198|g=0|sp=0)|pdg=gamma|q=0|m=0|p=45.0757 failed to simulate with error NavigatorError:3: No start volume could be resolved
23:16:47    FatrasSimula   ERROR     event 3 particle id=17632999287818360233(vp=169|vs=13|p=68|g=0|sp=0)|pdg=p|q=1|m=0.938272|p=2240.54 failed to simulate with error NavigatorError:3: No start volume could be resolved
23:16:47    FatrasSimula   ERROR     event 3 particle id=8101315744611835350(vp=169|vs=13|p=69|g=0|sp=0)|pdg=pi-|q=-1|m=0.13957|p=344.617 failed to simulate with error NavigatorError:3: No start volume could be resolved
23:16:47    FatrasSimula   ERROR     event 3 particle id=12512270435831635376(vp=170|vs=2|p=5|g=0|sp=0)|pdg=gamma|q=0|m=0|p=14.7892 failed to simulate with error NavigatorError:3: No start volume could be resolved
23:16:47    FatrasSimula   ERROR     event 3 particle id=12243466611444687778(vp=170|vs=2|p=6|g=0|sp=0)|pdg=gamma|q=0|m=0|p=4.74825 failed to simulate with error NavigatorError:3: No start volume could be resolved
23:16:47    FatrasSimula   ERROR     event 3 particle id=736707029517929792(vp=170|vs=3|p=7|g=0|sp=0)|pdg=gamma|q=0|m=0|p=8.42394 failed to simulate with error NavigatorError:3: No start volume could be resolved
23:16:47    FatrasSimula   ERROR     event 3 particle id=16395736523026856127(vp=170|vs=3|p=8|g=0|sp=0)|pdg=gamma|q=0|m=0|p=63.6804 failed to simulate with error NavigatorError:3: No start volume could be resolved
23:16:47    FatrasSimula   ERROR     event 3 particle id=3046660097509902886(vp=171|vs=19|p=175|g=0|sp=0)|pdg=p|q=1|m=0.938272|p=905.298 failed to simulate with error NavigatorError:3: No start volume could be resolved
23:16:47    FatrasSimula   ERROR     event 3 particle id=174403618631943933(vp=171|vs=19|p=176|g=0|sp=0)|pdg=pi-|q=-1|m=0.13957|p=218.642 failed to simulate with error NavigatorError:3: No start volume could be resolved
23:16:47    FatrasSimula   ERROR     event 3 particle id=13134518220649777428(vp=172|vs=20|p=177|g=0|sp=0)|pdg=n|q=0|m=0.939565|p=36.791 failed to simulate with error NavigatorError:3: No start volume could be resolved
23:16:47    FatrasSimula   ERROR     event 3 particle id=14899041974249863099(vp=172|vs=21|p=178|g=0|sp=0)|pdg=gamma|q=0|m=0|p=1.58531 failed to simulate with error NavigatorError:3: No start volume could be resolved
23:16:47    FatrasSimula   ERROR     event 3 particle id=6079425947010212573(vp=172|vs=21|p=179|g=0|sp=0)|pdg=gamma|q=0|m=0|p=1.70914 failed to simulate with error NavigatorError:3: No start volume could be resolved
23:16:47    FatrasSimula   ERROR     event 3 particle id=12225211896080329792(vp=172|vs=32|p=330|g=0|sp=0)|pdg=p~|q=-1|m=0.938272|p=19.4084 failed to simulate with error NavigatorError:3: No start volume could be resolved
23:16:47    FatrasSimula   ERROR     event 3 particle id=14620528869104640235(vp=172|vs=32|p=331|g=0|sp=0)|pdg=pi+|q=1|m=0.13957|p=5.5838 failed to simulate with error NavigatorError:3: No start volume could be resolved
23:16:47    FatrasSimula   ERROR     event 3 particle id=6116213514643542364(vp=172|vs=53|p=641|g=0|sp=0)|pdg=pi+|q=1|m=0.13957|p=84.419 failed to simulate with error NavigatorError:3: No start volume could be resolved
23:16:47    FatrasSimula   ERROR     event 3 particle id=12354992805780286031(vp=172|vs=53|p=642|g=0|sp=0)|pdg=pi-|q=-1|m=0.13957|p=81.2272 failed to simulate with error NavigatorError:3: No start volume could be resolved
23:16:47    FatrasSimula   ERROR     event 3 particle id=4419428575465088950(vp=172|vs=54|p=644|g=0|sp=0)|pdg=p|q=1|m=0.938272|p=992.864 failed to simulate with error NavigatorError:3: No start volume could be resolved
23:16:47    FatrasSimula   ERROR     event 3 particle id=6308348653445869801(vp=172|vs=54|p=645|g=0|sp=0)|pdg=pi-|q=-1|m=0.13957|p=269.664 failed to simulate with error NavigatorError:3: No start volume could be resolved
23:16:47    FatrasSimula   ERROR     event 3 particle id=4730520041548649112(vp=173|vs=4|p=44|g=0|sp=0)|pdg=n|q=0|m=0.939565|p=54.0548 failed to simulate with error NavigatorError:3: No start volume could be resolved
23:16:47    FatrasSimula   ERROR     event 3 particle id=11030327752880554222(vp=173|vs=4|p=45|g=0|sp=0)|pdg=pi+|q=1|m=0.13957|p=25.8585 failed to simulate with error NavigatorError:3: No start volume could be resolved
23:16:47    FatrasSimula   ERROR     event 3 particle id=10968959698823394643(vp=173|vs=23|p=143|g=0|sp=0)|pdg=p~|q=-1|m=0.938272|p=47.5887 failed to simulate with error NavigatorError:3: No start volume could be resolved
23:16:47    FatrasSimula   ERROR     event 3 particle id=8641231995405239609(vp=173|vs=23|p=144|g=0|sp=0)|pdg=pi+|q=1|m=0.13957|p=6.92217 failed to simulate with error NavigatorError:3: No start volume could be resolved
23:16:47    FatrasSimula   ERROR     event 3 particle id=13981907758868419480(vp=173|vs=31|p=202|g=0|sp=0)|pdg=pi+|q=1|m=0.13957|p=76.9302 failed to simulate with error NavigatorError:3: No start volume could be resolved
23:16:47    FatrasSimula   ERROR     event 3 particle id=9613502379208560509(vp=173|vs=31|p=203|g=0|sp=0)|pdg=pi-|q=-1|m=0.13957|p=27.3618 failed to simulate with error NavigatorError:3: No start volume could be resolved
23:16:47    FatrasSimula   ERROR     event 3 particle id=10893448376635532115(vp=174|vs=20|p=211|g=0|sp=0)|pdg=pi+|q=1|m=0.13957|p=166.27 failed to simulate with error NavigatorError:3: No start volume could be resolved
23:16:47    FatrasSimula   ERROR     event 3 particle id=13083705353167150949(vp=174|vs=20|p=212|g=0|sp=0)|pdg=pi-|q=-1|m=0.13957|p=331.447 failed to simulate with error NavigatorError:3: No start volume could be resolved
23:16:47    FatrasSimula   ERROR     event 3 particle id=3186824168087958015(vp=174|vs=21|p=213|g=0|sp=0)|pdg=p|q=1|m=0.938272|p=1073.75 failed to simulate with error NavigatorError:3: No start volume could be resolved
23:16:47    FatrasSimula   ERROR     event 3 particle id=17832292076405339407(vp=174|vs=21|p=214|g=0|sp=0)|pdg=pi-|q=-1|m=0.13957|p=145.386 failed to simulate with error NavigatorError:3: No start volume could be resolved
23:16:47    FatrasSimula   ERROR     event 3 particle id=18226116467830816719(vp=176|vs=1|p=3|g=0|sp=0)|pdg=pi+|q=1|m=0.13957|p=69.2044 failed to simulate with error NavigatorError:3: No start volume could be resolved
23:16:47    FatrasSimula   ERROR     event 3 particle id=10939998833250558107(vp=176|vs=1|p=4|g=0|sp=0)|pdg=pi-|q=-1|m=0.13957|p=7.65297 failed to simulate with error NavigatorError:3: No start volume could be resolved
23:16:47    FatrasSimula   ERROR     event 3 particle id=538493227857910768(vp=177|vs=9|p=127|g=0|sp=0)|pdg=p|q=1|m=0.938272|p=1569.73 failed to simulate with error NavigatorError:3: No start volume could be resolved
23:16:47    FatrasSimula   ERROR     event 3 particle id=7132704659650469854(vp=177|vs=9|p=128|g=0|sp=0)|pdg=pi-|q=-1|m=0.13957|p=311.215 failed to simulate with error NavigatorError:3: No start volume could be resolved
23:16:47    FatrasSimula   ERROR     event 3 particle id=4837729507820123375(vp=177|vs=14|p=140|g=0|sp=0)|pdg=n~|q=0|m=0.939565|p=14.2151 failed to simulate with error NavigatorError:3: No start volume could be resolved
23:16:47    FatrasSimula   ERROR     event 3 particle id=13733459749266210766(vp=177|vs=14|p=142|g=0|sp=0)|pdg=gamma|q=0|m=0|p=0.932597 failed to simulate with error NavigatorError:3: No start volume could be resolved
23:16:47    FatrasSimula   ERROR     event 3 particle id=2147048157021149042(vp=178|vs=11|p=109|g=0|sp=0)|pdg=p|q=1|m=0.938272|p=294.443 failed to simulate with error NavigatorError:3: No start volume could be resolved
23:16:47    FatrasSimula   ERROR     event 3 particle id=16692475934085728178(vp=178|vs=11|p=110|g=0|sp=0)|pdg=pi-|q=-1|m=0.13957|p=49.5812 failed to simulate with error NavigatorError:3: No start volume could be resolved
23:16:47    FatrasSimula   ERROR     event 3 particle id=10329327675668116324(vp=178|vs=35|p=373|g=0|sp=0)|pdg=pi+|q=1|m=0.13957|p=359.244 failed to simulate with error NavigatorError:3: No start volume could be resolved
23:16:47    FatrasSimula   ERROR     event 3 particle id=17525270907698703193(vp=178|vs=35|p=374|g=0|sp=0)|pdg=pi-|q=-1|m=0.13957|p=245.322 failed to simulate with error NavigatorError:3: No start volume could be resolved
23:16:47    FatrasSimula   ERROR     event 3 particle id=15072316729308438218(vp=178|vs=43|p=394|g=0|sp=0)|pdg=gamma|q=0|m=0|p=141.721 failed to simulate with error NavigatorError:3: No start volume could be resolved
23:16:47    FatrasSimula   ERROR     event 3 particle id=10464483587024984847(vp=178|vs=43|p=395|g=0|sp=0)|pdg=gamma|q=0|m=0|p=41.7464 failed to simulate with error NavigatorError:3: No start volume could be resolved
23:16:47    FatrasSimula   ERROR     event 3 particle id=12338602056757239859(vp=178|vs=44|p=396|g=0|sp=0)|pdg=gamma|q=0|m=0|p=14.0288 failed to simulate with error NavigatorError:3: No start volume could be resolved
23:16:47    FatrasSimula   ERROR     event 3 particle id=3951604601796517370(vp=178|vs=44|p=397|g=0|sp=0)|pdg=gamma|q=0|m=0|p=10.0386 failed to simulate with error NavigatorError:3: No start volume could be resolved
23:16:47    FatrasSimula   ERROR     event 3 particle id=15835552247254788349(vp=178|vs=71|p=513|g=0|sp=0)|pdg=gamma|q=0|m=0|p=20.0844 failed to simulate with error NavigatorError:3: No start volume could be resolved
23:16:47    FatrasSimula   ERROR     event 3 particle id=4350960383006402699(vp=178|vs=71|p=514|g=0|sp=0)|pdg=gamma|q=0|m=0|p=12.2745 failed to simulate with error NavigatorError:3: No start volume could be resolved
23:16:47    FatrasSimula   ERROR     event 3 particle id=4747546996909280139(vp=178|vs=72|p=515|g=0|sp=0)|pdg=gamma|q=0|m=0|p=64.6295 failed to simulate with error NavigatorError:3: No start volume could be resolved
23:16:47    FatrasSimula   ERROR     event 3 particle id=12141488211423174421(vp=178|vs=72|p=516|g=0|sp=0)|pdg=gamma|q=0|m=0|p=29.1127 failed to simulate with error NavigatorError:3: No start volume could be resolved
23:16:47    FatrasSimula   ERROR     event 3 particle id=12554511388486449597(vp=179|vs=15|p=140|g=0|sp=0)|pdg=pi+|q=1|m=0.13957|p=45.5668 failed to simulate with error NavigatorError:3: No start volume could be resolved
23:16:47    FatrasSimula   ERROR     event 3 particle id=3701645951435049230(vp=179|vs=15|p=141|g=0|sp=0)|pdg=pi-|q=-1|m=0.13957|p=37.6537 failed to simulate with error NavigatorError:3: No start volume could be resolved
23:16:47    FatrasSimula   ERROR     event 3 particle id=5940799472265378007(vp=179|vs=25|p=196|g=0|sp=0)|pdg=p~|q=-1|m=0.938272|p=50.8706 failed to simulate with error NavigatorError:3: No start volume could be resolved
23:16:47    FatrasSimula   ERROR     event 3 particle id=11860061467940444868(vp=179|vs=25|p=197|g=0|sp=0)|pdg=pi+|q=1|m=0.13957|p=9.19963 failed to simulate with error NavigatorError:3: No start volume could be resolved
23:16:47    FatrasSimula   ERROR     event 3 particle id=288901719402380237(vp=179|vs=58|p=439|g=0|sp=0)|pdg=p~|q=-1|m=0.938272|p=17.41 failed to simulate with error NavigatorError:3: No start volume could be resolved
23:16:47    FatrasSimula   ERROR     event 3 particle id=17155130274622429965(vp=179|vs=58|p=440|g=0|sp=0)|pdg=pi+|q=1|m=0.13957|p=3.40887 failed to simulate with error NavigatorError:3: No start volume could be resolved
23:16:47    FatrasSimula   ERROR     event 3 particle id=9068069690709393005(vp=180|vs=17|p=146|g=0|sp=0)|pdg=pi+|q=1|m=0.13957|p=85.1898 failed to simulate with error NavigatorError:3: No start volume could be resolved
23:16:47    FatrasSimula   ERROR     event 3 particle id=313686929409853591(vp=180|vs=17|p=147|g=0|sp=0)|pdg=pi-|q=-1|m=0.13957|p=97.3159 failed to simulate with error NavigatorError:3: No start volume could be resolved
23:16:47    FatrasSimula   ERROR     event 3 particle id=11028322474392465910(vp=180|vs=19|p=162|g=0|sp=0)|pdg=p~|q=-1|m=0.938272|p=343.959 failed to simulate with error NavigatorError:3: No start volume could be resolved
23:16:47    FatrasSimula   ERROR     event 3 particle id=4442981249210755148(vp=180|vs=19|p=163|g=0|sp=0)|pdg=pi+|q=1|m=0.13957|p=85.0072 failed to simulate with error NavigatorError:3: No start volume could be resolved
23:16:47    FatrasSimula   ERROR     event 3 particle id=9184090588769666221(vp=181|vs=10|p=67|g=0|sp=0)|pdg=gamma|q=0|m=0|p=123.584 failed to simulate with error NavigatorError:3: No start volume could be resolved
23:16:47    FatrasSimula   ERROR     event 3 particle id=16597037197855534215(vp=181|vs=10|p=68|g=0|sp=0)|pdg=gamma|q=0|m=0|p=150.808 failed to simulate with error NavigatorError:3: No start volume could be resolved
23:16:47    FatrasSimula   ERROR     event 3 particle id=13448551362819801479(vp=181|vs=11|p=69|g=0|sp=0)|pdg=gamma|q=0|m=0|p=158.559 failed to simulate with error NavigatorError:3: No start volume could be resolved
23:16:47    FatrasSimula   ERROR     event 3 particle id=13461891269989613551(vp=181|vs=11|p=70|g=0|sp=0)|pdg=gamma|q=0|m=0|p=20.9977 failed to simulate with error NavigatorError:3: No start volume could be resolved
23:16:47    FatrasSimula   ERROR     event 3 particle id=11355547758852288953(vp=181|vs=22|p=133|g=0|sp=0)|pdg=gamma|q=0|m=0|p=34.8261 failed to simulate with error NavigatorError:3: No start volume could be resolved
23:16:47    FatrasSimula   ERROR     event 3 particle id=14888430243296907829(vp=181|vs=22|p=134|g=0|sp=0)|pdg=gamma|q=0|m=0|p=2.74569 failed to simulate with error NavigatorError:3: No start volume could be resolved
23:16:47    FatrasSimula   ERROR     event 3 particle id=2861293980093691294(vp=181|vs=23|p=135|g=0|sp=0)|pdg=gamma|q=0|m=0|p=16.8619 failed to simulate with error NavigatorError:3: No start volume could be resolved
23:16:47    FatrasSimula   ERROR     event 3 particle id=17785712285707670414(vp=181|vs=23|p=136|g=0|sp=0)|pdg=gamma|q=0|m=0|p=39.0578 failed to simulate with error NavigatorError:3: No start volume could be resolved
23:16:47    FatrasSimula   ERROR     event 3 particle id=8737230524850771361(vp=181|vs=30|p=181|g=0|sp=0)|pdg=p~|q=-1|m=0.938272|p=130.911 failed to simulate with error NavigatorError:3: No start volume could be resolved
23:16:47    FatrasSimula   ERROR     event 3 particle id=4135634556446542172(vp=181|vs=30|p=182|g=0|sp=0)|pdg=pi+|q=1|m=0.13957|p=11.7267 failed to simulate with error NavigatorError:3: No start volume could be resolved
23:16:47    FatrasSimula   ERROR     event 3 particle id=4852866289623215185(vp=185|vs=2|p=2|g=0|sp=0)|pdg=gamma|q=0|m=0|p=0.590368 failed to simulate with error NavigatorError:3: No start volume could be resolved
23:16:47    FatrasSimula   ERROR     event 3 particle id=7079424361948999393(vp=185|vs=2|p=3|g=0|sp=0)|pdg=gamma|q=0|m=0|p=60.9351 failed to simulate with error NavigatorError:3: No start volume could be resolved
23:16:47    FatrasSimula   ERROR     event 3 particle id=7615573882592756215(vp=185|vs=3|p=4|g=0|sp=0)|pdg=gamma|q=0|m=0|p=35.95 failed to simulate with error NavigatorError:3: No start volume could be resolved
23:16:47    FatrasSimula   ERROR     event 3 particle id=18190092325347831356(vp=185|vs=3|p=5|g=0|sp=0)|pdg=gamma|q=0|m=0|p=45.7069 failed to simulate with error NavigatorError:3: No start volume could be resolved
23:16:47    FatrasSimula   ERROR     event 3 particle id=14904404424481768716(vp=185|vs=30|p=210|g=0|sp=0)|pdg=gamma|q=0|m=0|p=4.37375 failed to simulate with error NavigatorError:3: No start volume could be resolved
23:16:47    FatrasSimula   ERROR     event 3 particle id=6390105374925554141(vp=185|vs=30|p=211|g=0|sp=0)|pdg=gamma|q=0|m=0|p=8.09821 failed to simulate with error NavigatorError:3: No start volume could be resolved
23:16:47    FatrasSimula   ERROR     event 3 particle id=3539337266498001857(vp=185|vs=31|p=212|g=0|sp=0)|pdg=gamma|q=0|m=0|p=18.3005 failed to simulate with error NavigatorError:3: No start volume could be resolved
23:16:47    FatrasSimula   ERROR     event 3 particle id=1677594260994757208(vp=185|vs=31|p=213|g=0|sp=0)|pdg=gamma|q=0|m=0|p=14.7367 failed to simulate with error NavigatorError:3: No start volume could be resolved
23:16:47    FatrasSimula   ERROR     event 3 particle id=13768115372178309324(vp=185|vs=39|p=318|g=0|sp=0)|pdg=n~|q=0|m=0.939565|p=195.898 failed to simulate with error NavigatorError:3: No start volume could be resolved
23:16:47    FatrasSimula   ERROR     event 3 particle id=1551758225703914792(vp=185|vs=40|p=319|g=0|sp=0)|pdg=gamma|q=0|m=0|p=1.2309 failed to simulate with error NavigatorError:3: No start volume could be resolved
23:16:47    FatrasSimula   ERROR     event 3 particle id=9196622072085411063(vp=185|vs=40|p=320|g=0|sp=0)|pdg=gamma|q=0|m=0|p=11.3121 failed to simulate with error NavigatorError:3: No start volume could be resolved
23:16:47    FatrasSimula   ERROR     event 3 particle id=17614048297229909330(vp=185|vs=54|p=443|g=0|sp=0)|pdg=p|q=1|m=0.938272|p=79.8057 failed to simulate with error NavigatorError:3: No start volume could be resolved
23:16:47    FatrasSimula   ERROR     event 3 particle id=13717155458288267091(vp=185|vs=54|p=444|g=0|sp=0)|pdg=pi-|q=-1|m=0.13957|p=21.9241 failed to simulate with error NavigatorError:3: No start volume could be resolved
23:16:47    FatrasSimula   ERROR     event 3 particle id=17923419053229475743(vp=189|vs=53|p=609|g=0|sp=0)|pdg=pi+|q=1|m=0.13957|p=129.016 failed to simulate with error NavigatorError:3: No start volume could be resolved
23:16:47    FatrasSimula   ERROR     event 3 particle id=12877867535662393594(vp=189|vs=53|p=610|g=0|sp=0)|pdg=pi-|q=-1|m=0.13957|p=103.292 failed to simulate with error NavigatorError:3: No start volume could be resolved
23:16:47    FatrasSimula   ERROR     event 3 particle id=13572202420842151118(vp=189|vs=57|p=629|g=0|sp=0)|pdg=pi+|q=1|m=0.13957|p=16.4282 failed to simulate with error NavigatorError:3: No start volume could be resolved
23:16:47    FatrasSimula   ERROR     event 3 particle id=4597613219341157512(vp=189|vs=57|p=630|g=0|sp=0)|pdg=pi-|q=-1|m=0.13957|p=71.2196 failed to simulate with error NavigatorError:3: No start volume could be resolved
23:16:47    FatrasSimula   ERROR     event 3 particle id=11179742335937513772(vp=191|vs=2|p=3|g=0|sp=0)|pdg=n~|q=0|m=0.939565|p=752.805 failed to simulate with error NavigatorError:3: No start volume could be resolved
23:16:47    FatrasSimula   ERROR     event 3 particle id=17473910135919576726(vp=191|vs=2|p=4|g=0|sp=0)|pdg=pi+|q=1|m=0.13957|p=52.7073 failed to simulate with error NavigatorError:3: No start volume could be resolved
23:16:47    FatrasSimula   ERROR     event 3 particle id=2041636609219558070(vp=191|vs=3|p=9|g=0|sp=0)|pdg=n|q=0|m=0.939565|p=1794.68 failed to simulate with error NavigatorError:3: No start volume could be resolved
23:16:47    FatrasSimula   ERROR     event 3 particle id=15451097328048278876(vp=191|vs=4|p=10|g=0|sp=0)|pdg=gamma|q=0|m=0|p=387.748 failed to simulate with error NavigatorError:3: No start volume could be resolved
23:16:47    FatrasSimula   ERROR     event 3 particle id=3229257057315623209(vp=191|vs=4|p=11|g=0|sp=0)|pdg=gamma|q=0|m=0|p=120.559 failed to simulate with error NavigatorError:3: No start volume could be resolved
23:16:47    FatrasSimula   ERROR     event 3 particle id=1227209251621573560(vp=193|vs=23|p=178|g=0|sp=0)|pdg=gamma|q=0|m=0|p=22.013 failed to simulate with error NavigatorError:3: No start volume could be resolved
23:16:47    FatrasSimula   ERROR     event 3 particle id=9717401354926981088(vp=193|vs=23|p=179|g=0|sp=0)|pdg=gamma|q=0|m=0|p=148.283 failed to simulate with error NavigatorError:3: No start volume could be resolved
23:16:47    FatrasSimula   ERROR     event 3 particle id=11973307651910884143(vp=193|vs=24|p=180|g=0|sp=0)|pdg=gamma|q=0|m=0|p=3.80939 failed to simulate with error NavigatorError:3: No start volume could be resolved
23:16:47    FatrasSimula   ERROR     event 3 particle id=6133100885921613406(vp=193|vs=24|p=181|g=0|sp=0)|pdg=gamma|q=0|m=0|p=271.231 failed to simulate with error NavigatorError:3: No start volume could be resolved
23:16:47    FatrasSimula   ERROR     event 3 particle id=5010671314852099610(vp=193|vs=25|p=182|g=0|sp=0)|pdg=pi+|q=1|m=0.13957|p=91.484 failed to simulate with error NavigatorError:3: No start volume could be resolved
23:16:47    FatrasSimula   ERROR     event 3 particle id=3605321772833505626(vp=193|vs=25|p=183|g=0|sp=0)|pdg=pi-|q=-1|m=0.13957|p=172.872 failed to simulate with error NavigatorError:3: No start volume could be resolved
23:16:47    FatrasSimula   ERROR     event 3 particle id=4142582718163270840(vp=197|vs=11|p=48|g=0|sp=0)|pdg=gamma|q=0|m=0|p=16.2391 failed to simulate with error NavigatorError:3: No start volume could be resolved
23:16:47    FatrasSimula   ERROR     event 3 particle id=15241972640935168545(vp=197|vs=11|p=49|g=0|sp=0)|pdg=gamma|q=0|m=0|p=544.784 failed to simulate with error NavigatorError:3: No start volume could be resolved
23:16:47    FatrasSimula   ERROR     event 3 particle id=15266915411755409396(vp=197|vs=12|p=50|g=0|sp=0)|pdg=gamma|q=0|m=0|p=92.1324 failed to simulate with error NavigatorError:3: No start volume could be resolved
23:16:47    FatrasSimula   ERROR     event 3 particle id=15051312083911998916(vp=197|vs=12|p=51|g=0|sp=0)|pdg=gamma|q=0|m=0|p=66.099 failed to simulate with error NavigatorError:3: No start volume could be resolved
23:16:47    FatrasSimula   ERROR     event 3 particle id=9427380632156300206(vp=200|vs=8|p=43|g=0|sp=0)|pdg=n|q=0|m=0.939565|p=31.9378 failed to simulate with error NavigatorError:3: No start volume could be resolved
23:16:47    FatrasSimula   ERROR     event 3 particle id=7326484140396870183(vp=200|vs=8|p=44|g=0|sp=0)|pdg=gamma|q=0|m=0|p=4.51481 failed to simulate with error NavigatorError:3: No start volume could be resolved
23:16:47    FatrasSimula   ERROR     event 3 particle id=55120102568818909(vp=200|vs=8|p=45|g=0|sp=0)|pdg=gamma|q=0|m=0|p=0.765496 failed to simulate with error NavigatorError:3: No start volume could be resolved
23:16:47    FatrasSimula   ERROR     event 3 particle id=17692702930294778563(vp=200|vs=13|p=74|g=0|sp=0)|pdg=p|q=1|m=0.938272|p=567.192 failed to simulate with error NavigatorError:3: No start volume could be resolved
23:16:47    FatrasSimula   ERROR     event 3 particle id=14398499030704944271(vp=200|vs=13|p=75|g=0|sp=0)|pdg=pi-|q=-1|m=0.13957|p=183.141 failed to simulate with error NavigatorError:3: No start volume could be resolved
23:16:47    Digitization   WARNING   12846 skipped in Digitization. Enable DEBUG mode to see more details.
23:16:56    Sequencer      INFO      finished event 3
23:16:57    FatrasSimula   ERROR     event 4 particle id=18196156984667887117(vp=2|vs=5|p=34|g=0|sp=0)|pdg=n|q=0|m=0.939565|p=723.096 failed to simulate with error NavigatorError:3: No start volume could be resolved
23:16:57    FatrasSimula   ERROR     event 4 particle id=8165962766999917298(vp=2|vs=5|p=35|g=0|sp=0)|pdg=pi-|q=-1|m=0.13957|p=79.0587 failed to simulate with error NavigatorError:3: No start volume could be resolved
23:16:57    FatrasSimula   ERROR     event 4 particle id=8499701949953279657(vp=2|vs=16|p=84|g=0|sp=0)|pdg=p~|q=-1|m=0.938272|p=543.563 failed to simulate with error NavigatorError:3: No start volume could be resolved
23:16:57    FatrasSimula   ERROR     event 4 particle id=1394856642174327240(vp=2|vs=16|p=85|g=0|sp=0)|pdg=pi+|q=1|m=0.13957|p=144.973 failed to simulate with error NavigatorError:3: No start volume could be resolved
23:16:57    FatrasSimula   ERROR     event 4 particle id=268831777015014555(vp=2|vs=17|p=87|g=0|sp=0)|pdg=p|q=1|m=0.938272|p=2366.71 failed to simulate with error NavigatorError:3: No start volume could be resolved
23:16:57    FatrasSimula   ERROR     event 4 particle id=16917165902811313328(vp=2|vs=17|p=88|g=0|sp=0)|pdg=pi-|q=-1|m=0.13957|p=348.851 failed to simulate with error NavigatorError:3: No start volume could be resolved
23:16:57    FatrasSimula   ERROR     event 4 particle id=17500928744220751588(vp=4|vs=1|p=3|g=0|sp=0)|pdg=p|q=1|m=0.938272|p=377.918 failed to simulate with error NavigatorError:3: No start volume could be resolved
23:16:57    FatrasSimula   ERROR     event 4 particle id=11259451959561817081(vp=4|vs=2|p=4|g=0|sp=0)|pdg=gamma|q=0|m=0|p=3.07419 failed to simulate with error NavigatorError:3: No start volume could be resolved
23:16:57    FatrasSimula   ERROR     event 4 particle id=7966709135443327404(vp=4|vs=2|p=5|g=0|sp=0)|pdg=gamma|q=0|m=0|p=24.3882 failed to simulate with error NavigatorError:3: No start volume could be resolved
23:16:57    FatrasSimula   ERROR     event 4 particle id=5217386157375477355(vp=4|vs=16|p=110|g=0|sp=0)|pdg=pi+|q=1|m=0.13957|p=102.855 failed to simulate with error NavigatorError:3: No start volume could be resolved
23:16:57    FatrasSimula   ERROR     event 4 particle id=2476230626505667198(vp=4|vs=16|p=111|g=0|sp=0)|pdg=pi-|q=-1|m=0.13957|p=101.751 failed to simulate with error NavigatorError:3: No start volume could be resolved
23:16:57    FatrasSimula   ERROR     event 4 particle id=16559437223628495732(vp=5|vs=2|p=5|g=0|sp=0)|pdg=pi+|q=1|m=0.13957|p=275.72 failed to simulate with error NavigatorError:3: No start volume could be resolved
23:16:57    FatrasSimula   ERROR     event 4 particle id=6823935479773391938(vp=5|vs=2|p=6|g=0|sp=0)|pdg=pi-|q=-1|m=0.13957|p=1033.23 failed to simulate with error NavigatorError:3: No start volume could be resolved
23:16:57    FatrasSimula   ERROR     event 4 particle id=9176431240698754409(vp=10|vs=1|p=1|g=0|sp=0)|pdg=n|q=0|m=0.939565|p=515.345 failed to simulate with error NavigatorError:3: No start volume could be resolved
23:16:57    FatrasSimula   ERROR     event 4 particle id=12988622478373117719(vp=10|vs=2|p=2|g=0|sp=0)|pdg=gamma|q=0|m=0|p=0.539858 failed to simulate with error NavigatorError:3: No start volume could be resolved
23:16:57    FatrasSimula   ERROR     event 4 particle id=14159522825644439143(vp=10|vs=2|p=3|g=0|sp=0)|pdg=gamma|q=0|m=0|p=70.7873 failed to simulate with error NavigatorError:3: No start volume could be resolved
23:16:57    FatrasSimula   ERROR     event 4 particle id=9054496697764680428(vp=10|vs=3|p=5|g=0|sp=0)|pdg=n~|q=0|m=0.939565|p=153.285 failed to simulate with error NavigatorError:3: No start volume could be resolved
23:16:57    FatrasSimula   ERROR     event 4 particle id=17701423927447015166(vp=10|vs=3|p=6|g=0|sp=0)|pdg=gamma|q=0|m=0|p=9.76513 failed to simulate with error NavigatorError:3: No start volume could be resolved
23:16:57    FatrasSimula   ERROR     event 4 particle id=17530506511073482535(vp=10|vs=3|p=7|g=0|sp=0)|pdg=gamma|q=0|m=0|p=2.03147 failed to simulate with error NavigatorError:3: No start volume could be resolved
23:16:57    FatrasSimula   ERROR     event 4 particle id=7253442605291876235(vp=10|vs=6|p=40|g=0|sp=0)|pdg=pi+|q=1|m=0.13957|p=58.8224 failed to simulate with error NavigatorError:3: No start volume could be resolved
23:16:57    FatrasSimula   ERROR     event 4 particle id=9410709115271579643(vp=10|vs=6|p=41|g=0|sp=0)|pdg=pi-|q=-1|m=0.13957|p=48.9207 failed to simulate with error NavigatorError:3: No start volume could be resolved
23:16:57    FatrasSimula   ERROR     event 4 particle id=11819717655659932276(vp=12|vs=35|p=326|g=0|sp=0)|pdg=n~|q=0|m=0.939565|p=749.672 failed to simulate with error NavigatorError:3: No start volume could be resolved
23:16:57    FatrasSimula   ERROR     event 4 particle id=13292997542104906380(vp=12|vs=35|p=327|g=0|sp=0)|pdg=pi+|q=1|m=0.13957|p=348.218 failed to simulate with error NavigatorError:3: No start volume could be resolved
23:16:57    FatrasSimula   ERROR     event 4 particle id=9613611297443967248(vp=12|vs=36|p=328|g=0|sp=0)|pdg=pi+|q=1|m=0.13957|p=204.818 failed to simulate with error NavigatorError:3: No start volume could be resolved
23:16:57    FatrasSimula   ERROR     event 4 particle id=8983215885934181871(vp=12|vs=36|p=329|g=0|sp=0)|pdg=pi-|q=-1|m=0.13957|p=456.114 failed to simulate with error NavigatorError:3: No start volume could be resolved
23:16:57    FatrasSimula   ERROR     event 4 particle id=699779658080348793(vp=15|vs=3|p=12|g=0|sp=0)|pdg=pi+|q=1|m=0.13957|p=3.73679 failed to simulate with error NavigatorError:3: No start volume could be resolved
23:16:57    FatrasSimula   ERROR     event 4 particle id=582178538360011474(vp=15|vs=3|p=13|g=0|sp=0)|pdg=pi-|q=-1|m=0.13957|p=37.4845 failed to simulate with error NavigatorError:3: No start volume could be resolved
23:16:57    FatrasSimula   ERROR     event 4 particle id=12804840925813989787(vp=15|vs=6|p=29|g=0|sp=0)|pdg=n~|q=0|m=0.939565|p=37.1731 failed to simulate with error NavigatorError:3: No start volume could be resolved
23:16:57    FatrasSimula   ERROR     event 4 particle id=9558997590895154693(vp=15|vs=6|p=30|g=0|sp=0)|pdg=gamma|q=0|m=0|p=3.59468 failed to simulate with error NavigatorError:3: No start volume could be resolved
23:16:57    FatrasSimula   ERROR     event 4 particle id=9398878432026759901(vp=15|vs=6|p=31|g=0|sp=0)|pdg=gamma|q=0|m=0|p=1.26916 failed to simulate with error NavigatorError:3: No start volume could be resolved
23:16:57    FatrasSimula   ERROR     event 4 particle id=13166537944750839653(vp=15|vs=15|p=66|g=0|sp=0)|pdg=pi+|q=1|m=0.13957|p=164.232 failed to simulate with error NavigatorError:3: No start volume could be resolved
23:16:57    FatrasSimula   ERROR     event 4 particle id=5113912669673337454(vp=15|vs=15|p=67|g=0|sp=0)|pdg=pi-|q=-1|m=0.13957|p=72.1533 failed to simulate with error NavigatorError:3: No start volume could be resolved
23:16:57    FatrasSimula   ERROR     event 4 particle id=14443303895030075869(vp=15|vs=38|p=196|g=0|sp=0)|pdg=pi+|q=1|m=0.13957|p=143.723 failed to simulate with error NavigatorError:3: No start volume could be resolved
23:16:57    FatrasSimula   ERROR     event 4 particle id=7146489217095438186(vp=15|vs=38|p=197|g=0|sp=0)|pdg=pi-|q=-1|m=0.13957|p=813.608 failed to simulate with error NavigatorError:3: No start volume could be resolved
23:16:57    FatrasSimula   ERROR     event 4 particle id=8162482822104829645(vp=15|vs=39|p=198|g=0|sp=0)|pdg=p|q=1|m=0.938272|p=1905.09 failed to simulate with error NavigatorError:3: No start volume could be resolved
23:16:57    FatrasSimula   ERROR     event 4 particle id=8276505053427623944(vp=15|vs=39|p=199|g=0|sp=0)|pdg=pi-|q=-1|m=0.13957|p=266.79 failed to simulate with error NavigatorError:3: No start volume could be resolved
23:16:57    FatrasSimula   ERROR     event 4 particle id=155826049863532880(vp=16|vs=3|p=9|g=0|sp=0)|pdg=pi+|q=1|m=0.13957|p=122.775 failed to simulate with error NavigatorError:3: No start volume could be resolved
23:16:57    FatrasSimula   ERROR     event 4 particle id=10306688315707670071(vp=16|vs=3|p=10|g=0|sp=0)|pdg=pi-|q=-1|m=0.13957|p=31.3939 failed to simulate with error NavigatorError:3: No start volume could be resolved
23:16:57    FatrasSimula   ERROR     event 4 particle id=13621934642686547038(vp=16|vs=10|p=52|g=0|sp=0)|pdg=n~|q=0|m=0.939565|p=241.119 failed to simulate with error NavigatorError:3: No start volume could be resolved
23:16:57    FatrasSimula   ERROR     event 4 particle id=17751696943189624303(vp=16|vs=10|p=53|g=0|sp=0)|pdg=pi+|q=1|m=0.13957|p=18.5137 failed to simulate with error NavigatorError:3: No start volume could be resolved
23:16:57    FatrasSimula   ERROR     event 4 particle id=7463057524362262179(vp=16|vs=19|p=128|g=0|sp=0)|pdg=pi+|q=1|m=0.13957|p=391.969 failed to simulate with error NavigatorError:3: No start volume could be resolved
23:16:57    FatrasSimula   ERROR     event 4 particle id=8514487797676210695(vp=16|vs=19|p=129|g=0|sp=0)|pdg=pi-|q=-1|m=0.13957|p=198.868 failed to simulate with error NavigatorError:3: No start volume could be resolved
23:16:57    FatrasSimula   ERROR     event 4 particle id=2485160371933149307(vp=17|vs=17|p=131|g=0|sp=0)|pdg=pi+|q=1|m=0.13957|p=29.3107 failed to simulate with error NavigatorError:3: No start volume could be resolved
23:16:57    FatrasSimula   ERROR     event 4 particle id=17964294650365987994(vp=17|vs=17|p=132|g=0|sp=0)|pdg=pi-|q=-1|m=0.13957|p=38.5286 failed to simulate with error NavigatorError:3: No start volume could be resolved
23:16:57    FatrasSimula   ERROR     event 4 particle id=13540848046142012004(vp=18|vs=25|p=198|g=0|sp=0)|pdg=pi+|q=1|m=0.13957|p=56.4355 failed to simulate with error NavigatorError:3: No start volume could be resolved
23:16:57    FatrasSimula   ERROR     event 4 particle id=10963973194119684086(vp=18|vs=25|p=199|g=0|sp=0)|pdg=pi-|q=-1|m=0.13957|p=167.381 failed to simulate with error NavigatorError:3: No start volume could be resolved
23:16:57    FatrasSimula   ERROR     event 4 particle id=4547094443901726222(vp=18|vs=27|p=200|g=0|sp=0)|pdg=pi+|q=1|m=0.13957|p=670.258 failed to simulate with error NavigatorError:3: No start volume could be resolved
23:16:57    FatrasSimula   ERROR     event 4 particle id=9962410238958167999(vp=18|vs=27|p=201|g=0|sp=0)|pdg=pi-|q=-1|m=0.13957|p=247.789 failed to simulate with error NavigatorError:3: No start volume could be resolved
23:16:57    FatrasSimula   ERROR     event 4 particle id=12384672635233394200(vp=22|vs=18|p=92|g=0|sp=0)|pdg=pi+|q=1|m=0.13957|p=293.419 failed to simulate with error NavigatorError:3: No start volume could be resolved
23:16:57    FatrasSimula   ERROR     event 4 particle id=5705977177847512724(vp=22|vs=18|p=93|g=0|sp=0)|pdg=pi-|q=-1|m=0.13957|p=218.083 failed to simulate with error NavigatorError:3: No start volume could be resolved
23:16:57    FatrasSimula   ERROR     event 4 particle id=4810413817363629481(vp=23|vs=10|p=67|g=0|sp=0)|pdg=p~|q=-1|m=0.938272|p=790.591 failed to simulate with error NavigatorError:3: No start volume could be resolved
23:16:57    FatrasSimula   ERROR     event 4 particle id=16881527656760963992(vp=23|vs=10|p=68|g=0|sp=0)|pdg=pi+|q=1|m=0.13957|p=63.4634 failed to simulate with error NavigatorError:3: No start volume could be resolved
23:16:57    FatrasSimula   ERROR     event 4 particle id=9748562967718819828(vp=23|vs=11|p=69|g=0|sp=0)|pdg=gamma|q=0|m=0|p=2.63169 failed to simulate with error NavigatorError:3: No start volume could be resolved
23:16:57    FatrasSimula   ERROR     event 4 particle id=9674209321166184344(vp=23|vs=11|p=70|g=0|sp=0)|pdg=gamma|q=0|m=0|p=83.0021 failed to simulate with error NavigatorError:3: No start volume could be resolved
23:16:57    FatrasSimula   ERROR     event 4 particle id=7145004190554532628(vp=25|vs=10|p=57|g=0|sp=0)|pdg=p~|q=-1|m=0.938272|p=30.0037 failed to simulate with error NavigatorError:3: No start volume could be resolved
23:16:57    FatrasSimula   ERROR     event 4 particle id=6156067475540551033(vp=25|vs=10|p=58|g=0|sp=0)|pdg=pi+|q=1|m=0.13957|p=3.50307 failed to simulate with error NavigatorError:3: No start volume could be resolved
23:16:57    FatrasSimula   ERROR     event 4 particle id=11433042148591072490(vp=25|vs=13|p=96|g=0|sp=0)|pdg=p~|q=-1|m=0.938272|p=811.163 failed to simulate with error NavigatorError:3: No start volume could be resolved
23:16:57    FatrasSimula   ERROR     event 4 particle id=1931756395347885683(vp=25|vs=13|p=97|g=0|sp=0)|pdg=pi+|q=1|m=0.13957|p=141.781 failed to simulate with error NavigatorError:3: No start volume could be resolved
23:16:57    FatrasSimula   ERROR     event 4 particle id=8971563484186379481(vp=29|vs=9|p=57|g=0|sp=0)|pdg=p|q=1|m=0.938272|p=132.09 failed to simulate with error NavigatorError:3: No start volume could be resolved
23:16:57    FatrasSimula   ERROR     event 4 particle id=9610040530516269244(vp=29|vs=9|p=58|g=0|sp=0)|pdg=pi-|q=-1|m=0.13957|p=18.7424 failed to simulate with error NavigatorError:3: No start volume could be resolved
23:16:57    FatrasSimula   ERROR     event 4 particle id=11011333107158882891(vp=29|vs=38|p=293|g=0|sp=0)|pdg=p~|q=-1|m=0.938272|p=87.0399 failed to simulate with error NavigatorError:3: No start volume could be resolved
23:16:57    FatrasSimula   ERROR     event 4 particle id=5722398158383839023(vp=29|vs=38|p=294|g=0|sp=0)|pdg=gamma|q=0|m=0|p=10.3121 failed to simulate with error NavigatorError:3: No start volume could be resolved
23:16:57    FatrasSimula   ERROR     event 4 particle id=9651229000751360665(vp=29|vs=38|p=295|g=0|sp=0)|pdg=gamma|q=0|m=0|p=5.01292 failed to simulate with error NavigatorError:3: No start volume could be resolved
23:16:57    FatrasSimula   ERROR     event 4 particle id=1092075567070234407(vp=29|vs=49|p=338|g=0|sp=0)|pdg=p~|q=-1|m=0.938272|p=297.404 failed to simulate with error NavigatorError:3: No start volume could be resolved
23:16:57    FatrasSimula   ERROR     event 4 particle id=3708091460589355544(vp=29|vs=49|p=339|g=0|sp=0)|pdg=pi+|q=1|m=0.13957|p=91.375 failed to simulate with error NavigatorError:3: No start volume could be resolved
23:16:57    FatrasSimula   ERROR     event 4 particle id=2508528957798947215(vp=29|vs=50|p=340|g=0|sp=0)|pdg=p|q=1|m=0.938272|p=236.508 failed to simulate with error NavigatorError:3: No start volume could be resolved
23:16:57    FatrasSimula   ERROR     event 4 particle id=17908536115800313096(vp=29|vs=50|p=341|g=0|sp=0)|pdg=pi-|q=-1|m=0.13957|p=71.3166 failed to simulate with error NavigatorError:3: No start volume could be resolved
23:16:57    FatrasSimula   ERROR     event 4 particle id=453975624943398573(vp=29|vs=55|p=357|g=0|sp=0)|pdg=pi+|q=1|m=0.13957|p=46.4789 failed to simulate with error NavigatorError:3: No start volume could be resolved
23:16:57    FatrasSimula   ERROR     event 4 particle id=11543739369384629446(vp=29|vs=55|p=358|g=0|sp=0)|pdg=pi-|q=-1|m=0.13957|p=274.612 failed to simulate with error NavigatorError:3: No start volume could be resolved
23:16:57    FatrasSimula   ERROR     event 4 particle id=12635249746344349753(vp=29|vs=70|p=426|g=0|sp=0)|pdg=gamma|q=0|m=0|p=157.54 failed to simulate with error NavigatorError:3: No start volume could be resolved
23:16:57    FatrasSimula   ERROR     event 4 particle id=16151632719092992203(vp=29|vs=70|p=427|g=0|sp=0)|pdg=gamma|q=0|m=0|p=38.3704 failed to simulate with error NavigatorError:3: No start volume could be resolved
23:16:57    FatrasSimula   ERROR     event 4 particle id=4438399591121953467(vp=29|vs=71|p=428|g=0|sp=0)|pdg=gamma|q=0|m=0|p=282.419 failed to simulate with error NavigatorError:3: No start volume could be resolved
23:16:57    FatrasSimula   ERROR     event 4 particle id=1484508853717981993(vp=29|vs=71|p=429|g=0|sp=0)|pdg=gamma|q=0|m=0|p=19.1851 failed to simulate with error NavigatorError:3: No start volume could be resolved
23:16:57    FatrasSimula   ERROR     event 4 particle id=5025210770915852218(vp=31|vs=16|p=142|g=0|sp=0)|pdg=gamma|q=0|m=0|p=25.1875 failed to simulate with error NavigatorError:3: No start volume could be resolved
23:16:57    FatrasSimula   ERROR     event 4 particle id=17630783926474106113(vp=31|vs=16|p=143|g=0|sp=0)|pdg=gamma|q=0|m=0|p=62.6034 failed to simulate with error NavigatorError:3: No start volume could be resolved
23:16:57    FatrasSimula   ERROR     event 4 particle id=476651561063272880(vp=31|vs=17|p=144|g=0|sp=0)|pdg=gamma|q=0|m=0|p=53.1623 failed to simulate with error NavigatorError:3: No start volume could be resolved
23:16:57    FatrasSimula   ERROR     event 4 particle id=5080080139232677103(vp=31|vs=17|p=145|g=0|sp=0)|pdg=gamma|q=0|m=0|p=423.416 failed to simulate with error NavigatorError:3: No start volume could be resolved
23:16:57    FatrasSimula   ERROR     event 4 particle id=1077757155437053140(vp=31|vs=19|p=146|g=0|sp=0)|pdg=pi+|q=1|m=0.13957|p=117.352 failed to simulate with error NavigatorError:3: No start volume could be resolved
23:16:57    FatrasSimula   ERROR     event 4 particle id=2884308932957432146(vp=31|vs=19|p=147|g=0|sp=0)|pdg=pi-|q=-1|m=0.13957|p=314.347 failed to simulate with error NavigatorError:3: No start volume could be resolved
23:16:57    FatrasSimula   ERROR     event 4 particle id=4205383007783327111(vp=32|vs=2|p=1|g=0|sp=0)|pdg=gamma|q=0|m=0|p=122.882 failed to simulate with error NavigatorError:3: No start volume could be resolved
23:16:57    FatrasSimula   ERROR     event 4 particle id=2308211643512280292(vp=32|vs=2|p=2|g=0|sp=0)|pdg=gamma|q=0|m=0|p=11.3387 failed to simulate with error NavigatorError:3: No start volume could be resolved
23:16:57    FatrasSimula   ERROR     event 4 particle id=11871792564209261613(vp=32|vs=3|p=3|g=0|sp=0)|pdg=gamma|q=0|m=0|p=715.558 failed to simulate with error NavigatorError:3: No start volume could be resolved
23:16:57    FatrasSimula   ERROR     event 4 particle id=12767396467173977252(vp=32|vs=3|p=4|g=0|sp=0)|pdg=gamma|q=0|m=0|p=436.402 failed to simulate with error NavigatorError:3: No start volume could be resolved
23:16:57    FatrasSimula   ERROR     event 4 particle id=11513603852979734809(vp=32|vs=6|p=51|g=0|sp=0)|pdg=p|q=1|m=0.938272|p=131.767 failed to simulate with error NavigatorError:3: No start volume could be resolved
23:16:57    FatrasSimula   ERROR     event 4 particle id=2108535148933922112(vp=32|vs=6|p=52|g=0|sp=0)|pdg=pi-|q=-1|m=0.13957|p=41.7952 failed to simulate with error NavigatorError:3: No start volume could be resolved
23:16:57    FatrasSimula   ERROR     event 4 particle id=6329198765857245880(vp=32|vs=7|p=57|g=0|sp=0)|pdg=pi+|q=1|m=0.13957|p=43.1691 failed to simulate with error NavigatorError:3: No start volume could be resolved
23:16:57    FatrasSimula   ERROR     event 4 particle id=14999086325961032877(vp=32|vs=8|p=54|g=0|sp=0)|pdg=n~|q=0|m=0.939565|p=328.746 failed to simulate with error NavigatorError:3: No start volume could be resolved
23:16:57    FatrasSimula   ERROR     event 4 particle id=8227862534971337868(vp=32|vs=9|p=55|g=0|sp=0)|pdg=gamma|q=0|m=0|p=38.9996 failed to simulate with error NavigatorError:3: No start volume could be resolved
23:16:57    FatrasSimula   ERROR     event 4 particle id=14571918257485785151(vp=32|vs=9|p=56|g=0|sp=0)|pdg=gamma|q=0|m=0|p=15.5216 failed to simulate with error NavigatorError:3: No start volume could be resolved
23:16:57    FatrasSimula   ERROR     event 4 particle id=14488252652803211274(vp=32|vs=11|p=58|g=0|sp=0)|pdg=p|q=1|m=0.938272|p=2821.76 failed to simulate with error NavigatorError:3: No start volume could be resolved
23:16:57    FatrasSimula   ERROR     event 4 particle id=6069874272688532531(vp=32|vs=11|p=59|g=0|sp=0)|pdg=pi-|q=-1|m=0.13957|p=197.939 failed to simulate with error NavigatorError:3: No start volume could be resolved
23:16:57    FatrasSimula   ERROR     event 4 particle id=10953933690699198424(vp=32|vs=12|p=60|g=0|sp=0)|pdg=gamma|q=0|m=0|p=28.3331 failed to simulate with error NavigatorError:3: No start volume could be resolved
23:16:57    FatrasSimula   ERROR     event 4 particle id=14490726940733910881(vp=32|vs=12|p=61|g=0|sp=0)|pdg=gamma|q=0|m=0|p=691.57 failed to simulate with error NavigatorError:3: No start volume could be resolved
23:16:57    FatrasSimula   ERROR     event 4 particle id=16158635764355826430(vp=32|vs=15|p=62|g=0|sp=0)|pdg=gamma|q=0|m=0|p=94.2516 failed to simulate with error NavigatorError:3: No start volume could be resolved
23:16:57    FatrasSimula   ERROR     event 4 particle id=10974837558969317684(vp=32|vs=15|p=63|g=0|sp=0)|pdg=gamma|q=0|m=0|p=54.3328 failed to simulate with error NavigatorError:3: No start volume could be resolved
23:16:57    FatrasSimula   ERROR     event 4 particle id=5113850162335111562(vp=32|vs=16|p=64|g=0|sp=0)|pdg=gamma|q=0|m=0|p=389.65 failed to simulate with error NavigatorError:3: No start volume could be resolved
23:16:57    FatrasSimula   ERROR     event 4 particle id=8888063875863253151(vp=32|vs=16|p=65|g=0|sp=0)|pdg=gamma|q=0|m=0|p=206.357 failed to simulate with error NavigatorError:3: No start volume could be resolved
23:16:57    FatrasSimula   ERROR     event 4 particle id=11441243447282399811(vp=34|vs=10|p=82|g=0|sp=0)|pdg=n|q=0|m=0.939565|p=298.417 failed to simulate with error NavigatorError:3: No start volume could be resolved
23:16:57    FatrasSimula   ERROR     event 4 particle id=11018384894679716997(vp=34|vs=10|p=83|g=0|sp=0)|pdg=pi-|q=-1|m=0.13957|p=143.549 failed to simulate with error NavigatorError:3: No start volume could be resolved
23:16:57    FatrasSimula   ERROR     event 4 particle id=17348673342859493324(vp=34|vs=11|p=84|g=0|sp=0)|pdg=n~|q=0|m=0.939565|p=1200.71 failed to simulate with error NavigatorError:3: No start volume could be resolved
23:16:57    FatrasSimula   ERROR     event 4 particle id=4891941481076754578(vp=34|vs=12|p=85|g=0|sp=0)|pdg=gamma|q=0|m=0|p=123.783 failed to simulate with error NavigatorError:3: No start volume could be resolved
23:16:57    FatrasSimula   ERROR     event 4 particle id=1597120161062509613(vp=34|vs=12|p=86|g=0|sp=0)|pdg=gamma|q=0|m=0|p=105.848 failed to simulate with error NavigatorError:3: No start volume could be resolved
23:16:57    FatrasSimula   ERROR     event 4 particle id=5131137576686583869(vp=35|vs=3|p=3|g=0|sp=0)|pdg=pi+|q=1|m=0.13957|p=632.131 failed to simulate with error NavigatorError:3: No start volume could be resolved
23:16:57    FatrasSimula   ERROR     event 4 particle id=2025865113782623079(vp=35|vs=3|p=4|g=0|sp=0)|pdg=pi-|q=-1|m=0.13957|p=378.934 failed to simulate with error NavigatorError:3: No start volume could be resolved
23:16:57    FatrasSimula   ERROR     event 4 particle id=17858854232101413889(vp=35|vs=6|p=14|g=0|sp=0)|pdg=n|q=0|m=0.939565|p=37.4862 failed to simulate with error NavigatorError:3: No start volume could be resolved
23:16:57    FatrasSimula   ERROR     event 4 particle id=8016848162462834881(vp=35|vs=6|p=15|g=0|sp=0)|pdg=gamma|q=0|m=0|p=0.838679 failed to simulate with error NavigatorError:3: No start volume could be resolved
23:16:57    FatrasSimula   ERROR     event 4 particle id=3889370063134617671(vp=35|vs=6|p=16|g=0|sp=0)|pdg=gamma|q=0|m=0|p=6.29544 failed to simulate with error NavigatorError:3: No start volume could be resolved
23:16:57    FatrasSimula   ERROR     event 4 particle id=3797454564757497253(vp=35|vs=19|p=144|g=0|sp=0)|pdg=pi+|q=1|m=0.13957|p=128.068 failed to simulate with error NavigatorError:3: No start volume could be resolved
23:16:57    FatrasSimula   ERROR     event 4 particle id=10168146041448723513(vp=35|vs=19|p=145|g=0|sp=0)|pdg=pi-|q=-1|m=0.13957|p=176.067 failed to simulate with error NavigatorError:3: No start volume could be resolved
23:16:57    FatrasSimula   ERROR     event 4 particle id=12849176333595139693(vp=35|vs=20|p=151|g=0|sp=0)|pdg=gamma|q=0|m=0|p=50.9872 failed to simulate with error NavigatorError:3: No start volume could be resolved
23:16:57    FatrasSimula   ERROR     event 4 particle id=15684016007284570386(vp=35|vs=20|p=152|g=0|sp=0)|pdg=gamma|q=0|m=0|p=11.6138 failed to simulate with error NavigatorError:3: No start volume could be resolved
23:16:57    FatrasSimula   ERROR     event 4 particle id=11261151385342108704(vp=35|vs=21|p=149|g=0|sp=0)|pdg=gamma|q=0|m=0|p=15.0329 failed to simulate with error NavigatorError:3: No start volume could be resolved
23:16:57    FatrasSimula   ERROR     event 4 particle id=12900935761322850060(vp=35|vs=21|p=150|g=0|sp=0)|pdg=gamma|q=0|m=0|p=8.97868 failed to simulate with error NavigatorError:3: No start volume could be resolved
23:16:57    FatrasSimula   ERROR     event 4 particle id=13896604712076966023(vp=35|vs=32|p=241|g=0|sp=0)|pdg=pi+|q=1|m=0.13957|p=29.6444 failed to simulate with error NavigatorError:3: No start volume could be resolved
23:16:57    FatrasSimula   ERROR     event 4 particle id=3006283495478797847(vp=35|vs=32|p=242|g=0|sp=0)|pdg=pi-|q=-1|m=0.13957|p=43.886 failed to simulate with error NavigatorError:3: No start volume could be resolved
23:16:57    FatrasSimula   ERROR     event 4 particle id=12994600276171710674(vp=39|vs=6|p=38|g=0|sp=0)|pdg=pi+|q=1|m=0.13957|p=88.7509 failed to simulate with error NavigatorError:3: No start volume could be resolved
23:16:57    FatrasSimula   ERROR     event 4 particle id=9907670341679101942(vp=39|vs=6|p=39|g=0|sp=0)|pdg=pi-|q=-1|m=0.13957|p=133.418 failed to simulate with error NavigatorError:3: No start volume could be resolved
23:16:57    FatrasSimula   ERROR     event 4 particle id=9863020632651791515(vp=41|vs=39|p=367|g=0|sp=0)|pdg=p~|q=-1|m=0.938272|p=105.574 failed to simulate with error NavigatorError:3: No start volume could be resolved
23:16:57    FatrasSimula   ERROR     event 4 particle id=2594497036244674668(vp=41|vs=40|p=368|g=0|sp=0)|pdg=gamma|q=0|m=0|p=9.50965 failed to simulate with error NavigatorError:3: No start volume could be resolved
23:16:57    FatrasSimula   ERROR     event 4 particle id=4729455925683678004(vp=41|vs=40|p=369|g=0|sp=0)|pdg=gamma|q=0|m=0|p=47.1728 failed to simulate with error NavigatorError:3: No start volume could be resolved
23:16:57    FatrasSimula   ERROR     event 4 particle id=13224118056046197249(vp=43|vs=3|p=34|g=0|sp=0)|pdg=n~|q=0|m=0.939565|p=109.409 failed to simulate with error NavigatorError:3: No start volume could be resolved
23:16:57    FatrasSimula   ERROR     event 4 particle id=9743006916086487587(vp=43|vs=3|p=35|g=0|sp=0)|pdg=gamma|q=0|m=0|p=7.95153 failed to simulate with error NavigatorError:3: No start volume could be resolved
23:16:57    FatrasSimula   ERROR     event 4 particle id=6136934922134395015(vp=43|vs=5|p=49|g=0|sp=0)|pdg=p|q=1|m=0.938272|p=2034.75 failed to simulate with error NavigatorError:3: No start volume could be resolved
23:16:57    FatrasSimula   ERROR     event 4 particle id=15444258873881980212(vp=43|vs=5|p=50|g=0|sp=0)|pdg=pi-|q=-1|m=0.13957|p=375.434 failed to simulate with error NavigatorError:3: No start volume could be resolved
23:16:57    FatrasSimula   ERROR     event 4 particle id=8944445086174904606(vp=46|vs=6|p=65|g=0|sp=0)|pdg=p|q=1|m=0.938272|p=502.388 failed to simulate with error NavigatorError:3: No start volume could be resolved
23:16:57    FatrasSimula   ERROR     event 4 particle id=17548563892574065359(vp=46|vs=6|p=66|g=0|sp=0)|pdg=pi-|q=-1|m=0.13957|p=160.474 failed to simulate with error NavigatorError:3: No start volume could be resolved
23:16:57    FatrasSimula   ERROR     event 4 particle id=3178380795537494884(vp=46|vs=7|p=68|g=0|sp=0)|pdg=p~|q=-1|m=0.938272|p=457.429 failed to simulate with error NavigatorError:3: No start volume could be resolved
23:16:57    FatrasSimula   ERROR     event 4 particle id=11788896482631540575(vp=46|vs=7|p=69|g=0|sp=0)|pdg=pi+|q=1|m=0.13957|p=139.716 failed to simulate with error NavigatorError:3: No start volume could be resolved
23:16:57    FatrasSimula   ERROR     event 4 particle id=10552916838693692216(vp=48|vs=10|p=88|g=0|sp=0)|pdg=pi+|q=1|m=0.13957|p=103.092 failed to simulate with error NavigatorError:3: No start volume could be resolved
23:16:57    FatrasSimula   ERROR     event 4 particle id=8278762637036951940(vp=48|vs=10|p=89|g=0|sp=0)|pdg=pi-|q=-1|m=0.13957|p=35.2541 failed to simulate with error NavigatorError:3: No start volume could be resolved
23:16:57    FatrasSimula   ERROR     event 4 particle id=7922235016964752221(vp=48|vs=15|p=99|g=0|sp=0)|pdg=gamma|q=0|m=0|p=293.724 failed to simulate with error NavigatorError:3: No start volume could be resolved
23:16:57    FatrasSimula   ERROR     event 4 particle id=13511870816078131249(vp=48|vs=15|p=100|g=0|sp=0)|pdg=gamma|q=0|m=0|p=9.11157 failed to simulate with error NavigatorError:3: No start volume could be resolved
23:16:57    FatrasSimula   ERROR     event 4 particle id=14329228459992647608(vp=48|vs=16|p=101|g=0|sp=0)|pdg=gamma|q=0|m=0|p=409.23 failed to simulate with error NavigatorError:3: No start volume could be resolved
23:16:57    FatrasSimula   ERROR     event 4 particle id=16819052027251434976(vp=48|vs=16|p=102|g=0|sp=0)|pdg=gamma|q=0|m=0|p=486.143 failed to simulate with error NavigatorError:3: No start volume could be resolved
23:16:57    FatrasSimula   ERROR     event 4 particle id=3277235041469481784(vp=49|vs=15|p=56|g=0|sp=0)|pdg=pi+|q=1|m=0.13957|p=198.678 failed to simulate with error NavigatorError:3: No start volume could be resolved
23:16:57    FatrasSimula   ERROR     event 4 particle id=16733199465211267440(vp=49|vs=15|p=57|g=0|sp=0)|pdg=pi-|q=-1|m=0.13957|p=45.9583 failed to simulate with error NavigatorError:3: No start volume could be resolved
23:16:57    FatrasSimula   ERROR     event 4 particle id=6702843085447393892(vp=51|vs=15|p=66|g=0|sp=0)|pdg=pi+|q=1|m=0.13957|p=54.8681 failed to simulate with error NavigatorError:3: No start volume could be resolved
23:16:57    FatrasSimula   ERROR     event 4 particle id=362741275239268804(vp=51|vs=15|p=67|g=0|sp=0)|pdg=pi-|q=-1|m=0.13957|p=72.8837 failed to simulate with error NavigatorError:3: No start volume could be resolved
23:16:57    FatrasSimula   ERROR     event 4 particle id=864425080313246418(vp=51|vs=18|p=117|g=0|sp=0)|pdg=p|q=1|m=0.938272|p=152.828 failed to simulate with error NavigatorError:3: No start volume could be resolved
23:16:57    FatrasSimula   ERROR     event 4 particle id=9323985774214284334(vp=51|vs=18|p=118|g=0|sp=0)|pdg=pi-|q=-1|m=0.13957|p=40.7031 failed to simulate with error NavigatorError:3: No start volume could be resolved
23:16:57    FatrasSimula   ERROR     event 4 particle id=14458610395677102178(vp=53|vs=10|p=48|g=0|sp=0)|pdg=n|q=0|m=0.939565|p=962.246 failed to simulate with error NavigatorError:3: No start volume could be resolved
23:16:57    FatrasSimula   ERROR     event 4 particle id=16551038884741782445(vp=53|vs=10|p=49|g=0|sp=0)|pdg=pi-|q=-1|m=0.13957|p=405.251 failed to simulate with error NavigatorError:3: No start volume could be resolved
23:16:57    FatrasSimula   ERROR     event 4 particle id=8375921803030427557(vp=54|vs=26|p=314|g=0|sp=0)|pdg=p~|q=-1|m=0.938272|p=154.846 failed to simulate with error NavigatorError:3: No start volume could be resolved
23:16:57    FatrasSimula   ERROR     event 4 particle id=8458697698746535902(vp=54|vs=26|p=315|g=0|sp=0)|pdg=pi+|q=1|m=0.13957|p=14.2635 failed to simulate with error NavigatorError:3: No start volume could be resolved
23:16:57    FatrasSimula   ERROR     event 4 particle id=15364790427258829334(vp=54|vs=34|p=370|g=0|sp=0)|pdg=pi+|q=1|m=0.13957|p=13.9114 failed to simulate with error NavigatorError:3: No start volume could be resolved
23:16:57    FatrasSimula   ERROR     event 4 particle id=9899975168597570528(vp=54|vs=34|p=371|g=0|sp=0)|pdg=pi-|q=-1|m=0.13957|p=41.6259 failed to simulate with error NavigatorError:3: No start volume could be resolved
23:16:57    FatrasSimula   ERROR     event 4 particle id=7956235801826375829(vp=58|vs=29|p=352|g=0|sp=0)|pdg=p|q=1|m=0.938272|p=172.033 failed to simulate with error NavigatorError:3: No start volume could be resolved
23:16:57    FatrasSimula   ERROR     event 4 particle id=5224442034904054846(vp=58|vs=29|p=353|g=0|sp=0)|pdg=pi-|q=-1|m=0.13957|p=44.3955 failed to simulate with error NavigatorError:3: No start volume could be resolved
23:16:57    FatrasSimula   ERROR     event 4 particle id=3970444344499468851(vp=58|vs=34|p=363|g=0|sp=0)|pdg=p~|q=-1|m=0.938272|p=100.196 failed to simulate with error NavigatorError:3: No start volume could be resolved
23:16:57    FatrasSimula   ERROR     event 4 particle id=382266396777210624(vp=58|vs=34|p=364|g=0|sp=0)|pdg=pi+|q=1|m=0.13957|p=13.3351 failed to simulate with error NavigatorError:3: No start volume could be resolved
23:16:57    FatrasSimula   ERROR     event 4 particle id=8346030614339791866(vp=60|vs=4|p=31|g=0|sp=0)|pdg=n|q=0|m=0.939565|p=2842.78 failed to simulate with error NavigatorError:3: No start volume could be resolved
23:16:57    FatrasSimula   ERROR     event 4 particle id=7171288288957322915(vp=60|vs=5|p=32|g=0|sp=0)|pdg=gamma|q=0|m=0|p=653.901 failed to simulate with error NavigatorError:3: No start volume could be resolved
23:16:57    FatrasSimula   ERROR     event 4 particle id=10114083805425828576(vp=60|vs=5|p=33|g=0|sp=0)|pdg=gamma|q=0|m=0|p=79.4557 failed to simulate with error NavigatorError:3: No start volume could be resolved
23:16:57    FatrasSimula   ERROR     event 4 particle id=10162352140783089954(vp=60|vs=16|p=76|g=0|sp=0)|pdg=n|q=0|m=0.939565|p=27.8262 failed to simulate with error NavigatorError:3: No start volume could be resolved
23:16:57    FatrasSimula   ERROR     event 4 particle id=15095568174308768637(vp=60|vs=16|p=77|g=0|sp=0)|pdg=gamma|q=0|m=0|p=3.90146 failed to simulate with error NavigatorError:3: No start volume could be resolved
23:16:57    FatrasSimula   ERROR     event 4 particle id=11819693918208127441(vp=60|vs=19|p=83|g=0|sp=0)|pdg=p~|q=-1|m=0.938272|p=518.847 failed to simulate with error NavigatorError:3: No start volume could be resolved
23:16:57    FatrasSimula   ERROR     event 4 particle id=14588641428284566021(vp=60|vs=19|p=84|g=0|sp=0)|pdg=pi+|q=1|m=0.13957|p=84.55 failed to simulate with error NavigatorError:3: No start volume could be resolved
23:16:57    FatrasSimula   ERROR     event 4 particle id=214256706495478277(vp=61|vs=10|p=43|g=0|sp=0)|pdg=p~|q=-1|m=0.938272|p=1236.76 failed to simulate with error NavigatorError:3: No start volume could be resolved
23:16:57    FatrasSimula   ERROR     event 4 particle id=3765605066033909915(vp=61|vs=10|p=44|g=0|sp=0)|pdg=pi+|q=1|m=0.13957|p=198.513 failed to simulate with error NavigatorError:3: No start volume could be resolved
23:16:57    FatrasSimula   ERROR     event 4 particle id=14457287991998655219(vp=63|vs=10|p=107|g=0|sp=0)|pdg=p|q=1|m=0.938272|p=119.55 failed to simulate with error NavigatorError:3: No start volume could be resolved
23:16:57    FatrasSimula   ERROR     event 4 particle id=6372538630662262899(vp=63|vs=10|p=108|g=0|sp=0)|pdg=pi-|q=-1|m=0.13957|p=21.212 failed to simulate with error NavigatorError:3: No start volume could be resolved
23:16:57    FatrasSimula   ERROR     event 4 particle id=14857959676120197323(vp=66|vs=20|p=98|g=0|sp=0)|pdg=n~|q=0|m=0.939565|p=552.635 failed to simulate with error NavigatorError:3: No start volume could be resolved
23:16:57    FatrasSimula   ERROR     event 4 particle id=6915126124419509503(vp=66|vs=21|p=99|g=0|sp=0)|pdg=gamma|q=0|m=0|p=2.82484 failed to simulate with error NavigatorError:3: No start volume could be resolved
23:16:57    FatrasSimula   ERROR     event 4 particle id=14801739528194804551(vp=66|vs=21|p=100|g=0|sp=0)|pdg=gamma|q=0|m=0|p=129.937 failed to simulate with error NavigatorError:3: No start volume could be resolved
23:16:57    FatrasSimula   ERROR     event 4 particle id=10914217962104450553(vp=66|vs=22|p=101|g=0|sp=0)|pdg=n|q=0|m=0.939565|p=473.706 failed to simulate with error NavigatorError:3: No start volume could be resolved
23:16:57    FatrasSimula   ERROR     event 4 particle id=9019350244602415551(vp=66|vs=23|p=102|g=0|sp=0)|pdg=gamma|q=0|m=0|p=39.546 failed to simulate with error NavigatorError:3: No start volume could be resolved
23:16:57    FatrasSimula   ERROR     event 4 particle id=17702898809985233521(vp=66|vs=23|p=103|g=0|sp=0)|pdg=gamma|q=0|m=0|p=94.1534 failed to simulate with error NavigatorError:3: No start volume could be resolved
23:16:57    FatrasSimula   ERROR     event 4 particle id=18337311401963254216(vp=67|vs=2|p=1|g=0|sp=0)|pdg=pi+|q=1|m=0.13957|p=561.891 failed to simulate with error NavigatorError:3: No start volume could be resolved
23:16:57    FatrasSimula   ERROR     event 4 particle id=2141544021222627526(vp=67|vs=2|p=2|g=0|sp=0)|pdg=pi-|q=-1|m=0.13957|p=118.408 failed to simulate with error NavigatorError:3: No start volume could be resolved
23:16:57    FatrasSimula   ERROR     event 4 particle id=18183537607731839528(vp=70|vs=19|p=117|g=0|sp=0)|pdg=n~|q=0|m=0.939565|p=73.1104 failed to simulate with error NavigatorError:3: No start volume could be resolved
23:16:57    FatrasSimula   ERROR     event 4 particle id=17162206010794817416(vp=70|vs=20|p=118|g=0|sp=0)|pdg=gamma|q=0|m=0|p=3.75358 failed to simulate with error NavigatorError:3: No start volume could be resolved
23:16:57    FatrasSimula   ERROR     event 4 particle id=10665621253022709397(vp=70|vs=20|p=119|g=0|sp=0)|pdg=gamma|q=0|m=0|p=17.5895 failed to simulate with error NavigatorError:3: No start volume could be resolved
23:16:57    FatrasSimula   ERROR     event 4 particle id=3781958784403385458(vp=70|vs=21|p=122|g=0|sp=0)|pdg=pi+|q=1|m=0.13957|p=86.0876 failed to simulate with error NavigatorError:3: No start volume could be resolved
23:16:57    FatrasSimula   ERROR     event 4 particle id=16819313861683113452(vp=70|vs=21|p=123|g=0|sp=0)|pdg=pi-|q=-1|m=0.13957|p=81.3972 failed to simulate with error NavigatorError:3: No start volume could be resolved
23:16:57    FatrasSimula   ERROR     event 4 particle id=6108351725107003559(vp=71|vs=9|p=93|g=0|sp=0)|pdg=p|q=1|m=0.938272|p=1202.94 failed to simulate with error NavigatorError:3: No start volume could be resolved
23:16:57    FatrasSimula   ERROR     event 4 particle id=38151334989076716(vp=71|vs=9|p=94|g=0|sp=0)|pdg=pi-|q=-1|m=0.13957|p=112.93 failed to simulate with error NavigatorError:3: No start volume could be resolved
23:16:57    FatrasSimula   ERROR     event 4 particle id=5214407077049697145(vp=72|vs=18|p=121|g=0|sp=0)|pdg=p|q=1|m=0.938272|p=87.4616 failed to simulate with error NavigatorError:3: No start volume could be resolved
23:16:57    FatrasSimula   ERROR     event 4 particle id=10756214185928466263(vp=72|vs=18|p=122|g=0|sp=0)|pdg=pi-|q=-1|m=0.13957|p=14.8962 failed to simulate with error NavigatorError:3: No start volume could be resolved
23:16:57    FatrasSimula   ERROR     event 4 particle id=3161904614355439265(vp=72|vs=41|p=259|g=0|sp=0)|pdg=n|q=0|m=0.939565|p=156.36 failed to simulate with error NavigatorError:3: No start volume could be resolved
23:16:57    FatrasSimula   ERROR     event 4 particle id=3448789441728200174(vp=72|vs=41|p=260|g=0|sp=0)|pdg=pi-|q=-1|m=0.13957|p=7.24015 failed to simulate with error NavigatorError:3: No start volume could be resolved
23:16:57    FatrasSimula   ERROR     event 4 particle id=8861570061850567854(vp=72|vs=42|p=261|g=0|sp=0)|pdg=n~|q=0|m=0.939565|p=93.5343 failed to simulate with error NavigatorError:3: No start volume could be resolved
23:16:57    FatrasSimula   ERROR     event 4 particle id=17348781581231292516(vp=72|vs=42|p=262|g=0|sp=0)|pdg=pi+|q=1|m=0.13957|p=51.1559 failed to simulate with error NavigatorError:3: No start volume could be resolved
23:16:57    FatrasSimula   ERROR     event 4 particle id=11012200193052843842(vp=73|vs=10|p=94|g=0|sp=0)|pdg=p~|q=-1|m=0.938272|p=248.607 failed to simulate with error NavigatorError:3: No start volume could be resolved
23:16:57    FatrasSimula   ERROR     event 4 particle id=2003391229979208870(vp=73|vs=10|p=95|g=0|sp=0)|pdg=pi+|q=1|m=0.13957|p=77.3605 failed to simulate with error NavigatorError:3: No start volume could be resolved
23:16:57    FatrasSimula   ERROR     event 4 particle id=16173062443808941822(vp=73|vs=12|p=102|g=0|sp=0)|pdg=gamma|q=0|m=0|p=14.3508 failed to simulate with error NavigatorError:3: No start volume could be resolved
23:16:57    FatrasSimula   ERROR     event 4 particle id=2718931767518428017(vp=73|vs=12|p=103|g=0|sp=0)|pdg=gamma|q=0|m=0|p=54.0421 failed to simulate with error NavigatorError:3: No start volume could be resolved
23:16:57    FatrasSimula   ERROR     event 4 particle id=398526501941222968(vp=73|vs=13|p=104|g=0|sp=0)|pdg=gamma|q=0|m=0|p=9.14876 failed to simulate with error NavigatorError:3: No start volume could be resolved
23:16:57    FatrasSimula   ERROR     event 4 particle id=11424451476421363735(vp=73|vs=13|p=105|g=0|sp=0)|pdg=gamma|q=0|m=0|p=172.641 failed to simulate with error NavigatorError:3: No start volume could be resolved
23:16:57    FatrasSimula   ERROR     event 4 particle id=15349767691851116216(vp=73|vs=16|p=116|g=0|sp=0)|pdg=pi+|q=1|m=0.13957|p=13.7394 failed to simulate with error NavigatorError:3: No start volume could be resolved
23:16:57    FatrasSimula   ERROR     event 4 particle id=1299679537479732121(vp=73|vs=16|p=117|g=0|sp=0)|pdg=pi-|q=-1|m=0.13957|p=99.5287 failed to simulate with error NavigatorError:3: No start volume could be resolved
23:16:57    FatrasSimula   ERROR     event 4 particle id=5003020983786987953(vp=73|vs=23|p=197|g=0|sp=0)|pdg=pi+|q=1|m=0.13957|p=54.2833 failed to simulate with error NavigatorError:3: No start volume could be resolved
23:16:57    FatrasSimula   ERROR     event 4 particle id=14944000578809661439(vp=73|vs=23|p=198|g=0|sp=0)|pdg=pi-|q=-1|m=0.13957|p=386.597 failed to simulate with error NavigatorError:3: No start volume could be resolved
23:16:57    FatrasSimula   ERROR     event 4 particle id=5613627098115932688(vp=73|vs=31|p=214|g=0|sp=0)|pdg=gamma|q=0|m=0|p=156.725 failed to simulate with error NavigatorError:3: No start volume could be resolved
23:16:57    FatrasSimula   ERROR     event 4 particle id=15966806585187587473(vp=73|vs=31|p=215|g=0|sp=0)|pdg=gamma|q=0|m=0|p=104.689 failed to simulate with error NavigatorError:3: No start volume could be resolved
23:16:57    FatrasSimula   ERROR     event 4 particle id=5489980235744034777(vp=73|vs=32|p=216|g=0|sp=0)|pdg=gamma|q=0|m=0|p=255.368 failed to simulate with error NavigatorError:3: No start volume could be resolved
23:16:57    FatrasSimula   ERROR     event 4 particle id=2044442651429405597(vp=73|vs=32|p=217|g=0|sp=0)|pdg=gamma|q=0|m=0|p=99.9352 failed to simulate with error NavigatorError:3: No start volume could be resolved
23:16:57    FatrasSimula   ERROR     event 4 particle id=5352908901927515873(vp=73|vs=33|p=221|g=0|sp=0)|pdg=pi+|q=1|m=0.13957|p=11.8338 failed to simulate with error NavigatorError:3: No start volume could be resolved
23:16:57    FatrasSimula   ERROR     event 4 particle id=12199339621488389287(vp=73|vs=33|p=222|g=0|sp=0)|pdg=pi-|q=-1|m=0.13957|p=37.2094 failed to simulate with error NavigatorError:3: No start volume could be resolved
23:16:57    FatrasSimula   ERROR     event 4 particle id=9393720465138244392(vp=77|vs=4|p=19|g=0|sp=0)|pdg=p~|q=-1|m=0.938272|p=77.0681 failed to simulate with error NavigatorError:3: No start volume could be resolved
23:16:57    FatrasSimula   ERROR     event 4 particle id=10343613541696849579(vp=77|vs=4|p=20|g=0|sp=0)|pdg=pi+|q=1|m=0.13957|p=13.7216 failed to simulate with error NavigatorError:3: No start volume could be resolved
23:16:57    FatrasSimula   ERROR     event 4 particle id=14249771411509134019(vp=80|vs=3|p=23|g=0|sp=0)|pdg=gamma|q=0|m=0|p=226.986 failed to simulate with error NavigatorError:3: No start volume could be resolved
23:16:57    FatrasSimula   ERROR     event 4 particle id=9026859255799434050(vp=80|vs=3|p=24|g=0|sp=0)|pdg=gamma|q=0|m=0|p=76.2823 failed to simulate with error NavigatorError:3: No start volume could be resolved
23:16:57    FatrasSimula   ERROR     event 4 particle id=1605521543198845138(vp=80|vs=4|p=25|g=0|sp=0)|pdg=gamma|q=0|m=0|p=25.9289 failed to simulate with error NavigatorError:3: No start volume could be resolved
23:16:57    FatrasSimula   ERROR     event 4 particle id=9134637889233565087(vp=80|vs=4|p=26|g=0|sp=0)|pdg=gamma|q=0|m=0|p=3.42193 failed to simulate with error NavigatorError:3: No start volume could be resolved
23:16:57    FatrasSimula   ERROR     event 4 particle id=8954358770457638920(vp=80|vs=6|p=27|g=0|sp=0)|pdg=p|q=1|m=0.938272|p=101.314 failed to simulate with error NavigatorError:3: No start volume could be resolved
23:16:57    FatrasSimula   ERROR     event 4 particle id=11823424408306423387(vp=80|vs=6|p=28|g=0|sp=0)|pdg=pi-|q=-1|m=0.13957|p=22.4219 failed to simulate with error NavigatorError:3: No start volume could be resolved
23:16:57    FatrasSimula   ERROR     event 4 particle id=11077869016980468516(vp=80|vs=7|p=29|g=0|sp=0)|pdg=gamma|q=0|m=0|p=2.44976 failed to simulate with error NavigatorError:3: No start volume could be resolved
23:16:57    FatrasSimula   ERROR     event 4 particle id=13803448467477198387(vp=80|vs=7|p=30|g=0|sp=0)|pdg=gamma|q=0|m=0|p=15.5945 failed to simulate with error NavigatorError:3: No start volume could be resolved
23:16:57    FatrasSimula   ERROR     event 4 particle id=4884390254028291493(vp=80|vs=8|p=31|g=0|sp=0)|pdg=n~|q=0|m=0.939565|p=158.723 failed to simulate with error NavigatorError:3: No start volume could be resolved
23:16:57    FatrasSimula   ERROR     event 4 particle id=10523705751088132542(vp=80|vs=8|p=32|g=0|sp=0)|pdg=pi-|q=-1|m=0.13957|p=38.5316 failed to simulate with error NavigatorError:3: No start volume could be resolved
23:16:57    FatrasSimula   ERROR     event 4 particle id=4340451745539177539(vp=81|vs=17|p=123|g=0|sp=0)|pdg=gamma|q=0|m=0|p=8.64911 failed to simulate with error NavigatorError:3: No start volume could be resolved
23:16:57    FatrasSimula   ERROR     event 4 particle id=17495188710737415880(vp=81|vs=17|p=124|g=0|sp=0)|pdg=gamma|q=0|m=0|p=8.95578 failed to simulate with error NavigatorError:3: No start volume could be resolved
23:16:57    FatrasSimula   ERROR     event 4 particle id=4175975413219301776(vp=81|vs=18|p=125|g=0|sp=0)|pdg=gamma|q=0|m=0|p=2.1702 failed to simulate with error NavigatorError:3: No start volume could be resolved
23:16:57    FatrasSimula   ERROR     event 4 particle id=17970908001185879002(vp=81|vs=18|p=126|g=0|sp=0)|pdg=gamma|q=0|m=0|p=20.15 failed to simulate with error NavigatorError:3: No start volume could be resolved
23:16:57    FatrasSimula   ERROR     event 4 particle id=13188930422351992164(vp=89|vs=3|p=1|g=0|sp=0)|pdg=gamma|q=0|m=0|p=52.1352 failed to simulate with error NavigatorError:3: No start volume could be resolved
23:16:57    FatrasSimula   ERROR     event 4 particle id=14874937063409026928(vp=89|vs=3|p=2|g=0|sp=0)|pdg=gamma|q=0|m=0|p=904.531 failed to simulate with error NavigatorError:3: No start volume could be resolved
23:16:57    FatrasSimula   ERROR     event 4 particle id=11649834855090894393(vp=89|vs=4|p=3|g=0|sp=0)|pdg=gamma|q=0|m=0|p=246.725 failed to simulate with error NavigatorError:3: No start volume could be resolved
23:16:57    FatrasSimula   ERROR     event 4 particle id=12652510156411393245(vp=89|vs=4|p=4|g=0|sp=0)|pdg=gamma|q=0|m=0|p=182.03 failed to simulate with error NavigatorError:3: No start volume could be resolved
23:16:57    FatrasSimula   ERROR     event 4 particle id=9745322778324684527(vp=91|vs=14|p=85|g=0|sp=0)|pdg=n|q=0|m=0.939565|p=545.864 failed to simulate with error NavigatorError:3: No start volume could be resolved
23:16:57    FatrasSimula   ERROR     event 4 particle id=8472268309990705579(vp=91|vs=15|p=86|g=0|sp=0)|pdg=gamma|q=0|m=0|p=33.6207 failed to simulate with error NavigatorError:3: No start volume could be resolved
23:16:57    FatrasSimula   ERROR     event 4 particle id=7021087500914196564(vp=91|vs=15|p=87|g=0|sp=0)|pdg=gamma|q=0|m=0|p=5.9272 failed to simulate with error NavigatorError:3: No start volume could be resolved
23:16:57    FatrasSimula   ERROR     event 4 particle id=3196597510440431917(vp=91|vs=17|p=91|g=0|sp=0)|pdg=n~|q=0|m=0.939565|p=1316.62 failed to simulate with error NavigatorError:3: No start volume could be resolved
23:16:57    FatrasSimula   ERROR     event 4 particle id=17038507419199322880(vp=91|vs=18|p=92|g=0|sp=0)|pdg=gamma|q=0|m=0|p=34.9005 failed to simulate with error NavigatorError:3: No start volume could be resolved
23:16:57    FatrasSimula   ERROR     event 4 particle id=3270172772387309689(vp=91|vs=18|p=93|g=0|sp=0)|pdg=gamma|q=0|m=0|p=169.868 failed to simulate with error NavigatorError:3: No start volume could be resolved
23:16:57    FatrasSimula   ERROR     event 4 particle id=3051536509460800663(vp=93|vs=22|p=150|g=0|sp=0)|pdg=n|q=0|m=0.939565|p=64.183 failed to simulate with error NavigatorError:3: No start volume could be resolved
23:16:57    FatrasSimula   ERROR     event 4 particle id=3919144775920634667(vp=93|vs=22|p=151|g=0|sp=0)|pdg=gamma|q=0|m=0|p=5.5772 failed to simulate with error NavigatorError:3: No start volume could be resolved
23:16:57    FatrasSimula   ERROR     event 4 particle id=3004797814465649629(vp=93|vs=22|p=152|g=0|sp=0)|pdg=gamma|q=0|m=0|p=3.66267 failed to simulate with error NavigatorError:3: No start volume could be resolved
23:16:57    FatrasSimula   ERROR     event 4 particle id=7585176618156695797(vp=93|vs=23|p=154|g=0|sp=0)|pdg=n~|q=0|m=0.939565|p=38.7782 failed to simulate with error NavigatorError:3: No start volume could be resolved
23:16:57    FatrasSimula   ERROR     event 4 particle id=976473922524316295(vp=93|vs=23|p=155|g=0|sp=0)|pdg=gamma|q=0|m=0|p=5.32868 failed to simulate with error NavigatorError:3: No start volume could be resolved
23:16:57    FatrasSimula   ERROR     event 4 particle id=12389534672357783775(vp=93|vs=23|p=156|g=0|sp=0)|pdg=gamma|q=0|m=0|p=3.99534 failed to simulate with error NavigatorError:3: No start volume could be resolved
23:16:57    FatrasSimula   ERROR     event 4 particle id=12701620354090942588(vp=93|vs=29|p=173|g=0|sp=0)|pdg=gamma|q=0|m=0|p=28.4707 failed to simulate with error NavigatorError:3: No start volume could be resolved
23:16:57    FatrasSimula   ERROR     event 4 particle id=1372291167772915955(vp=93|vs=29|p=174|g=0|sp=0)|pdg=gamma|q=0|m=0|p=217.154 failed to simulate with error NavigatorError:3: No start volume could be resolved
23:16:57    FatrasSimula   ERROR     event 4 particle id=5662101198330534807(vp=93|vs=30|p=175|g=0|sp=0)|pdg=gamma|q=0|m=0|p=125.588 failed to simulate with error NavigatorError:3: No start volume could be resolved
23:16:57    FatrasSimula   ERROR     event 4 particle id=14120188954397486630(vp=93|vs=30|p=176|g=0|sp=0)|pdg=gamma|q=0|m=0|p=230.502 failed to simulate with error NavigatorError:3: No start volume could be resolved
23:16:57    FatrasSimula   ERROR     event 4 particle id=6761144190301439428(vp=94|vs=1|p=30|g=0|sp=0)|pdg=gamma|q=0|m=0|p=4.90458 failed to simulate with error NavigatorError:3: No start volume could be resolved
23:16:57    FatrasSimula   ERROR     event 4 particle id=7273494134869974153(vp=94|vs=1|p=31|g=0|sp=0)|pdg=gamma|q=0|m=0|p=22.0162 failed to simulate with error NavigatorError:3: No start volume could be resolved
23:16:57    FatrasSimula   ERROR     event 4 particle id=1716303221283580005(vp=94|vs=2|p=28|g=0|sp=0)|pdg=gamma|q=0|m=0|p=53.7064 failed to simulate with error NavigatorError:3: No start volume could be resolved
23:16:57    FatrasSimula   ERROR     event 4 particle id=9541752673872023422(vp=94|vs=2|p=29|g=0|sp=0)|pdg=gamma|q=0|m=0|p=94.3938 failed to simulate with error NavigatorError:3: No start volume could be resolved
23:16:57    FatrasSimula   ERROR     event 4 particle id=1575088445301427381(vp=94|vs=5|p=34|g=0|sp=0)|pdg=gamma|q=0|m=0|p=20.3011 failed to simulate with error NavigatorError:3: No start volume could be resolved
23:16:57    FatrasSimula   ERROR     event 4 particle id=10052270348557458286(vp=94|vs=5|p=35|g=0|sp=0)|pdg=gamma|q=0|m=0|p=81.4876 failed to simulate with error NavigatorError:3: No start volume could be resolved
23:16:57    FatrasSimula   ERROR     event 4 particle id=15862314195667595684(vp=94|vs=6|p=36|g=0|sp=0)|pdg=gamma|q=0|m=0|p=47.781 failed to simulate with error NavigatorError:3: No start volume could be resolved
23:16:57    FatrasSimula   ERROR     event 4 particle id=16751442338715059596(vp=94|vs=6|p=37|g=0|sp=0)|pdg=gamma|q=0|m=0|p=76.0776 failed to simulate with error NavigatorError:3: No start volume could be resolved
23:16:57    FatrasSimula   ERROR     event 4 particle id=12789704638123829762(vp=95|vs=34|p=244|g=0|sp=0)|pdg=n~|q=0|m=0.939565|p=30.1364 failed to simulate with error NavigatorError:3: No start volume could be resolved
23:16:57    FatrasSimula   ERROR     event 4 particle id=12068616029059339460(vp=95|vs=34|p=246|g=0|sp=0)|pdg=gamma|q=0|m=0|p=6.87676 failed to simulate with error NavigatorError:3: No start volume could be resolved
23:16:57    FatrasSimula   ERROR     event 4 particle id=1564478905748583838(vp=95|vs=52|p=338|g=0|sp=0)|pdg=gamma|q=0|m=0|p=1.57421 failed to simulate with error NavigatorError:3: No start volume could be resolved
23:16:57    FatrasSimula   ERROR     event 4 particle id=16340534829657250459(vp=95|vs=52|p=339|g=0|sp=0)|pdg=gamma|q=0|m=0|p=83.1391 failed to simulate with error NavigatorError:3: No start volume could be resolved
23:16:57    FatrasSimula   ERROR     event 4 particle id=2523609865305457328(vp=95|vs=53|p=340|g=0|sp=0)|pdg=gamma|q=0|m=0|p=36.4325 failed to simulate with error NavigatorError:3: No start volume could be resolved
23:16:57    FatrasSimula   ERROR     event 4 particle id=14624445695318780212(vp=95|vs=53|p=341|g=0|sp=0)|pdg=gamma|q=0|m=0|p=26.3069 failed to simulate with error NavigatorError:3: No start volume could be resolved
23:16:57    FatrasSimula   ERROR     event 4 particle id=12656033949459262395(vp=97|vs=29|p=239|g=0|sp=0)|pdg=p|q=1|m=0.938272|p=21.2573 failed to simulate with error NavigatorError:3: No start volume could be resolved
23:16:57    FatrasSimula   ERROR     event 4 particle id=16454650160375560681(vp=97|vs=29|p=240|g=0|sp=0)|pdg=pi-|q=-1|m=0.13957|p=2.52642 failed to simulate with error NavigatorError:3: No start volume could be resolved
23:16:57    FatrasSimula   ERROR     event 4 particle id=14363420642426490713(vp=97|vs=45|p=332|g=0|sp=0)|pdg=n|q=0|m=0.939565|p=55.6378 failed to simulate with error NavigatorError:3: No start volume could be resolved
23:16:57    FatrasSimula   ERROR     event 4 particle id=14686915732235666277(vp=97|vs=45|p=333|g=0|sp=0)|pdg=pi-|q=-1|m=0.13957|p=14.8179 failed to simulate with error NavigatorError:3: No start volume could be resolved
23:16:57    FatrasSimula   ERROR     event 4 particle id=10434994079726146169(vp=97|vs=51|p=363|g=0|sp=0)|pdg=p~|q=-1|m=0.938272|p=159.449 failed to simulate with error NavigatorError:3: No start volume could be resolved
23:16:57    FatrasSimula   ERROR     event 4 particle id=13933146263077805426(vp=97|vs=51|p=364|g=0|sp=0)|pdg=pi+|q=1|m=0.13957|p=34.3359 failed to simulate with error NavigatorError:3: No start volume could be resolved
23:16:57    FatrasSimula   ERROR     event 4 particle id=14646450234891396452(vp=97|vs=52|p=365|g=0|sp=0)|pdg=p|q=1|m=0.938272|p=201.844 failed to simulate with error NavigatorError:3: No start volume could be resolved
23:16:57    FatrasSimula   ERROR     event 4 particle id=2410745891905558610(vp=97|vs=52|p=366|g=0|sp=0)|pdg=pi-|q=-1|m=0.13957|p=16.8233 failed to simulate with error NavigatorError:3: No start volume could be resolved
23:16:57    FatrasSimula   ERROR     event 4 particle id=9657082832461904885(vp=100|vs=6|p=47|g=0|sp=0)|pdg=p~|q=-1|m=0.938272|p=101.955 failed to simulate with error NavigatorError:3: No start volume could be resolved
23:16:57    FatrasSimula   ERROR     event 4 particle id=2259343072804183741(vp=100|vs=6|p=48|g=0|sp=0)|pdg=pi+|q=1|m=0.13957|p=24.7936 failed to simulate with error NavigatorError:3: No start volume could be resolved
23:16:57    FatrasSimula   ERROR     event 4 particle id=14825459716414180632(vp=101|vs=6|p=28|g=0|sp=0)|pdg=gamma|q=0|m=0|p=257.502 failed to simulate with error NavigatorError:3: No start volume could be resolved
23:16:57    FatrasSimula   ERROR     event 4 particle id=9919307114439606122(vp=101|vs=6|p=29|g=0|sp=0)|pdg=gamma|q=0|m=0|p=43.7544 failed to simulate with error NavigatorError:3: No start volume could be resolved
23:16:57    FatrasSimula   ERROR     event 4 particle id=1217258051237740790(vp=101|vs=7|p=30|g=0|sp=0)|pdg=gamma|q=0|m=0|p=46.4159 failed to simulate with error NavigatorError:3: No start volume could be resolved
23:16:57    FatrasSimula   ERROR     event 4 particle id=16946112019406516573(vp=101|vs=7|p=31|g=0|sp=0)|pdg=gamma|q=0|m=0|p=3.42052 failed to simulate with error NavigatorError:3: No start volume could be resolved
23:16:57    FatrasSimula   ERROR     event 4 particle id=10682322461491987059(vp=101|vs=10|p=40|g=0|sp=0)|pdg=pi+|q=1|m=0.13957|p=443.557 failed to simulate with error NavigatorError:3: No start volume could be resolved
23:16:57    FatrasSimula   ERROR     event 4 particle id=17622123170190986131(vp=101|vs=10|p=41|g=0|sp=0)|pdg=pi-|q=-1|m=0.13957|p=67.77 failed to simulate with error NavigatorError:3: No start volume could be resolved
23:16:57    FatrasSimula   ERROR     event 4 particle id=6877241249125889180(vp=105|vs=20|p=132|g=0|sp=0)|pdg=p~|q=-1|m=0.938272|p=235.962 failed to simulate with error NavigatorError:3: No start volume could be resolved
23:16:57    FatrasSimula   ERROR     event 4 particle id=17817495962819585459(vp=105|vs=20|p=133|g=0|sp=0)|pdg=pi+|q=1|m=0.13957|p=59.633 failed to simulate with error NavigatorError:3: No start volume could be resolved
23:16:57    FatrasSimula   ERROR     event 4 particle id=11349864142697658886(vp=105|vs=24|p=145|g=0|sp=0)|pdg=n|q=0|m=0.939565|p=1238.03 failed to simulate with error NavigatorError:3: No start volume could be resolved
23:16:57    FatrasSimula   ERROR     event 4 particle id=11605197899043662294(vp=105|vs=24|p=146|g=0|sp=0)|pdg=pi+|q=1|m=0.13957|p=652.156 failed to simulate with error NavigatorError:3: No start volume could be resolved
23:16:57    FatrasSimula   ERROR     event 4 particle id=7589738670135727114(vp=106|vs=2|p=5|g=0|sp=0)|pdg=p|q=1|m=0.938272|p=90.6158 failed to simulate with error NavigatorError:3: No start volume could be resolved
23:16:57    FatrasSimula   ERROR     event 4 particle id=14740397896035570236(vp=106|vs=2|p=6|g=0|sp=0)|pdg=pi-|q=-1|m=0.13957|p=17.206 failed to simulate with error NavigatorError:3: No start volume could be resolved
23:16:57    FatrasSimula   ERROR     event 4 particle id=4129673094001845311(vp=106|vs=8|p=58|g=0|sp=0)|pdg=n|q=0|m=0.939565|p=909.386 failed to simulate with error NavigatorError:3: No start volume could be resolved
23:16:57    FatrasSimula   ERROR     event 4 particle id=7020963834602188341(vp=106|vs=8|p=59|g=0|sp=0)|pdg=pi+|q=1|m=0.13957|p=476.864 failed to simulate with error NavigatorError:3: No start volume could be resolved
23:16:57    FatrasSimula   ERROR     event 4 particle id=5567954327004390283(vp=110|vs=8|p=59|g=0|sp=0)|pdg=pi+|q=1|m=0.13957|p=218.96 failed to simulate with error NavigatorError:3: No start volume could be resolved
23:16:57    FatrasSimula   ERROR     event 4 particle id=14422350214819873337(vp=110|vs=8|p=60|g=0|sp=0)|pdg=pi-|q=-1|m=0.13957|p=98.8099 failed to simulate with error NavigatorError:3: No start volume could be resolved
23:16:57    FatrasSimula   ERROR     event 4 particle id=15531586983086885450(vp=111|vs=8|p=33|g=0|sp=0)|pdg=n~|q=0|m=0.939565|p=1583.21 failed to simulate with error NavigatorError:3: No start volume could be resolved
23:16:57    FatrasSimula   ERROR     event 4 particle id=7797245045055616718(vp=111|vs=8|p=34|g=0|sp=0)|pdg=gamma|q=0|m=0|p=0.842251 failed to simulate with error NavigatorError:3: No start volume could be resolved
23:16:57    FatrasSimula   ERROR     event 4 particle id=1702194327583230149(vp=111|vs=8|p=35|g=0|sp=0)|pdg=gamma|q=0|m=0|p=141.416 failed to simulate with error NavigatorError:3: No start volume could be resolved
23:16:57    FatrasSimula   ERROR     event 4 particle id=1052372287180664525(vp=112|vs=5|p=43|g=0|sp=0)|pdg=pi+|q=1|m=0.13957|p=18.4785 failed to simulate with error NavigatorError:3: No start volume could be resolved
23:16:57    FatrasSimula   ERROR     event 4 particle id=7010705361304469715(vp=112|vs=6|p=41|g=0|sp=0)|pdg=p~|q=-1|m=0.938272|p=85.2204 failed to simulate with error NavigatorError:3: No start volume could be resolved
23:16:57    FatrasSimula   ERROR     event 4 particle id=13285211571884432196(vp=112|vs=6|p=42|g=0|sp=0)|pdg=pi+|q=1|m=0.13957|p=12.0214 failed to simulate with error NavigatorError:3: No start volume could be resolved
23:16:57    FatrasSimula   ERROR     event 4 particle id=473704929663379484(vp=112|vs=8|p=44|g=0|sp=0)|pdg=gamma|q=0|m=0|p=11.9313 failed to simulate with error NavigatorError:3: No start volume could be resolved
23:16:57    FatrasSimula   ERROR     event 4 particle id=5475918653613281801(vp=112|vs=8|p=45|g=0|sp=0)|pdg=gamma|q=0|m=0|p=143.106 failed to simulate with error NavigatorError:3: No start volume could be resolved
23:16:57    FatrasSimula   ERROR     event 4 particle id=13466467713774024540(vp=112|vs=9|p=46|g=0|sp=0)|pdg=gamma|q=0|m=0|p=93.6729 failed to simulate with error NavigatorError:3: No start volume could be resolved
23:16:57    FatrasSimula   ERROR     event 4 particle id=13492657163850897071(vp=112|vs=9|p=47|g=0|sp=0)|pdg=gamma|q=0|m=0|p=1.70325 failed to simulate with error NavigatorError:3: No start volume could be resolved
23:16:57    FatrasSimula   ERROR     event 4 particle id=7422936318511867634(vp=112|vs=16|p=70|g=0|sp=0)|pdg=n~|q=0|m=0.939565|p=109.083 failed to simulate with error NavigatorError:3: No start volume could be resolved
23:16:57    FatrasSimula   ERROR     event 4 particle id=9820967412484938777(vp=112|vs=16|p=71|g=0|sp=0)|pdg=pi-|q=-1|m=0.13957|p=55.2793 failed to simulate with error NavigatorError:3: No start volume could be resolved
23:16:57    FatrasSimula   ERROR     event 4 particle id=2383002697344936479(vp=113|vs=6|p=67|g=0|sp=0)|pdg=p|q=1|m=0.938272|p=1632.94 failed to simulate with error NavigatorError:3: No start volume could be resolved
23:16:57    FatrasSimula   ERROR     event 4 particle id=7891532545596885056(vp=113|vs=6|p=68|g=0|sp=0)|pdg=pi-|q=-1|m=0.13957|p=422.471 failed to simulate with error NavigatorError:3: No start volume could be resolved
23:16:57    FatrasSimula   ERROR     event 4 particle id=18152866952347134124(vp=120|vs=3|p=18|g=0|sp=0)|pdg=pi+|q=1|m=0.13957|p=323.079 failed to simulate with error NavigatorError:3: No start volume could be resolved
23:16:57    FatrasSimula   ERROR     event 4 particle id=9843020072949539068(vp=120|vs=3|p=19|g=0|sp=0)|pdg=pi-|q=-1|m=0.13957|p=244.382 failed to simulate with error NavigatorError:3: No start volume could be resolved
23:16:57    FatrasSimula   ERROR     event 4 particle id=6610756795077566381(vp=122|vs=3|p=3|g=0|sp=0)|pdg=gamma|q=0|m=0|p=164.76 failed to simulate with error NavigatorError:3: No start volume could be resolved
23:16:57    FatrasSimula   ERROR     event 4 particle id=6028014362764614846(vp=122|vs=3|p=4|g=0|sp=0)|pdg=gamma|q=0|m=0|p=545.265 failed to simulate with error NavigatorError:3: No start volume could be resolved
23:16:57    FatrasSimula   ERROR     event 4 particle id=15150014363012579162(vp=122|vs=4|p=5|g=0|sp=0)|pdg=gamma|q=0|m=0|p=117.182 failed to simulate with error NavigatorError:3: No start volume could be resolved
23:16:57    FatrasSimula   ERROR     event 4 particle id=657469880140549320(vp=122|vs=4|p=6|g=0|sp=0)|pdg=gamma|q=0|m=0|p=68.1064 failed to simulate with error NavigatorError:3: No start volume could be resolved
23:16:57    FatrasSimula   ERROR     event 4 particle id=6021422368484092947(vp=122|vs=11|p=64|g=0|sp=0)|pdg=p|q=1|m=0.938272|p=125.426 failed to simulate with error NavigatorError:3: No start volume could be resolved
23:16:57    FatrasSimula   ERROR     event 4 particle id=5643854342095906590(vp=122|vs=11|p=65|g=0|sp=0)|pdg=gamma|q=0|m=0|p=27.4066 failed to simulate with error NavigatorError:3: No start volume could be resolved
23:16:57    FatrasSimula   ERROR     event 4 particle id=3766084889846787018(vp=122|vs=11|p=66|g=0|sp=0)|pdg=gamma|q=0|m=0|p=2.34556 failed to simulate with error NavigatorError:3: No start volume could be resolved
23:16:57    FatrasSimula   ERROR     event 4 particle id=1190837426513042690(vp=122|vs=12|p=67|g=0|sp=0)|pdg=n~|q=0|m=0.939565|p=178.247 failed to simulate with error NavigatorError:3: No start volume could be resolved
23:16:57    FatrasSimula   ERROR     event 4 particle id=4137234895821086057(vp=122|vs=12|p=68|g=0|sp=0)|pdg=pi-|q=-1|m=0.13957|p=96.0091 failed to simulate with error NavigatorError:3: No start volume could be resolved
23:16:57    FatrasSimula   ERROR     event 4 particle id=5229684763549876028(vp=125|vs=37|p=305|g=0|sp=0)|pdg=n~|q=0|m=0.939565|p=171.626 failed to simulate with error NavigatorError:3: No start volume could be resolved
23:16:57    FatrasSimula   ERROR     event 4 particle id=1359783753295134330(vp=125|vs=37|p=306|g=0|sp=0)|pdg=gamma|q=0|m=0|p=18.9792 failed to simulate with error NavigatorError:3: No start volume could be resolved
23:16:57    FatrasSimula   ERROR     event 4 particle id=14259475011657901345(vp=125|vs=37|p=307|g=0|sp=0)|pdg=gamma|q=0|m=0|p=19.7945 failed to simulate with error NavigatorError:3: No start volume could be resolved
23:16:57    FatrasSimula   ERROR     event 4 particle id=11210229573911895097(vp=125|vs=41|p=376|g=0|sp=0)|pdg=n|q=0|m=0.939565|p=68.6429 failed to simulate with error NavigatorError:3: No start volume could be resolved
23:16:57    FatrasSimula   ERROR     event 4 particle id=3052359712768995235(vp=125|vs=41|p=377|g=0|sp=0)|pdg=gamma|q=0|m=0|p=3.71696 failed to simulate with error NavigatorError:3: No start volume could be resolved
23:16:57    FatrasSimula   ERROR     event 4 particle id=4683425684780353528(vp=125|vs=41|p=378|g=0|sp=0)|pdg=gamma|q=0|m=0|p=13.1139 failed to simulate with error NavigatorError:3: No start volume could be resolved
23:16:57    FatrasSimula   ERROR     event 4 particle id=4028302670382732191(vp=128|vs=9|p=56|g=0|sp=0)|pdg=n~|q=0|m=0.939565|p=278.807 failed to simulate with error NavigatorError:3: No start volume could be resolved
23:16:57    FatrasSimula   ERROR     event 4 particle id=10494607724931829604(vp=128|vs=10|p=57|g=0|sp=0)|pdg=gamma|q=0|m=0|p=20.6001 failed to simulate with error NavigatorError:3: No start volume could be resolved
23:16:57    FatrasSimula   ERROR     event 4 particle id=3594145125181488900(vp=128|vs=10|p=58|g=0|sp=0)|pdg=gamma|q=0|m=0|p=17.0716 failed to simulate with error NavigatorError:3: No start volume could be resolved
23:16:57    FatrasSimula   ERROR     event 4 particle id=10451847850394865122(vp=128|vs=13|p=69|g=0|sp=0)|pdg=pi+|q=1|m=0.13957|p=26.6305 failed to simulate with error NavigatorError:3: No start volume could be resolved
23:16:57    FatrasSimula   ERROR     event 4 particle id=10616309991538291057(vp=128|vs=13|p=70|g=0|sp=0)|pdg=pi-|q=-1|m=0.13957|p=22.9768 failed to simulate with error NavigatorError:3: No start volume could be resolved
23:16:57    FatrasSimula   ERROR     event 4 particle id=12971655958160937482(vp=128|vs=18|p=110|g=0|sp=0)|pdg=p|q=1|m=0.938272|p=1757.52 failed to simulate with error NavigatorError:3: No start volume could be resolved
23:16:57    FatrasSimula   ERROR     event 4 particle id=15237867323806521219(vp=128|vs=18|p=111|g=0|sp=0)|pdg=pi-|q=-1|m=0.13957|p=537.529 failed to simulate with error NavigatorError:3: No start volume could be resolved
23:16:57    FatrasSimula   ERROR     event 4 particle id=1136320707797924391(vp=130|vs=2|p=3|g=0|sp=0)|pdg=p|q=1|m=0.938272|p=92.564 failed to simulate with error NavigatorError:3: No start volume could be resolved
23:16:57    FatrasSimula   ERROR     event 4 particle id=9310723035544025717(vp=130|vs=2|p=4|g=0|sp=0)|pdg=pi-|q=-1|m=0.13957|p=14.8262 failed to simulate with error NavigatorError:3: No start volume could be resolved
23:16:57    FatrasSimula   ERROR     event 4 particle id=4505506442941840246(vp=130|vs=12|p=83|g=0|sp=0)|pdg=gamma|q=0|m=0|p=34.7494 failed to simulate with error NavigatorError:3: No start volume could be resolved
23:16:57    FatrasSimula   ERROR     event 4 particle id=14108272232745014(vp=130|vs=12|p=84|g=0|sp=0)|pdg=gamma|q=0|m=0|p=319.365 failed to simulate with error NavigatorError:3: No start volume could be resolved
23:16:57    FatrasSimula   ERROR     event 4 particle id=2841033584632783212(vp=130|vs=13|p=85|g=0|sp=0)|pdg=gamma|q=0|m=0|p=30.1876 failed to simulate with error NavigatorError:3: No start volume could be resolved
23:16:57    FatrasSimula   ERROR     event 4 particle id=17241894282662618870(vp=130|vs=13|p=86|g=0|sp=0)|pdg=gamma|q=0|m=0|p=43.0998 failed to simulate with error NavigatorError:3: No start volume could be resolved
23:16:57    FatrasSimula   ERROR     event 4 particle id=11344919831122890688(vp=130|vs=21|p=130|g=0|sp=0)|pdg=n|q=0|m=0.939565|p=3822.44 failed to simulate with error NavigatorError:3: No start volume could be resolved
23:16:57    FatrasSimula   ERROR     event 4 particle id=1860368713388494383(vp=130|vs=21|p=131|g=0|sp=0)|pdg=pi+|q=1|m=0.13957|p=629.9 failed to simulate with error NavigatorError:3: No start volume could be resolved
23:16:57    FatrasSimula   ERROR     event 4 particle id=12172957797394092973(vp=131|vs=3|p=24|g=0|sp=0)|pdg=n|q=0|m=0.939565|p=84.148 failed to simulate with error NavigatorError:3: No start volume could be resolved
23:16:57    FatrasSimula   ERROR     event 4 particle id=6849271279104945426(vp=131|vs=3|p=25|g=0|sp=0)|pdg=pi-|q=-1|m=0.13957|p=10.9797 failed to simulate with error NavigatorError:3: No start volume could be resolved
23:16:57    FatrasSimula   ERROR     event 4 particle id=13519123086623241189(vp=132|vs=1|p=4|g=0|sp=0)|pdg=pi+|q=1|m=0.13957|p=38.1742 failed to simulate with error NavigatorError:3: No start volume could be resolved
23:16:57    FatrasSimula   ERROR     event 4 particle id=2926133169567669036(vp=132|vs=1|p=5|g=0|sp=0)|pdg=pi-|q=-1|m=0.13957|p=34.0871 failed to simulate with error NavigatorError:3: No start volume could be resolved
23:16:57    FatrasSimula   ERROR     event 4 particle id=107289262802904156(vp=133|vs=20|p=152|g=0|sp=0)|pdg=n|q=0|m=0.939565|p=511.712 failed to simulate with error NavigatorError:3: No start volume could be resolved
23:16:57    FatrasSimula   ERROR     event 4 particle id=1395878745903931682(vp=133|vs=21|p=153|g=0|sp=0)|pdg=gamma|q=0|m=0|p=1.75118 failed to simulate with error NavigatorError:3: No start volume could be resolved
23:16:57    FatrasSimula   ERROR     event 4 particle id=7253945519541672536(vp=133|vs=21|p=154|g=0|sp=0)|pdg=gamma|q=0|m=0|p=99.0636 failed to simulate with error NavigatorError:3: No start volume could be resolved
23:16:57    FatrasSimula   ERROR     event 4 particle id=16563272928689540798(vp=133|vs=24|p=162|g=0|sp=0)|pdg=gamma|q=0|m=0|p=9.83634 failed to simulate with error NavigatorError:3: No start volume could be resolved
23:16:57    FatrasSimula   ERROR     event 4 particle id=12383035816134836684(vp=133|vs=24|p=163|g=0|sp=0)|pdg=gamma|q=0|m=0|p=53.2858 failed to simulate with error NavigatorError:3: No start volume could be resolved
23:16:57    FatrasSimula   ERROR     event 4 particle id=12394571909390891293(vp=133|vs=25|p=164|g=0|sp=0)|pdg=gamma|q=0|m=0|p=72.7386 failed to simulate with error NavigatorError:3: No start volume could be resolved
23:16:57    FatrasSimula   ERROR     event 4 particle id=5347802992127921379(vp=134|vs=14|p=117|g=0|sp=0)|pdg=gamma|q=0|m=0|p=16.7441 failed to simulate with error NavigatorError:3: No start volume could be resolved
23:16:57    FatrasSimula   ERROR     event 4 particle id=10842289655851546759(vp=134|vs=15|p=118|g=0|sp=0)|pdg=gamma|q=0|m=0|p=14.0513 failed to simulate with error NavigatorError:3: No start volume could be resolved
23:16:57    FatrasSimula   ERROR     event 4 particle id=2469903608528624675(vp=134|vs=15|p=119|g=0|sp=0)|pdg=gamma|q=0|m=0|p=15.8084 failed to simulate with error NavigatorError:3: No start volume could be resolved
23:16:57    FatrasSimula   ERROR     event 4 particle id=4407013400371903006(vp=134|vs=22|p=139|g=0|sp=0)|pdg=p~|q=-1|m=0.938272|p=64.2339 failed to simulate with error NavigatorError:3: No start volume could be resolved
23:16:57    FatrasSimula   ERROR     event 4 particle id=30054794137746438(vp=134|vs=22|p=140|g=0|sp=0)|pdg=pi+|q=1|m=0.13957|p=11.9131 failed to simulate with error NavigatorError:3: No start volume could be resolved
23:16:57    FatrasSimula   ERROR     event 4 particle id=6861907685038690934(vp=134|vs=33|p=230|g=0|sp=0)|pdg=gamma|q=0|m=0|p=16.5377 failed to simulate with error NavigatorError:3: No start volume could be resolved
23:16:57    FatrasSimula   ERROR     event 4 particle id=11537236989299207809(vp=134|vs=33|p=231|g=0|sp=0)|pdg=gamma|q=0|m=0|p=12.0886 failed to simulate with error NavigatorError:3: No start volume could be resolved
23:16:57    FatrasSimula   ERROR     event 4 particle id=13574525509067739616(vp=134|vs=34|p=232|g=0|sp=0)|pdg=gamma|q=0|m=0|p=69.7076 failed to simulate with error NavigatorError:3: No start volume could be resolved
23:16:57    FatrasSimula   ERROR     event 4 particle id=5720525594545382158(vp=134|vs=34|p=233|g=0|sp=0)|pdg=gamma|q=0|m=0|p=11.2317 failed to simulate with error NavigatorError:3: No start volume could be resolved
23:16:57    FatrasSimula   ERROR     event 4 particle id=300920302835375440(vp=134|vs=35|p=234|g=0|sp=0)|pdg=p|q=1|m=0.938272|p=2969.22 failed to simulate with error NavigatorError:3: No start volume could be resolved
23:16:57    FatrasSimula   ERROR     event 4 particle id=14598609023930269888(vp=134|vs=35|p=235|g=0|sp=0)|pdg=pi-|q=-1|m=0.13957|p=516.168 failed to simulate with error NavigatorError:3: No start volume could be resolved
23:16:57    FatrasSimula   ERROR     event 4 particle id=6030142509997294116(vp=134|vs=76|p=579|g=0|sp=0)|pdg=n|q=0|m=0.939565|p=110.28 failed to simulate with error NavigatorError:3: No start volume could be resolved
23:16:57    FatrasSimula   ERROR     event 4 particle id=13659463239626420725(vp=134|vs=77|p=580|g=0|sp=0)|pdg=gamma|q=0|m=0|p=5.66294 failed to simulate with error NavigatorError:3: No start volume could be resolved
23:16:57    FatrasSimula   ERROR     event 4 particle id=5431213764770682353(vp=134|vs=77|p=581|g=0|sp=0)|pdg=gamma|q=0|m=0|p=29.8679 failed to simulate with error NavigatorError:3: No start volume could be resolved
23:16:57    FatrasSimula   ERROR     event 4 particle id=4290628220492791882(vp=134|vs=78|p=584|g=0|sp=0)|pdg=p~|q=-1|m=0.938272|p=67.9505 failed to simulate with error NavigatorError:3: No start volume could be resolved
23:16:57    FatrasSimula   ERROR     event 4 particle id=12265532582692398436(vp=134|vs=78|p=585|g=0|sp=0)|pdg=pi+|q=1|m=0.13957|p=21.5862 failed to simulate with error NavigatorError:3: No start volume could be resolved
23:16:57    FatrasSimula   ERROR     event 4 particle id=16742934463013143143(vp=135|vs=7|p=57|g=0|sp=0)|pdg=n|q=0|m=0.939565|p=998.005 failed to simulate with error NavigatorError:3: No start volume could be resolved
23:16:57    FatrasSimula   ERROR     event 4 particle id=5867040412533211450(vp=135|vs=7|p=58|g=0|sp=0)|pdg=pi+|q=1|m=0.13957|p=427.048 failed to simulate with error NavigatorError:3: No start volume could be resolved
23:16:57    FatrasSimula   ERROR     event 4 particle id=17705154532784624164(vp=135|vs=10|p=74|g=0|sp=0)|pdg=n~|q=0|m=0.939565|p=75.9422 failed to simulate with error NavigatorError:3: No start volume could be resolved
23:16:57    FatrasSimula   ERROR     event 4 particle id=10157829651144580466(vp=135|vs=11|p=75|g=0|sp=0)|pdg=gamma|q=0|m=0|p=19.497 failed to simulate with error NavigatorError:3: No start volume could be resolved
23:16:57    FatrasSimula   ERROR     event 4 particle id=4657180911951271810(vp=135|vs=11|p=76|g=0|sp=0)|pdg=gamma|q=0|m=0|p=5.12272 failed to simulate with error NavigatorError:3: No start volume could be resolved
23:16:57    FatrasSimula   ERROR     event 4 particle id=3688275105731213814(vp=135|vs=17|p=139|g=0|sp=0)|pdg=pi+|q=1|m=0.13957|p=72.1113 failed to simulate with error NavigatorError:3: No start volume could be resolved
23:16:57    FatrasSimula   ERROR     event 4 particle id=1106986382323825927(vp=135|vs=17|p=140|g=0|sp=0)|pdg=pi-|q=-1|m=0.13957|p=87.8284 failed to simulate with error NavigatorError:3: No start volume could be resolved
23:16:57    FatrasSimula   ERROR     event 4 particle id=8995201828658781332(vp=135|vs=23|p=153|g=0|sp=0)|pdg=gamma|q=0|m=0|p=139.702 failed to simulate with error NavigatorError:3: No start volume could be resolved
23:16:57    FatrasSimula   ERROR     event 4 particle id=2590838480352055760(vp=135|vs=23|p=154|g=0|sp=0)|pdg=gamma|q=0|m=0|p=134.051 failed to simulate with error NavigatorError:3: No start volume could be resolved
23:16:57    FatrasSimula   ERROR     event 4 particle id=14100837600802933025(vp=135|vs=24|p=155|g=0|sp=0)|pdg=gamma|q=0|m=0|p=47.4496 failed to simulate with error NavigatorError:3: No start volume could be resolved
23:16:57    FatrasSimula   ERROR     event 4 particle id=10840340150402920476(vp=135|vs=24|p=156|g=0|sp=0)|pdg=gamma|q=0|m=0|p=53.1134 failed to simulate with error NavigatorError:3: No start volume could be resolved
23:16:57    FatrasSimula   ERROR     event 4 particle id=8213427893036720593(vp=140|vs=5|p=63|g=0|sp=0)|pdg=n|q=0|m=0.939565|p=136.612 failed to simulate with error NavigatorError:3: No start volume could be resolved
23:16:57    FatrasSimula   ERROR     event 4 particle id=694667676505123830(vp=140|vs=6|p=64|g=0|sp=0)|pdg=gamma|q=0|m=0|p=6.95046 failed to simulate with error NavigatorError:3: No start volume could be resolved
23:16:57    FatrasSimula   ERROR     event 4 particle id=12802804073197759026(vp=140|vs=6|p=65|g=0|sp=0)|pdg=gamma|q=0|m=0|p=11.766 failed to simulate with error NavigatorError:3: No start volume could be resolved
23:16:57    FatrasSimula   ERROR     event 4 particle id=16937782631803646497(vp=140|vs=22|p=214|g=0|sp=0)|pdg=gamma|q=0|m=0|p=166.314 failed to simulate with error NavigatorError:3: No start volume could be resolved
23:16:57    FatrasSimula   ERROR     event 4 particle id=3693447535526492501(vp=140|vs=22|p=215|g=0|sp=0)|pdg=gamma|q=0|m=0|p=126.362 failed to simulate with error NavigatorError:3: No start volume could be resolved
23:16:57    FatrasSimula   ERROR     event 4 particle id=12879878731944053165(vp=140|vs=23|p=216|g=0|sp=0)|pdg=gamma|q=0|m=0|p=50.8341 failed to simulate with error NavigatorError:3: No start volume could be resolved
23:16:57    FatrasSimula   ERROR     event 4 particle id=17740231752332720015(vp=140|vs=23|p=217|g=0|sp=0)|pdg=gamma|q=0|m=0|p=108.503 failed to simulate with error NavigatorError:3: No start volume could be resolved
23:16:57    FatrasSimula   ERROR     event 4 particle id=18042635367407690557(vp=141|vs=12|p=62|g=0|sp=0)|pdg=pi+|q=1|m=0.13957|p=94.2914 failed to simulate with error NavigatorError:3: No start volume could be resolved
23:16:57    FatrasSimula   ERROR     event 4 particle id=13832254320539775545(vp=141|vs=12|p=63|g=0|sp=0)|pdg=pi-|q=-1|m=0.13957|p=48.3828 failed to simulate with error NavigatorError:3: No start volume could be resolved
23:16:57    FatrasSimula   ERROR     event 4 particle id=4458698337597398094(vp=146|vs=4|p=42|g=0|sp=0)|pdg=p|q=1|m=0.938272|p=364.477 failed to simulate with error NavigatorError:3: No start volume could be resolved
23:16:57    FatrasSimula   ERROR     event 4 particle id=10364217394098410356(vp=146|vs=4|p=43|g=0|sp=0)|pdg=pi-|q=-1|m=0.13957|p=101.298 failed to simulate with error NavigatorError:3: No start volume could be resolved
23:16:57    FatrasSimula   ERROR     event 4 particle id=14592576534233654877(vp=146|vs=5|p=44|g=0|sp=0)|pdg=p~|q=-1|m=0.938272|p=698.613 failed to simulate with error NavigatorError:3: No start volume could be resolved
23:16:57    FatrasSimula   ERROR     event 4 particle id=6770293512456726544(vp=146|vs=5|p=45|g=0|sp=0)|pdg=pi+|q=1|m=0.13957|p=68.8988 failed to simulate with error NavigatorError:3: No start volume could be resolved
23:16:57    FatrasSimula   ERROR     event 4 particle id=15990778767827611842(vp=146|vs=8|p=54|g=0|sp=0)|pdg=gamma|q=0|m=0|p=65.123 failed to simulate with error NavigatorError:3: No start volume could be resolved
23:16:57    FatrasSimula   ERROR     event 4 particle id=17611318793527292382(vp=146|vs=8|p=55|g=0|sp=0)|pdg=gamma|q=0|m=0|p=27.9133 failed to simulate with error NavigatorError:3: No start volume could be resolved
23:16:57    FatrasSimula   ERROR     event 4 particle id=13174393554482941782(vp=146|vs=9|p=56|g=0|sp=0)|pdg=gamma|q=0|m=0|p=4.46447 failed to simulate with error NavigatorError:3: No start volume could be resolved
23:16:57    FatrasSimula   ERROR     event 4 particle id=11813265303379623567(vp=146|vs=9|p=57|g=0|sp=0)|pdg=gamma|q=0|m=0|p=4.8168 failed to simulate with error NavigatorError:3: No start volume could be resolved
23:16:57    FatrasSimula   ERROR     event 4 particle id=1529716471922662253(vp=146|vs=13|p=92|g=0|sp=0)|pdg=n|q=0|m=0.939565|p=882.102 failed to simulate with error NavigatorError:3: No start volume could be resolved
23:16:57    FatrasSimula   ERROR     event 4 particle id=14163237803389831694(vp=146|vs=13|p=93|g=0|sp=0)|pdg=pi-|q=-1|m=0.13957|p=206.681 failed to simulate with error NavigatorError:3: No start volume could be resolved
23:16:57    FatrasSimula   ERROR     event 4 particle id=7278099153147030951(vp=147|vs=3|p=41|g=0|sp=0)|pdg=p|q=1|m=0.938272|p=271.643 failed to simulate with error NavigatorError:3: No start volume could be resolved
23:16:57    FatrasSimula   ERROR     event 4 particle id=695167733085649411(vp=147|vs=3|p=42|g=0|sp=0)|pdg=gamma|q=0|m=0|p=53.9917 failed to simulate with error NavigatorError:3: No start volume could be resolved
23:16:57    FatrasSimula   ERROR     event 4 particle id=10486663697944575430(vp=147|vs=3|p=43|g=0|sp=0)|pdg=gamma|q=0|m=0|p=21.6085 failed to simulate with error NavigatorError:3: No start volume could be resolved
23:16:57    FatrasSimula   ERROR     event 4 particle id=9728226680170205980(vp=147|vs=4|p=44|g=0|sp=0)|pdg=p~|q=-1|m=0.938272|p=263.831 failed to simulate with error NavigatorError:3: No start volume could be resolved
23:16:57    FatrasSimula   ERROR     event 4 particle id=5061528012364068740(vp=147|vs=5|p=45|g=0|sp=0)|pdg=gamma|q=0|m=0|p=33.0851 failed to simulate with error NavigatorError:3: No start volume could be resolved
23:16:57    FatrasSimula   ERROR     event 4 particle id=1458868347157743873(vp=147|vs=5|p=46|g=0|sp=0)|pdg=gamma|q=0|m=0|p=65.6712 failed to simulate with error NavigatorError:3: No start volume could be resolved
23:16:57    FatrasSimula   ERROR     event 4 particle id=18233027935149183326(vp=148|vs=1|p=6|g=0|sp=0)|pdg=p~|q=-1|m=0.938272|p=1130.53 failed to simulate with error NavigatorError:3: No start volume could be resolved
23:16:57    FatrasSimula   ERROR     event 4 particle id=3160630171757646146(vp=148|vs=1|p=7|g=0|sp=0)|pdg=pi+|q=1|m=0.13957|p=200.794 failed to simulate with error NavigatorError:3: No start volume could be resolved
23:16:57    FatrasSimula   ERROR     event 4 particle id=16385276969671772619(vp=151|vs=2|p=5|g=0|sp=0)|pdg=p|q=1|m=0.938272|p=401.093 failed to simulate with error NavigatorError:3: No start volume could be resolved
23:16:57    FatrasSimula   ERROR     event 4 particle id=7014534087053213235(vp=151|vs=3|p=6|g=0|sp=0)|pdg=gamma|q=0|m=0|p=14.4846 failed to simulate with error NavigatorError:3: No start volume could be resolved
23:16:57    FatrasSimula   ERROR     event 4 particle id=3769860898119256101(vp=151|vs=3|p=7|g=0|sp=0)|pdg=gamma|q=0|m=0|p=5.94563 failed to simulate with error NavigatorError:3: No start volume could be resolved
23:16:57    FatrasSimula   ERROR     event 4 particle id=16416384147517614106(vp=151|vs=4|p=8|g=0|sp=0)|pdg=n~|q=0|m=0.939565|p=107.459 failed to simulate with error NavigatorError:3: No start volume could be resolved
23:16:57    FatrasSimula   ERROR     event 4 particle id=14186762997326622184(vp=151|vs=4|p=9|g=0|sp=0)|pdg=pi-|q=-1|m=0.13957|p=7.8595 failed to simulate with error NavigatorError:3: No start volume could be resolved
23:16:57    FatrasSimula   ERROR     event 4 particle id=8199885895376230702(vp=151|vs=7|p=71|g=0|sp=0)|pdg=n|q=0|m=0.939565|p=379.509 failed to simulate with error NavigatorError:3: No start volume could be resolved
23:16:57    FatrasSimula   ERROR     event 4 particle id=15907182561027889509(vp=151|vs=8|p=72|g=0|sp=0)|pdg=gamma|q=0|m=0|p=38.829 failed to simulate with error NavigatorError:3: No start volume could be resolved
23:16:57    FatrasSimula   ERROR     event 4 particle id=9895999473799377345(vp=151|vs=8|p=73|g=0|sp=0)|pdg=gamma|q=0|m=0|p=16.621 failed to simulate with error NavigatorError:3: No start volume could be resolved
23:16:57    FatrasSimula   ERROR     event 4 particle id=273150477033155814(vp=151|vs=14|p=140|g=0|sp=0)|pdg=n~|q=0|m=0.939565|p=78.0329 failed to simulate with error NavigatorError:3: No start volume could be resolved
23:16:57    FatrasSimula   ERROR     event 4 particle id=2925699286528983974(vp=151|vs=14|p=141|g=0|sp=0)|pdg=pi+|q=1|m=0.13957|p=19.275 failed to simulate with error NavigatorError:3: No start volume could be resolved
23:16:57    FatrasSimula   ERROR     event 4 particle id=6457595740851649317(vp=151|vs=34|p=319|g=0|sp=0)|pdg=n|q=0|m=0.939565|p=64.4949 failed to simulate with error NavigatorError:3: No start volume could be resolved
23:16:57    FatrasSimula   ERROR     event 4 particle id=4322417757325117350(vp=151|vs=34|p=320|g=0|sp=0)|pdg=pi-|q=-1|m=0.13957|p=35.3156 failed to simulate with error NavigatorError:3: No start volume could be resolved
23:16:57    FatrasSimula   ERROR     event 4 particle id=2169029743739565718(vp=153|vs=5|p=20|g=0|sp=0)|pdg=n|q=0|m=0.939565|p=292.332 failed to simulate with error NavigatorError:3: No start volume could be resolved
23:16:57    FatrasSimula   ERROR     event 4 particle id=17420724930516904675(vp=153|vs=6|p=21|g=0|sp=0)|pdg=gamma|q=0|m=0|p=15.4591 failed to simulate with error NavigatorError:3: No start volume could be resolved
23:16:57    FatrasSimula   ERROR     event 4 particle id=3758678366978072338(vp=153|vs=6|p=22|g=0|sp=0)|pdg=gamma|q=0|m=0|p=69.1046 failed to simulate with error NavigatorError:3: No start volume could be resolved
23:16:57    FatrasSimula   ERROR     event 4 particle id=160116882898122581(vp=153|vs=8|p=24|g=0|sp=0)|pdg=p~|q=-1|m=0.938272|p=815.523 failed to simulate with error NavigatorError:3: No start volume could be resolved
23:16:57    FatrasSimula   ERROR     event 4 particle id=9761497678117313206(vp=153|vs=8|p=25|g=0|sp=0)|pdg=pi+|q=1|m=0.13957|p=88.9287 failed to simulate with error NavigatorError:3: No start volume could be resolved
23:16:57    FatrasSimula   ERROR     event 4 particle id=977613722010653495(vp=153|vs=9|p=26|g=0|sp=0)|pdg=gamma|q=0|m=0|p=54.6419 failed to simulate with error NavigatorError:3: No start volume could be resolved
23:16:57    FatrasSimula   ERROR     event 4 particle id=9864270130914066451(vp=153|vs=9|p=27|g=0|sp=0)|pdg=gamma|q=0|m=0|p=3.87551 failed to simulate with error NavigatorError:3: No start volume could be resolved
23:16:57    FatrasSimula   ERROR     event 4 particle id=12849208040200647015(vp=153|vs=14|p=47|g=0|sp=0)|pdg=p|q=1|m=0.938272|p=833.171 failed to simulate with error NavigatorError:3: No start volume could be resolved
23:16:57    FatrasSimula   ERROR     event 4 particle id=10747657047999028778(vp=153|vs=14|p=48|g=0|sp=0)|pdg=pi-|q=-1|m=0.13957|p=222.604 failed to simulate with error NavigatorError:3: No start volume could be resolved
23:16:57    FatrasSimula   ERROR     event 4 particle id=17634030809828861383(vp=157|vs=33|p=238|g=0|sp=0)|pdg=n~|q=0|m=0.939565|p=215.778 failed to simulate with error NavigatorError:3: No start volume could be resolved
23:16:57    FatrasSimula   ERROR     event 4 particle id=16447284263596949053(vp=157|vs=34|p=239|g=0|sp=0)|pdg=gamma|q=0|m=0|p=32.7975 failed to simulate with error NavigatorError:3: No start volume could be resolved
23:16:57    FatrasSimula   ERROR     event 4 particle id=17252554005397917079(vp=157|vs=34|p=240|g=0|sp=0)|pdg=gamma|q=0|m=0|p=29.7902 failed to simulate with error NavigatorError:3: No start volume could be resolved
23:16:57    FatrasSimula   ERROR     event 4 particle id=17225907807882752631(vp=157|vs=35|p=241|g=0|sp=0)|pdg=n|q=0|m=0.939565|p=285.37 failed to simulate with error NavigatorError:3: No start volume could be resolved
23:16:57    FatrasSimula   ERROR     event 4 particle id=94167319948386921(vp=157|vs=35|p=242|g=0|sp=0)|pdg=pi-|q=-1|m=0.13957|p=71.9735 failed to simulate with error NavigatorError:3: No start volume could be resolved
23:16:57    FatrasSimula   ERROR     event 4 particle id=1892864940992560202(vp=162|vs=4|p=35|g=0|sp=0)|pdg=pi+|q=1|m=0.13957|p=247.019 failed to simulate with error NavigatorError:3: No start volume could be resolved
23:16:57    FatrasSimula   ERROR     event 4 particle id=18182929632960735713(vp=162|vs=4|p=36|g=0|sp=0)|pdg=pi-|q=-1|m=0.13957|p=1342.55 failed to simulate with error NavigatorError:3: No start volume could be resolved
23:16:57    FatrasSimula   ERROR     event 4 particle id=3836617980541093653(vp=164|vs=16|p=114|g=0|sp=0)|pdg=n|q=0|m=0.939565|p=184.998 failed to simulate with error NavigatorError:3: No start volume could be resolved
23:16:57    FatrasSimula   ERROR     event 4 particle id=12586764879477689526(vp=164|vs=17|p=115|g=0|sp=0)|pdg=gamma|q=0|m=0|p=6.43345 failed to simulate with error NavigatorError:3: No start volume could be resolved
23:16:57    FatrasSimula   ERROR     event 4 particle id=17869003706600107313(vp=164|vs=17|p=116|g=0|sp=0)|pdg=gamma|q=0|m=0|p=47.2459 failed to simulate with error NavigatorError:3: No start volume could be resolved
23:16:57    FatrasSimula   ERROR     event 4 particle id=5817093948307400262(vp=164|vs=18|p=117|g=0|sp=0)|pdg=gamma|q=0|m=0|p=15.4886 failed to simulate with error NavigatorError:3: No start volume could be resolved
23:16:57    FatrasSimula   ERROR     event 4 particle id=3579858953905934670(vp=164|vs=18|p=118|g=0|sp=0)|pdg=gamma|q=0|m=0|p=8.17281 failed to simulate with error NavigatorError:3: No start volume could be resolved
23:16:57    FatrasSimula   ERROR     event 4 particle id=58551744719549496(vp=165|vs=15|p=102|g=0|sp=0)|pdg=p|q=1|m=0.938272|p=83.3971 failed to simulate with error NavigatorError:3: No start volume could be resolved
23:16:57    FatrasSimula   ERROR     event 4 particle id=13730378404033878198(vp=165|vs=15|p=103|g=0|sp=0)|pdg=pi-|q=-1|m=0.13957|p=6.28873 failed to simulate with error NavigatorError:3: No start volume could be resolved
23:16:57    FatrasSimula   ERROR     event 4 particle id=5139497567198350506(vp=165|vs=26|p=208|g=0|sp=0)|pdg=n|q=0|m=0.939565|p=49.4637 failed to simulate with error NavigatorError:3: No start volume could be resolved
23:16:57    FatrasSimula   ERROR     event 4 particle id=1960363951038401507(vp=165|vs=26|p=209|g=0|sp=0)|pdg=pi-|q=-1|m=0.13957|p=21.0356 failed to simulate with error NavigatorError:3: No start volume could be resolved
23:16:57    FatrasSimula   ERROR     event 4 particle id=18096104687072566142(vp=165|vs=40|p=280|g=0|sp=0)|pdg=p|q=1|m=0.938272|p=2622.11 failed to simulate with error NavigatorError:3: No start volume could be resolved
23:16:57    FatrasSimula   ERROR     event 4 particle id=17871044035575093763(vp=165|vs=41|p=281|g=0|sp=0)|pdg=gamma|q=0|m=0|p=194.279 failed to simulate with error NavigatorError:3: No start volume could be resolved
23:16:57    FatrasSimula   ERROR     event 4 particle id=13163981280118540853(vp=165|vs=41|p=282|g=0|sp=0)|pdg=gamma|q=0|m=0|p=122.448 failed to simulate with error NavigatorError:3: No start volume could be resolved
23:16:57    FatrasSimula   ERROR     event 4 particle id=15088909714873131038(vp=165|vs=42|p=284|g=0|sp=0)|pdg=n~|q=0|m=0.939565|p=225.954 failed to simulate with error NavigatorError:3: No start volume could be resolved
23:16:57    FatrasSimula   ERROR     event 4 particle id=14215232493235491601(vp=165|vs=43|p=285|g=0|sp=0)|pdg=gamma|q=0|m=0|p=3.78476 failed to simulate with error NavigatorError:3: No start volume could be resolved
23:16:57    FatrasSimula   ERROR     event 4 particle id=4072111528072876872(vp=165|vs=43|p=286|g=0|sp=0)|pdg=gamma|q=0|m=0|p=30.1269 failed to simulate with error NavigatorError:3: No start volume could be resolved
23:16:57    FatrasSimula   ERROR     event 4 particle id=12452942598046103781(vp=167|vs=9|p=110|g=0|sp=0)|pdg=n|q=0|m=0.939565|p=1539.1 failed to simulate with error NavigatorError:3: No start volume could be resolved
23:16:57    FatrasSimula   ERROR     event 4 particle id=3473779066937748983(vp=167|vs=10|p=111|g=0|sp=0)|pdg=gamma|q=0|m=0|p=217.823 failed to simulate with error NavigatorError:3: No start volume could be resolved
23:16:57    FatrasSimula   ERROR     event 4 particle id=9437496843255025435(vp=167|vs=10|p=112|g=0|sp=0)|pdg=gamma|q=0|m=0|p=181.8 failed to simulate with error NavigatorError:3: No start volume could be resolved
23:16:57    FatrasSimula   ERROR     event 4 particle id=14528188586522438576(vp=167|vs=11|p=116|g=0|sp=0)|pdg=n|q=0|m=0.939565|p=157.993 failed to simulate with error NavigatorError:3: No start volume could be resolved
23:16:57    FatrasSimula   ERROR     event 4 particle id=12899284426313980646(vp=167|vs=11|p=117|g=0|sp=0)|pdg=pi-|q=-1|m=0.13957|p=82.3472 failed to simulate with error NavigatorError:3: No start volume could be resolved
23:16:57    FatrasSimula   ERROR     event 4 particle id=16782259396865217866(vp=167|vs=46|p=369|g=0|sp=0)|pdg=pi+|q=1|m=0.13957|p=226.741 failed to simulate with error NavigatorError:3: No start volume could be resolved
23:16:57    FatrasSimula   ERROR     event 4 particle id=2603023476457358206(vp=167|vs=46|p=370|g=0|sp=0)|pdg=pi-|q=-1|m=0.13957|p=217.326 failed to simulate with error NavigatorError:3: No start volume could be resolved
23:16:57    FatrasSimula   ERROR     event 4 particle id=1729201770994266590(vp=172|vs=13|p=64|g=0|sp=0)|pdg=pi+|q=1|m=0.13957|p=460.976 failed to simulate with error NavigatorError:3: No start volume could be resolved
23:16:57    FatrasSimula   ERROR     event 4 particle id=8163391834962185460(vp=172|vs=13|p=65|g=0|sp=0)|pdg=pi-|q=-1|m=0.13957|p=1051.57 failed to simulate with error NavigatorError:3: No start volume could be resolved
23:16:57    FatrasSimula   ERROR     event 4 particle id=9471337421245806463(vp=173|vs=42|p=375|g=0|sp=0)|pdg=gamma|q=0|m=0|p=27.8293 failed to simulate with error NavigatorError:3: No start volume could be resolved
23:16:57    FatrasSimula   ERROR     event 4 particle id=13688930514438265798(vp=173|vs=42|p=376|g=0|sp=0)|pdg=gamma|q=0|m=0|p=81.9573 failed to simulate with error NavigatorError:3: No start volume could be resolved
23:16:57    FatrasSimula   ERROR     event 4 particle id=9906305193302085147(vp=173|vs=43|p=373|g=0|sp=0)|pdg=gamma|q=0|m=0|p=10.8062 failed to simulate with error NavigatorError:3: No start volume could be resolved
23:16:57    FatrasSimula   ERROR     event 4 particle id=11152046104147659002(vp=173|vs=43|p=374|g=0|sp=0)|pdg=gamma|q=0|m=0|p=21.3839 failed to simulate with error NavigatorError:3: No start volume could be resolved
23:16:57    FatrasSimula   ERROR     event 4 particle id=18379114346240874807(vp=175|vs=29|p=230|g=0|sp=0)|pdg=pi+|q=1|m=0.13957|p=136.733 failed to simulate with error NavigatorError:3: No start volume could be resolved
23:16:57    FatrasSimula   ERROR     event 4 particle id=17359876394834846798(vp=175|vs=29|p=231|g=0|sp=0)|pdg=pi-|q=-1|m=0.13957|p=380.662 failed to simulate with error NavigatorError:3: No start volume could be resolved
23:16:57    FatrasSimula   ERROR     event 4 particle id=8173379058647123355(vp=178|vs=10|p=42|g=0|sp=0)|pdg=gamma|q=0|m=0|p=231.178 failed to simulate with error NavigatorError:3: No start volume could be resolved
23:16:57    FatrasSimula   ERROR     event 4 particle id=9154686062339135347(vp=178|vs=10|p=43|g=0|sp=0)|pdg=gamma|q=0|m=0|p=53.1531 failed to simulate with error NavigatorError:3: No start volume could be resolved
23:16:57    FatrasSimula   ERROR     event 4 particle id=16392172897768595213(vp=178|vs=11|p=44|g=0|sp=0)|pdg=gamma|q=0|m=0|p=36.0837 failed to simulate with error NavigatorError:3: No start volume could be resolved
23:16:57    FatrasSimula   ERROR     event 4 particle id=16249464260422457595(vp=178|vs=11|p=45|g=0|sp=0)|pdg=gamma|q=0|m=0|p=161.658 failed to simulate with error NavigatorError:3: No start volume could be resolved
23:16:57    FatrasSimula   ERROR     event 4 particle id=13027074407556073740(vp=181|vs=15|p=110|g=0|sp=0)|pdg=pi+|q=1|m=0.13957|p=10.7572 failed to simulate with error NavigatorError:3: No start volume could be resolved
23:16:57    FatrasSimula   ERROR     event 4 particle id=14666235488659597570(vp=181|vs=15|p=111|g=0|sp=0)|pdg=pi-|q=-1|m=0.13957|p=52.5511 failed to simulate with error NavigatorError:3: No start volume could be resolved
23:16:57    FatrasSimula   ERROR     event 4 particle id=8682187711964086683(vp=183|vs=4|p=39|g=0|sp=0)|pdg=gamma|q=0|m=0|p=106.287 failed to simulate with error NavigatorError:3: No start volume could be resolved
23:16:57    FatrasSimula   ERROR     event 4 particle id=15463929328692291432(vp=183|vs=4|p=40|g=0|sp=0)|pdg=gamma|q=0|m=0|p=42.996 failed to simulate with error NavigatorError:3: No start volume could be resolved
23:16:57    FatrasSimula   ERROR     event 4 particle id=11042842695377551205(vp=183|vs=5|p=41|g=0|sp=0)|pdg=gamma|q=0|m=0|p=114.189 failed to simulate with error NavigatorError:3: No start volume could be resolved
23:16:57    FatrasSimula   ERROR     event 4 particle id=17783893635525136571(vp=183|vs=5|p=42|g=0|sp=0)|pdg=gamma|q=0|m=0|p=45.5288 failed to simulate with error NavigatorError:3: No start volume could be resolved
23:16:57    FatrasSimula   ERROR     event 4 particle id=8288759523672247276(vp=183|vs=6|p=43|g=0|sp=0)|pdg=pi+|q=1|m=0.13957|p=83.4912 failed to simulate with error NavigatorError:3: No start volume could be resolved
23:16:57    FatrasSimula   ERROR     event 4 particle id=12459188979387489554(vp=183|vs=6|p=44|g=0|sp=0)|pdg=pi-|q=-1|m=0.13957|p=327.273 failed to simulate with error NavigatorError:3: No start volume could be resolved
23:16:57    FatrasSimula   ERROR     event 4 particle id=993158757875576515(vp=184|vs=1|p=3|g=0|sp=0)|pdg=p|q=1|m=0.938272|p=4725.08 failed to simulate with error NavigatorError:3: No start volume could be resolved
23:16:57    FatrasSimula   ERROR     event 4 particle id=6975208925055205769(vp=184|vs=1|p=4|g=0|sp=0)|pdg=pi-|q=-1|m=0.13957|p=1381.11 failed to simulate with error NavigatorError:3: No start volume could be resolved
23:16:57    FatrasSimula   ERROR     event 4 particle id=4457511664753987717(vp=186|vs=6|p=45|g=0|sp=0)|pdg=pi+|q=1|m=0.13957|p=26.7001 failed to simulate with error NavigatorError:3: No start volume could be resolved
23:16:57    FatrasSimula   ERROR     event 4 particle id=3593056441305730140(vp=186|vs=6|p=46|g=0|sp=0)|pdg=pi-|q=-1|m=0.13957|p=55.9576 failed to simulate with error NavigatorError:3: No start volume could be resolved
23:16:57    FatrasSimula   ERROR     event 4 particle id=15811759844141784985(vp=188|vs=5|p=29|g=0|sp=0)|pdg=gamma|q=0|m=0|p=22.5518 failed to simulate with error NavigatorError:3: No start volume could be resolved
23:16:57    FatrasSimula   ERROR     event 4 particle id=5884571387015779744(vp=188|vs=6|p=30|g=0|sp=0)|pdg=gamma|q=0|m=0|p=2.72012 failed to simulate with error NavigatorError:3: No start volume could be resolved
23:16:57    FatrasSimula   ERROR     event 4 particle id=866897781142667546(vp=188|vs=6|p=31|g=0|sp=0)|pdg=gamma|q=0|m=0|p=6.26964 failed to simulate with error NavigatorError:3: No start volume could be resolved
23:16:57    FatrasSimula   ERROR     event 4 particle id=4668581044579796385(vp=189|vs=36|p=355|g=0|sp=0)|pdg=p|q=1|m=0.938272|p=248.135 failed to simulate with error NavigatorError:3: No start volume could be resolved
23:16:57    FatrasSimula   ERROR     event 4 particle id=4404374395389693159(vp=189|vs=36|p=356|g=0|sp=0)|pdg=pi-|q=-1|m=0.13957|p=30.6825 failed to simulate with error NavigatorError:3: No start volume could be resolved
23:16:57    FatrasSimula   ERROR     event 4 particle id=3967218682755950027(vp=192|vs=8|p=100|g=0|sp=0)|pdg=n|q=0|m=0.939565|p=114.874 failed to simulate with error NavigatorError:3: No start volume could be resolved
23:16:57    FatrasSimula   ERROR     event 4 particle id=13512551881969571067(vp=192|vs=8|p=101|g=0|sp=0)|pdg=pi-|q=-1|m=0.13957|p=25.139 failed to simulate with error NavigatorError:3: No start volume could be resolved
23:16:57    FatrasSimula   ERROR     event 4 particle id=15515824539192846614(vp=192|vs=9|p=102|g=0|sp=0)|pdg=p~|q=-1|m=0.938272|p=173.366 failed to simulate with error NavigatorError:3: No start volume could be resolved
23:16:57    FatrasSimula   ERROR     event 4 particle id=15665842800817885582(vp=192|vs=9|p=103|g=0|sp=0)|pdg=pi+|q=1|m=0.13957|p=26.5389 failed to simulate with error NavigatorError:3: No start volume could be resolved
23:16:57    FatrasSimula   ERROR     event 4 particle id=13236362209716869389(vp=192|vs=19|p=191|g=0|sp=0)|pdg=gamma|q=0|m=0|p=34.6744 failed to simulate with error NavigatorError:3: No start volume could be resolved
23:16:57    FatrasSimula   ERROR     event 4 particle id=9852475165626099070(vp=192|vs=19|p=192|g=0|sp=0)|pdg=gamma|q=0|m=0|p=27.6667 failed to simulate with error NavigatorError:3: No start volume could be resolved
23:16:57    FatrasSimula   ERROR     event 4 particle id=11510538096191568240(vp=192|vs=20|p=193|g=0|sp=0)|pdg=gamma|q=0|m=0|p=43.3826 failed to simulate with error NavigatorError:3: No start volume could be resolved
23:16:57    FatrasSimula   ERROR     event 4 particle id=14213831761949836732(vp=192|vs=20|p=194|g=0|sp=0)|pdg=gamma|q=0|m=0|p=9.618 failed to simulate with error NavigatorError:3: No start volume could be resolved
23:16:57    FatrasSimula   ERROR     event 4 particle id=16336740563696223227(vp=194|vs=21|p=141|g=0|sp=0)|pdg=p~|q=-1|m=0.938272|p=208.376 failed to simulate with error NavigatorError:3: No start volume could be resolved
23:16:57    FatrasSimula   ERROR     event 4 particle id=8869380298844981062(vp=194|vs=21|p=142|g=0|sp=0)|pdg=pi+|q=1|m=0.13957|p=35.9436 failed to simulate with error NavigatorError:3: No start volume could be resolved
23:16:57    FatrasSimula   ERROR     event 4 particle id=11479409407248335417(vp=194|vs=42|p=336|g=0|sp=0)|pdg=pi+|q=1|m=0.13957|p=58.3798 failed to simulate with error NavigatorError:3: No start volume could be resolved
23:16:57    FatrasSimula   ERROR     event 4 particle id=17892239691124137510(vp=194|vs=42|p=337|g=0|sp=0)|pdg=pi-|q=-1|m=0.13957|p=122.077 failed to simulate with error NavigatorError:3: No start volume could be resolved
23:16:57    FatrasSimula   ERROR     event 4 particle id=16998969643297317956(vp=194|vs=50|p=392|g=0|sp=0)|pdg=pi-|q=-1|m=0.13957|p=158.915 failed to simulate with error NavigatorError:3: No start volume could be resolved
23:16:57    FatrasSimula   ERROR     event 4 particle id=6253483162941454249(vp=194|vs=51|p=390|g=0|sp=0)|pdg=p|q=1|m=0.938272|p=394.441 failed to simulate with error NavigatorError:3: No start volume could be resolved
23:16:57    FatrasSimula   ERROR     event 4 particle id=4924834469606725165(vp=194|vs=51|p=391|g=0|sp=0)|pdg=pi-|q=-1|m=0.13957|p=114.258 failed to simulate with error NavigatorError:3: No start volume could be resolved
23:16:57    FatrasSimula   ERROR     event 4 particle id=3361066111025816084(vp=194|vs=53|p=400|g=0|sp=0)|pdg=gamma|q=0|m=0|p=2.15673 failed to simulate with error NavigatorError:3: No start volume could be resolved
23:16:57    FatrasSimula   ERROR     event 4 particle id=9159451422924884033(vp=194|vs=53|p=401|g=0|sp=0)|pdg=gamma|q=0|m=0|p=1.24882 failed to simulate with error NavigatorError:3: No start volume could be resolved
23:16:57    FatrasSimula   ERROR     event 4 particle id=5715439790634292375(vp=194|vs=54|p=398|g=0|sp=0)|pdg=gamma|q=0|m=0|p=2.36476 failed to simulate with error NavigatorError:3: No start volume could be resolved
23:16:57    FatrasSimula   ERROR     event 4 particle id=1664531615595841146(vp=194|vs=54|p=399|g=0|sp=0)|pdg=gamma|q=0|m=0|p=27.1084 failed to simulate with error NavigatorError:3: No start volume could be resolved
23:16:57    FatrasSimula   ERROR     event 4 particle id=14269300925166824424(vp=195|vs=15|p=133|g=0|sp=0)|pdg=gamma|q=0|m=0|p=16.3027 failed to simulate with error NavigatorError:3: No start volume could be resolved
23:16:57    FatrasSimula   ERROR     event 4 particle id=11238921917663242710(vp=195|vs=15|p=134|g=0|sp=0)|pdg=gamma|q=0|m=0|p=3.00957 failed to simulate with error NavigatorError:3: No start volume could be resolved
23:16:57    FatrasSimula   ERROR     event 4 particle id=15560120561848308904(vp=195|vs=16|p=135|g=0|sp=0)|pdg=gamma|q=0|m=0|p=54.3892 failed to simulate with error NavigatorError:3: No start volume could be resolved
23:16:57    FatrasSimula   ERROR     event 4 particle id=17334594330970429144(vp=195|vs=16|p=136|g=0|sp=0)|pdg=gamma|q=0|m=0|p=18.6044 failed to simulate with error NavigatorError:3: No start volume could be resolved
23:16:57    FatrasSimula   ERROR     event 4 particle id=11549243365894360443(vp=196|vs=8|p=76|g=0|sp=0)|pdg=pi+|q=1|m=0.13957|p=52.9121 failed to simulate with error NavigatorError:3: No start volume could be resolved
23:16:57    FatrasSimula   ERROR     event 4 particle id=16697204660068588613(vp=196|vs=8|p=77|g=0|sp=0)|pdg=pi-|q=-1|m=0.13957|p=57.7646 failed to simulate with error NavigatorError:3: No start volume could be resolved
23:16:57    FatrasSimula   ERROR     event 4 particle id=11640145903985166649(vp=197|vs=2|p=2|g=0|sp=0)|pdg=pi+|q=1|m=0.13957|p=369.479 failed to simulate with error NavigatorError:3: No start volume could be resolved
23:16:57    FatrasSimula   ERROR     event 4 particle id=8362048186550025561(vp=197|vs=2|p=3|g=0|sp=0)|pdg=pi-|q=-1|m=0.13957|p=614.174 failed to simulate with error NavigatorError:3: No start volume could be resolved
23:16:57    FatrasSimula   ERROR     event 4 particle id=11149980574107895324(vp=197|vs=13|p=45|g=0|sp=0)|pdg=pi+|q=1|m=0.13957|p=632.987 failed to simulate with error NavigatorError:3: No start volume could be resolved
23:16:57    FatrasSimula   ERROR     event 4 particle id=7912865554369405473(vp=197|vs=13|p=46|g=0|sp=0)|pdg=pi-|q=-1|m=0.13957|p=94.8872 failed to simulate with error NavigatorError:3: No start volume could be resolved
23:16:57    FatrasSimula   ERROR     event 4 particle id=8118730524932088365(vp=201|vs=10|p=69|g=0|sp=0)|pdg=pi+|q=1|m=0.13957|p=9.95307 failed to simulate with error NavigatorError:3: No start volume could be resolved
23:16:57    FatrasSimula   ERROR     event 4 particle id=5659685242622337064(vp=201|vs=10|p=70|g=0|sp=0)|pdg=pi-|q=-1|m=0.13957|p=58.357 failed to simulate with error NavigatorError:3: No start volume could be resolved
23:16:57    FatrasSimula   ERROR     event 4 particle id=5170291042493597438(vp=201|vs=33|p=283|g=0|sp=0)|pdg=gamma|q=0|m=0|p=3.7864 failed to simulate with error NavigatorError:3: No start volume could be resolved
23:16:57    FatrasSimula   ERROR     event 4 particle id=12769885411292109040(vp=201|vs=33|p=284|g=0|sp=0)|pdg=gamma|q=0|m=0|p=10.8638 failed to simulate with error NavigatorError:3: No start volume could be resolved
23:16:57    FatrasSimula   ERROR     event 4 particle id=5457018611016326699(vp=201|vs=34|p=285|g=0|sp=0)|pdg=gamma|q=0|m=0|p=1.82074 failed to simulate with error NavigatorError:3: No start volume could be resolved
23:16:57    FatrasSimula   ERROR     event 4 particle id=2277118463105754958(vp=201|vs=34|p=286|g=0|sp=0)|pdg=gamma|q=0|m=0|p=26.5876 failed to simulate with error NavigatorError:3: No start volume could be resolved
23:16:57    FatrasSimula   ERROR     event 4 particle id=15604869785080488803(vp=201|vs=43|p=312|g=0|sp=0)|pdg=n~|q=0|m=0.939565|p=489.805 failed to simulate with error NavigatorError:3: No start volume could be resolved
23:16:57    FatrasSimula   ERROR     event 4 particle id=10798405975198898029(vp=201|vs=43|p=313|g=0|sp=0)|pdg=pi+|q=1|m=0.13957|p=81.1297 failed to simulate with error NavigatorError:3: No start volume could be resolved
23:16:57    FatrasSimula   ERROR     event 4 particle id=11070037527934069684(vp=201|vs=47|p=343|g=0|sp=0)|pdg=gamma|q=0|m=0|p=32.1843 failed to simulate with error NavigatorError:3: No start volume could be resolved
23:16:57    FatrasSimula   ERROR     event 4 particle id=4348547911473342454(vp=201|vs=47|p=344|g=0|sp=0)|pdg=gamma|q=0|m=0|p=25.0695 failed to simulate with error NavigatorError:3: No start volume could be resolved
23:16:57    FatrasSimula   ERROR     event 4 particle id=9695377840888805593(vp=201|vs=48|p=345|g=0|sp=0)|pdg=gamma|q=0|m=0|p=429.79 failed to simulate with error NavigatorError:3: No start volume could be resolved
23:16:57    FatrasSimula   ERROR     event 4 particle id=16713809595357086212(vp=201|vs=48|p=346|g=0|sp=0)|pdg=gamma|q=0|m=0|p=31.8472 failed to simulate with error NavigatorError:3: No start volume could be resolved
23:16:58    Digitization   WARNING   7844 skipped in Digitization. Enable DEBUG mode to see more details.
23:17:02    Sequencer      INFO      finished event 4
23:17:02    RootPatternR   INFO      Efficiency with seeds (nMatchedseeds/nAllseeds) = 0.919241
23:17:02    RootPatternR   INFO      Fake ratio with seeds (nFakeseeds/nAllseeds) = 0.052236
23:17:02    RootPatternR   INFO      Duplicate ratio with seeds (nDuplicateseeds/nAllseeds) = 0.824613
23:17:02    RootPatternR   INFO      Efficiency with particles (nMatchedParticles/nTrueParticles) = 0.550589
23:17:02    RootPatternR   INFO      Fake ratio with particles (nFakeParticles/nTrueParticles) = 0.129898
23:17:02    RootPatternR   INFO      Duplicate ratio with particles (nDuplicateParticles/nTrueParticles) = 0.514872
23:17:02    RootPatternR   INFO      Wrote performance plots to 'output/itk-pu200-ckf/performance_seeding.root:/'
23:17:02    RootTrackPar   INFO      Wrote estimated parameters from seed to tree 'estimatedparams' in 'output/itk-pu200-ckf/estimatedparams.root'
23:17:02    TrackFinding   INFO      TrackFindingAlgorithm statistics:
23:17:02    TrackFinding   INFO      - total seeds: 102305
23:17:02    TrackFinding   INFO      - deduplicated seeds: 0
23:17:02    TrackFinding   INFO      - failed seeds: 0
23:17:02    TrackFinding   INFO      - failed smoothing: 0
23:17:02    TrackFinding   INFO      - failed extrapolation: 1
23:17:02    TrackFinding   INFO      - failure ratio seeds: 0
23:17:02    TrackFinding   INFO      - found tracks: 102304
23:17:02    TrackFinding   INFO      - selected tracks: 97395
23:17:02    TrackFinding   INFO      - stopped branches: 0
23:17:02    TrackFinding   INFO      - skipped second pass: 0
23:17:02    RootTrackSum   INFO      Wrote parameters of tracks to tree 'tracksummary' in 'output/itk-pu200-ckf/tracksummary_ckf.root'
23:17:02    RootTrackPar   INFO      === Track Parameter Performance Summary ===
23:17:02    RootTrackPar   INFO      Total tracks: 97395
23:17:02    RootTrackPar   INFO      Total matched tracks: 9539
23:17:02    RootTrackPar   INFO      Total particles: 17583
23:17:02    RootTrackPar   INFO      Total matched particles: 9539
23:17:02    RootTrackPar   INFO      Track efficiency: 9.79414%
Warning in <Fit>: Fit data is empty 
Warning in <Fit>: Fit data is empty 
Warning in <Fit>: Fit data is empty 
Warning in <ROOT::Fit::FillData>: fit range is outside histogram range, no fit data for xaxis
Warning in <Fit>: Fit data is empty 
Warning in <Fit>: Fit data is empty 
Warning in <Fit>: Fit data is empty 
Warning in <Fit>: Fit data is empty 
Warning in <Fit>: Fit data is empty 
Warning in <Fit>: Fit data is empty 
Warning in <Fit>: Fit data is empty 
Warning in <ROOT::Fit::FillData>: fit range is outside histogram range, no fit data for xaxis
Warning in <Fit>: Fit data is empty 
Warning in <ROOT::Fit::FillData>: fit range is outside histogram range, no fit data for xaxis
Warning in <Fit>: Fit data is empty 
Warning in <Fit>: Fit data is empty 
Warning in <ROOT::Fit::FillData>: fit range is outside histogram range, no fit data for xaxis
Warning in <Fit>: Fit data is empty 
Warning in <Fit>: Fit data is empty 
Warning in <ROOT::Fit::FillData>: fit range is outside histogram range, no fit data for xaxis
Warning in <Fit>: Fit data is empty 
Warning in <ROOT::Fit::FillData>: fit range is outside histogram range, no fit data for xaxis
Warning in <Fit>: Fit data is empty 
Warning in <Fit>: Fit data is empty 
Warning in <Fit>: Fit data is empty 
Warning in <ROOT::Fit::FillData>: fit range is outside histogram range, no fit data for xaxis
Warning in <Fit>: Fit data is empty 
Warning in <Fit>: Fit data is empty 
Warning in <Fit>: Fit data is empty 
Warning in <ROOT::Fit::FillData>: fit range is outside histogram range, no fit data for xaxis
Warning in <Fit>: Fit data is empty 
Warning in <Fit>: Fit data is empty 
Warning in <Fit>: Fit data is empty 
Warning in <ROOT::Fit::FillData>: fit range is outside histogram range, no fit data for xaxis
Warning in <Fit>: Fit data is empty 
Warning in <Fit>: Fit data is empty 
Warning in <Fit>: Fit data is empty 
Warning in <Fit>: Fit data is empty 
Warning in <Fit>: Fit data is empty 
Warning in <Fit>: Fit data is empty 
Warning in <Fit>: Fit data is empty 
Warning in <Fit>: Fit data is empty 
Warning in <Fit>: Fit data is empty 
Warning in <Fit>: Fit data is empty 
Warning in <Fit>: Fit data is empty 
Warning in <Fit>: Fit data is empty 
Warning in <Fit>: Fit data is empty 
Warning in <Fit>: Fit data is empty 
Warning in <Fit>: Fit data is empty 
Warning in <Fit>: Fit data is empty 
Warning in <Fit>: Fit data is empty 
Warning in <Fit>: Fit data is empty 
Warning in <Fit>: Fit data is empty 
Warning in <Fit>: Fit data is empty 
Warning in <Fit>: Fit data is empty 
Warning in <Fit>: Fit data is empty 
Warning in <Fit>: Fit data is empty 
Warning in <Fit>: Fit data is empty 
Warning in <ROOT::Fit::FillData>: fit range is outside histogram range, no fit data for xaxis
Warning in <Fit>: Fit data is empty 
Warning in <ROOT::Fit::FillData>: fit range is outside histogram range, no fit data for xaxis
Warning in <Fit>: Fit data is empty 
Warning in <ROOT::Fit::FillData>: fit range is outside histogram range, no fit data for xaxis
Warning in <Fit>: Fit data is empty 
Warning in <ROOT::Fit::FillData>: fit range is outside histogram range, no fit data for xaxis
Warning in <Fit>: Fit data is empty 
Warning in <Fit>: Fit data is empty 
Warning in <Fit>: Fit data is empty 
Warning in <ROOT::Fit::FillData>: fit range is outside histogram range, no fit data for xaxis
Warning in <Fit>: Fit data is empty 
Warning in <Fit>: Fit data is empty 
Warning in <Fit>: Fit data is empty 
Warning in <Fit>: Fit data is empty 
Warning in <Fit>: Fit data is empty 
Warning in <Fit>: Fit data is empty 
Warning in <Fit>: Fit data is empty 
Error in <Minuit2>: VariableMetricBuilder Initial matrix not pos.def.
Warning in <Fit>: Fit data is empty 
Warning in <Fit>: Fit data is empty 
Warning in <Fit>: Fit data is empty 
Warning in <Fit>: Fit data is empty 
Warning in <Fit>: Fit data is empty 
Warning in <Fit>: Fit data is empty 
Warning in <Fit>: Fit data is empty 
Warning in <Fit>: Fit data is empty 
Warning in <Fit>: Fit data is empty 
Warning in <Fit>: Fit data is empty 
Warning in <Fit>: Fit data is empty 
Warning in <Fit>: Fit data is empty 
Warning in <Fit>: Fit data is empty 
Warning in <Fit>: Fit data is empty 
Warning in <Fit>: Fit data is empty 
Warning in <Fit>: Fit data is empty 
Warning in <ROOT::Fit::FillData>: fit range is outside histogram range, no fit data for xaxis
Warning in <Fit>: Fit data is empty 
Warning in <Fit>: Fit data is empty 
Warning in <Fit>: Fit data is empty 
Warning in <ROOT::Fit::FillData>: fit range is outside histogram range, no fit data for xaxis
Warning in <Fit>: Fit data is empty 
Warning in <Fit>: Fit data is empty 
Warning in <Fit>: Fit data is empty 
Warning in <Fit>: Fit data is empty 
Warning in <Fit>: Fit data is empty 
Warning in <Fit>: Fit data is empty 
Warning in <Fit>: Fit data is empty 
Warning in <Fit>: Fit data is empty 
Warning in <Fit>: Fit data is empty 
Warning in <Fit>: Fit data is empty 
Warning in <ROOT::Fit::FillData>: fit range is outside histogram range, no fit data for xaxis
Warning in <Fit>: Fit data is empty 
Warning in <Fit>: Fit data is empty 
Warning in <Fit>: Fit data is empty 
Warning in <Fit>: Fit data is empty 
Warning in <Fit>: Fit data is empty 
Warning in <Fit>: Fit data is empty 
Warning in <Fit>: Fit data is empty 
Warning in <ROOT::Fit::FillData>: fit range is outside histogram range, no fit data for xaxis
Warning in <Fit>: Fit data is empty 
Warning in <ROOT::Fit::FillData>: fit range is outside histogram range, no fit data for xaxis
Warning in <Fit>: Fit data is empty 
Warning in <Fit>: Fit data is empty 
Warning in <ROOT::Fit::FillData>: fit range is outside histogram range, no fit data for xaxis
Warning in <Fit>: Fit data is empty 
Warning in <Fit>: Fit data is empty 
Warning in <ROOT::Fit::FillData>: fit range is outside histogram range, no fit data for xaxis
Warning in <Fit>: Fit data is empty 
Warning in <Fit>: Fit data is empty 
Warning in <Fit>: Fit data is empty 
Warning in <Fit>: Fit data is empty 
Warning in <Fit>: Fit data is empty 
Warning in <ROOT::Fit::FillData>: fit range is outside histogram range, no fit data for xaxis
Warning in <Fit>: Fit data is empty 
Warning in <Fit>: Fit data is empty 
Warning in <ROOT::Fit::FillData>: fit range is outside histogram range, no fit data for xaxis
Warning in <Fit>: Fit data is empty 
Warning in <ROOT::Fit::FillData>: fit range is outside histogram range, no fit data for xaxis
Warning in <Fit>: Fit data is empty 
Warning in <Fit>: Fit data is empty 
Warning in <Fit>: Fit data is empty 
Warning in <Fit>: Fit data is empty 
Warning in <Fit>: Fit data is empty 
Warning in <Fit>: Fit data is empty 
Warning in <Fit>: Fit data is empty 
Warning in <Fit>: Fit data is empty 
Warning in <ROOT::Fit::FillData>: fit range is outside histogram range, no fit data for xaxis
Warning in <Fit>: Fit data is empty 
Warning in <ROOT::Fit::FillData>: fit range is outside histogram range, no fit data for xaxis
Warning in <Fit>: Fit data is empty 
Warning in <ROOT::Fit::FillData>: fit range is outside histogram range, no fit data for xaxis
Warning in <Fit>: Fit data is empty 
Warning in <Fit>: Fit data is empty 
Warning in <Fit>: Fit data is empty 
Warning in <Fit>: Fit data is empty 
Warning in <Fit>: Fit data is empty 
Warning in <Fit>: Fit data is empty 
Warning in <Fit>: Fit data is empty 
Warning in <ROOT::Fit::FillData>: fit range is outside histogram range, no fit data for xaxis
Warning in <Fit>: Fit data is empty 
Warning in <ROOT::Fit::FillData>: fit range is outside histogram range, no fit data for xaxis
Warning in <Fit>: Fit data is empty 
Warning in <Fit>: Fit data is empty 
Warning in <Fit>: Fit data is empty 
Warning in <Fit>: Fit data is empty 
Warning in <Fit>: Fit data is empty 
Warning in <Fit>: Fit data is empty 
Warning in <Fit>: Fit data is empty 
Warning in <ROOT::Fit::FillData>: fit range is outside histogram range, no fit data for xaxis
Warning in <Fit>: Fit data is empty 
Warning in <Fit>: Fit data is empty 
Warning in <Fit>: Fit data is empty 
Warning in <Fit>: Fit data is empty 
Warning in <Fit>: Fit data is empty 
Warning in <Fit>: Fit data is empty 
Warning in <ROOT::Fit::FillData>: fit range is outside histogram range, no fit data for xaxis
Warning in <Fit>: Fit data is empty 
Warning in <ROOT::Fit::FillData>: fit range is outside histogram range, no fit data for xaxis
Warning in <Fit>: Fit data is empty 
Warning in <ROOT::Fit::FillData>: fit range is outside histogram range, no fit data for xaxis
Warning in <Fit>: Fit data is empty 
Warning in <Fit>: Fit data is empty 
Warning in <Fit>: Fit data is empty 
Warning in <Fit>: Fit data is empty 
Warning in <ROOT::Fit::FillData>: fit range is outside histogram range, no fit data for xaxis
Warning in <Fit>: Fit data is empty 
Warning in <Fit>: Fit data is empty 
Warning in <Fit>: Fit data is empty 
Warning in <Fit>: Fit data is empty 
Warning in <ROOT::Fit::FillData>: fit range is outside histogram range, no fit data for xaxis
Warning in <Fit>: Fit data is empty 
Warning in <Fit>: Fit data is empty 
Warning in <ROOT::Fit::FillData>: fit range is outside histogram range, no fit data for xaxis
Warning in <Fit>: Fit data is empty 
Warning in <Fit>: Fit data is empty 
Warning in <ROOT::Fit::FillData>: fit range is outside histogram range, no fit data for xaxis
Warning in <Fit>: Fit data is empty 
Warning in <Fit>: Fit data is empty 
Warning in <Fit>: Fit data is empty 
Warning in <Fit>: Fit data is empty 
Warning in <Fit>: Fit data is empty 
Warning in <Fit>: Fit data is empty 
Warning in <Fit>: Fit data is empty 
Warning in <Fit>: Fit data is empty 
Warning in <Fit>: Fit data is empty 
Warning in <Fit>: Fit data is empty 
Warning in <Fit>: Fit data is empty 
Warning in <Fit>: Fit data is empty 
Warning in <Fit>: Fit data is empty 
Warning in <ROOT::Fit::FillData>: fit range is outside histogram range, no fit data for xaxis
Warning in <Fit>: Fit data is empty 
Warning in <Fit>: Fit data is empty 
Warning in <Fit>: Fit data is empty 
Warning in <Fit>: Fit data is empty 
Warning in <Fit>: Fit data is empty 
Warning in <Fit>: Fit data is empty 
Warning in <Fit>: Fit data is empty 
Warning in <Fit>: Fit data is empty 
Warning in <Fit>: Fit data is empty 
Warning in <Fit>: Fit data is empty 
Warning in <Fit>: Fit data is empty 
Warning in <ROOT::Fit::FillData>: fit range is outside histogram range, no fit data for xaxis
Warning in <Fit>: Fit data is empty 
Warning in <Fit>: Fit data is empty 
Warning in <Fit>: Fit data is empty 
Warning in <Fit>: Fit data is empty 
Warning in <ROOT::Fit::FillData>: fit range is outside histogram range, no fit data for xaxis
Warning in <Fit>: Fit data is empty 
Warning in <Fit>: Fit data is empty 
Warning in <ROOT::Fit::FillData>: fit range is outside histogram range, no fit data for xaxis
Warning in <Fit>: Fit data is empty 
Warning in <Fit>: Fit data is empty 
Warning in <Fit>: Fit data is empty 
Warning in <ROOT::Fit::FillData>: fit range is outside histogram range, no fit data for xaxis
Warning in <Fit>: Fit data is empty 
Warning in <Fit>: Fit data is empty 
Warning in <Fit>: Fit data is empty 
Warning in <Fit>: Fit data is empty 
Warning in <ROOT::Fit::FillData>: fit range is outside histogram range, no fit data for xaxis
Warning in <Fit>: Fit data is empty 
Warning in <Fit>: Fit data is empty 
Warning in <Fit>: Fit data is empty 
Warning in <Fit>: Fit data is empty 
Warning in <Fit>: Fit data is empty 
Warning in <Fit>: Fit data is empty 
Warning in <Fit>: Fit data is empty 
Warning in <Fit>: Fit data is empty 
Warning in <ROOT::Fit::FillData>: fit range is outside histogram range, no fit data for xaxis
Warning in <Fit>: Fit data is empty 
Warning in <ROOT::Fit::FillData>: fit range is outside histogram range, no fit data for xaxis
Warning in <Fit>: Fit data is empty 
Warning in <Fit>: Fit data is empty 
Warning in <Fit>: Fit data is empty 
Warning in <ROOT::Fit::FillData>: fit range is outside histogram range, no fit data for xaxis
Warning in <Fit>: Fit data is empty 
Warning in <Fit>: Fit data is empty 
Warning in <ROOT::Fit::FillData>: fit range is outside histogram range, no fit data for xaxis
Warning in <Fit>: Fit data is empty 
Warning in <Fit>: Fit data is empty 
Warning in <Fit>: Fit data is empty 
Warning in <ROOT::Fit::FillData>: fit range is outside histogram range, no fit data for xaxis
Warning in <Fit>: Fit data is empty 
Warning in <Fit>: Fit data is empty 
Warning in <Fit>: Fit data is empty 
Warning in <Fit>: Fit data is empty 
Warning in <ROOT::Fit::FillData>: fit range is outside histogram range, no fit data for xaxis
Warning in <Fit>: Fit data is empty 
Warning in <Fit>: Fit data is empty 
Warning in <Fit>: Fit data is empty 
Warning in <Fit>: Fit data is empty 
Warning in <Fit>: Fit data is empty 
Warning in <Fit>: Fit data is empty 
Warning in <Fit>: Fit data is empty 
Warning in <Fit>: Fit data is empty 
Warning in <ROOT::Fit::FillData>: fit range is outside histogram range, no fit data for xaxis
Warning in <Fit>: Fit data is empty 
Warning in <ROOT::Fit::FillData>: fit range is outside histogram range, no fit data for xaxis
Warning in <Fit>: Fit data is empty 
Warning in <Fit>: Fit data is empty 
Warning in <Fit>: Fit data is empty 
Warning in <Fit>: Fit data is empty 
Warning in <Fit>: Fit data is empty 
Warning in <Fit>: Fit data is empty 
Error in <Minuit2>: VariableMetricBuilder Initial matrix not pos.def.
Warning in <Fit>: Fit data is empty 
Warning in <Fit>: Fit data is empty 
Warning in <Fit>: Fit data is empty 
Warning in <Fit>: Fit data is empty 
Warning in <Fit>: Fit data is empty 
Warning in <Fit>: Fit data is empty 
Warning in <Fit>: Fit data is empty 
Warning in <Fit>: Fit data is empty 
Warning in <Fit>: Fit data is empty 
Warning in <Fit>: Fit data is empty 
Warning in <Fit>: Fit data is empty 
Warning in <Fit>: Fit data is empty 
Warning in <Fit>: Fit data is empty 
Warning in <Fit>: Fit data is empty 
Warning in <Fit>: Fit data is empty 
Warning in <Fit>: Fit data is empty 
Warning in <ROOT::Fit::FillData>: fit range is outside histogram range, no fit data for xaxis
Warning in <Fit>: Fit data is empty 
Warning in <Fit>: Fit data is empty 
Warning in <Fit>: Fit data is empty 
Warning in <Fit>: Fit data is empty 
Warning in <Fit>: Fit data is empty 
Warning in <ROOT::Fit::FillData>: fit range is outside histogram range, no fit data for xaxis
Warning in <Fit>: Fit data is empty 
Warning in <Fit>: Fit data is empty 
Warning in <Fit>: Fit data is empty 
Warning in <Fit>: Fit data is empty 
Warning in <Fit>: Fit data is empty 
Warning in <Fit>: Fit data is empty 
Warning in <ROOT::Fit::FillData>: fit range is outside histogram range, no fit data for xaxis
Warning in <Fit>: Fit data is empty 
Warning in <Fit>: Fit data is empty 
Warning in <Fit>: Fit data is empty 
Warning in <ROOT::Fit::FillData>: fit range is outside histogram range, no fit data for xaxis
Warning in <Fit>: Fit data is empty 
Warning in <ROOT::Fit::FillData>: fit range is outside histogram range, no fit data for xaxis
Warning in <Fit>: Fit data is empty 
Warning in <Fit>: Fit data is empty 
Warning in <Fit>: Fit data is empty 
Warning in <ROOT::Fit::FillData>: fit range is outside histogram range, no fit data for xaxis
Warning in <Fit>: Fit data is empty 
Warning in <Fit>: Fit data is empty 
Warning in <Fit>: Fit data is empty 
Warning in <Fit>: Fit data is empty 
Warning in <ROOT::Fit::FillData>: fit range is outside histogram range, no fit data for xaxis
Warning in <Fit>: Fit data is empty 
Warning in <Fit>: Fit data is empty 
Warning in <ROOT::Fit::FillData>: fit range is outside histogram range, no fit data for xaxis
Warning in <Fit>: Fit data is empty 
Error in <Minuit2>: VariableMetricBuilder Initial matrix not pos.def.
Warning in <ROOT::Fit::FillData>: fit range is outside histogram range, no fit data for xaxis
Warning in <Fit>: Fit data is empty 
Warning in <ROOT::Fit::FillData>: fit range is outside histogram range, no fit data for xaxis
Warning in <Fit>: Fit data is empty 
Warning in <Fit>: Fit data is empty 
Warning in <Fit>: Fit data is empty 
Warning in <Fit>: Fit data is empty 
Warning in <ROOT::Fit::FillData>: fit range is outside histogram range, no fit data for xaxis
Warning in <Fit>: Fit data is empty 
Warning in <Fit>: Fit data is empty 
Warning in <Fit>: Fit data is empty 
Warning in <Fit>: Fit data is empty 
Warning in <Fit>: Fit data is empty 
Warning in <Fit>: Fit data is empty 
Warning in <Fit>: Fit data is empty 
Warning in <Fit>: Fit data is empty 
Warning in <Fit>: Fit data is empty 
Warning in <ROOT::Fit::FillData>: fit range is outside histogram range, no fit data for xaxis
Warning in <Fit>: Fit data is empty 
Warning in <ROOT::Fit::FillData>: fit range is outside histogram range, no fit data for xaxis
Warning in <Fit>: Fit data is empty 
Warning in <ROOT::Fit::FillData>: fit range is outside histogram range, no fit data for xaxis
Warning in <Fit>: Fit data is empty 
Warning in <ROOT::Fit::FillData>: fit range is outside histogram range, no fit data for xaxis
Warning in <Fit>: Fit data is empty 
Warning in <Fit>: Fit data is empty 
Warning in <Fit>: Fit data is empty 
Warning in <Fit>: Fit data is empty 
Error in <Minuit2>: VariableMetricBuilder Initial matrix not pos.def.
Warning in <Fit>: Fit data is empty 
Warning in <Fit>: Fit data is empty 
Warning in <ROOT::Fit::FillData>: fit range is outside histogram range, no fit data for xaxis
Warning in <Fit>: Fit data is empty 
Warning in <Fit>: Fit data is empty 
Warning in <Fit>: Fit data is empty 
Warning in <Fit>: Fit data is empty 
Warning in <Fit>: Fit data is empty 
Warning in <Fit>: Fit data is empty 
Warning in <Fit>: Fit data is empty 
Warning in <Fit>: Fit data is empty 
Warning in <Fit>: Fit data is empty 
Warning in <Fit>: Fit data is empty 
23:17:12    RootTrackPar   INFO      Wrote performance plots to 'output/itk-pu200-ckf/performance_fitting_ckf.root:/'
23:17:12    RootPatternR   INFO      Efficiency with tracks (nMatchedtracks/nAlltracks) = 0.918353
23:17:12    RootPatternR   INFO      Fake ratio with tracks (nFaketracks/nAlltracks) = 0.0608861
23:17:12    RootPatternR   INFO      Duplicate ratio with tracks (nDuplicatetracks/nAlltracks) = 0.820412
23:17:12    RootPatternR   INFO      Efficiency with particles (nMatchedParticles/nTrueParticles) = 0.542513
23:17:12    RootPatternR   INFO      Fake ratio with particles (nFakeParticles/nTrueParticles) = 0.12569
23:17:12    RootPatternR   INFO      Duplicate ratio with particles (nDuplicateParticles/nTrueParticles) = 0.508958
23:17:12    RootPatternR   INFO      Wrote performance plots to 'output/itk-pu200-ckf/performance_finding_ckf.root:/'
23:17:12    Sequencer      INFO      -----------------------------------
23:17:12    Sequencer      INFO      FPE summary for Algorithm: FatrasSimulation
23:17:12    Sequencer      INFO      -----------------------------------
23:17:12    Sequencer      INFO      - FLTUND: (5 times) 
 0# exp in /usr/lib/system/libsystem_m.dylib
 1# std::__1::array<ActsFatras::Particle, 1ul> ActsFatras::BetheHeitler::operator()<ActsExamples::RandomEngine>(ActsExamples::RandomEngine&, Acts::MaterialSlab const&, ActsFatras::Particle&) const in /Users/andreas/cern/build/acts/acts/rz-release/lib/libActsExamplesFatras.dylib
 2# bool ActsFatras::InteractionList<ActsFatras::ContinuousProcess<ActsFatras::GenericScattering<ActsFatras::detail::Highland>, ActsFatras::ChargedSelector, ActsFatras::EveryParticle, ActsFatras::EveryParticle>, ActsFatras::ContinuousProcess<ActsFatras::BetheBloch, ActsFatras::ChargedSelector, ActsFatras::Min<ActsFatras::Casts::P>, ActsFatras::EveryParticle>, ActsFatras::ContinuousProcess<ActsFatras::BetheHeitler, ActsFatras::AbsPdgSelector<(Acts::PdgParticle)11>, ActsFatras::Min<ActsFatras::Casts::P>, ActsFatras::Min<ActsFatras::Casts::P>>>::runContinuousImpl<ActsExamples::RandomEngine, 0ul, 1ul, 2ul>(ActsExamples::RandomEngine&, Acts::MaterialSlab const&, ActsFatras::Particle&, std::__1::vector<ActsFatras::Particle, std::__1::allocator<ActsFatras::Particle>>&, std::__1::integer_sequence<unsigned long, 0ul, 1ul, 2ul>) const in /Users/andreas/cern/build/acts/acts/rz-release/lib/libActsExamplesFatras.dylib
 3# ActsFatras::detail::SimulationActor<ActsExamples::RandomEngine, ActsFatras::NoDecay, ActsFatras::InteractionList<ActsFatras::ContinuousProcess<ActsFatras::GenericScattering<ActsFatras::detail::Highland>, ActsFatras::ChargedSelector, ActsFatras::EveryParticle, ActsFatras::EveryParticle>, ActsFatras::ContinuousProcess<ActsFatras::BetheBloch, ActsFatras::ChargedSelector, ActsFatras::Min<ActsFatras::Casts::P>, ActsFatras::EveryParticle>, ActsFatras::ContinuousProcess<ActsFatras::BetheHeitler, ActsFatras::AbsPdgSelector<(Acts::PdgParticle)11>, ActsFatras::Min<ActsFatras::Casts::P>, ActsFatras::Min<ActsFatras::Casts::P>>>, ActsExamples::(anonymous namespace)::HitSurfaceSelector>::interact(Acts::MaterialSlab const&, ActsFatras::SingleParticleSimulationResult&) const in /Users/andreas/cern/build/acts/acts/rz-release/lib/libActsExamplesFatras.dylib
 4# Acts::Result<void, std::__1::error_code> Acts::ActorList<ActsFatras::detail::SimulationActor<ActsExamples::RandomEngine, ActsFatras::NoDecay, ActsFatras::InteractionList<ActsFatras::ContinuousProcess<ActsFatras::GenericScattering<ActsFatras::detail::Highland>, ActsFatras::ChargedSelector, ActsFatras::EveryParticle, ActsFatras::EveryParticle>, ActsFatras::ContinuousProcess<ActsFatras::BetheBloch, ActsFatras::ChargedSelector, ActsFatras::Min<ActsFatras::Casts::P>, ActsFatras::EveryParticle>, ActsFatras::ContinuousProcess<ActsFatras::BetheHeitler, ActsFatras::AbsPdgSelector<(Acts::PdgParticle)11>, ActsFatras::Min<ActsFatras::Casts::P>, ActsFatras::Min<ActsFatras::Casts::P>>>, ActsExamples::(anonymous namespace)::HitSurfaceSelector>, Acts::PathLimitReached>::act<Acts::PropagatorState<Acts::PropagatorOptions<Acts::SympyStepper::Options, Acts::Navigator::Options, Acts::ActorList<ActsFatras::detail::SimulationActor<ActsExamples::RandomEngine, ActsFatras::NoDecay, ActsFatras::InteractionList<ActsFatras::ContinuousProcess<ActsFatras::GenericScattering<ActsFatras::detail::Highland>, ActsFatras::ChargedSelector, ActsFatras::EveryParticle, ActsFatras::EveryParticle>, ActsFatras::ContinuousProcess<ActsFatras::BetheBloch, ActsFatras::ChargedSelector, ActsFatras::Min<ActsFatras::Casts::P>, ActsFatras::EveryParticle>, ActsFatras::ContinuousProcess<ActsFatras::BetheHeitler, ActsFatras::AbsPdgSelector<(Acts::PdgParticle)11>, ActsFatras::Min<ActsFatras::Casts::P>, ActsFatras::Min<ActsFatras::Casts::P>>>, ActsExamples::(anonymous namespace)::HitSurfaceSelector>, Acts::PathLimitReached>>, Acts::SympyStepper::State, Acts::Navigator::State, ActsFatras::SingleParticleSimulationResult>, Acts::SympyStepper, Acts::Navigator, Acts::Logger const&>(Acts::PropagatorState<Acts::PropagatorOptions<Acts::SympyStepper::Options, Acts::Navigator::Options, Acts::ActorList<ActsFatras::detail::SimulationActor<ActsExamples::RandomEngine, ActsFatras::NoDecay, ActsFatras::InteractionList<ActsFatras::ContinuousProcess<ActsFatras::GenericScattering<ActsFatras::detail::Highland>, ActsFatras::ChargedSelector, ActsFatras::EveryParticle, ActsFatras::EveryParticle>, ActsFatras::ContinuousProcess<ActsFatras::BetheBloch, ActsFatras::ChargedSelector, ActsFatras::Min<ActsFatras::Casts::P>, ActsFatras::EveryParticle>, ActsFatras::ContinuousProcess<ActsFatras::BetheHeitler, ActsFatras::AbsPdgSelector<(Acts::PdgParticle)11>, ActsFatras::Min<ActsFatras::Casts::P>, ActsFatras::Min<ActsFatras::Casts::P>>>, ActsExamples::(anonymous namespace)::HitSurfaceSelector>, Acts::PathLimitReached>>, Acts::SympyStepper::State, Acts::Navigator::State, ActsFatras::SingleParticleSimulationResult>&, Acts::SympyStepper const&, Acts::Navigator const&, Acts::Logger const&) const in /Users/andreas/cern/build/acts/acts/rz-release/lib/libActsExamplesFatras.dylib
 5# Acts::Result<void, std::__1::error_code> Acts::Propagator<Acts::SympyStepper, Acts::Navigator>::propagate<Acts::PropagatorState<Acts::PropagatorOptions<Acts::SympyStepper::Options, Acts::Navigator::Options, Acts::ActorList<ActsFatras::detail::SimulationActor<ActsExamples::RandomEngine, ActsFatras::NoDecay, ActsFatras::InteractionList<ActsFatras::ContinuousProcess<ActsFatras::GenericScattering<ActsFatras::detail::Highland>, ActsFatras::ChargedSelector, ActsFatras::EveryParticle, ActsFatras::EveryParticle>, ActsFatras::ContinuousProcess<ActsFatras::BetheBloch, ActsFatras::ChargedSelector, ActsFatras::Min<ActsFatras::Casts::P>, ActsFatras::EveryParticle>, ActsFatras::ContinuousProcess<ActsFatras::BetheHeitler, ActsFatras::AbsPdgSelector<(Acts::PdgParticle)11>, ActsFatras::Min<ActsFatras::Casts::P>, ActsFatras::Min<ActsFatras::Casts::P>>>, ActsExamples::(anonymous namespace)::HitSurfaceSelector>, Acts::PathLimitReached>>, Acts::SympyStepper::State, Acts::Navigator::State, ActsFatras::SingleParticleSimulationResult>>(Acts::PropagatorState<Acts::PropagatorOptions<Acts::SympyStepper::Options, Acts::Navigator::Options, Acts::ActorList<ActsFatras::detail::SimulationActor<ActsExamples::RandomEngine, ActsFatras::NoDecay, ActsFatras::InteractionList<ActsFatras::ContinuousProcess<ActsFatras::GenericScattering<ActsFatras::detail::Highland>, ActsFatras::ChargedSelector, ActsFatras::EveryParticle, ActsFatras::EveryParticle>, ActsFatras::ContinuousProcess<ActsFatras::BetheBloch, ActsFatras::ChargedSelector, ActsFatras::Min<ActsFatras::Casts::P>, ActsFatras::EveryParticle>, ActsFatras::ContinuousProcess<ActsFatras::BetheHeitler, ActsFatras::AbsPdgSelector<(Acts::PdgParticle)11>, ActsFatras::Min<ActsFatras::Casts::P>, ActsFatras::Min<ActsFatras::Casts::P>>>, ActsExamples::(anonymous namespace)::HitSurfaceSelector>, Acts::PathLimitReached>>, Acts::SympyStepper::State, Acts::Navigator::State, ActsFatras::SingleParticleSimulationResult>&) const in /Users/andreas/cern/build/acts/acts/rz-release/lib/libActsExamplesFatras.dylib
 6# Acts::Result<Acts::Propagator<Acts::SympyStepper, Acts::Navigator>::result_type_helper<Acts::PropagatorOptions<Acts::SympyStepper::Options, Acts::Navigator::Options, Acts::ActorList<ActsFatras::detail::SimulationActor<ActsExamples::RandomEngine, ActsFatras::NoDecay, ActsFatras::InteractionList<ActsFatras::ContinuousProcess<ActsFatras::GenericScattering<ActsFatras::detail::Highland>, ActsFatras::ChargedSelector, ActsFatras::EveryParticle, ActsFatras::EveryParticle>, ActsFatras::ContinuousProcess<ActsFatras::BetheBloch, ActsFatras::ChargedSelector, ActsFatras::Min<ActsFatras::Casts::P>, ActsFatras::EveryParticle>, ActsFatras::ContinuousProcess<ActsFatras::BetheHeitler, ActsFatras::AbsPdgSelector<(Acts::PdgParticle)11>, ActsFatras::Min<ActsFatras::Casts::P>, ActsFatras::Min<ActsFatras::Casts::P>>>, ActsExamples::(anonymous namespace)::HitSurfaceSelector>>>>::type, std::__1::error_code> Acts::Propagator<Acts::SympyStepper, Acts::Navigator>::propagate<Acts::PropagatorOptions<Acts::SympyStepper::Options, Acts::Navigator::Options, Acts::ActorList<ActsFatras::detail::SimulationActor<ActsExamples::RandomEngine, ActsFatras::NoDecay, ActsFatras::InteractionList<ActsFatras::ContinuousProcess<ActsFatras::GenericScattering<ActsFatras::detail::Highland>, ActsFatras::ChargedSelector, ActsFatras::EveryParticle, ActsFatras::EveryParticle>, ActsFatras::ContinuousProcess<ActsFatras::BetheBloch, ActsFatras::ChargedSelector, ActsFatras::Min<ActsFatras::Casts::P>, ActsFatras::EveryParticle>, ActsFatras::ContinuousProcess<ActsFatras::BetheHeitler, ActsFatras::AbsPdgSelector<(Acts::PdgParticle)11>, ActsFatras::Min<ActsFatras::Casts::P>, ActsFatras::Min<ActsFatras::Casts::P>>>, ActsExamples::(anonymous namespace)::HitSurfaceSelector>>>, Acts::PathLimitReached>(Acts::BoundTrackParameters const&, Acts::PropagatorOptions<Acts::SympyStepper::Options, Acts::Navigator::Options, Acts::ActorList<ActsFatras::detail::SimulationActor<ActsExamples::RandomEngine, ActsFatras::NoDecay, ActsFatras::InteractionList<ActsFatras::ContinuousProcess<ActsFatras::GenericScattering<ActsFatras::detail::Highland>, ActsFatras::ChargedSelector, ActsFatras::EveryParticle, ActsFatras::EveryParticle>, ActsFatras::ContinuousProcess<ActsFatras::BetheBloch, ActsFatras::ChargedSelector, ActsFatras::Min<ActsFatras::Casts::P>, ActsFatras::EveryParticle>, ActsFatras::ContinuousProcess<ActsFatras::BetheHeitler, ActsFatras::AbsPdgSelector<(Acts::PdgParticle)11>, ActsFatras::Min<ActsFatras::Casts::P>, ActsFatras::Min<ActsFatras::Casts::P>>>, ActsExamples::(anonymous namespace)::HitSurfaceSelector>>> const&, bool) const in /Users/andreas/cern/build/acts/acts/rz-release/lib/libActsExamplesFatras.dylib
 7# ActsExamples::FatrasSimulation::Impl::simulate(Acts::GeometryContext const&, Acts::MagneticFieldContext const&, ActsExamples::RandomEngine&, std::__1::vector<ActsFatras::Particle, std::__1::allocator<ActsFatras::Particle>> const&, std::__1::vector<ActsFatras::Particle, std::__1::allocator<ActsFatras::Particle>>&, std::__1::vector<ActsFatras::Particle, std::__1::allocator<ActsFatras::Particle>>&, std::__1::vector<ActsFatras::Hit, std::__1::allocator<ActsFatras::Hit>>&) const in /Users/andreas/cern/build/acts/acts/rz-release/lib/libActsExamplesFatras.dylib

23:17:12    Sequencer      ERROR     Encountered 5 unmasked FPEs
23:17:12    Sequencer      INFO      Processed 5 events in 52.851036 s (wall clock)
23:17:12    Sequencer      INFO      Average time per event: 8.428357 s/event
23:17:12    Sequencer      INFO      Timing breakdown:
| Algorithm                                      | Total Time (ms) | Time/Event (ms) | Fraction |
|:-----------------------------------------------|----------------:|----------------:|---------:|
| Algorithm:TrackFindingAlgorithm                |        17498.97 |         3499.79 |    41.5% |
| Algorithm:FatrasSimulation                     |         7471.34 |         1494.27 |    17.7% |
| Writer:RootTrackParameterPerformanceWriter     |         3703.70 |          740.74 |     8.8% |
| Writer:RootPatternRecognitionPerformanceWriter |         3392.82 |          678.56 |     8.1% |
| Writer:RootPatternRecognitionPerformanceWriter |         3366.18 |          673.24 |     8.0% |
| Algorithm:HepMC3InputConverter                 |         2619.61 |          523.92 |     6.2% |
| Reader:EventGenerator                          |         1488.76 |          297.75 |     3.5% |
| Algorithm:DigitizationAlgorithm                |          937.59 |          187.52 |     2.2% |
| Algorithm:GridTripletSeedingAlgorithm          |          931.08 |          186.22 |     2.2% |
| Writer:RootTrackSummaryWriter                  |          294.69 |           58.94 |     0.7% |
| Writer:RootTrackParameterWriter                |          151.15 |           30.23 |     0.4% |
| Algorithm:TrackTruthMatcher                    |           81.16 |           16.23 |     0.2% |
| Algorithm:TrackParamsEstimationAlgorithm       |           74.27 |           14.85 |     0.2% |
| Algorithm:TrackTruthMatcher                    |           46.97 |            9.39 |     0.1% |
| Algorithm:SpacePointMaker                      |           29.93 |            5.99 |     0.1% |
| Algorithm:SeedsToTracks                        |           29.85 |            5.97 |     0.1% |
| Algorithm:ParticleSelector                     |           21.38 |            4.28 |     0.1% |
| Algorithm:SeedsToProtoTracks                   |            2.34 |            0.47 |     0.0% |
| TOTAL                                          |        42141.79 |         8428.36 |   100.0% |

Traceback (most recent call last):
  File "/Users/andreas/cern/scripts/acts/rz-track-finder/compare.py", line 239, in <module>
    main()
    ~~~~^^
  File "/Users/andreas/cern/scripts/acts/rz-track-finder/compare.py", line 235, in main
    s.run()
    ~~~~~^^
RuntimeError: Sequencer terminated abnormally
