Warning in <TGeoMixture::ComputeDerivedQuantities>: Mixture PE: sum of weights is: 6
DD4hep           WARN  ++ STD conditions NOT defined by client. NTP defaults taken.
Detector         WARN  +++ Object 'compact_checksum' is already defined. New value will be ignored
Compact          WARN  ++ Overwriting/updating Header structure is very dangerous. Try to avoid this.
Compact          WARN  ++     Header definition in: file:///Users/andreas/cern/build/acts/acts/rz-release/_deps/odd-src/xml/detectors/CalorimeterHCal.xml
Detector         WARN  +++ Object 'compact_checksum' is already defined. New value will be ignored
19:37:25    DD4hepDetect   INFO      Translating DD4hep geometry into Acts geometry
19:37:25    DD4hepDetect   INFO      Translating DD4hep sub detector: BeamPipe
19:37:25    DD4hepDetect   INFO      Translating DD4hep sub detector: Pixels
19:37:25    DD4hepDetect   INFO      Translating DD4hep sub detector: PST
19:37:25    DD4hepDetect   INFO      Translating DD4hep sub detector: ShortStrips
19:37:25    DD4hepDetect   INFO      Translating DD4hep sub detector: LongStrips
19:37:25    DD4hepDetect   INFO      Translating DD4hep sub detector: Solenoid
19:37:25    DD4hepDetect   INFO      Translating DD4hep sub detector: ECal
19:37:25    DD4hepDetect   INFO      Translating DD4hep sub detector: HCal
19:37:25    D2A_V:ECal     INFO      No layers present, returning nullptr
19:37:25    TrackingGeom   INFO      Received nullptr volume from builder, keeping previous highest volume
19:37:25    D2A_V:HCal     INFO      No layers present, returning nullptr
19:37:25    TrackingGeom   INFO      Received nullptr volume from builder, keeping previous highest volume
19:37:25    Sequencer      INFO      Create Sequencer (single-threaded)
19:37:26    Pythia8Gener   INFO      Pythia8Generator: init
19:37:26    Pythia8Gener   INFO      Pythia8Generator: init
19:37:29    Sequencer      INFO      Add Reader 'EventGenerator'
19:37:29    Sequencer      INFO      -> OutputEvent 'pythia8-event':
19:37:29    Sequencer      INFO         shared_ptr<HepMC3::GenEvent>
19:37:29    Sequencer      INFO      Add Algorithm 'HepMC3InputConverter'
19:37:29    Sequencer      INFO      <- InputEvent 'pythia8-event':
19:37:29    Sequencer      INFO         shared_ptr<HepMC3::GenEvent>
19:37:29    Sequencer      INFO      -> OutputParticles 'particles_generated':
19:37:29    Sequencer      INFO         flat_set<SimParticle, detail::CompareParticleId, void>
19:37:29    Sequencer      INFO      -> OutputVertices 'vertices_generated':
19:37:29    Sequencer      INFO         flat_set<SimVertex, detail::CompareVertexId, void>
19:37:29    Sequencer      INFO      Key 'particles_generated' aliased to 'particles'
19:37:29    Sequencer      INFO      Key 'vertices_generated' aliased to 'vertices_truth'
19:37:29    Sequencer      INFO      Key 'particles_generated' aliased to 'particles_generated_selected'
19:37:29    Sequencer      INFO      Add Algorithm 'FatrasSimulation'
19:37:29    Sequencer      INFO      <- InputParticles 'particles_generated_selected':
19:37:29    Sequencer      INFO         flat_set<SimParticle, detail::CompareParticleId, void>
19:37:29    Sequencer      INFO      -> OutputSimHits 'simhits':
19:37:29    Sequencer      INFO         flat_multiset<Hit, detail::CompareGeometryId, void>
19:37:29    Sequencer      INFO      -> OutputParticles 'particles_simulated':
19:37:29    Sequencer      INFO         flat_set<SimParticle, detail::CompareParticleId, void>
19:37:29    Sequencer      INFO      Key 'particles_simulated' aliased to 'particles'
19:37:29    Sequencer      INFO      Key 'particles_simulated' aliased to 'particles_simulated_selected'
19:37:29    Sequencer      INFO      Add Algorithm 'DigitizationAlgorithm'
19:37:29    Sequencer      INFO      <- InputHits 'simhits':
19:37:29    Sequencer      INFO         flat_multiset<Hit, detail::CompareGeometryId, void>
19:37:29    Sequencer      INFO      -> OutputMeasurements 'measurements':
19:37:29    Sequencer      INFO         MeasurementContainer
19:37:29    Sequencer      INFO      -> OutputMeasurementSubset 'measurement_subset':
19:37:29    Sequencer      INFO         MeasurementSubset
19:37:29    Sequencer      INFO      -> OutputClusters 'clusters':
19:37:29    Sequencer      INFO         vector<Cluster>
19:37:29    Sequencer      INFO      -> OutputMeasurementParticlesMap 'measurement_particles_map':
19:37:29    Sequencer      INFO         flat_multimap<unsigned int, Barcode, less<unsigned int>, void>
19:37:29    Sequencer      INFO      -> OutputMeasurementSimHitsMap 'measurement_simhits_map':
19:37:29    Sequencer      INFO         flat_multimap<unsigned int, unsigned int, less<unsigned int>, void>
19:37:29    Sequencer      INFO      -> OutputParticleMeasurementsMap 'particle_measurements_map':
19:37:29    Sequencer      INFO         flat_multimap<Barcode, unsigned int, less<Barcode>, void>
19:37:29    Sequencer      INFO      -> OutputSimHitMeasurementsMap 'simhit_measurements_map':
19:37:29    Sequencer      INFO         flat_multimap<unsigned int, unsigned int, less<unsigned int>, void>
19:37:29    Sequencer      INFO      Add Algorithm 'ParticleSelector'
19:37:29    Sequencer      INFO      <- InputParticles 'particles_simulated_selected':
19:37:29    Sequencer      INFO         flat_set<SimParticle, detail::CompareParticleId, void>
19:37:29    Sequencer      INFO      <- InputParticleMeasurementsMap 'particle_measurements_map':
19:37:29    Sequencer      INFO         flat_multimap<Barcode, unsigned int, less<Barcode>, void>
19:37:29    Sequencer      INFO      <- InputMeasurements 'measurements':
19:37:29    Sequencer      INFO         MeasurementContainer
19:37:29    Sequencer      INFO      -> OutputParticles 'tmp_particles_digitized_selected':
19:37:29    Sequencer      INFO         flat_set<SimParticle, detail::CompareParticleId, void>
19:37:29    Sequencer      INFO      Key 'tmp_particles_digitized_selected' aliased to 'particles_selected'
19:37:29    Sequencer      INFO      Key 'tmp_particles_digitized_selected' aliased to 'particles_digitized_selected'
19:37:29    Sequencer      INFO      Add Algorithm 'SpacePointMaker'
19:37:29    Sequencer      INFO      <- InputMeasurements 'measurement_subset':
19:37:29    Sequencer      INFO         MeasurementSubset
19:37:29    Sequencer      INFO      -> OutputSpacePoints 'spacepoints':
19:37:29    Sequencer      INFO         SpacePointContainer
19:37:29    addSeeding     INFO      Using grid triplet seeding
19:37:29    Sequencer      INFO      Add Algorithm 'GridTripletSeedingAlgorithm'
19:37:29    Sequencer      INFO      <- InputSpacePoints 'spacepoints':
19:37:29    Sequencer      INFO         SpacePointContainer
19:37:29    Sequencer      INFO      -> OutputSeeds 'seeds':
19:37:29    Sequencer      INFO         SeedContainer
19:37:29    Sequencer      INFO      Add Algorithm 'TrackParamsEstimationAlgorithm'
19:37:29    Sequencer      INFO      <- InputSeeds 'seeds':
19:37:29    Sequencer      INFO         SeedContainer
19:37:29    Sequencer      INFO      -> OutputTrackParameters 'estimatedparameters':
19:37:29    Sequencer      INFO         vector<BoundTrackParameters>
19:37:29    Sequencer      INFO      -> OutputSeeds 'estimatedseeds':
19:37:29    Sequencer      INFO         SeedContainer
19:37:29    Sequencer      INFO      Add Algorithm 'SeedsToProtoTracks'
19:37:29    Sequencer      INFO      <- InputSeeds 'estimatedseeds':
19:37:29    Sequencer      INFO         SeedContainer
19:37:29    Sequencer      INFO      -> OutputProtoTracks 'seed-protoTracks':
19:37:29    Sequencer      INFO         vector<small_vector<unsigned int, 3ul, void, void>>
19:37:29    Sequencer      INFO      Add Algorithm 'SeedsToTracks'
19:37:29    Sequencer      INFO      <- InputSeeds 'estimatedseeds':
19:37:29    Sequencer      INFO         SeedContainer
19:37:29    Sequencer      INFO      <- InputTrackParameters 'estimatedparameters':
19:37:29    Sequencer      INFO         vector<BoundTrackParameters>
19:37:29    Sequencer      INFO      -> OutputTracks 'seed-tracks':
19:37:29    Sequencer      INFO            TrackContainer<ConstVectorTrackContainer, ConstVectorMultiTrajectory, shared_ptr>
19:37:29    Sequencer      INFO      Add Algorithm 'TrackTruthMatcher'
19:37:29    Sequencer      INFO      <- InputTracks 'seed-tracks':
19:37:29    Sequencer      INFO            TrackContainer<ConstVectorTrackContainer, ConstVectorMultiTrajectory, shared_ptr>
19:37:29    Sequencer      INFO      <- InputParticles 'particles_selected':
19:37:29    Sequencer      INFO         flat_set<SimParticle, detail::CompareParticleId, void>
19:37:29    Sequencer      INFO      <- InputMeasurementParticlesMap 'measurement_particles_map':
19:37:29    Sequencer      INFO         flat_multimap<unsigned int, Barcode, less<unsigned int>, void>
19:37:29    Sequencer      INFO      -> OutputTrackParticleMatching 'seed_particle_matching':
19:37:29    Sequencer      INFO            map<unsigned int, TrackMatchEntry, less<unsigned int>, allocator<pair<unsigned int const, TrackMatchEntry>>>
19:37:29    Sequencer      INFO      -> OutputParticleTrackMatching 'particle_seed_matching':
19:37:29    Sequencer      INFO            map<Barcode, ParticleMatchEntry, less<Barcode>, allocator<pair<Barcode const, ParticleMatchEntry>>>
19:37:29    Sequencer      INFO      Add Writer 'RootPatternRecognitionPerformanceWriter'
19:37:29    Sequencer      INFO      <- InputHandle 'seed-tracks':
19:37:29    Sequencer      INFO            TrackContainer<ConstVectorTrackContainer, ConstVectorMultiTrajectory, shared_ptr>
19:37:29    Sequencer      INFO      <- InputParticles 'particles_selected':
19:37:29    Sequencer      INFO         flat_set<SimParticle, detail::CompareParticleId, void>
19:37:29    Sequencer      INFO      <- InputTrackParticleMatching 'seed_particle_matching':
19:37:29    Sequencer      INFO            map<unsigned int, TrackMatchEntry, less<unsigned int>, allocator<pair<unsigned int const, TrackMatchEntry>>>
19:37:29    Sequencer      INFO      <- InputParticleTrackMatching 'particle_seed_matching':
19:37:29    Sequencer      INFO            map<Barcode, ParticleMatchEntry, less<Barcode>, allocator<pair<Barcode const, ParticleMatchEntry>>>
19:37:29    Sequencer      INFO      <- InputParticleMeasurementsMap 'particle_measurements_map':
19:37:29    Sequencer      INFO         flat_multimap<Barcode, unsigned int, less<Barcode>, void>
19:37:29    Sequencer      INFO      Add Writer 'RootTrackParameterWriter'
19:37:29    Sequencer      INFO      <- InputHandle 'estimatedparameters':
19:37:29    Sequencer      INFO         vector<BoundTrackParameters>
19:37:29    Sequencer      INFO      <- InputProtoTracks 'seed-protoTracks':
19:37:29    Sequencer      INFO         vector<small_vector<unsigned int, 3ul, void, void>>
19:37:29    Sequencer      INFO      <- InputParticles 'particles':
19:37:29    Sequencer      INFO         flat_set<SimParticle, detail::CompareParticleId, void>
19:37:29    Sequencer      INFO      <- InputSimHits 'simhits':
19:37:29    Sequencer      INFO         flat_multiset<Hit, detail::CompareGeometryId, void>
19:37:29    Sequencer      INFO      <- InputMeasurementParticlesMap 'measurement_particles_map':
19:37:29    Sequencer      INFO         flat_multimap<unsigned int, Barcode, less<unsigned int>, void>
19:37:29    Sequencer      INFO      <- InputMeasurementSimHitsMap 'measurement_simhits_map':
19:37:29    Sequencer      INFO         flat_multimap<unsigned int, unsigned int, less<unsigned int>, void>
19:37:29    RzTrackFindi   INFO      RZ layout: 25 cylinders, 46 discs, 48 sensitive layers, 18824 modules, escape r 1202 |z| 4002
19:37:29    Sequencer      INFO      Add Algorithm 'RzTrackFindingAlgorithm'
19:37:29    Sequencer      INFO      <- InputMeasurements 'measurements':
19:37:29    Sequencer      INFO         MeasurementContainer
19:37:29    Sequencer      INFO      <- InputInitialTrackParameters 'estimatedparameters':
19:37:29    Sequencer      INFO         vector<BoundTrackParameters>
19:37:29    Sequencer      INFO      -> OutputTracks 'rz_tracks':
19:37:29    Sequencer      INFO            TrackContainer<ConstVectorTrackContainer, ConstVectorMultiTrajectory, shared_ptr>
19:37:29    Sequencer      INFO      Add Algorithm 'TrackTruthMatcher'
19:37:29    Sequencer      INFO      <- InputTracks 'rz_tracks':
19:37:29    Sequencer      INFO            TrackContainer<ConstVectorTrackContainer, ConstVectorMultiTrajectory, shared_ptr>
19:37:29    Sequencer      INFO      <- InputParticles 'particles_selected':
19:37:29    Sequencer      INFO         flat_set<SimParticle, detail::CompareParticleId, void>
19:37:29    Sequencer      INFO      <- InputMeasurementParticlesMap 'measurement_particles_map':
19:37:29    Sequencer      INFO         flat_multimap<unsigned int, Barcode, less<unsigned int>, void>
19:37:29    Sequencer      INFO      -> OutputTrackParticleMatching 'rz_track_particle_matching':
19:37:29    Sequencer      INFO            map<unsigned int, TrackMatchEntry, less<unsigned int>, allocator<pair<unsigned int const, TrackMatchEntry>>>
19:37:29    Sequencer      INFO      -> OutputParticleTrackMatching 'rz_particle_track_matching':
19:37:29    Sequencer      INFO            map<Barcode, ParticleMatchEntry, less<Barcode>, allocator<pair<Barcode const, ParticleMatchEntry>>>
19:37:29    Sequencer      INFO      Key 'rz_track_particle_matching' aliased to 'track_particle_matching'
19:37:29    Sequencer      INFO      Key 'rz_particle_track_matching' aliased to 'particle_track_matching'
19:37:29    Sequencer      INFO      Add Writer 'RootTrackSummaryWriter'
19:37:29    Sequencer      INFO      <- InputHandle 'rz_tracks':
19:37:29    Sequencer      INFO            TrackContainer<ConstVectorTrackContainer, ConstVectorMultiTrajectory, shared_ptr>
19:37:29    Sequencer      INFO      <- InputParticles 'particles_selected':
19:37:29    Sequencer      INFO         flat_set<SimParticle, detail::CompareParticleId, void>
19:37:29    Sequencer      INFO      <- InputTrackParticleMatching 'track_particle_matching':
19:37:29    Sequencer      INFO            map<unsigned int, TrackMatchEntry, less<unsigned int>, allocator<pair<unsigned int const, TrackMatchEntry>>>
19:37:29    Sequencer      INFO      Add Writer 'RootTrackParameterPerformanceWriter'
19:37:29    Sequencer      INFO      <- InputHandle 'rz_tracks':
19:37:29    Sequencer      INFO            TrackContainer<ConstVectorTrackContainer, ConstVectorMultiTrajectory, shared_ptr>
19:37:29    Sequencer      INFO      <- InputParticles 'particles_selected':
19:37:29    Sequencer      INFO         flat_set<SimParticle, detail::CompareParticleId, void>
19:37:29    Sequencer      INFO      <- InputTrackParticleMatching 'track_particle_matching':
19:37:29    Sequencer      INFO            map<unsigned int, TrackMatchEntry, less<unsigned int>, allocator<pair<unsigned int const, TrackMatchEntry>>>
19:37:29    Sequencer      INFO      Add Writer 'RootPatternRecognitionPerformanceWriter'
19:37:29    Sequencer      INFO      <- InputHandle 'rz_tracks':
19:37:29    Sequencer      INFO            TrackContainer<ConstVectorTrackContainer, ConstVectorMultiTrajectory, shared_ptr>
19:37:29    Sequencer      INFO      <- InputParticles 'particles_selected':
19:37:29    Sequencer      INFO         flat_set<SimParticle, detail::CompareParticleId, void>
19:37:29    Sequencer      INFO      <- InputTrackParticleMatching 'track_particle_matching':
19:37:29    Sequencer      INFO            map<unsigned int, TrackMatchEntry, less<unsigned int>, allocator<pair<unsigned int const, TrackMatchEntry>>>
19:37:29    Sequencer      INFO      <- InputParticleTrackMatching 'particle_track_matching':
19:37:29    Sequencer      INFO            map<Barcode, ParticleMatchEntry, less<Barcode>, allocator<pair<Barcode const, ParticleMatchEntry>>>
19:37:29    Sequencer      INFO      <- InputParticleMeasurementsMap 'particle_measurements_map':
19:37:29    Sequencer      INFO         flat_multimap<Barcode, unsigned int, less<Barcode>, void>
19:37:29    Sequencer      INFO      Processing events [0, 10)
19:37:29    Sequencer      INFO      Starting event loop with 1 threads
19:37:29    Sequencer      INFO        0 context decorators
19:37:29    Sequencer      INFO        18 sequence elements
19:37:29    Sequencer      INFO        1 readers
19:37:29    Sequencer      INFO        12 algorithms
19:37:29    Sequencer      INFO        5 writers
19:37:29    FatrasSimula   ERROR     event 0 particle id=4233131731322660358(vp=1|vs=43|p=373|g=0|sp=0)|pdg=pi+|q=1|m=0.13957|p=64.7328 failed to simulate with error NavigatorError:3: No start volume could be resolved
19:37:29    FatrasSimula   ERROR     event 0 particle id=1829753509121970703(vp=1|vs=43|p=374|g=0|sp=0)|pdg=pi-|q=-1|m=0.13957|p=108.132 failed to simulate with error NavigatorError:3: No start volume could be resolved
19:37:29    FatrasSimula   ERROR     event 0 particle id=6046048789665919558(vp=1|vs=56|p=457|g=0|sp=0)|pdg=p|q=1|m=0.938272|p=1747.93 failed to simulate with error NavigatorError:3: No start volume could be resolved
19:37:29    FatrasSimula   ERROR     event 0 particle id=8948526053886914503(vp=1|vs=56|p=458|g=0|sp=0)|pdg=pi-|q=-1|m=0.13957|p=285.249 failed to simulate with error NavigatorError:3: No start volume could be resolved
19:37:29    FatrasSimula   ERROR     event 0 particle id=4678455901734708099(vp=4|vs=4|p=36|g=0|sp=0)|pdg=pi+|q=1|m=0.13957|p=33.3876 failed to simulate with error NavigatorError:3: No start volume could be resolved
19:37:29    FatrasSimula   ERROR     event 0 particle id=4672484013119881555(vp=4|vs=4|p=37|g=0|sp=0)|pdg=pi-|q=-1|m=0.13957|p=164.408 failed to simulate with error NavigatorError:3: No start volume could be resolved
19:37:29    FatrasSimula   ERROR     event 0 particle id=3004245644032008442(vp=5|vs=37|p=299|g=0|sp=0)|pdg=n|q=0|m=0.939565|p=289.431 failed to simulate with error NavigatorError:3: No start volume could be resolved
19:37:29    FatrasSimula   ERROR     event 0 particle id=13219164386609014953(vp=5|vs=38|p=300|g=0|sp=0)|pdg=gamma|q=0|m=0|p=2.06365 failed to simulate with error NavigatorError:3: No start volume could be resolved
19:37:29    FatrasSimula   ERROR     event 0 particle id=4177956431580762469(vp=5|vs=38|p=301|g=0|sp=0)|pdg=gamma|q=0|m=0|p=37.8891 failed to simulate with error NavigatorError:3: No start volume could be resolved
19:37:29    FatrasSimula   ERROR     event 0 particle id=7103813652778186335(vp=6|vs=10|p=90|g=0|sp=0)|pdg=pi+|q=1|m=0.13957|p=190.355 failed to simulate with error NavigatorError:3: No start volume could be resolved
19:37:29    FatrasSimula   ERROR     event 0 particle id=9974992077689513332(vp=6|vs=10|p=91|g=0|sp=0)|pdg=pi-|q=-1|m=0.13957|p=229.364 failed to simulate with error NavigatorError:3: No start volume could be resolved
19:37:29    FatrasSimula   ERROR     event 0 particle id=1930175508405588263(vp=6|vs=28|p=198|g=0|sp=0)|pdg=p~|q=-1|m=0.938272|p=102.291 failed to simulate with error NavigatorError:3: No start volume could be resolved
19:37:29    FatrasSimula   ERROR     event 0 particle id=13427172515142004696(vp=6|vs=28|p=199|g=0|sp=0)|pdg=pi+|q=1|m=0.13957|p=19.1061 failed to simulate with error NavigatorError:3: No start volume could be resolved
19:37:29    FatrasSimula   ERROR     event 0 particle id=14062549100208928275(vp=10|vs=3|p=26|g=0|sp=0)|pdg=n|q=0|m=0.939565|p=915.478 failed to simulate with error NavigatorError:3: No start volume could be resolved
19:37:29    FatrasSimula   ERROR     event 0 particle id=8261295663380391339(vp=10|vs=3|p=27|g=0|sp=0)|pdg=pi+|q=1|m=0.13957|p=276.205 failed to simulate with error NavigatorError:3: No start volume could be resolved
19:37:29    FatrasSimula   ERROR     event 0 particle id=15050250757345082841(vp=10|vs=4|p=28|g=0|sp=0)|pdg=p~|q=-1|m=0.938272|p=689.395 failed to simulate with error NavigatorError:3: No start volume could be resolved
19:37:29    FatrasSimula   ERROR     event 0 particle id=17824732639256771431(vp=10|vs=4|p=29|g=0|sp=0)|pdg=pi+|q=1|m=0.13957|p=219.486 failed to simulate with error NavigatorError:3: No start volume could be resolved
19:37:29    FatrasSimula   ERROR     event 0 particle id=13577318397741756647(vp=11|vs=15|p=102|g=0|sp=0)|pdg=n|q=0|m=0.939565|p=718.655 failed to simulate with error NavigatorError:3: No start volume could be resolved
19:37:29    FatrasSimula   ERROR     event 0 particle id=6884673155799519208(vp=11|vs=15|p=103|g=0|sp=0)|pdg=pi-|q=-1|m=0.13957|p=246.634 failed to simulate with error NavigatorError:3: No start volume could be resolved
19:37:29    FatrasSimula   ERROR     event 0 particle id=8194962101832449614(vp=11|vs=17|p=107|g=0|sp=0)|pdg=n~|q=0|m=0.939565|p=258.411 failed to simulate with error NavigatorError:3: No start volume could be resolved
19:37:29    FatrasSimula   ERROR     event 0 particle id=6394233805984488065(vp=11|vs=17|p=108|g=0|sp=0)|pdg=pi-|q=-1|m=0.13957|p=98.0883 failed to simulate with error NavigatorError:3: No start volume could be resolved
19:37:29    FatrasSimula   ERROR     event 0 particle id=15004446073170792638(vp=11|vs=28|p=209|g=0|sp=0)|pdg=p|q=1|m=0.938272|p=1596.48 failed to simulate with error NavigatorError:3: No start volume could be resolved
19:37:29    FatrasSimula   ERROR     event 0 particle id=4905585916769294921(vp=11|vs=28|p=210|g=0|sp=0)|pdg=pi-|q=-1|m=0.13957|p=160.779 failed to simulate with error NavigatorError:3: No start volume could be resolved
19:37:29    FatrasSimula   ERROR     event 0 particle id=6272037741441048631(vp=12|vs=8|p=40|g=0|sp=0)|pdg=gamma|q=0|m=0|p=1.46097 failed to simulate with error NavigatorError:3: No start volume could be resolved
19:37:29    FatrasSimula   ERROR     event 0 particle id=14573426219285532279(vp=12|vs=8|p=41|g=0|sp=0)|pdg=gamma|q=0|m=0|p=14.661 failed to simulate with error NavigatorError:3: No start volume could be resolved
19:37:29    FatrasSimula   ERROR     event 0 particle id=262071149430932143(vp=12|vs=9|p=42|g=0|sp=0)|pdg=gamma|q=0|m=0|p=13.1354 failed to simulate with error NavigatorError:3: No start volume could be resolved
19:37:29    FatrasSimula   ERROR     event 0 particle id=1509224597485729525(vp=12|vs=9|p=43|g=0|sp=0)|pdg=gamma|q=0|m=0|p=65.0718 failed to simulate with error NavigatorError:3: No start volume could be resolved
19:37:29    FatrasSimula   ERROR     event 0 particle id=15652113499817271877(vp=12|vs=10|p=45|g=0|sp=0)|pdg=pi+|q=1|m=0.13957|p=51.0244 failed to simulate with error NavigatorError:3: No start volume could be resolved
19:37:29    FatrasSimula   ERROR     event 0 particle id=4230929763794377238(vp=12|vs=10|p=46|g=0|sp=0)|pdg=pi-|q=-1|m=0.13957|p=149.573 failed to simulate with error NavigatorError:3: No start volume could be resolved
19:37:29    FatrasSimula   ERROR     event 0 particle id=17837329698909065662(vp=12|vs=33|p=191|g=0|sp=0)|pdg=p|q=1|m=0.938272|p=57.22 failed to simulate with error NavigatorError:3: No start volume could be resolved
19:37:29    FatrasSimula   ERROR     event 0 particle id=10889326038611211778(vp=12|vs=33|p=192|g=0|sp=0)|pdg=pi-|q=-1|m=0.13957|p=15.8208 failed to simulate with error NavigatorError:3: No start volume could be resolved
19:37:29    FatrasSimula   ERROR     event 0 particle id=17444304804743112786(vp=12|vs=42|p=227|g=0|sp=0)|pdg=pi+|q=1|m=0.13957|p=58.8479 failed to simulate with error NavigatorError:3: No start volume could be resolved
19:37:29    FatrasSimula   ERROR     event 0 particle id=16703066399612533488(vp=12|vs=42|p=228|g=0|sp=0)|pdg=pi-|q=-1|m=0.13957|p=8.76871 failed to simulate with error NavigatorError:3: No start volume could be resolved
19:37:29    FatrasSimula   ERROR     event 0 particle id=10295015957669037519(vp=12|vs=47|p=264|g=0|sp=0)|pdg=pi+|q=1|m=0.13957|p=16.4064 failed to simulate with error NavigatorError:3: No start volume could be resolved
19:37:29    FatrasSimula   ERROR     event 0 particle id=15020639487393952844(vp=12|vs=47|p=265|g=0|sp=0)|pdg=pi-|q=-1|m=0.13957|p=58.4615 failed to simulate with error NavigatorError:3: No start volume could be resolved
19:37:29    FatrasSimula   ERROR     event 0 particle id=5908808812392090527(vp=12|vs=50|p=280|g=0|sp=0)|pdg=gamma|q=0|m=0|p=85.6283 failed to simulate with error NavigatorError:3: No start volume could be resolved
19:37:29    FatrasSimula   ERROR     event 0 particle id=1348686666017975302(vp=12|vs=50|p=281|g=0|sp=0)|pdg=gamma|q=0|m=0|p=38.8795 failed to simulate with error NavigatorError:3: No start volume could be resolved
19:37:29    FatrasSimula   ERROR     event 0 particle id=6130425759768849148(vp=12|vs=51|p=282|g=0|sp=0)|pdg=gamma|q=0|m=0|p=387.827 failed to simulate with error NavigatorError:3: No start volume could be resolved
19:37:29    FatrasSimula   ERROR     event 0 particle id=4684230734289667737(vp=12|vs=51|p=283|g=0|sp=0)|pdg=gamma|q=0|m=0|p=270.105 failed to simulate with error NavigatorError:3: No start volume could be resolved
19:37:29    FatrasSimula   ERROR     event 0 particle id=17299440220241283917(vp=12|vs=53|p=289|g=0|sp=0)|pdg=pi-|q=-1|m=0.13957|p=49.5126 failed to simulate with error NavigatorError:3: No start volume could be resolved
19:37:29    FatrasSimula   ERROR     event 0 particle id=2365548960375457070(vp=12|vs=54|p=286|g=0|sp=0)|pdg=n|q=0|m=0.939565|p=298.312 failed to simulate with error NavigatorError:3: No start volume could be resolved
19:37:29    FatrasSimula   ERROR     event 0 particle id=1950584799154887686(vp=12|vs=55|p=287|g=0|sp=0)|pdg=gamma|q=0|m=0|p=15.0736 failed to simulate with error NavigatorError:3: No start volume could be resolved
19:37:29    FatrasSimula   ERROR     event 0 particle id=13973325844391457005(vp=12|vs=55|p=288|g=0|sp=0)|pdg=gamma|q=0|m=0|p=50.7754 failed to simulate with error NavigatorError:3: No start volume could be resolved
19:37:29    FatrasSimula   ERROR     event 0 particle id=11260745729698104156(vp=15|vs=4|p=39|g=0|sp=0)|pdg=pi+|q=1|m=0.13957|p=321.406 failed to simulate with error NavigatorError:3: No start volume could be resolved
19:37:29    FatrasSimula   ERROR     event 0 particle id=15125482284279131668(vp=15|vs=4|p=40|g=0|sp=0)|pdg=pi-|q=-1|m=0.13957|p=53.274 failed to simulate with error NavigatorError:3: No start volume could be resolved
19:37:29    FatrasSimula   ERROR     event 0 particle id=1222285009021705718(vp=15|vs=5|p=42|g=0|sp=0)|pdg=p|q=1|m=0.938272|p=2867.05 failed to simulate with error NavigatorError:3: No start volume could be resolved
19:37:29    FatrasSimula   ERROR     event 0 particle id=11350288502229646588(vp=15|vs=5|p=43|g=0|sp=0)|pdg=pi-|q=-1|m=0.13957|p=519.474 failed to simulate with error NavigatorError:3: No start volume could be resolved
19:37:29    FatrasSimula   ERROR     event 0 particle id=943785714668454906(vp=19|vs=2|p=2|g=0|sp=0)|pdg=gamma|q=0|m=0|p=261.56 failed to simulate with error NavigatorError:3: No start volume could be resolved
19:37:29    FatrasSimula   ERROR     event 0 particle id=10631902730911893344(vp=19|vs=2|p=3|g=0|sp=0)|pdg=gamma|q=0|m=0|p=61.6259 failed to simulate with error NavigatorError:3: No start volume could be resolved
19:37:29    FatrasSimula   ERROR     event 0 particle id=8825191813247097407(vp=19|vs=3|p=4|g=0|sp=0)|pdg=gamma|q=0|m=0|p=30.8666 failed to simulate with error NavigatorError:3: No start volume could be resolved
19:37:29    FatrasSimula   ERROR     event 0 particle id=13185142553508160154(vp=19|vs=3|p=5|g=0|sp=0)|pdg=gamma|q=0|m=0|p=24.1079 failed to simulate with error NavigatorError:3: No start volume could be resolved
19:37:29    FatrasSimula   ERROR     event 0 particle id=6135488509963736546(vp=19|vs=7|p=14|g=0|sp=0)|pdg=n|q=0|m=0.939565|p=124.912 failed to simulate with error NavigatorError:3: No start volume could be resolved
19:37:29    FatrasSimula   ERROR     event 0 particle id=6002445581484206390(vp=19|vs=8|p=15|g=0|sp=0)|pdg=gamma|q=0|m=0|p=19.5967 failed to simulate with error NavigatorError:3: No start volume could be resolved
19:37:29    FatrasSimula   ERROR     event 0 particle id=14352037670407635194(vp=19|vs=8|p=16|g=0|sp=0)|pdg=gamma|q=0|m=0|p=13.7711 failed to simulate with error NavigatorError:3: No start volume could be resolved
19:37:29    FatrasSimula   ERROR     event 0 particle id=5011592396211818175(vp=19|vs=15|p=46|g=0|sp=0)|pdg=p|q=1|m=0.938272|p=1960.22 failed to simulate with error NavigatorError:3: No start volume could be resolved
19:37:29    FatrasSimula   ERROR     event 0 particle id=17886313838597305038(vp=19|vs=15|p=47|g=0|sp=0)|pdg=pi-|q=-1|m=0.13957|p=216.077 failed to simulate with error NavigatorError:3: No start volume could be resolved
19:37:29    FatrasSimula   ERROR     event 0 particle id=12327410613174027620(vp=19|vs=23|p=114|g=0|sp=0)|pdg=gamma|q=0|m=0|p=63.9912 failed to simulate with error NavigatorError:3: No start volume could be resolved
19:37:29    FatrasSimula   ERROR     event 0 particle id=4838421820819358448(vp=19|vs=23|p=115|g=0|sp=0)|pdg=gamma|q=0|m=0|p=46.3529 failed to simulate with error NavigatorError:3: No start volume could be resolved
19:37:29    FatrasSimula   ERROR     event 0 particle id=8167007749917527264(vp=19|vs=24|p=116|g=0|sp=0)|pdg=gamma|q=0|m=0|p=17.8598 failed to simulate with error NavigatorError:3: No start volume could be resolved
19:37:29    FatrasSimula   ERROR     event 0 particle id=2143390817116622993(vp=19|vs=24|p=117|g=0|sp=0)|pdg=gamma|q=0|m=0|p=60.3553 failed to simulate with error NavigatorError:3: No start volume could be resolved
19:37:29    FatrasSimula   ERROR     event 0 particle id=15880538255688983464(vp=21|vs=10|p=65|g=0|sp=0)|pdg=p|q=1|m=0.938272|p=211.022 failed to simulate with error NavigatorError:3: No start volume could be resolved
19:37:29    FatrasSimula   ERROR     event 0 particle id=7938566821077129148(vp=21|vs=10|p=66|g=0|sp=0)|pdg=pi-|q=-1|m=0.13957|p=63.7369 failed to simulate with error NavigatorError:3: No start volume could be resolved
19:37:29    FatrasSimula   ERROR     event 0 particle id=9494430091744704824(vp=21|vs=11|p=69|g=0|sp=0)|pdg=n~|q=0|m=0.939565|p=503.996 failed to simulate with error NavigatorError:3: No start volume could be resolved
19:37:29    FatrasSimula   ERROR     event 0 particle id=10395136637495628148(vp=21|vs=11|p=70|g=0|sp=0)|pdg=pi+|q=1|m=0.13957|p=87.2212 failed to simulate with error NavigatorError:3: No start volume could be resolved
19:37:29    FatrasSimula   ERROR     event 0 particle id=15571459996381529714(vp=24|vs=3|p=6|g=0|sp=0)|pdg=gamma|q=0|m=0|p=53.6326 failed to simulate with error NavigatorError:3: No start volume could be resolved
19:37:29    FatrasSimula   ERROR     event 0 particle id=5699504255101086507(vp=24|vs=3|p=7|g=0|sp=0)|pdg=gamma|q=0|m=0|p=354.714 failed to simulate with error NavigatorError:3: No start volume could be resolved
19:37:29    FatrasSimula   ERROR     event 0 particle id=10535587277448671355(vp=24|vs=4|p=8|g=0|sp=0)|pdg=gamma|q=0|m=0|p=120.834 failed to simulate with error NavigatorError:3: No start volume could be resolved
19:37:29    FatrasSimula   ERROR     event 0 particle id=12320323221964068337(vp=24|vs=4|p=9|g=0|sp=0)|pdg=gamma|q=0|m=0|p=32.3234 failed to simulate with error NavigatorError:3: No start volume could be resolved
19:37:29    FatrasSimula   ERROR     event 0 particle id=15674503399349788934(vp=24|vs=7|p=10|g=0|sp=0)|pdg=gamma|q=0|m=0|p=106.114 failed to simulate with error NavigatorError:3: No start volume could be resolved
19:37:29    FatrasSimula   ERROR     event 0 particle id=4758804339515104538(vp=24|vs=7|p=11|g=0|sp=0)|pdg=gamma|q=0|m=0|p=23.5064 failed to simulate with error NavigatorError:3: No start volume could be resolved
19:37:29    FatrasSimula   ERROR     event 0 particle id=6677626810431386467(vp=24|vs=8|p=12|g=0|sp=0)|pdg=gamma|q=0|m=0|p=52.8349 failed to simulate with error NavigatorError:3: No start volume could be resolved
19:37:29    FatrasSimula   ERROR     event 0 particle id=13498939919804146900(vp=24|vs=8|p=13|g=0|sp=0)|pdg=gamma|q=0|m=0|p=20.9096 failed to simulate with error NavigatorError:3: No start volume could be resolved
19:37:29    FatrasSimula   ERROR     event 0 particle id=11758847813145776118(vp=25|vs=5|p=16|g=0|sp=0)|pdg=p~|q=-1|m=0.938272|p=114.002 failed to simulate with error NavigatorError:3: No start volume could be resolved
19:37:29    FatrasSimula   ERROR     event 0 particle id=16659398989553752818(vp=25|vs=5|p=17|g=0|sp=0)|pdg=pi+|q=1|m=0.13957|p=19.4288 failed to simulate with error NavigatorError:3: No start volume could be resolved
19:37:29    FatrasSimula   ERROR     event 0 particle id=5957656056078655965(vp=26|vs=19|p=89|g=0|sp=0)|pdg=pi+|q=1|m=0.13957|p=289.209 failed to simulate with error NavigatorError:3: No start volume could be resolved
19:37:29    FatrasSimula   ERROR     event 0 particle id=2274504130190149614(vp=26|vs=19|p=90|g=0|sp=0)|pdg=pi-|q=-1|m=0.13957|p=172.292 failed to simulate with error NavigatorError:3: No start volume could be resolved
19:37:29    FatrasSimula   ERROR     event 0 particle id=4200452433327785152(vp=26|vs=49|p=374|g=0|sp=0)|pdg=pi+|q=1|m=0.13957|p=58.1127 failed to simulate with error NavigatorError:3: No start volume could be resolved
19:37:29    FatrasSimula   ERROR     event 0 particle id=13375096802330023198(vp=26|vs=49|p=375|g=0|sp=0)|pdg=pi-|q=-1|m=0.13957|p=303.528 failed to simulate with error NavigatorError:3: No start volume could be resolved
19:37:29    FatrasSimula   ERROR     event 0 particle id=8026536631575235128(vp=26|vs=68|p=490|g=0|sp=0)|pdg=n~|q=0|m=0.939565|p=34.179 failed to simulate with error NavigatorError:3: No start volume could be resolved
19:37:29    FatrasSimula   ERROR     event 0 particle id=7997486472192430391(vp=26|vs=69|p=491|g=0|sp=0)|pdg=gamma|q=0|m=0|p=4.47784 failed to simulate with error NavigatorError:3: No start volume could be resolved
19:37:29    FatrasSimula   ERROR     event 0 particle id=11292968147868201293(vp=28|vs=5|p=45|g=0|sp=0)|pdg=p~|q=-1|m=0.938272|p=30.2787 failed to simulate with error NavigatorError:3: No start volume could be resolved
19:37:29    FatrasSimula   ERROR     event 0 particle id=920175869044903788(vp=28|vs=5|p=46|g=0|sp=0)|pdg=pi+|q=1|m=0.13957|p=7.52997 failed to simulate with error NavigatorError:3: No start volume could be resolved
19:37:29    FatrasSimula   ERROR     event 0 particle id=4868205425417744730(vp=28|vs=46|p=343|g=0|sp=0)|pdg=gamma|q=0|m=0|p=4.66177 failed to simulate with error NavigatorError:3: No start volume could be resolved
19:37:29    FatrasSimula   ERROR     event 0 particle id=4538187077873470596(vp=28|vs=46|p=344|g=0|sp=0)|pdg=gamma|q=0|m=0|p=19.6473 failed to simulate with error NavigatorError:3: No start volume could be resolved
19:37:29    FatrasSimula   ERROR     event 0 particle id=9134411151191767609(vp=28|vs=47|p=341|g=0|sp=0)|pdg=p|q=1|m=0.938272|p=170.514 failed to simulate with error NavigatorError:3: No start volume could be resolved
19:37:29    FatrasSimula   ERROR     event 0 particle id=16918937586876444404(vp=28|vs=47|p=342|g=0|sp=0)|pdg=pi-|q=-1|m=0.13957|p=20.1898 failed to simulate with error NavigatorError:3: No start volume could be resolved
19:37:29    FatrasSimula   ERROR     event 0 particle id=37925280502458262(vp=28|vs=48|p=357|g=0|sp=0)|pdg=n|q=0|m=0.939565|p=636.844 failed to simulate with error NavigatorError:3: No start volume could be resolved
19:37:29    FatrasSimula   ERROR     event 0 particle id=15966204123071557505(vp=28|vs=49|p=358|g=0|sp=0)|pdg=gamma|q=0|m=0|p=48.978 failed to simulate with error NavigatorError:3: No start volume could be resolved
19:37:29    FatrasSimula   ERROR     event 0 particle id=17583108317052479147(vp=28|vs=49|p=359|g=0|sp=0)|pdg=gamma|q=0|m=0|p=55.5536 failed to simulate with error NavigatorError:3: No start volume could be resolved
19:37:29    FatrasSimula   ERROR     event 0 particle id=7762190309050061163(vp=29|vs=6|p=14|g=0|sp=0)|pdg=gamma|q=0|m=0|p=94.2708 failed to simulate with error NavigatorError:3: No start volume could be resolved
19:37:29    FatrasSimula   ERROR     event 0 particle id=2966809945715160387(vp=29|vs=6|p=15|g=0|sp=0)|pdg=gamma|q=0|m=0|p=9.49242 failed to simulate with error NavigatorError:3: No start volume could be resolved
19:37:29    FatrasSimula   ERROR     event 0 particle id=240571591580208442(vp=29|vs=7|p=16|g=0|sp=0)|pdg=gamma|q=0|m=0|p=202.603 failed to simulate with error NavigatorError:3: No start volume could be resolved
19:37:29    FatrasSimula   ERROR     event 0 particle id=14809331960654466155(vp=29|vs=7|p=17|g=0|sp=0)|pdg=gamma|q=0|m=0|p=24.4514 failed to simulate with error NavigatorError:3: No start volume could be resolved
19:37:29    FatrasSimula   ERROR     event 0 particle id=11738196879551835763(vp=29|vs=11|p=26|g=0|sp=0)|pdg=pi+|q=1|m=0.13957|p=135.633 failed to simulate with error NavigatorError:3: No start volume could be resolved
19:37:29    FatrasSimula   ERROR     event 0 particle id=7962478752189614319(vp=29|vs=11|p=27|g=0|sp=0)|pdg=pi-|q=-1|m=0.13957|p=453.103 failed to simulate with error NavigatorError:3: No start volume could be resolved
19:37:29    FatrasSimula   ERROR     event 0 particle id=17493250638561286489(vp=31|vs=8|p=42|g=0|sp=0)|pdg=n|q=0|m=0.939565|p=183.511 failed to simulate with error NavigatorError:3: No start volume could be resolved
19:37:29    FatrasSimula   ERROR     event 0 particle id=14259457013405899055(vp=31|vs=9|p=43|g=0|sp=0)|pdg=gamma|q=0|m=0|p=25.6729 failed to simulate with error NavigatorError:3: No start volume could be resolved
19:37:29    FatrasSimula   ERROR     event 0 particle id=2805226621404826259(vp=31|vs=9|p=44|g=0|sp=0)|pdg=gamma|q=0|m=0|p=10.713 failed to simulate with error NavigatorError:3: No start volume could be resolved
19:37:29    FatrasSimula   ERROR     event 0 particle id=12267045137236358842(vp=31|vs=12|p=47|g=0|sp=0)|pdg=n~|q=0|m=0.939565|p=361.257 failed to simulate with error NavigatorError:3: No start volume could be resolved
19:37:29    FatrasSimula   ERROR     event 0 particle id=16890478163817163983(vp=31|vs=13|p=48|g=0|sp=0)|pdg=gamma|q=0|m=0|p=50.3648 failed to simulate with error NavigatorError:3: No start volume could be resolved
19:37:29    FatrasSimula   ERROR     event 0 particle id=1497201620183340015(vp=31|vs=13|p=49|g=0|sp=0)|pdg=gamma|q=0|m=0|p=61.6302 failed to simulate with error NavigatorError:3: No start volume could be resolved
19:37:29    FatrasSimula   ERROR     event 0 particle id=14621699132976412023(vp=31|vs=14|p=52|g=0|sp=0)|pdg=n|q=0|m=0.939565|p=3756.17 failed to simulate with error NavigatorError:3: No start volume could be resolved
19:37:29    FatrasSimula   ERROR     event 0 particle id=17296459382203635718(vp=31|vs=15|p=53|g=0|sp=0)|pdg=gamma|q=0|m=0|p=562.596 failed to simulate with error NavigatorError:3: No start volume could be resolved
19:37:29    FatrasSimula   ERROR     event 0 particle id=12850338667909007049(vp=31|vs=15|p=54|g=0|sp=0)|pdg=gamma|q=0|m=0|p=111.775 failed to simulate with error NavigatorError:3: No start volume could be resolved
19:37:29    FatrasSimula   ERROR     event 0 particle id=13611109781453339547(vp=32|vs=2|p=4|g=0|sp=0)|pdg=n|q=0|m=0.939565|p=1352.46 failed to simulate with error NavigatorError:3: No start volume could be resolved
19:37:29    FatrasSimula   ERROR     event 0 particle id=16302487734745282631(vp=32|vs=3|p=5|g=0|sp=0)|pdg=gamma|q=0|m=0|p=64.0301 failed to simulate with error NavigatorError:3: No start volume could be resolved
19:37:29    FatrasSimula   ERROR     event 0 particle id=15480945185289508337(vp=32|vs=3|p=6|g=0|sp=0)|pdg=gamma|q=0|m=0|p=269.41 failed to simulate with error NavigatorError:3: No start volume could be resolved
19:37:29    FatrasSimula   ERROR     event 0 particle id=7676769257523805271(vp=33|vs=23|p=189|g=0|sp=0)|pdg=pi+|q=1|m=0.13957|p=114.644 failed to simulate with error NavigatorError:3: No start volume could be resolved
19:37:29    FatrasSimula   ERROR     event 0 particle id=15878608058031551165(vp=33|vs=23|p=190|g=0|sp=0)|pdg=pi-|q=-1|m=0.13957|p=90.5303 failed to simulate with error NavigatorError:3: No start volume could be resolved
19:37:29    FatrasSimula   ERROR     event 0 particle id=4901350907659773333(vp=34|vs=18|p=150|g=0|sp=0)|pdg=pi+|q=1|m=0.13957|p=134.771 failed to simulate with error NavigatorError:3: No start volume could be resolved
19:37:29    FatrasSimula   ERROR     event 0 particle id=9297261602260941028(vp=34|vs=18|p=151|g=0|sp=0)|pdg=pi-|q=-1|m=0.13957|p=41.4698 failed to simulate with error NavigatorError:3: No start volume could be resolved
19:37:29    FatrasSimula   ERROR     event 0 particle id=8622664102581747550(vp=34|vs=24|p=215|g=0|sp=0)|pdg=gamma|q=0|m=0|p=20.705 failed to simulate with error NavigatorError:3: No start volume could be resolved
19:37:29    FatrasSimula   ERROR     event 0 particle id=7644740864138650303(vp=34|vs=24|p=216|g=0|sp=0)|pdg=gamma|q=0|m=0|p=28.0336 failed to simulate with error NavigatorError:3: No start volume could be resolved
19:37:29    FatrasSimula   ERROR     event 0 particle id=12910282848620680823(vp=34|vs=25|p=217|g=0|sp=0)|pdg=gamma|q=0|m=0|p=0.961235 failed to simulate with error NavigatorError:3: No start volume could be resolved
19:37:29    FatrasSimula   ERROR     event 0 particle id=16877388900470284717(vp=34|vs=25|p=218|g=0|sp=0)|pdg=gamma|q=0|m=0|p=13.1801 failed to simulate with error NavigatorError:3: No start volume could be resolved
19:37:29    FatrasSimula   ERROR     event 0 particle id=17771233368131932510(vp=34|vs=59|p=571|g=0|sp=0)|pdg=n|q=0|m=0.939565|p=58.097 failed to simulate with error NavigatorError:3: No start volume could be resolved
19:37:29    FatrasSimula   ERROR     event 0 particle id=4116770643518952181(vp=34|vs=59|p=572|g=0|sp=0)|pdg=gamma|q=0|m=0|p=5.44731 failed to simulate with error NavigatorError:3: No start volume could be resolved
19:37:29    FatrasSimula   ERROR     event 0 particle id=5607203264780294961(vp=34|vs=59|p=573|g=0|sp=0)|pdg=gamma|q=0|m=0|p=4.80278 failed to simulate with error NavigatorError:3: No start volume could be resolved
19:37:29    FatrasSimula   ERROR     event 0 particle id=2764924620594510021(vp=35|vs=5|p=32|g=0|sp=0)|pdg=p~|q=-1|m=0.938272|p=110.505 failed to simulate with error NavigatorError:3: No start volume could be resolved
19:37:29    FatrasSimula   ERROR     event 0 particle id=7349645790593180905(vp=35|vs=5|p=33|g=0|sp=0)|pdg=pi+|q=1|m=0.13957|p=33.8186 failed to simulate with error NavigatorError:3: No start volume could be resolved
19:37:29    FatrasSimula   ERROR     event 0 particle id=6181420621445332118(vp=38|vs=13|p=66|g=0|sp=0)|pdg=p~|q=-1|m=0.938272|p=1032.37 failed to simulate with error NavigatorError:3: No start volume could be resolved
19:37:29    FatrasSimula   ERROR     event 0 particle id=8363123311672695131(vp=38|vs=13|p=67|g=0|sp=0)|pdg=pi+|q=1|m=0.13957|p=96.6843 failed to simulate with error NavigatorError:3: No start volume could be resolved
19:37:29    FatrasSimula   ERROR     event 0 particle id=11127108400504419240(vp=38|vs=14|p=68|g=0|sp=0)|pdg=p|q=1|m=0.938272|p=812.921 failed to simulate with error NavigatorError:3: No start volume could be resolved
19:37:29    FatrasSimula   ERROR     event 0 particle id=14562028099695942887(vp=38|vs=14|p=69|g=0|sp=0)|pdg=pi-|q=-1|m=0.13957|p=237.829 failed to simulate with error NavigatorError:3: No start volume could be resolved
19:37:29    FatrasSimula   ERROR     event 0 particle id=6079034393416397223(vp=38|vs=28|p=180|g=0|sp=0)|pdg=pi+|q=1|m=0.13957|p=28.209 failed to simulate with error NavigatorError:3: No start volume could be resolved
19:37:29    FatrasSimula   ERROR     event 0 particle id=862641073906092598(vp=38|vs=28|p=181|g=0|sp=0)|pdg=pi-|q=-1|m=0.13957|p=103.216 failed to simulate with error NavigatorError:3: No start volume could be resolved
19:37:29    FatrasSimula   ERROR     event 0 particle id=12288558520388850584(vp=39|vs=15|p=112|g=0|sp=0)|pdg=p|q=1|m=0.938272|p=771.505 failed to simulate with error NavigatorError:3: No start volume could be resolved
19:37:29    FatrasSimula   ERROR     event 0 particle id=3144357829309005600(vp=39|vs=15|p=113|g=0|sp=0)|pdg=pi-|q=-1|m=0.13957|p=178.323 failed to simulate with error NavigatorError:3: No start volume could be resolved
19:37:29    FatrasSimula   ERROR     event 0 particle id=13370142522579413707(vp=43|vs=19|p=184|g=0|sp=0)|pdg=pi+|q=1|m=0.13957|p=266.28 failed to simulate with error NavigatorError:3: No start volume could be resolved
19:37:29    FatrasSimula   ERROR     event 0 particle id=3720765686103065811(vp=43|vs=19|p=185|g=0|sp=0)|pdg=pi-|q=-1|m=0.13957|p=117.729 failed to simulate with error NavigatorError:3: No start volume could be resolved
19:37:29    FatrasSimula   ERROR     event 0 particle id=15742692579503964363(vp=44|vs=48|p=391|g=0|sp=0)|pdg=p|q=1|m=0.938272|p=153.553 failed to simulate with error NavigatorError:3: No start volume could be resolved
19:37:29    FatrasSimula   ERROR     event 0 particle id=3489093857658023537(vp=44|vs=48|p=392|g=0|sp=0)|pdg=pi-|q=-1|m=0.13957|p=20.4042 failed to simulate with error NavigatorError:3: No start volume could be resolved
19:37:29    FatrasSimula   ERROR     event 0 particle id=16737854964156610295(vp=44|vs=50|p=394|g=0|sp=0)|pdg=n~|q=0|m=0.939565|p=874.414 failed to simulate with error NavigatorError:3: No start volume could be resolved
19:37:29    FatrasSimula   ERROR     event 0 particle id=11729027183167706208(vp=44|vs=51|p=395|g=0|sp=0)|pdg=gamma|q=0|m=0|p=73.4154 failed to simulate with error NavigatorError:3: No start volume could be resolved
19:37:29    FatrasSimula   ERROR     event 0 particle id=9112639665837484433(vp=44|vs=51|p=396|g=0|sp=0)|pdg=gamma|q=0|m=0|p=18.5896 failed to simulate with error NavigatorError:3: No start volume could be resolved
19:37:29    FatrasSimula   ERROR     event 0 particle id=7051919744461535521(vp=44|vs=52|p=397|g=0|sp=0)|pdg=gamma|q=0|m=0|p=121.376 failed to simulate with error NavigatorError:3: No start volume could be resolved
19:37:29    FatrasSimula   ERROR     event 0 particle id=11517197413905526840(vp=44|vs=52|p=398|g=0|sp=0)|pdg=gamma|q=0|m=0|p=53.5825 failed to simulate with error NavigatorError:3: No start volume could be resolved
19:37:29    FatrasSimula   ERROR     event 0 particle id=6488546822821122974(vp=47|vs=10|p=53|g=0|sp=0)|pdg=p|q=1|m=0.938272|p=5240.55 failed to simulate with error NavigatorError:3: No start volume could be resolved
19:37:29    FatrasSimula   ERROR     event 0 particle id=94520388439908694(vp=47|vs=10|p=54|g=0|sp=0)|pdg=pi-|q=-1|m=0.13957|p=702.823 failed to simulate with error NavigatorError:3: No start volume could be resolved
19:37:29    FatrasSimula   ERROR     event 0 particle id=13582036674703399848(vp=49|vs=1|p=2|g=0|sp=0)|pdg=p|q=1|m=0.938272|p=181.07 failed to simulate with error NavigatorError:3: No start volume could be resolved
19:37:29    FatrasSimula   ERROR     event 0 particle id=17054164041561395762(vp=49|vs=1|p=3|g=0|sp=0)|pdg=pi-|q=-1|m=0.13957|p=41.6989 failed to simulate with error NavigatorError:3: No start volume could be resolved
19:37:29    FatrasSimula   ERROR     event 0 particle id=9123149992768961075(vp=50|vs=42|p=396|g=0|sp=0)|pdg=p|q=1|m=0.938272|p=177.624 failed to simulate with error NavigatorError:3: No start volume could be resolved
19:37:29    FatrasSimula   ERROR     event 0 particle id=2445967601527406188(vp=50|vs=43|p=398|g=0|sp=0)|pdg=gamma|q=0|m=0|p=8.73708 failed to simulate with error NavigatorError:3: No start volume could be resolved
19:37:29    FatrasSimula   ERROR     event 0 particle id=13856578837936327655(vp=51|vs=23|p=136|g=0|sp=0)|pdg=p~|q=-1|m=0.938272|p=798.044 failed to simulate with error NavigatorError:3: No start volume could be resolved
19:37:29    FatrasSimula   ERROR     event 0 particle id=660075506808435483(vp=51|vs=24|p=137|g=0|sp=0)|pdg=gamma|q=0|m=0|p=38.4391 failed to simulate with error NavigatorError:3: No start volume could be resolved
19:37:29    FatrasSimula   ERROR     event 0 particle id=9698207492816343001(vp=51|vs=24|p=138|g=0|sp=0)|pdg=gamma|q=0|m=0|p=133.351 failed to simulate with error NavigatorError:3: No start volume could be resolved
19:37:29    Sequencer      INFO      FPE of type FLTUND exceeded configured per-event threshold of 0 (mask: NONE) (seen: 1 FPEs)
 0# exp in /usr/lib/system/libsystem_m.dylib
 1# std::__1::array<ActsFatras::Particle, 1ul> ActsFatras::BetheHeitler::operator()<ActsExamples::RandomEngine>(ActsExamples::RandomEngine&, Acts::MaterialSlab const&, ActsFatras::Particle&) const in /Users/andreas/cern/build/acts/acts/rz-release/lib/libActsExamplesFatras.dylib
 2# bool ActsFatras::InteractionList<ActsFatras::ContinuousProcess<ActsFatras::GenericScattering<ActsFatras::detail::Highland>, ActsFatras::ChargedSelector, ActsFatras::EveryParticle, ActsFatras::EveryParticle>, ActsFatras::ContinuousProcess<ActsFatras::BetheBloch, ActsFatras::ChargedSelector, ActsFatras::Min<ActsFatras::Casts::P>, ActsFatras::EveryParticle>, ActsFatras::ContinuousProcess<ActsFatras::BetheHeitler, ActsFatras::AbsPdgSelector<(Acts::PdgParticle)11>, ActsFatras::Min<ActsFatras::Casts::P>, ActsFatras::Min<ActsFatras::Casts::P>>>::runContinuousImpl<ActsExamples::RandomEngine, 0ul, 1ul, 2ul>(ActsExamples::RandomEngine&, Acts::MaterialSlab const&, ActsFatras::Particle&, std::__1::vector<ActsFatras::Particle, std::__1::allocator<ActsFatras::Particle>>&, std::__1::integer_sequence<unsigned long, 0ul, 1ul, 2ul>) const in /Users/andreas/cern/build/acts/acts/rz-release/lib/libActsExamplesFatras.dylib
 3# ActsFatras::detail::SimulationActor<ActsExamples::RandomEngine, ActsFatras::NoDecay, ActsFatras::InteractionList<ActsFatras::ContinuousProcess<ActsFatras::GenericScattering<ActsFatras::detail::Highland>, ActsFatras::ChargedSelector, ActsFatras::EveryParticle, ActsFatras::EveryParticle>, ActsFatras::ContinuousProcess<ActsFatras::BetheBloch, ActsFatras::ChargedSelector, ActsFatras::Min<ActsFatras::Casts::P>, ActsFatras::EveryParticle>, ActsFatras::ContinuousProcess<ActsFatras::BetheHeitler, ActsFatras::AbsPdgSelector<(Acts::PdgParticle)11>, ActsFatras::Min<ActsFatras::Casts::P>, ActsFatras::Min<ActsFatras::Casts::P>>>, ActsExamples::(anonymous namespace)::HitSurfaceSelector>::interact(Acts::MaterialSlab const&, ActsFatras::SingleParticleSimulationResult&) const in /Users/andreas/cern/build/acts/acts/rz-release/lib/libActsExamplesFatras.dylib
 4# Acts::Result<void, std::__1::error_code> Acts::ActorList<ActsFatras::detail::SimulationActor<ActsExamples::RandomEngine, ActsFatras::NoDecay, ActsFatras::InteractionList<ActsFatras::ContinuousProcess<ActsFatras::GenericScattering<ActsFatras::detail::Highland>, ActsFatras::ChargedSelector, ActsFatras::EveryParticle, ActsFatras::EveryParticle>, ActsFatras::ContinuousProcess<ActsFatras::BetheBloch, ActsFatras::ChargedSelector, ActsFatras::Min<ActsFatras::Casts::P>, ActsFatras::EveryParticle>, ActsFatras::ContinuousProcess<ActsFatras::BetheHeitler, ActsFatras::AbsPdgSelector<(Acts::PdgParticle)11>, ActsFatras::Min<ActsFatras::Casts::P>, ActsFatras::Min<ActsFatras::Casts::P>>>, ActsExamples::(anonymous namespace)::HitSurfaceSelector>, Acts::PathLimitReached>::act<Acts::PropagatorState<Acts::PropagatorOptions<Acts::SympyStepper::Options, Acts::Navigator::Options, Acts::ActorList<ActsFatras::detail::SimulationActor<ActsExamples::RandomEngine, ActsFatras::NoDecay, ActsFatras::InteractionList<ActsFatras::ContinuousProcess<ActsFatras::GenericScattering<ActsFatras::detail::Highland>, ActsFatras::ChargedSelector, ActsFatras::EveryParticle, ActsFatras::EveryParticle>, ActsFatras::ContinuousProcess<ActsFatras::BetheBloch, ActsFatras::ChargedSelector, ActsFatras::Min<ActsFatras::Casts::P>, ActsFatras::EveryParticle>, ActsFatras::ContinuousProcess<ActsFatras::BetheHeitler, ActsFatras::AbsPdgSelector<(Acts::PdgParticle)11>, ActsFatras::Min<ActsFatras::Casts::P>, ActsFatras::Min<ActsFatras::Casts::P>>>, ActsExamples::(anonymous namespace)::HitSurfaceSelector>, Acts::PathLimitReached>>, Acts::SympyStepper::State, Acts::Navigator::State, ActsFatras::SingleParticleSimulationResult>, Acts::SympyStepper, Acts::Navigator, Acts::Logger const&>(Acts::PropagatorState<Acts::PropagatorOptions<Acts::SympyStepper::Options, Acts::Navigator::Options, Acts::ActorList<ActsFatras::detail::SimulationActor<ActsExamples::RandomEngine, ActsFatras::NoDecay, ActsFatras::InteractionList<ActsFatras::ContinuousProcess<ActsFatras::GenericScattering<ActsFatras::detail::Highland>, ActsFatras::ChargedSelector, ActsFatras::EveryParticle, ActsFatras::EveryParticle>, ActsFatras::ContinuousProcess<ActsFatras::BetheBloch, ActsFatras::ChargedSelector, ActsFatras::Min<ActsFatras::Casts::P>, ActsFatras::EveryParticle>, ActsFatras::ContinuousProcess<ActsFatras::BetheHeitler, ActsFatras::AbsPdgSelector<(Acts::PdgParticle)11>, ActsFatras::Min<ActsFatras::Casts::P>, ActsFatras::Min<ActsFatras::Casts::P>>>, ActsExamples::(anonymous namespace)::HitSurfaceSelector>, Acts::PathLimitReached>>, Acts::SympyStepper::State, Acts::Navigator::State, ActsFatras::SingleParticleSimulationResult>&, Acts::SympyStepper const&, Acts::Navigator const&, Acts::Logger const&) const in /Users/andreas/cern/build/acts/acts/rz-release/lib/libActsExamplesFatras.dylib
 5# Acts::Result<void, std::__1::error_code> Acts::Propagator<Acts::SympyStepper, Acts::Navigator>::propagate<Acts::PropagatorState<Acts::PropagatorOptions<Acts::SympyStepper::Options, Acts::Navigator::Options, Acts::ActorList<ActsFatras::detail::SimulationActor<ActsExamples::RandomEngine, ActsFatras::NoDecay, ActsFatras::InteractionList<ActsFatras::ContinuousProcess<ActsFatras::GenericScattering<ActsFatras::detail::Highland>, ActsFatras::ChargedSelector, ActsFatras::EveryParticle, ActsFatras::EveryParticle>, ActsFatras::ContinuousProcess<ActsFatras::BetheBloch, ActsFatras::ChargedSelector, ActsFatras::Min<ActsFatras::Casts::P>, ActsFatras::EveryParticle>, ActsFatras::ContinuousProcess<ActsFatras::BetheHeitler, ActsFatras::AbsPdgSelector<(Acts::PdgParticle)11>, ActsFatras::Min<ActsFatras::Casts::P>, ActsFatras::Min<ActsFatras::Casts::P>>>, ActsExamples::(anonymous namespace)::HitSurfaceSelector>, Acts::PathLimitReached>>, Acts::SympyStepper::State, Acts::Navigator::State, ActsFatras::SingleParticleSimulationResult>>(Acts::PropagatorState<Acts::PropagatorOptions<Acts::SympyStepper::Options, Acts::Navigator::Options, Acts::ActorList<ActsFatras::detail::SimulationActor<ActsExamples::RandomEngine, ActsFatras::NoDecay, ActsFatras::InteractionList<ActsFatras::ContinuousProcess<ActsFatras::GenericScattering<ActsFatras::detail::Highland>, ActsFatras::ChargedSelector, ActsFatras::EveryParticle, ActsFatras::EveryParticle>, ActsFatras::ContinuousProcess<ActsFatras::BetheBloch, ActsFatras::ChargedSelector, ActsFatras::Min<ActsFatras::Casts::P>, ActsFatras::EveryParticle>, ActsFatras::ContinuousProcess<ActsFatras::BetheHeitler, ActsFatras::AbsPdgSelector<(Acts::PdgParticle)11>, ActsFatras::Min<ActsFatras::Casts::P>, ActsFatras::Min<ActsFatras::Casts::P>>>, ActsExamples::(anonymous namespace)::HitSurfaceSelector>, Acts::PathLimitReached>>, Acts::SympyStepper::State, Acts::Navigator::State, ActsFatras::SingleParticleSimulationResult>&) const in /Users/andreas/cern/build/acts/acts/rz-release/lib/libActsExamplesFatras.dylib
 6# Acts::Result<Acts::Propagator<Acts::SympyStepper, Acts::Navigator>::result_type_helper<Acts::PropagatorOptions<Acts::SympyStepper::Options, Acts::Navigator::Options, Acts::ActorList<ActsFatras::detail::SimulationActor<ActsExamples::RandomEngine, ActsFatras::NoDecay, ActsFatras::InteractionList<ActsFatras::ContinuousProcess<ActsFatras::GenericScattering<ActsFatras::detail::Highland>, ActsFatras::ChargedSelector, ActsFatras::EveryParticle, ActsFatras::EveryParticle>, ActsFatras::ContinuousProcess<ActsFatras::BetheBloch, ActsFatras::ChargedSelector, ActsFatras::Min<ActsFatras::Casts::P>, ActsFatras::EveryParticle>, ActsFatras::ContinuousProcess<ActsFatras::BetheHeitler, ActsFatras::AbsPdgSelector<(Acts::PdgParticle)11>, ActsFatras::Min<ActsFatras::Casts::P>, ActsFatras::Min<ActsFatras::Casts::P>>>, ActsExamples::(anonymous namespace)::HitSurfaceSelector>>>>::type, std::__1::error_code> Acts::Propagator<Acts::SympyStepper, Acts::Navigator>::propagate<Acts::PropagatorOptions<Acts::SympyStepper::Options, Acts::Navigator::Options, Acts::ActorList<ActsFatras::detail::SimulationActor<ActsExamples::RandomEngine, ActsFatras::NoDecay, ActsFatras::InteractionList<ActsFatras::ContinuousProcess<ActsFatras::GenericScattering<ActsFatras::detail::Highland>, ActsFatras::ChargedSelector, ActsFatras::EveryParticle, ActsFatras::EveryParticle>, ActsFatras::ContinuousProcess<ActsFatras::BetheBloch, ActsFatras::ChargedSelector, ActsFatras::Min<ActsFatras::Casts::P>, ActsFatras::EveryParticle>, ActsFatras::ContinuousProcess<ActsFatras::BetheHeitler, ActsFatras::AbsPdgSelector<(Acts::PdgParticle)11>, ActsFatras::Min<ActsFatras::Casts::P>, ActsFatras::Min<ActsFatras::Casts::P>>>, ActsExamples::(anonymous namespace)::HitSurfaceSelector>>>, Acts::PathLimitReached>(Acts::BoundTrackParameters const&, Acts::PropagatorOptions<Acts::SympyStepper::Options, Acts::Navigator::Options, Acts::ActorList<ActsFatras::detail::SimulationActor<ActsExamples::RandomEngine, ActsFatras::NoDecay, ActsFatras::InteractionList<ActsFatras::ContinuousProcess<ActsFatras::GenericScattering<ActsFatras::detail::Highland>, ActsFatras::ChargedSelector, ActsFatras::EveryParticle, ActsFatras::EveryParticle>, ActsFatras::ContinuousProcess<ActsFatras::BetheBloch, ActsFatras::ChargedSelector, ActsFatras::Min<ActsFatras::Casts::P>, ActsFatras::EveryParticle>, ActsFatras::ContinuousProcess<ActsFatras::BetheHeitler, ActsFatras::AbsPdgSelector<(Acts::PdgParticle)11>, ActsFatras::Min<ActsFatras::Casts::P>, ActsFatras::Min<ActsFatras::Casts::P>>>, ActsExamples::(anonymous namespace)::HitSurfaceSelector>>> const&, bool) const in /Users/andreas/cern/build/acts/acts/rz-release/lib/libActsExamplesFatras.dylib
 7# ActsExamples::FatrasSimulation::Impl::simulate(Acts::GeometryContext const&, Acts::MagneticFieldContext const&, ActsExamples::RandomEngine&, std::__1::vector<ActsFatras::Particle, std::__1::allocator<ActsFatras::Particle>> const&, std::__1::vector<ActsFatras::Particle, std::__1::allocator<ActsFatras::Particle>>&, std::__1::vector<ActsFatras::Particle, std::__1::allocator<ActsFatras::Particle>>&, std::__1::vector<ActsFatras::Hit, std::__1::allocator<ActsFatras::Hit>>&) const in /Users/andreas/cern/build/acts/acts/rz-release/lib/libActsExamplesFatras.dylib

19:37:30    Sequencer      INFO      FPE of type FLTINV exceeded configured per-event threshold of 0 (mask: NONE) (seen: 1 FPEs)
 0# Acts::Experimental::RzHelix::stepWithJacobian(Eigen::Matrix<double, 7, 1, 0, 7, 1>&, double, Eigen::Matrix<double, 7, 7, 0, 7, 7>&) const in /Users/andreas/cern/build/acts/acts/rz-release/lib/libActsCore.dylib
 1# Acts::Experimental::RzTrackFinder::evaluate(Acts::Experimental::RzTrackFinder::State const&, Acts::Experimental::RzMeasurement const&) const in /Users/andreas/cern/build/acts/acts/rz-release/lib/libActsCore.dylib
 2# Acts::Experimental::RzTrackFinder::backwardPass(Acts::Experimental::RzMeasurementGrid const&, Acts::Experimental::RzTrackFinder::State const&, Acts::Experimental::RzTrackCandidate&) const in /Users/andreas/cern/build/acts/acts/rz-release/lib/libActsCore.dylib
 3# Acts::Experimental::RzTrackFinder::findTrack(Acts::Experimental::RzMeasurementGrid const&, Eigen::Matrix<double, 7, 1, 0, 7, 1> const&, Eigen::Matrix<double, 7, 7, 0, 7, 7> const&, unsigned int, Acts::Experimental::RzTrackCandidate&) const in /Users/andreas/cern/build/acts/acts/rz-release/lib/libActsCore.dylib
 4# ActsExamples::RzTrackFindingAlgorithm::execute(ActsExamples::AlgorithmContext const&) const in /Users/andreas/cern/build/acts/acts/rz-release/lib/libActsExamplesTrackFinding.dylib
 5# ActsExamples::Sequencer::run()::$_1::operator()() const::'lambda'(tbb::detail::d1::blocked_range<unsigned long> const&)::operator()(tbb::detail::d1::blocked_range<unsigned long> const&) const in /Users/andreas/cern/build/acts/acts/rz-release/lib/libActsExamplesFramework.dylib
 6# ActsExamples::Sequencer::run()::$_1::operator()() const in /Users/andreas/cern/build/acts/acts/rz-release/lib/libActsExamplesFramework.dylib
 7# ActsExamples::Sequencer::run() in /Users/andreas/cern/build/acts/acts/rz-release/lib/libActsExamplesFramework.dylib

19:37:30    Sequencer      INFO      finished event 0
19:37:30    FatrasSimula   ERROR     event 1 particle id=2245832490024393819(vp=1|vs=56|p=461|g=0|sp=0)|pdg=gamma|q=0|m=0|p=3.49191 failed to simulate with error NavigatorError:3: No start volume could be resolved
19:37:30    FatrasSimula   ERROR     event 1 particle id=16835053711713863261(vp=1|vs=56|p=462|g=0|sp=0)|pdg=gamma|q=0|m=0|p=13.6127 failed to simulate with error NavigatorError:3: No start volume could be resolved
19:37:30    FatrasSimula   ERROR     event 1 particle id=11661088638004118617(vp=1|vs=57|p=459|g=0|sp=0)|pdg=gamma|q=0|m=0|p=45.6867 failed to simulate with error NavigatorError:3: No start volume could be resolved
19:37:30    FatrasSimula   ERROR     event 1 particle id=4039230648858447890(vp=1|vs=57|p=460|g=0|sp=0)|pdg=gamma|q=0|m=0|p=50.9683 failed to simulate with error NavigatorError:3: No start volume could be resolved
19:37:30    FatrasSimula   ERROR     event 1 particle id=892760443791420132(vp=3|vs=38|p=277|g=0|sp=0)|pdg=n|q=0|m=0.939565|p=1803.62 failed to simulate with error NavigatorError:3: No start volume could be resolved
19:37:30    FatrasSimula   ERROR     event 1 particle id=375720817278889886(vp=3|vs=38|p=278|g=0|sp=0)|pdg=pi+|q=1|m=0.13957|p=462.583 failed to simulate with error NavigatorError:3: No start volume could be resolved
19:37:30    FatrasSimula   ERROR     event 1 particle id=11936501062683128766(vp=4|vs=16|p=97|g=0|sp=0)|pdg=gamma|q=0|m=0|p=49.167 failed to simulate with error NavigatorError:3: No start volume could be resolved
19:37:30    FatrasSimula   ERROR     event 1 particle id=6578417011736534446(vp=4|vs=16|p=98|g=0|sp=0)|pdg=gamma|q=0|m=0|p=69.3748 failed to simulate with error NavigatorError:3: No start volume could be resolved
19:37:30    FatrasSimula   ERROR     event 1 particle id=13375743978329540090(vp=4|vs=17|p=99|g=0|sp=0)|pdg=gamma|q=0|m=0|p=130.522 failed to simulate with error NavigatorError:3: No start volume could be resolved
19:37:30    FatrasSimula   ERROR     event 1 particle id=13035683541898960504(vp=4|vs=17|p=100|g=0|sp=0)|pdg=gamma|q=0|m=0|p=165.662 failed to simulate with error NavigatorError:3: No start volume could be resolved
19:37:30    FatrasSimula   ERROR     event 1 particle id=17868303133882540404(vp=5|vs=8|p=50|g=0|sp=0)|pdg=p|q=1|m=0.938272|p=801.588 failed to simulate with error NavigatorError:3: No start volume could be resolved
19:37:30    FatrasSimula   ERROR     event 1 particle id=5817375274103755125(vp=5|vs=8|p=51|g=0|sp=0)|pdg=pi-|q=-1|m=0.13957|p=66.1902 failed to simulate with error NavigatorError:3: No start volume could be resolved
19:37:30    FatrasSimula   ERROR     event 1 particle id=15764456900705923854(vp=5|vs=16|p=108|g=0|sp=0)|pdg=pi+|q=1|m=0.13957|p=3.54996 failed to simulate with error NavigatorError:3: No start volume could be resolved
19:37:30    FatrasSimula   ERROR     event 1 particle id=13051759454323623701(vp=5|vs=16|p=109|g=0|sp=0)|pdg=pi-|q=-1|m=0.13957|p=22.1767 failed to simulate with error NavigatorError:3: No start volume could be resolved
19:37:30    FatrasSimula   ERROR     event 1 particle id=12512879076043942128(vp=8|vs=20|p=145|g=0|sp=0)|pdg=gamma|q=0|m=0|p=22.5506 failed to simulate with error NavigatorError:3: No start volume could be resolved
19:37:30    FatrasSimula   ERROR     event 1 particle id=3388657445436474246(vp=8|vs=20|p=146|g=0|sp=0)|pdg=gamma|q=0|m=0|p=1.99836 failed to simulate with error NavigatorError:3: No start volume could be resolved
19:37:30    FatrasSimula   ERROR     event 1 particle id=13294836293181863524(vp=8|vs=21|p=143|g=0|sp=0)|pdg=gamma|q=0|m=0|p=25.8791 failed to simulate with error NavigatorError:3: No start volume could be resolved
19:37:30    FatrasSimula   ERROR     event 1 particle id=14888465537821955751(vp=8|vs=21|p=144|g=0|sp=0)|pdg=gamma|q=0|m=0|p=34.092 failed to simulate with error NavigatorError:3: No start volume could be resolved
19:37:30    FatrasSimula   ERROR     event 1 particle id=3259873392942092809(vp=16|vs=3|p=4|g=0|sp=0)|pdg=pi+|q=1|m=0.13957|p=1166.45 failed to simulate with error NavigatorError:3: No start volume could be resolved
19:37:30    FatrasSimula   ERROR     event 1 particle id=6567367590668010284(vp=16|vs=3|p=5|g=0|sp=0)|pdg=pi-|q=-1|m=0.13957|p=536.653 failed to simulate with error NavigatorError:3: No start volume could be resolved
19:37:30    FatrasSimula   ERROR     event 1 particle id=18297131597240166851(vp=16|vs=6|p=6|g=0|sp=0)|pdg=gamma|q=0|m=0|p=109.495 failed to simulate with error NavigatorError:3: No start volume could be resolved
19:37:30    FatrasSimula   ERROR     event 1 particle id=15484189102951906383(vp=16|vs=6|p=7|g=0|sp=0)|pdg=gamma|q=0|m=0|p=134.099 failed to simulate with error NavigatorError:3: No start volume could be resolved
19:37:30    FatrasSimula   ERROR     event 1 particle id=15171952751655383256(vp=16|vs=7|p=8|g=0|sp=0)|pdg=gamma|q=0|m=0|p=392.296 failed to simulate with error NavigatorError:3: No start volume could be resolved
19:37:30    FatrasSimula   ERROR     event 1 particle id=13730217371508638621(vp=16|vs=7|p=9|g=0|sp=0)|pdg=gamma|q=0|m=0|p=181.812 failed to simulate with error NavigatorError:3: No start volume could be resolved
19:37:30    FatrasSimula   ERROR     event 1 particle id=893072442943599007(vp=17|vs=11|p=94|g=0|sp=0)|pdg=pi+|q=1|m=0.13957|p=28.4016 failed to simulate with error NavigatorError:3: No start volume could be resolved
19:37:30    FatrasSimula   ERROR     event 1 particle id=12288818994141235547(vp=17|vs=11|p=95|g=0|sp=0)|pdg=pi-|q=-1|m=0.13957|p=51.8362 failed to simulate with error NavigatorError:3: No start volume could be resolved
19:37:30    FatrasSimula   ERROR     event 1 particle id=11168830467196227437(vp=22|vs=9|p=63|g=0|sp=0)|pdg=n|q=0|m=0.939565|p=2741.27 failed to simulate with error NavigatorError:3: No start volume could be resolved
19:37:30    FatrasSimula   ERROR     event 1 particle id=13070725064556102363(vp=22|vs=9|p=64|g=0|sp=0)|pdg=pi+|q=1|m=0.13957|p=354.117 failed to simulate with error NavigatorError:3: No start volume could be resolved
19:37:30    FatrasSimula   ERROR     event 1 particle id=6215146936350382435(vp=25|vs=9|p=82|g=0|sp=0)|pdg=pi+|q=1|m=0.13957|p=49.4422 failed to simulate with error NavigatorError:3: No start volume could be resolved
19:37:30    FatrasSimula   ERROR     event 1 particle id=15322320141571374961(vp=25|vs=9|p=83|g=0|sp=0)|pdg=pi-|q=-1|m=0.13957|p=26.3792 failed to simulate with error NavigatorError:3: No start volume could be resolved
19:37:30    FatrasSimula   ERROR     event 1 particle id=805104492237706483(vp=26|vs=5|p=47|g=0|sp=0)|pdg=pi+|q=1|m=0.13957|p=28.1118 failed to simulate with error NavigatorError:3: No start volume could be resolved
19:37:30    FatrasSimula   ERROR     event 1 particle id=11636598385280243327(vp=26|vs=5|p=48|g=0|sp=0)|pdg=pi-|q=-1|m=0.13957|p=164.863 failed to simulate with error NavigatorError:3: No start volume could be resolved
19:37:30    FatrasSimula   ERROR     event 1 particle id=4540429751925800490(vp=26|vs=6|p=64|g=0|sp=0)|pdg=n|q=0|m=0.939565|p=912.994 failed to simulate with error NavigatorError:3: No start volume could be resolved
19:37:30    FatrasSimula   ERROR     event 1 particle id=16595790808530316814(vp=26|vs=6|p=65|g=0|sp=0)|pdg=pi+|q=1|m=0.13957|p=119.207 failed to simulate with error NavigatorError:3: No start volume could be resolved
19:37:30    FatrasSimula   ERROR     event 1 particle id=16134552967962943582(vp=26|vs=7|p=66|g=0|sp=0)|pdg=p~|q=-1|m=0.938272|p=353.153 failed to simulate with error NavigatorError:3: No start volume could be resolved
19:37:30    FatrasSimula   ERROR     event 1 particle id=16175595356715681143(vp=26|vs=8|p=67|g=0|sp=0)|pdg=gamma|q=0|m=0|p=30.088 failed to simulate with error NavigatorError:3: No start volume could be resolved
19:37:30    FatrasSimula   ERROR     event 1 particle id=3366016380340411421(vp=26|vs=8|p=68|g=0|sp=0)|pdg=gamma|q=0|m=0|p=19.3646 failed to simulate with error NavigatorError:3: No start volume could be resolved
19:37:30    FatrasSimula   ERROR     event 1 particle id=1508814050626784320(vp=34|vs=21|p=190|g=0|sp=0)|pdg=gamma|q=0|m=0|p=5.60495 failed to simulate with error NavigatorError:3: No start volume could be resolved
19:37:30    FatrasSimula   ERROR     event 1 particle id=8621801456562288541(vp=34|vs=21|p=191|g=0|sp=0)|pdg=gamma|q=0|m=0|p=3.97184 failed to simulate with error NavigatorError:3: No start volume could be resolved
19:37:30    FatrasSimula   ERROR     event 1 particle id=4788506362194553901(vp=34|vs=22|p=192|g=0|sp=0)|pdg=gamma|q=0|m=0|p=13.8146 failed to simulate with error NavigatorError:3: No start volume could be resolved
19:37:30    FatrasSimula   ERROR     event 1 particle id=11124025451092277094(vp=34|vs=22|p=193|g=0|sp=0)|pdg=gamma|q=0|m=0|p=16.4467 failed to simulate with error NavigatorError:3: No start volume could be resolved
19:37:30    FatrasSimula   ERROR     event 1 particle id=2149564293156682340(vp=34|vs=29|p=272|g=0|sp=0)|pdg=pi+|q=1|m=0.13957|p=40.8549 failed to simulate with error NavigatorError:3: No start volume could be resolved
19:37:30    FatrasSimula   ERROR     event 1 particle id=12728171433055124831(vp=34|vs=29|p=273|g=0|sp=0)|pdg=pi-|q=-1|m=0.13957|p=36.4187 failed to simulate with error NavigatorError:3: No start volume could be resolved
19:37:30    FatrasSimula   ERROR     event 1 particle id=7465783576980300024(vp=34|vs=33|p=304|g=0|sp=0)|pdg=n|q=0|m=0.939565|p=1449.32 failed to simulate with error NavigatorError:3: No start volume could be resolved
19:37:30    FatrasSimula   ERROR     event 1 particle id=10906679327263002650(vp=34|vs=34|p=305|g=0|sp=0)|pdg=gamma|q=0|m=0|p=107.68 failed to simulate with error NavigatorError:3: No start volume could be resolved
19:37:30    FatrasSimula   ERROR     event 1 particle id=6592018015892674371(vp=34|vs=34|p=306|g=0|sp=0)|pdg=gamma|q=0|m=0|p=1.46979 failed to simulate with error NavigatorError:3: No start volume could be resolved
19:37:30    FatrasSimula   ERROR     event 1 particle id=917078753147987962(vp=35|vs=6|p=37|g=0|sp=0)|pdg=gamma|q=0|m=0|p=4.84801 failed to simulate with error NavigatorError:3: No start volume could be resolved
19:37:30    FatrasSimula   ERROR     event 1 particle id=3002241132858198187(vp=35|vs=6|p=38|g=0|sp=0)|pdg=gamma|q=0|m=0|p=8.72713 failed to simulate with error NavigatorError:3: No start volume could be resolved
19:37:30    FatrasSimula   ERROR     event 1 particle id=16538743433177940459(vp=35|vs=7|p=39|g=0|sp=0)|pdg=gamma|q=0|m=0|p=0.945104 failed to simulate with error NavigatorError:3: No start volume could be resolved
19:37:30    FatrasSimula   ERROR     event 1 particle id=16605254128571462138(vp=35|vs=7|p=40|g=0|sp=0)|pdg=gamma|q=0|m=0|p=70.8808 failed to simulate with error NavigatorError:3: No start volume could be resolved
19:37:30    FatrasSimula   ERROR     event 1 particle id=12822684285022184198(vp=35|vs=13|p=97|g=0|sp=0)|pdg=p|q=1|m=0.938272|p=70.6497 failed to simulate with error NavigatorError:3: No start volume could be resolved
19:37:30    FatrasSimula   ERROR     event 1 particle id=5875134973098139074(vp=35|vs=13|p=98|g=0|sp=0)|pdg=pi-|q=-1|m=0.13957|p=14.9083 failed to simulate with error NavigatorError:3: No start volume could be resolved
19:37:30    FatrasSimula   ERROR     event 1 particle id=9954648921313761526(vp=35|vs=20|p=219|g=0|sp=0)|pdg=pi+|q=1|m=0.13957|p=121.438 failed to simulate with error NavigatorError:3: No start volume could be resolved
19:37:30    FatrasSimula   ERROR     event 1 particle id=13491932949102597534(vp=35|vs=20|p=220|g=0|sp=0)|pdg=pi-|q=-1|m=0.13957|p=46.2716 failed to simulate with error NavigatorError:3: No start volume could be resolved
19:37:30    FatrasSimula   ERROR     event 1 particle id=8716785638914624049(vp=46|vs=25|p=334|g=0|sp=0)|pdg=pi+|q=1|m=0.13957|p=266.264 failed to simulate with error NavigatorError:3: No start volume could be resolved
19:37:30    FatrasSimula   ERROR     event 1 particle id=18128225568009023941(vp=46|vs=25|p=335|g=0|sp=0)|pdg=pi-|q=-1|m=0.13957|p=267.892 failed to simulate with error NavigatorError:3: No start volume could be resolved
19:37:30    FatrasSimula   ERROR     event 1 particle id=6099565491185316960(vp=47|vs=23|p=173|g=0|sp=0)|pdg=pi+|q=1|m=0.13957|p=183.752 failed to simulate with error NavigatorError:3: No start volume could be resolved
19:37:30    FatrasSimula   ERROR     event 1 particle id=4631534749215016189(vp=47|vs=23|p=174|g=0|sp=0)|pdg=pi-|q=-1|m=0.13957|p=1701.26 failed to simulate with error NavigatorError:3: No start volume could be resolved
19:37:30    FatrasSimula   ERROR     event 1 particle id=17654486140691333963(vp=48|vs=7|p=27|g=0|sp=0)|pdg=n~|q=0|m=0.939565|p=105.34 failed to simulate with error NavigatorError:3: No start volume could be resolved
19:37:30    FatrasSimula   ERROR     event 1 particle id=5092777312515479824(vp=48|vs=7|p=28|g=0|sp=0)|pdg=pi+|q=1|m=0.13957|p=31.2885 failed to simulate with error NavigatorError:3: No start volume could be resolved
19:37:30    FatrasSimula   ERROR     event 1 particle id=15411725906326206388(vp=48|vs=35|p=184|g=0|sp=0)|pdg=p|q=1|m=0.938272|p=164.08 failed to simulate with error NavigatorError:3: No start volume could be resolved
19:37:30    FatrasSimula   ERROR     event 1 particle id=7877655960276441851(vp=48|vs=35|p=185|g=0|sp=0)|pdg=pi-|q=-1|m=0.13957|p=30.2599 failed to simulate with error NavigatorError:3: No start volume could be resolved
19:37:30    FatrasSimula   ERROR     event 1 particle id=5653284622306011276(vp=48|vs=38|p=228|g=0|sp=0)|pdg=pi+|q=1|m=0.13957|p=165.082 failed to simulate with error NavigatorError:3: No start volume could be resolved
19:37:30    FatrasSimula   ERROR     event 1 particle id=7606042133256090850(vp=48|vs=38|p=229|g=0|sp=0)|pdg=pi-|q=-1|m=0.13957|p=80.8817 failed to simulate with error NavigatorError:3: No start volume could be resolved
19:37:30    FatrasSimula   ERROR     event 1 particle id=5948957738939801802(vp=48|vs=42|p=236|g=0|sp=0)|pdg=gamma|q=0|m=0|p=32.9062 failed to simulate with error NavigatorError:3: No start volume could be resolved
19:37:30    FatrasSimula   ERROR     event 1 particle id=1970163383382838588(vp=48|vs=42|p=237|g=0|sp=0)|pdg=gamma|q=0|m=0|p=14.5939 failed to simulate with error NavigatorError:3: No start volume could be resolved
19:37:30    FatrasSimula   ERROR     event 1 particle id=12961031882325579949(vp=48|vs=43|p=238|g=0|sp=0)|pdg=gamma|q=0|m=0|p=26.8509 failed to simulate with error NavigatorError:3: No start volume could be resolved
19:37:30    FatrasSimula   ERROR     event 1 particle id=9370523806056034165(vp=48|vs=43|p=239|g=0|sp=0)|pdg=gamma|q=0|m=0|p=61.6891 failed to simulate with error NavigatorError:3: No start volume could be resolved
19:37:30    FatrasSimula   ERROR     event 1 particle id=8259323899486165939(vp=48|vs=61|p=356|g=0|sp=0)|pdg=pi+|q=1|m=0.13957|p=20.3129 failed to simulate with error NavigatorError:3: No start volume could be resolved
19:37:30    FatrasSimula   ERROR     event 1 particle id=10564225435293053171(vp=48|vs=61|p=357|g=0|sp=0)|pdg=pi-|q=-1|m=0.13957|p=103.724 failed to simulate with error NavigatorError:3: No start volume could be resolved
19:37:30    FatrasSimula   ERROR     event 1 particle id=503661835612866607(vp=48|vs=87|p=512|g=0|sp=0)|pdg=p|q=1|m=0.938272|p=132.92 failed to simulate with error NavigatorError:3: No start volume could be resolved
19:37:30    FatrasSimula   ERROR     event 1 particle id=7252517770165094676(vp=48|vs=87|p=513|g=0|sp=0)|pdg=pi-|q=-1|m=0.13957|p=23.8914 failed to simulate with error NavigatorError:3: No start volume could be resolved
19:37:30    FatrasSimula   ERROR     event 1 particle id=8250669146776098236(vp=49|vs=28|p=214|g=0|sp=0)|pdg=p|q=1|m=0.938272|p=1421.16 failed to simulate with error NavigatorError:3: No start volume could be resolved
19:37:30    FatrasSimula   ERROR     event 1 particle id=12096445150371300338(vp=49|vs=28|p=215|g=0|sp=0)|pdg=pi-|q=-1|m=0.13957|p=369.324 failed to simulate with error NavigatorError:3: No start volume could be resolved
19:37:30    FatrasSimula   ERROR     event 1 particle id=11597897139923740826(vp=51|vs=6|p=37|g=0|sp=0)|pdg=pi+|q=1|m=0.13957|p=113.31 failed to simulate with error NavigatorError:3: No start volume could be resolved
19:37:30    FatrasSimula   ERROR     event 1 particle id=17375177754260592565(vp=51|vs=6|p=38|g=0|sp=0)|pdg=pi-|q=-1|m=0.13957|p=60.0024 failed to simulate with error NavigatorError:3: No start volume could be resolved
19:37:30    FatrasSimula   ERROR     event 1 particle id=14143993378067180515(vp=51|vs=12|p=99|g=0|sp=0)|pdg=pi+|q=1|m=0.13957|p=633.582 failed to simulate with error NavigatorError:3: No start volume could be resolved
19:37:30    FatrasSimula   ERROR     event 1 particle id=14637389386683838111(vp=51|vs=12|p=100|g=0|sp=0)|pdg=pi-|q=-1|m=0.13957|p=607.998 failed to simulate with error NavigatorError:3: No start volume could be resolved
19:37:30    FatrasSimula   ERROR     event 1 particle id=13068274652094137611(vp=51|vs=13|p=101|g=0|sp=0)|pdg=n|q=0|m=0.939565|p=2565.01 failed to simulate with error NavigatorError:3: No start volume could be resolved
19:37:30    FatrasSimula   ERROR     event 1 particle id=4548352433078370568(vp=51|vs=14|p=102|g=0|sp=0)|pdg=gamma|q=0|m=0|p=270.004 failed to simulate with error NavigatorError:3: No start volume could be resolved
19:37:30    FatrasSimula   ERROR     event 1 particle id=11177524993515225194(vp=51|vs=14|p=103|g=0|sp=0)|pdg=gamma|q=0|m=0|p=153.968 failed to simulate with error NavigatorError:3: No start volume could be resolved
19:37:30    Sequencer      INFO      finished event 1
19:37:31    FatrasSimula   ERROR     event 2 particle id=2234815453491672093(vp=1|vs=8|p=84|g=0|sp=0)|pdg=p|q=1|m=0.938272|p=157.425 failed to simulate with error NavigatorError:3: No start volume could be resolved
19:37:31    FatrasSimula   ERROR     event 2 particle id=11290696228220647744(vp=1|vs=8|p=85|g=0|sp=0)|pdg=pi-|q=-1|m=0.13957|p=25.2747 failed to simulate with error NavigatorError:3: No start volume could be resolved
19:37:31    FatrasSimula   ERROR     event 2 particle id=15003619701446636549(vp=1|vs=29|p=326|g=0|sp=0)|pdg=p|q=1|m=0.938272|p=27.5853 failed to simulate with error NavigatorError:3: No start volume could be resolved
19:37:31    FatrasSimula   ERROR     event 2 particle id=17420807246858927110(vp=1|vs=29|p=327|g=0|sp=0)|pdg=pi-|q=-1|m=0.13957|p=4.75816 failed to simulate with error NavigatorError:3: No start volume could be resolved
19:37:31    FatrasSimula   ERROR     event 2 particle id=17932129647519858069(vp=1|vs=45|p=423|g=0|sp=0)|pdg=pi+|q=1|m=0.13957|p=218.247 failed to simulate with error NavigatorError:3: No start volume could be resolved
19:37:31    FatrasSimula   ERROR     event 2 particle id=13269741672411411218(vp=1|vs=45|p=424|g=0|sp=0)|pdg=pi-|q=-1|m=0.13957|p=338.897 failed to simulate with error NavigatorError:3: No start volume could be resolved
19:37:31    FatrasSimula   ERROR     event 2 particle id=197120451741945356(vp=1|vs=46|p=425|g=0|sp=0)|pdg=p|q=1|m=0.938272|p=1183.78 failed to simulate with error NavigatorError:3: No start volume could be resolved
19:37:31    FatrasSimula   ERROR     event 2 particle id=14072197051350898026(vp=1|vs=46|p=426|g=0|sp=0)|pdg=pi-|q=-1|m=0.13957|p=283.918 failed to simulate with error NavigatorError:3: No start volume could be resolved
19:37:31    FatrasSimula   ERROR     event 2 particle id=1764720919777511878(vp=5|vs=5|p=33|g=0|sp=0)|pdg=pi+|q=1|m=0.13957|p=271.125 failed to simulate with error NavigatorError:3: No start volume could be resolved
19:37:31    FatrasSimula   ERROR     event 2 particle id=4911968601862659370(vp=5|vs=5|p=34|g=0|sp=0)|pdg=pi-|q=-1|m=0.13957|p=88.9925 failed to simulate with error NavigatorError:3: No start volume could be resolved
19:37:31    FatrasSimula   ERROR     event 2 particle id=13474451526263510763(vp=6|vs=7|p=45|g=0|sp=0)|pdg=pi+|q=1|m=0.13957|p=106.116 failed to simulate with error NavigatorError:3: No start volume could be resolved
19:37:31    FatrasSimula   ERROR     event 2 particle id=7301753772654697929(vp=6|vs=7|p=46|g=0|sp=0)|pdg=pi-|q=-1|m=0.13957|p=120.718 failed to simulate with error NavigatorError:3: No start volume could be resolved
19:37:31    FatrasSimula   ERROR     event 2 particle id=3177144342268698647(vp=6|vs=17|p=141|g=0|sp=0)|pdg=n~|q=0|m=0.939565|p=258.88 failed to simulate with error NavigatorError:3: No start volume could be resolved
19:37:31    FatrasSimula   ERROR     event 2 particle id=5886599451183887500(vp=6|vs=18|p=142|g=0|sp=0)|pdg=gamma|q=0|m=0|p=42.9732 failed to simulate with error NavigatorError:3: No start volume could be resolved
19:37:31    FatrasSimula   ERROR     event 2 particle id=1666962983104626494(vp=6|vs=18|p=143|g=0|sp=0)|pdg=gamma|q=0|m=0|p=15.1449 failed to simulate with error NavigatorError:3: No start volume could be resolved
19:37:31    FatrasSimula   ERROR     event 2 particle id=8037865622566918898(vp=8|vs=12|p=90|g=0|sp=0)|pdg=p|q=1|m=0.938272|p=412.205 failed to simulate with error NavigatorError:3: No start volume could be resolved
19:37:31    FatrasSimula   ERROR     event 2 particle id=99300064198228163(vp=8|vs=13|p=91|g=0|sp=0)|pdg=gamma|q=0|m=0|p=135.556 failed to simulate with error NavigatorError:3: No start volume could be resolved
19:37:31    FatrasSimula   ERROR     event 2 particle id=6519887883046139352(vp=8|vs=13|p=92|g=0|sp=0)|pdg=gamma|q=0|m=0|p=5.52471 failed to simulate with error NavigatorError:3: No start volume could be resolved
19:37:31    FatrasSimula   ERROR     event 2 particle id=17254600680157966866(vp=10|vs=8|p=80|g=0|sp=0)|pdg=gamma|q=0|m=0|p=539.556 failed to simulate with error NavigatorError:3: No start volume could be resolved
19:37:31    FatrasSimula   ERROR     event 2 particle id=1435102582817661687(vp=10|vs=8|p=81|g=0|sp=0)|pdg=gamma|q=0|m=0|p=45.769 failed to simulate with error NavigatorError:3: No start volume could be resolved
19:37:31    FatrasSimula   ERROR     event 2 particle id=10160740980764869809(vp=10|vs=9|p=82|g=0|sp=0)|pdg=gamma|q=0|m=0|p=28.316 failed to simulate with error NavigatorError:3: No start volume could be resolved
19:37:31    FatrasSimula   ERROR     event 2 particle id=17972227970379611167(vp=10|vs=9|p=83|g=0|sp=0)|pdg=gamma|q=0|m=0|p=40.7251 failed to simulate with error NavigatorError:3: No start volume could be resolved
19:37:31    FatrasSimula   ERROR     event 2 particle id=9813499655815160372(vp=10|vs=24|p=239|g=0|sp=0)|pdg=n~|q=0|m=0.939565|p=35.9639 failed to simulate with error NavigatorError:3: No start volume could be resolved
19:37:31    FatrasSimula   ERROR     event 2 particle id=13887956691316677589(vp=10|vs=25|p=240|g=0|sp=0)|pdg=gamma|q=0|m=0|p=4.68314 failed to simulate with error NavigatorError:3: No start volume could be resolved
19:37:31    FatrasSimula   ERROR     event 2 particle id=17225658121002563379(vp=10|vs=25|p=241|g=0|sp=0)|pdg=gamma|q=0|m=0|p=0.588178 failed to simulate with error NavigatorError:3: No start volume could be resolved
19:37:31    FatrasSimula   ERROR     event 2 particle id=17356921310209676393(vp=10|vs=34|p=288|g=0|sp=0)|pdg=n|q=0|m=0.939565|p=1903.51 failed to simulate with error NavigatorError:3: No start volume could be resolved
19:37:31    FatrasSimula   ERROR     event 2 particle id=12436091190531967431(vp=10|vs=35|p=289|g=0|sp=0)|pdg=gamma|q=0|m=0|p=408.091 failed to simulate with error NavigatorError:3: No start volume could be resolved
19:37:31    FatrasSimula   ERROR     event 2 particle id=5346724665850651925(vp=10|vs=35|p=290|g=0|sp=0)|pdg=gamma|q=0|m=0|p=68.0681 failed to simulate with error NavigatorError:3: No start volume could be resolved
19:37:31    FatrasSimula   ERROR     event 2 particle id=12759137163620133677(vp=11|vs=6|p=63|g=0|sp=0)|pdg=gamma|q=0|m=0|p=89.132 failed to simulate with error NavigatorError:3: No start volume could be resolved
19:37:31    FatrasSimula   ERROR     event 2 particle id=12131481448503799698(vp=11|vs=6|p=64|g=0|sp=0)|pdg=gamma|q=0|m=0|p=2.60514 failed to simulate with error NavigatorError:3: No start volume could be resolved
19:37:31    FatrasSimula   ERROR     event 2 particle id=18315512154452236159(vp=11|vs=6|p=65|g=0|sp=0)|pdg=gamma|q=0|m=0|p=7.06096 failed to simulate with error NavigatorError:3: No start volume could be resolved
19:37:31    FatrasSimula   ERROR     event 2 particle id=8729221211143706485(vp=11|vs=6|p=66|g=0|sp=0)|pdg=gamma|q=0|m=0|p=2.2589 failed to simulate with error NavigatorError:3: No start volume could be resolved
19:37:31    FatrasSimula   ERROR     event 2 particle id=4360337804096922680(vp=11|vs=22|p=139|g=0|sp=0)|pdg=pi+|q=1|m=0.13957|p=452.868 failed to simulate with error NavigatorError:3: No start volume could be resolved
19:37:31    FatrasSimula   ERROR     event 2 particle id=9756493761757279820(vp=11|vs=22|p=140|g=0|sp=0)|pdg=pi-|q=-1|m=0.13957|p=69.9826 failed to simulate with error NavigatorError:3: No start volume could be resolved
19:37:31    FatrasSimula   ERROR     event 2 particle id=5646912633729382966(vp=11|vs=23|p=141|g=0|sp=0)|pdg=n|q=0|m=0.939565|p=3933.05 failed to simulate with error NavigatorError:3: No start volume could be resolved
19:37:31    FatrasSimula   ERROR     event 2 particle id=4111670982538820667(vp=11|vs=24|p=142|g=0|sp=0)|pdg=gamma|q=0|m=0|p=302.721 failed to simulate with error NavigatorError:3: No start volume could be resolved
19:37:31    FatrasSimula   ERROR     event 2 particle id=2418981227340853237(vp=11|vs=24|p=143|g=0|sp=0)|pdg=gamma|q=0|m=0|p=195.31 failed to simulate with error NavigatorError:3: No start volume could be resolved
19:37:31    FatrasSimula   ERROR     event 2 particle id=7528879456571343963(vp=12|vs=67|p=465|g=0|sp=0)|pdg=gamma|q=0|m=0|p=8.85755 failed to simulate with error NavigatorError:3: No start volume could be resolved
19:37:31    FatrasSimula   ERROR     event 2 particle id=16727626660043997091(vp=12|vs=67|p=466|g=0|sp=0)|pdg=gamma|q=0|m=0|p=17.6244 failed to simulate with error NavigatorError:3: No start volume could be resolved
19:37:31    FatrasSimula   ERROR     event 2 particle id=14058681310725247014(vp=12|vs=68|p=467|g=0|sp=0)|pdg=gamma|q=0|m=0|p=3.18266 failed to simulate with error NavigatorError:3: No start volume could be resolved
19:37:31    FatrasSimula   ERROR     event 2 particle id=11756614410149190747(vp=12|vs=68|p=468|g=0|sp=0)|pdg=gamma|q=0|m=0|p=11.5209 failed to simulate with error NavigatorError:3: No start volume could be resolved
19:37:31    FatrasSimula   ERROR     event 2 particle id=6262412014017659715(vp=13|vs=24|p=236|g=0|sp=0)|pdg=p|q=1|m=0.938272|p=3187.75 failed to simulate with error NavigatorError:3: No start volume could be resolved
19:37:31    FatrasSimula   ERROR     event 2 particle id=8908374647436864766(vp=13|vs=24|p=237|g=0|sp=0)|pdg=pi-|q=-1|m=0.13957|p=357.264 failed to simulate with error NavigatorError:3: No start volume could be resolved
19:37:31    FatrasSimula   ERROR     event 2 particle id=6882382762722886447(vp=15|vs=4|p=42|g=0|sp=0)|pdg=n|q=0|m=0.939565|p=1659.93 failed to simulate with error NavigatorError:3: No start volume could be resolved
19:37:31    FatrasSimula   ERROR     event 2 particle id=13253293784740319322(vp=15|vs=4|p=43|g=0|sp=0)|pdg=pi-|q=-1|m=0.13957|p=208.129 failed to simulate with error NavigatorError:3: No start volume could be resolved
19:37:31    FatrasSimula   ERROR     event 2 particle id=12826434858847053198(vp=15|vs=13|p=83|g=0|sp=0)|pdg=pi+|q=1|m=0.13957|p=309.283 failed to simulate with error NavigatorError:3: No start volume could be resolved
19:37:31    FatrasSimula   ERROR     event 2 particle id=11402622556478861823(vp=15|vs=13|p=84|g=0|sp=0)|pdg=pi-|q=-1|m=0.13957|p=97.9537 failed to simulate with error NavigatorError:3: No start volume could be resolved
19:37:31    FatrasSimula   ERROR     event 2 particle id=1447377089975447933(vp=18|vs=18|p=105|g=0|sp=0)|pdg=gamma|q=0|m=0|p=540.119 failed to simulate with error NavigatorError:3: No start volume could be resolved
19:37:31    FatrasSimula   ERROR     event 2 particle id=4807114398393847974(vp=18|vs=18|p=106|g=0|sp=0)|pdg=gamma|q=0|m=0|p=528.663 failed to simulate with error NavigatorError:3: No start volume could be resolved
19:37:31    FatrasSimula   ERROR     event 2 particle id=6687272612670899312(vp=18|vs=19|p=107|g=0|sp=0)|pdg=gamma|q=0|m=0|p=54.0431 failed to simulate with error NavigatorError:3: No start volume could be resolved
19:37:31    FatrasSimula   ERROR     event 2 particle id=18217792846494440063(vp=18|vs=19|p=108|g=0|sp=0)|pdg=gamma|q=0|m=0|p=989.187 failed to simulate with error NavigatorError:3: No start volume could be resolved
19:37:31    FatrasSimula   ERROR     event 2 particle id=9743623153610468521(vp=19|vs=1|p=1|g=0|sp=0)|pdg=p|q=1|m=0.938272|p=805.643 failed to simulate with error NavigatorError:3: No start volume could be resolved
19:37:31    FatrasSimula   ERROR     event 2 particle id=3326874048523685243(vp=19|vs=1|p=2|g=0|sp=0)|pdg=pi-|q=-1|m=0.13957|p=184.112 failed to simulate with error NavigatorError:3: No start volume could be resolved
19:37:31    FatrasSimula   ERROR     event 2 particle id=4214702198787847495(vp=19|vs=2|p=4|g=0|sp=0)|pdg=n~|q=0|m=0.939565|p=252.871 failed to simulate with error NavigatorError:3: No start volume could be resolved
19:37:31    FatrasSimula   ERROR     event 2 particle id=13185142553508160154(vp=19|vs=3|p=5|g=0|sp=0)|pdg=gamma|q=0|m=0|p=29.6263 failed to simulate with error NavigatorError:3: No start volume could be resolved
19:37:31    FatrasSimula   ERROR     event 2 particle id=14098447021400888456(vp=19|vs=3|p=6|g=0|sp=0)|pdg=gamma|q=0|m=0|p=13.0213 failed to simulate with error NavigatorError:3: No start volume could be resolved
19:37:31    FatrasSimula   ERROR     event 2 particle id=11214735139027519681(vp=19|vs=16|p=94|g=0|sp=0)|pdg=n|q=0|m=0.939565|p=2009.79 failed to simulate with error NavigatorError:3: No start volume could be resolved
19:37:31    FatrasSimula   ERROR     event 2 particle id=2308798541192208186(vp=19|vs=16|p=95|g=0|sp=0)|pdg=pi+|q=1|m=0.13957|p=107.843 failed to simulate with error NavigatorError:3: No start volume could be resolved
19:37:31    FatrasSimula   ERROR     event 2 particle id=1063412929693354396(vp=22|vs=16|p=99|g=0|sp=0)|pdg=pi+|q=1|m=0.13957|p=14.7625 failed to simulate with error NavigatorError:3: No start volume could be resolved
19:37:31    FatrasSimula   ERROR     event 2 particle id=3338569806466575614(vp=22|vs=16|p=100|g=0|sp=0)|pdg=pi-|q=-1|m=0.13957|p=19.0139 failed to simulate with error NavigatorError:3: No start volume could be resolved
19:37:31    FatrasSimula   ERROR     event 2 particle id=16198254869370680456(vp=24|vs=16|p=190|g=0|sp=0)|pdg=p|q=1|m=0.938272|p=89.0345 failed to simulate with error NavigatorError:3: No start volume could be resolved
19:37:31    FatrasSimula   ERROR     event 2 particle id=7397232447389727818(vp=24|vs=16|p=191|g=0|sp=0)|pdg=pi-|q=-1|m=0.13957|p=6.15505 failed to simulate with error NavigatorError:3: No start volume could be resolved
19:37:31    FatrasSimula   ERROR     event 2 particle id=1380975230811529869(vp=24|vs=46|p=472|g=0|sp=0)|pdg=n|q=0|m=0.939565|p=124.936 failed to simulate with error NavigatorError:3: No start volume could be resolved
19:37:31    FatrasSimula   ERROR     event 2 particle id=14558319553906365842(vp=24|vs=46|p=473|g=0|sp=0)|pdg=pi-|q=-1|m=0.13957|p=20.1567 failed to simulate with error NavigatorError:3: No start volume could be resolved
19:37:31    FatrasSimula   ERROR     event 2 particle id=4228781640496659248(vp=24|vs=47|p=475|g=0|sp=0)|pdg=p~|q=-1|m=0.938272|p=257.088 failed to simulate with error NavigatorError:3: No start volume could be resolved
19:37:31    FatrasSimula   ERROR     event 2 particle id=15892584959211101691(vp=24|vs=47|p=476|g=0|sp=0)|pdg=pi+|q=1|m=0.13957|p=66.8439 failed to simulate with error NavigatorError:3: No start volume could be resolved
19:37:31    FatrasSimula   ERROR     event 2 particle id=13193719671363782302(vp=24|vs=53|p=501|g=0|sp=0)|pdg=p~|q=-1|m=0.938272|p=258.197 failed to simulate with error NavigatorError:3: No start volume could be resolved
19:37:31    FatrasSimula   ERROR     event 2 particle id=7045646346629172962(vp=24|vs=53|p=502|g=0|sp=0)|pdg=pi+|q=1|m=0.13957|p=47.9244 failed to simulate with error NavigatorError:3: No start volume could be resolved
19:37:31    FatrasSimula   ERROR     event 2 particle id=12810561637208203525(vp=24|vs=57|p=531|g=0|sp=0)|pdg=gamma|q=0|m=0|p=50.841 failed to simulate with error NavigatorError:3: No start volume could be resolved
19:37:31    FatrasSimula   ERROR     event 2 particle id=7492843724260244976(vp=24|vs=57|p=532|g=0|sp=0)|pdg=gamma|q=0|m=0|p=26.9812 failed to simulate with error NavigatorError:3: No start volume could be resolved
19:37:31    FatrasSimula   ERROR     event 2 particle id=1686699442957971946(vp=24|vs=58|p=533|g=0|sp=0)|pdg=gamma|q=0|m=0|p=5.06946 failed to simulate with error NavigatorError:3: No start volume could be resolved
19:37:31    FatrasSimula   ERROR     event 2 particle id=10824829532417380465(vp=24|vs=58|p=534|g=0|sp=0)|pdg=gamma|q=0|m=0|p=16.8389 failed to simulate with error NavigatorError:3: No start volume could be resolved
19:37:31    FatrasSimula   ERROR     event 2 particle id=13592911417645092848(vp=24|vs=65|p=572|g=0|sp=0)|pdg=p~|q=-1|m=0.938272|p=20.8644 failed to simulate with error NavigatorError:3: No start volume could be resolved
19:37:31    FatrasSimula   ERROR     event 2 particle id=1907194158674906830(vp=24|vs=65|p=573|g=0|sp=0)|pdg=pi+|q=1|m=0.13957|p=2.01017 failed to simulate with error NavigatorError:3: No start volume could be resolved
19:37:31    FatrasSimula   ERROR     event 2 particle id=16837541002028602(vp=24|vs=71|p=636|g=0|sp=0)|pdg=p|q=1|m=0.938272|p=175.217 failed to simulate with error NavigatorError:3: No start volume could be resolved
19:37:31    FatrasSimula   ERROR     event 2 particle id=14851237978337782064(vp=24|vs=71|p=637|g=0|sp=0)|pdg=pi-|q=-1|m=0.13957|p=31.6726 failed to simulate with error NavigatorError:3: No start volume could be resolved
19:37:31    FatrasSimula   ERROR     event 2 particle id=211761824774234851(vp=25|vs=8|p=67|g=0|sp=0)|pdg=pi+|q=1|m=0.13957|p=30.8491 failed to simulate with error NavigatorError:3: No start volume could be resolved
19:37:31    FatrasSimula   ERROR     event 2 particle id=6778856691420285490(vp=25|vs=8|p=68|g=0|sp=0)|pdg=pi-|q=-1|m=0.13957|p=96.5304 failed to simulate with error NavigatorError:3: No start volume could be resolved
19:37:31    FatrasSimula   ERROR     event 2 particle id=4741931756815064935(vp=25|vs=12|p=84|g=0|sp=0)|pdg=p~|q=-1|m=0.938272|p=452.553 failed to simulate with error NavigatorError:3: No start volume could be resolved
19:37:31    FatrasSimula   ERROR     event 2 particle id=12051747590659939625(vp=25|vs=12|p=85|g=0|sp=0)|pdg=pi+|q=1|m=0.13957|p=54.5786 failed to simulate with error NavigatorError:3: No start volume could be resolved
19:37:31    FatrasSimula   ERROR     event 2 particle id=13642464121789498674(vp=26|vs=3|p=23|g=0|sp=0)|pdg=gamma|q=0|m=0|p=11.3051 failed to simulate with error NavigatorError:3: No start volume could be resolved
19:37:31    FatrasSimula   ERROR     event 2 particle id=7531741655799321953(vp=26|vs=3|p=24|g=0|sp=0)|pdg=gamma|q=0|m=0|p=17.012 failed to simulate with error NavigatorError:3: No start volume could be resolved
19:37:31    FatrasSimula   ERROR     event 2 particle id=13969451781867983999(vp=26|vs=4|p=21|g=0|sp=0)|pdg=gamma|q=0|m=0|p=52.7919 failed to simulate with error NavigatorError:3: No start volume could be resolved
19:37:31    FatrasSimula   ERROR     event 2 particle id=9587549388539396360(vp=26|vs=4|p=22|g=0|sp=0)|pdg=gamma|q=0|m=0|p=26.1566 failed to simulate with error NavigatorError:3: No start volume could be resolved
19:37:31    FatrasSimula   ERROR     event 2 particle id=1658306300873563802(vp=29|vs=11|p=95|g=0|sp=0)|pdg=pi+|q=1|m=0.13957|p=65.5393 failed to simulate with error NavigatorError:3: No start volume could be resolved
19:37:31    FatrasSimula   ERROR     event 2 particle id=16302007805550111559(vp=29|vs=11|p=96|g=0|sp=0)|pdg=pi-|q=-1|m=0.13957|p=74.4233 failed to simulate with error NavigatorError:3: No start volume could be resolved
19:37:31    FatrasSimula   ERROR     event 2 particle id=5452401070093937831(vp=31|vs=6|p=29|g=0|sp=0)|pdg=pi+|q=1|m=0.13957|p=17.8066 failed to simulate with error NavigatorError:3: No start volume could be resolved
19:37:31    FatrasSimula   ERROR     event 2 particle id=7272426817828161723(vp=31|vs=6|p=30|g=0|sp=0)|pdg=pi-|q=-1|m=0.13957|p=17.3295 failed to simulate with error NavigatorError:3: No start volume could be resolved
19:37:31    FatrasSimula   ERROR     event 2 particle id=4504319618430834493(vp=33|vs=31|p=234|g=0|sp=0)|pdg=n~|q=0|m=0.939565|p=124.134 failed to simulate with error NavigatorError:3: No start volume could be resolved
19:37:31    FatrasSimula   ERROR     event 2 particle id=8125373051912000181(vp=33|vs=31|p=235|g=0|sp=0)|pdg=pi+|q=1|m=0.13957|p=41.7276 failed to simulate with error NavigatorError:3: No start volume could be resolved
19:37:31    FatrasSimula   ERROR     event 2 particle id=8469272272713841326(vp=33|vs=36|p=253|g=0|sp=0)|pdg=gamma|q=0|m=0|p=24.6778 failed to simulate with error NavigatorError:3: No start volume could be resolved
19:37:31    FatrasSimula   ERROR     event 2 particle id=4464440569757502259(vp=33|vs=36|p=254|g=0|sp=0)|pdg=gamma|q=0|m=0|p=9.57195 failed to simulate with error NavigatorError:3: No start volume could be resolved
19:37:31    FatrasSimula   ERROR     event 2 particle id=16771791680912768710(vp=33|vs=37|p=255|g=0|sp=0)|pdg=gamma|q=0|m=0|p=35.7475 failed to simulate with error NavigatorError:3: No start volume could be resolved
19:37:31    FatrasSimula   ERROR     event 2 particle id=6168411223493072533(vp=33|vs=37|p=256|g=0|sp=0)|pdg=gamma|q=0|m=0|p=50.4692 failed to simulate with error NavigatorError:3: No start volume could be resolved
19:37:31    FatrasSimula   ERROR     event 2 particle id=2518731191712375382(vp=33|vs=77|p=539|g=0|sp=0)|pdg=gamma|q=0|m=0|p=12.3373 failed to simulate with error NavigatorError:3: No start volume could be resolved
19:37:31    FatrasSimula   ERROR     event 2 particle id=3173339028064542844(vp=33|vs=77|p=540|g=0|sp=0)|pdg=gamma|q=0|m=0|p=86.8357 failed to simulate with error NavigatorError:3: No start volume could be resolved
19:37:31    FatrasSimula   ERROR     event 2 particle id=14922450035783418117(vp=33|vs=78|p=541|g=0|sp=0)|pdg=gamma|q=0|m=0|p=21.6352 failed to simulate with error NavigatorError:3: No start volume could be resolved
19:37:31    FatrasSimula   ERROR     event 2 particle id=17171857894039069687(vp=33|vs=78|p=542|g=0|sp=0)|pdg=gamma|q=0|m=0|p=18.433 failed to simulate with error NavigatorError:3: No start volume could be resolved
19:37:31    FatrasSimula   ERROR     event 2 particle id=14809316271906151563(vp=34|vs=25|p=198|g=0|sp=0)|pdg=n|q=0|m=0.939565|p=2423.74 failed to simulate with error NavigatorError:3: No start volume could be resolved
19:37:31    FatrasSimula   ERROR     event 2 particle id=12944765984019493198(vp=34|vs=25|p=199|g=0|sp=0)|pdg=pi+|q=1|m=0.13957|p=402.669 failed to simulate with error NavigatorError:3: No start volume could be resolved
19:37:31    FatrasSimula   ERROR     event 2 particle id=3469431583667725013(vp=41|vs=8|p=82|g=0|sp=0)|pdg=pi+|q=1|m=0.13957|p=192.886 failed to simulate with error NavigatorError:3: No start volume could be resolved
19:37:31    FatrasSimula   ERROR     event 2 particle id=12460669131895550824(vp=41|vs=8|p=83|g=0|sp=0)|pdg=pi-|q=-1|m=0.13957|p=49.85 failed to simulate with error NavigatorError:3: No start volume could be resolved
19:37:31    FatrasSimula   ERROR     event 2 particle id=9439590947306657646(vp=43|vs=8|p=63|g=0|sp=0)|pdg=pi+|q=1|m=0.13957|p=355.552 failed to simulate with error NavigatorError:3: No start volume could be resolved
19:37:31    FatrasSimula   ERROR     event 2 particle id=5518729055658583354(vp=43|vs=8|p=64|g=0|sp=0)|pdg=pi-|q=-1|m=0.13957|p=532.668 failed to simulate with error NavigatorError:3: No start volume could be resolved
19:37:31    FatrasSimula   ERROR     event 2 particle id=7471099808655389352(vp=43|vs=9|p=68|g=0|sp=0)|pdg=p|q=1|m=0.938272|p=614.766 failed to simulate with error NavigatorError:3: No start volume could be resolved
19:37:31    FatrasSimula   ERROR     event 2 particle id=18131697801772662007(vp=43|vs=10|p=69|g=0|sp=0)|pdg=gamma|q=0|m=0|p=294.759 failed to simulate with error NavigatorError:3: No start volume could be resolved
19:37:31    FatrasSimula   ERROR     event 2 particle id=9902390179516741146(vp=43|vs=10|p=70|g=0|sp=0)|pdg=gamma|q=0|m=0|p=8.62143 failed to simulate with error NavigatorError:3: No start volume could be resolved
19:37:31    FatrasSimula   ERROR     event 2 particle id=13011258802240600402(vp=44|vs=18|p=238|g=0|sp=0)|pdg=n|q=0|m=0.939565|p=1145.53 failed to simulate with error NavigatorError:3: No start volume could be resolved
19:37:31    FatrasSimula   ERROR     event 2 particle id=11971663099701075570(vp=44|vs=18|p=239|g=0|sp=0)|pdg=pi-|q=-1|m=0.13957|p=179.326 failed to simulate with error NavigatorError:3: No start volume could be resolved
19:37:31    FatrasSimula   ERROR     event 2 particle id=7914707376200153547(vp=45|vs=7|p=69|g=0|sp=0)|pdg=pi+|q=1|m=0.13957|p=31.2527 failed to simulate with error NavigatorError:3: No start volume could be resolved
19:37:31    FatrasSimula   ERROR     event 2 particle id=6723224961478594937(vp=45|vs=8|p=66|g=0|sp=0)|pdg=n~|q=0|m=0.939565|p=196.028 failed to simulate with error NavigatorError:3: No start volume could be resolved
19:37:31    FatrasSimula   ERROR     event 2 particle id=12472126513852632739(vp=45|vs=9|p=67|g=0|sp=0)|pdg=gamma|q=0|m=0|p=17.0283 failed to simulate with error NavigatorError:3: No start volume could be resolved
19:37:31    FatrasSimula   ERROR     event 2 particle id=6563984381123257669(vp=45|vs=9|p=68|g=0|sp=0)|pdg=gamma|q=0|m=0|p=25.5867 failed to simulate with error NavigatorError:3: No start volume could be resolved
19:37:31    FatrasSimula   ERROR     event 2 particle id=6022926684404159205(vp=49|vs=17|p=134|g=0|sp=0)|pdg=n~|q=0|m=0.939565|p=132.665 failed to simulate with error NavigatorError:3: No start volume could be resolved
19:37:31    FatrasSimula   ERROR     event 2 particle id=965100603434258301(vp=49|vs=17|p=135|g=0|sp=0)|pdg=pi+|q=1|m=0.13957|p=68.0395 failed to simulate with error NavigatorError:3: No start volume could be resolved
19:37:31    Sequencer      INFO      finished event 2
19:37:31    FatrasSimula   ERROR     event 3 particle id=13232372502862151284(vp=1|vs=36|p=366|g=0|sp=0)|pdg=n|q=0|m=0.939565|p=58.3371 failed to simulate with error NavigatorError:3: No start volume could be resolved
19:37:31    FatrasSimula   ERROR     event 3 particle id=16454660089946202846(vp=1|vs=37|p=367|g=0|sp=0)|pdg=gamma|q=0|m=0|p=15.4442 failed to simulate with error NavigatorError:3: No start volume could be resolved
19:37:31    FatrasSimula   ERROR     event 3 particle id=2406292626253059351(vp=1|vs=37|p=368|g=0|sp=0)|pdg=gamma|q=0|m=0|p=2.68109 failed to simulate with error NavigatorError:3: No start volume could be resolved
19:37:31    FatrasSimula   ERROR     event 3 particle id=7049710650216401378(vp=3|vs=7|p=43|g=0|sp=0)|pdg=pi+|q=1|m=0.13957|p=23.1834 failed to simulate with error NavigatorError:3: No start volume could be resolved
19:37:31    FatrasSimula   ERROR     event 3 particle id=3581740827478546452(vp=3|vs=7|p=44|g=0|sp=0)|pdg=pi-|q=-1|m=0.13957|p=26.315 failed to simulate with error NavigatorError:3: No start volume could be resolved
19:37:31    FatrasSimula   ERROR     event 3 particle id=1862205596364341940(vp=3|vs=18|p=121|g=0|sp=0)|pdg=p~|q=-1|m=0.938272|p=31.4149 failed to simulate with error NavigatorError:3: No start volume could be resolved
19:37:31    FatrasSimula   ERROR     event 3 particle id=1908342391789472361(vp=3|vs=18|p=122|g=0|sp=0)|pdg=pi+|q=1|m=0.13957|p=8.72868 failed to simulate with error NavigatorError:3: No start volume could be resolved
19:37:31    FatrasSimula   ERROR     event 3 particle id=5643066515539861167(vp=3|vs=52|p=410|g=0|sp=0)|pdg=gamma|q=0|m=0|p=38.342 failed to simulate with error NavigatorError:3: No start volume could be resolved
19:37:31    FatrasSimula   ERROR     event 3 particle id=17890141365630034126(vp=3|vs=52|p=411|g=0|sp=0)|pdg=gamma|q=0|m=0|p=68.1105 failed to simulate with error NavigatorError:3: No start volume could be resolved
19:37:31    FatrasSimula   ERROR     event 3 particle id=9686311258760125668(vp=3|vs=53|p=412|g=0|sp=0)|pdg=gamma|q=0|m=0|p=7.09296 failed to simulate with error NavigatorError:3: No start volume could be resolved
19:37:31    FatrasSimula   ERROR     event 3 particle id=4079216294181683859(vp=3|vs=53|p=413|g=0|sp=0)|pdg=gamma|q=0|m=0|p=12.6755 failed to simulate with error NavigatorError:3: No start volume could be resolved
19:37:31    FatrasSimula   ERROR     event 3 particle id=584189763464215933(vp=6|vs=20|p=119|g=0|sp=0)|pdg=gamma|q=0|m=0|p=130.664 failed to simulate with error NavigatorError:3: No start volume could be resolved
19:37:31    FatrasSimula   ERROR     event 3 particle id=8903469949288647283(vp=6|vs=20|p=120|g=0|sp=0)|pdg=gamma|q=0|m=0|p=167.382 failed to simulate with error NavigatorError:3: No start volume could be resolved
19:37:31    FatrasSimula   ERROR     event 3 particle id=17872204640721224836(vp=6|vs=21|p=121|g=0|sp=0)|pdg=gamma|q=0|m=0|p=87.3024 failed to simulate with error NavigatorError:3: No start volume could be resolved
19:37:31    FatrasSimula   ERROR     event 3 particle id=8456326420024919230(vp=6|vs=21|p=122|g=0|sp=0)|pdg=gamma|q=0|m=0|p=32.803 failed to simulate with error NavigatorError:3: No start volume could be resolved
19:37:31    FatrasSimula   ERROR     event 3 particle id=8527514182250846062(vp=6|vs=24|p=128|g=0|sp=0)|pdg=pi+|q=1|m=0.13957|p=129.862 failed to simulate with error NavigatorError:3: No start volume could be resolved
19:37:31    FatrasSimula   ERROR     event 3 particle id=13575402191564939595(vp=6|vs=24|p=129|g=0|sp=0)|pdg=pi-|q=-1|m=0.13957|p=90.8331 failed to simulate with error NavigatorError:3: No start volume could be resolved
19:37:31    FatrasSimula   ERROR     event 3 particle id=17561267148628745261(vp=7|vs=46|p=499|g=0|sp=0)|pdg=p|q=1|m=0.938272|p=312.221 failed to simulate with error NavigatorError:3: No start volume could be resolved
19:37:31    FatrasSimula   ERROR     event 3 particle id=16940985966882279007(vp=7|vs=46|p=500|g=0|sp=0)|pdg=pi-|q=-1|m=0.13957|p=24.0839 failed to simulate with error NavigatorError:3: No start volume could be resolved
19:37:31    FatrasSimula   ERROR     event 3 particle id=4435217218322546226(vp=7|vs=47|p=502|g=0|sp=0)|pdg=p~|q=-1|m=0.938272|p=162.383 failed to simulate with error NavigatorError:3: No start volume could be resolved
19:37:31    FatrasSimula   ERROR     event 3 particle id=5950950160401902166(vp=7|vs=47|p=503|g=0|sp=0)|pdg=pi+|q=1|m=0.13957|p=23.5771 failed to simulate with error NavigatorError:3: No start volume could be resolved
19:37:31    FatrasSimula   ERROR     event 3 particle id=8004951399369816289(vp=8|vs=6|p=67|g=0|sp=0)|pdg=p|q=1|m=0.938272|p=23.6425 failed to simulate with error NavigatorError:3: No start volume could be resolved
19:37:31    FatrasSimula   ERROR     event 3 particle id=15806329442929635476(vp=8|vs=6|p=68|g=0|sp=0)|pdg=pi-|q=-1|m=0.13957|p=4.09004 failed to simulate with error NavigatorError:3: No start volume could be resolved
19:37:31    FatrasSimula   ERROR     event 3 particle id=14272295134587793993(vp=8|vs=7|p=70|g=0|sp=0)|pdg=p~|q=-1|m=0.938272|p=28.5101 failed to simulate with error NavigatorError:3: No start volume could be resolved
19:37:31    FatrasSimula   ERROR     event 3 particle id=11256464094085980041(vp=8|vs=7|p=71|g=0|sp=0)|pdg=pi+|q=1|m=0.13957|p=8.65095 failed to simulate with error NavigatorError:3: No start volume could be resolved
19:37:31    FatrasSimula   ERROR     event 3 particle id=8410642609307909139(vp=10|vs=8|p=29|g=0|sp=0)|pdg=n|q=0|m=0.939565|p=113.725 failed to simulate with error NavigatorError:3: No start volume could be resolved
19:37:31    FatrasSimula   ERROR     event 3 particle id=13273781862578099822(vp=10|vs=8|p=30|g=0|sp=0)|pdg=pi-|q=-1|m=0.13957|p=12.5544 failed to simulate with error NavigatorError:3: No start volume could be resolved
19:37:31    FatrasSimula   ERROR     event 3 particle id=9149946661460514269(vp=10|vs=9|p=31|g=0|sp=0)|pdg=p~|q=-1|m=0.938272|p=234.064 failed to simulate with error NavigatorError:3: No start volume could be resolved
19:37:31    FatrasSimula   ERROR     event 3 particle id=18220811408287043130(vp=10|vs=9|p=32|g=0|sp=0)|pdg=pi+|q=1|m=0.13957|p=33.3306 failed to simulate with error NavigatorError:3: No start volume could be resolved
19:37:31    FatrasSimula   ERROR     event 3 particle id=12019727829866958123(vp=11|vs=3|p=9|g=0|sp=0)|pdg=pi-|q=-1|m=0.13957|p=26.1872 failed to simulate with error NavigatorError:3: No start volume could be resolved
19:37:31    FatrasSimula   ERROR     event 3 particle id=11676039804132711287(vp=11|vs=4|p=7|g=0|sp=0)|pdg=p|q=1|m=0.938272|p=139.001 failed to simulate with error NavigatorError:3: No start volume could be resolved
19:37:31    FatrasSimula   ERROR     event 3 particle id=10518843909896925539(vp=11|vs=4|p=8|g=0|sp=0)|pdg=pi-|q=-1|m=0.13957|p=13.8497 failed to simulate with error NavigatorError:3: No start volume could be resolved
19:37:31    FatrasSimula   ERROR     event 3 particle id=305268249340505014(vp=15|vs=31|p=253|g=0|sp=0)|pdg=p|q=1|m=0.938272|p=16.9925 failed to simulate with error NavigatorError:3: No start volume could be resolved
19:37:31    FatrasSimula   ERROR     event 3 particle id=261990896021243853(vp=15|vs=31|p=254|g=0|sp=0)|pdg=pi-|q=-1|m=0.13957|p=4.4501 failed to simulate with error NavigatorError:3: No start volume could be resolved
19:37:31    FatrasSimula   ERROR     event 3 particle id=17429160333618542066(vp=15|vs=37|p=297|g=0|sp=0)|pdg=pi+|q=1|m=0.13957|p=67.4736 failed to simulate with error NavigatorError:3: No start volume could be resolved
19:37:31    FatrasSimula   ERROR     event 3 particle id=14241263973198438384(vp=15|vs=37|p=298|g=0|sp=0)|pdg=pi-|q=-1|m=0.13957|p=41.3899 failed to simulate with error NavigatorError:3: No start volume could be resolved
19:37:31    FatrasSimula   ERROR     event 3 particle id=18255504065162243199(vp=15|vs=47|p=413|g=0|sp=0)|pdg=n|q=0|m=0.939565|p=1006.62 failed to simulate with error NavigatorError:3: No start volume could be resolved
19:37:31    FatrasSimula   ERROR     event 3 particle id=16074491034103605168(vp=15|vs=47|p=414|g=0|sp=0)|pdg=pi-|q=-1|m=0.13957|p=191.549 failed to simulate with error NavigatorError:3: No start volume could be resolved
19:37:31    FatrasSimula   ERROR     event 3 particle id=939449521685625758(vp=15|vs=74|p=633|g=0|sp=0)|pdg=pi+|q=1|m=0.13957|p=24.9655 failed to simulate with error NavigatorError:3: No start volume could be resolved
19:37:31    FatrasSimula   ERROR     event 3 particle id=9120853377869971196(vp=15|vs=74|p=634|g=0|sp=0)|pdg=pi-|q=-1|m=0.13957|p=9.059 failed to simulate with error NavigatorError:3: No start volume could be resolved
19:37:31    FatrasSimula   ERROR     event 3 particle id=13431262640382474469(vp=16|vs=10|p=46|g=0|sp=0)|pdg=pi+|q=1|m=0.13957|p=1695.84 failed to simulate with error NavigatorError:3: No start volume could be resolved
19:37:31    FatrasSimula   ERROR     event 3 particle id=3935687046681639454(vp=16|vs=10|p=47|g=0|sp=0)|pdg=pi-|q=-1|m=0.13957|p=709.921 failed to simulate with error NavigatorError:3: No start volume could be resolved
19:37:31    FatrasSimula   ERROR     event 3 particle id=15267492999361703109(vp=17|vs=16|p=197|g=0|sp=0)|pdg=n|q=0|m=0.939565|p=184.655 failed to simulate with error NavigatorError:3: No start volume could be resolved
19:37:31    FatrasSimula   ERROR     event 3 particle id=1413855931675723479(vp=17|vs=16|p=198|g=0|sp=0)|pdg=pi-|q=-1|m=0.13957|p=7.61872 failed to simulate with error NavigatorError:3: No start volume could be resolved
19:37:31    FatrasSimula   ERROR     event 3 particle id=10998811397139806395(vp=18|vs=12|p=111|g=0|sp=0)|pdg=n~|q=0|m=0.939565|p=589.193 failed to simulate with error NavigatorError:3: No start volume could be resolved
19:37:31    FatrasSimula   ERROR     event 3 particle id=3324932165117006550(vp=18|vs=13|p=112|g=0|sp=0)|pdg=gamma|q=0|m=0|p=50.934 failed to simulate with error NavigatorError:3: No start volume could be resolved
19:37:31    FatrasSimula   ERROR     event 3 particle id=4388700109361549494(vp=18|vs=13|p=113|g=0|sp=0)|pdg=gamma|q=0|m=0|p=85.3042 failed to simulate with error NavigatorError:3: No start volume could be resolved
19:37:31    FatrasSimula   ERROR     event 3 particle id=1609757691478085341(vp=18|vs=14|p=114|g=0|sp=0)|pdg=n|q=0|m=0.939565|p=2277.05 failed to simulate with error NavigatorError:3: No start volume could be resolved
19:37:31    FatrasSimula   ERROR     event 3 particle id=17727718559122438052(vp=18|vs=15|p=115|g=0|sp=0)|pdg=gamma|q=0|m=0|p=83.7993 failed to simulate with error NavigatorError:3: No start volume could be resolved
19:37:31    FatrasSimula   ERROR     event 3 particle id=4555072672370079905(vp=18|vs=15|p=116|g=0|sp=0)|pdg=gamma|q=0|m=0|p=192.579 failed to simulate with error NavigatorError:3: No start volume could be resolved
19:37:31    FatrasSimula   ERROR     event 3 particle id=14642942920989764579(vp=23|vs=8|p=85|g=0|sp=0)|pdg=pi+|q=1|m=0.13957|p=25.3233 failed to simulate with error NavigatorError:3: No start volume could be resolved
19:37:31    FatrasSimula   ERROR     event 3 particle id=471419829573065102(vp=23|vs=8|p=86|g=0|sp=0)|pdg=pi-|q=-1|m=0.13957|p=24.7888 failed to simulate with error NavigatorError:3: No start volume could be resolved
19:37:31    FatrasSimula   ERROR     event 3 particle id=10058016619338317721(vp=23|vs=18|p=140|g=0|sp=0)|pdg=pi+|q=1|m=0.13957|p=32.9642 failed to simulate with error NavigatorError:3: No start volume could be resolved
19:37:31    FatrasSimula   ERROR     event 3 particle id=16947107169097902088(vp=23|vs=18|p=141|g=0|sp=0)|pdg=pi-|q=-1|m=0.13957|p=13.3311 failed to simulate with error NavigatorError:3: No start volume could be resolved
19:37:31    FatrasSimula   ERROR     event 3 particle id=15245390805979037517(vp=23|vs=21|p=145|g=0|sp=0)|pdg=n|q=0|m=0.939565|p=126.247 failed to simulate with error NavigatorError:3: No start volume could be resolved
19:37:31    FatrasSimula   ERROR     event 3 particle id=6050886929077581669(vp=23|vs=22|p=146|g=0|sp=0)|pdg=gamma|q=0|m=0|p=9.30518 failed to simulate with error NavigatorError:3: No start volume could be resolved
19:37:31    FatrasSimula   ERROR     event 3 particle id=10883371341193930235(vp=23|vs=22|p=147|g=0|sp=0)|pdg=gamma|q=0|m=0|p=12.2246 failed to simulate with error NavigatorError:3: No start volume could be resolved
19:37:31    FatrasSimula   ERROR     event 3 particle id=15653205705015961980(vp=23|vs=23|p=148|g=0|sp=0)|pdg=gamma|q=0|m=0|p=18.6907 failed to simulate with error NavigatorError:3: No start volume could be resolved
19:37:31    FatrasSimula   ERROR     event 3 particle id=13129722777901127787(vp=23|vs=23|p=149|g=0|sp=0)|pdg=gamma|q=0|m=0|p=0.748264 failed to simulate with error NavigatorError:3: No start volume could be resolved
19:37:31    FatrasSimula   ERROR     event 3 particle id=14315484019247672094(vp=23|vs=28|p=158|g=0|sp=0)|pdg=p~|q=-1|m=0.938272|p=50.6115 failed to simulate with error NavigatorError:3: No start volume could be resolved
19:37:31    FatrasSimula   ERROR     event 3 particle id=7324520242577259510(vp=23|vs=28|p=159|g=0|sp=0)|pdg=pi+|q=1|m=0.13957|p=12.3968 failed to simulate with error NavigatorError:3: No start volume could be resolved
19:37:31    FatrasSimula   ERROR     event 3 particle id=1942737091828205267(vp=23|vs=52|p=353|g=0|sp=0)|pdg=n|q=0|m=0.939565|p=197.988 failed to simulate with error NavigatorError:3: No start volume could be resolved
19:37:31    FatrasSimula   ERROR     event 3 particle id=7422690149660359888(vp=23|vs=52|p=354|g=0|sp=0)|pdg=pi-|q=-1|m=0.13957|p=45.0218 failed to simulate with error NavigatorError:3: No start volume could be resolved
19:37:31    FatrasSimula   ERROR     event 3 particle id=184795324433404578(vp=23|vs=53|p=358|g=0|sp=0)|pdg=pi+|q=1|m=0.13957|p=5.74805 failed to simulate with error NavigatorError:3: No start volume could be resolved
19:37:31    FatrasSimula   ERROR     event 3 particle id=13732296683005471830(vp=23|vs=54|p=355|g=0|sp=0)|pdg=n~|q=0|m=0.939565|p=36.9378 failed to simulate with error NavigatorError:3: No start volume could be resolved
19:37:31    FatrasSimula   ERROR     event 3 particle id=5889737881422824478(vp=23|vs=55|p=356|g=0|sp=0)|pdg=gamma|q=0|m=0|p=4.15498 failed to simulate with error NavigatorError:3: No start volume could be resolved
19:37:31    FatrasSimula   ERROR     event 3 particle id=11722978802123305729(vp=23|vs=55|p=357|g=0|sp=0)|pdg=gamma|q=0|m=0|p=4.98749 failed to simulate with error NavigatorError:3: No start volume could be resolved
19:37:31    FatrasSimula   ERROR     event 3 particle id=16521783008304790909(vp=25|vs=30|p=258|g=0|sp=0)|pdg=pi+|q=1|m=0.13957|p=1219.95 failed to simulate with error NavigatorError:3: No start volume could be resolved
19:37:31    FatrasSimula   ERROR     event 3 particle id=15050670462883114449(vp=25|vs=30|p=259|g=0|sp=0)|pdg=pi-|q=-1|m=0.13957|p=431.811 failed to simulate with error NavigatorError:3: No start volume could be resolved
19:37:31    FatrasSimula   ERROR     event 3 particle id=6830654783194888852(vp=27|vs=11|p=108|g=0|sp=0)|pdg=pi+|q=1|m=0.13957|p=18.289 failed to simulate with error NavigatorError:3: No start volume could be resolved
19:37:31    FatrasSimula   ERROR     event 3 particle id=16797102527804836682(vp=27|vs=11|p=109|g=0|sp=0)|pdg=pi-|q=-1|m=0.13957|p=63.8693 failed to simulate with error NavigatorError:3: No start volume could be resolved
19:37:31    FatrasSimula   ERROR     event 3 particle id=8698416033156284451(vp=28|vs=24|p=169|g=0|sp=0)|pdg=pi+|q=1|m=0.13957|p=25.227 failed to simulate with error NavigatorError:3: No start volume could be resolved
19:37:31    FatrasSimula   ERROR     event 3 particle id=7506424135144732016(vp=28|vs=24|p=170|g=0|sp=0)|pdg=pi-|q=-1|m=0.13957|p=64.6998 failed to simulate with error NavigatorError:3: No start volume could be resolved
19:37:31    FatrasSimula   ERROR     event 3 particle id=9083778931935544319(vp=28|vs=30|p=233|g=0|sp=0)|pdg=gamma|q=0|m=0|p=14.9142 failed to simulate with error NavigatorError:3: No start volume could be resolved
19:37:31    FatrasSimula   ERROR     event 3 particle id=14284777717932838660(vp=28|vs=30|p=234|g=0|sp=0)|pdg=gamma|q=0|m=0|p=56.8327 failed to simulate with error NavigatorError:3: No start volume could be resolved
19:37:31    FatrasSimula   ERROR     event 3 particle id=7956837072607073305(vp=28|vs=31|p=235|g=0|sp=0)|pdg=gamma|q=0|m=0|p=22.6467 failed to simulate with error NavigatorError:3: No start volume could be resolved
19:37:31    FatrasSimula   ERROR     event 3 particle id=4070145819661219445(vp=28|vs=31|p=236|g=0|sp=0)|pdg=gamma|q=0|m=0|p=87.1217 failed to simulate with error NavigatorError:3: No start volume could be resolved
19:37:31    FatrasSimula   ERROR     event 3 particle id=13202409055777776232(vp=28|vs=33|p=239|g=0|sp=0)|pdg=gamma|q=0|m=0|p=17.844 failed to simulate with error NavigatorError:3: No start volume could be resolved
19:37:31    FatrasSimula   ERROR     event 3 particle id=8421149457779580336(vp=28|vs=33|p=240|g=0|sp=0)|pdg=gamma|q=0|m=0|p=42.064 failed to simulate with error NavigatorError:3: No start volume could be resolved
19:37:31    FatrasSimula   ERROR     event 3 particle id=17544697597333439041(vp=28|vs=34|p=241|g=0|sp=0)|pdg=gamma|q=0|m=0|p=144.517 failed to simulate with error NavigatorError:3: No start volume could be resolved
19:37:31    FatrasSimula   ERROR     event 3 particle id=15190783822851094337(vp=28|vs=34|p=242|g=0|sp=0)|pdg=gamma|q=0|m=0|p=219.175 failed to simulate with error NavigatorError:3: No start volume could be resolved
19:37:31    FatrasSimula   ERROR     event 3 particle id=8543762417694510778(vp=28|vs=37|p=253|g=0|sp=0)|pdg=p|q=1|m=0.938272|p=573.362 failed to simulate with error NavigatorError:3: No start volume could be resolved
19:37:31    FatrasSimula   ERROR     event 3 particle id=3684829343432892179(vp=28|vs=37|p=254|g=0|sp=0)|pdg=pi-|q=-1|m=0.13957|p=53.1621 failed to simulate with error NavigatorError:3: No start volume could be resolved
19:37:31    FatrasSimula   ERROR     event 3 particle id=8537238020747210363(vp=28|vs=47|p=288|g=0|sp=0)|pdg=pi+|q=1|m=0.13957|p=36.9 failed to simulate with error NavigatorError:3: No start volume could be resolved
19:37:31    FatrasSimula   ERROR     event 3 particle id=7443130575964304522(vp=28|vs=47|p=289|g=0|sp=0)|pdg=pi-|q=-1|m=0.13957|p=166.367 failed to simulate with error NavigatorError:3: No start volume could be resolved
19:37:31    FatrasSimula   ERROR     event 3 particle id=9189282590060326821(vp=30|vs=20|p=158|g=0|sp=0)|pdg=pi+|q=1|m=0.13957|p=1223.06 failed to simulate with error NavigatorError:3: No start volume could be resolved
19:37:31    FatrasSimula   ERROR     event 3 particle id=1229256560746403094(vp=30|vs=20|p=159|g=0|sp=0)|pdg=pi-|q=-1|m=0.13957|p=366.764 failed to simulate with error NavigatorError:3: No start volume could be resolved
19:37:31    FatrasSimula   ERROR     event 3 particle id=16945045328225329365(vp=31|vs=2|p=29|g=0|sp=0)|pdg=pi+|q=1|m=0.13957|p=95.884 failed to simulate with error NavigatorError:3: No start volume could be resolved
19:37:31    FatrasSimula   ERROR     event 3 particle id=18399679223288292254(vp=31|vs=2|p=30|g=0|sp=0)|pdg=pi-|q=-1|m=0.13957|p=20.5238 failed to simulate with error NavigatorError:3: No start volume could be resolved
19:37:31    FatrasSimula   ERROR     event 3 particle id=12216800792768626308(vp=31|vs=4|p=32|g=0|sp=0)|pdg=pi+|q=1|m=0.13957|p=441.039 failed to simulate with error NavigatorError:3: No start volume could be resolved
19:37:31    FatrasSimula   ERROR     event 3 particle id=17983793448960684584(vp=31|vs=4|p=33|g=0|sp=0)|pdg=pi-|q=-1|m=0.13957|p=62.1474 failed to simulate with error NavigatorError:3: No start volume could be resolved
19:37:31    FatrasSimula   ERROR     event 3 particle id=2505130462285622728(vp=32|vs=23|p=172|g=0|sp=0)|pdg=gamma|q=0|m=0|p=124.218 failed to simulate with error NavigatorError:3: No start volume could be resolved
19:37:31    FatrasSimula   ERROR     event 3 particle id=13694957413601182678(vp=32|vs=23|p=173|g=0|sp=0)|pdg=gamma|q=0|m=0|p=110.963 failed to simulate with error NavigatorError:3: No start volume could be resolved
19:37:31    FatrasSimula   ERROR     event 3 particle id=4878777769215296127(vp=32|vs=24|p=174|g=0|sp=0)|pdg=gamma|q=0|m=0|p=16.8837 failed to simulate with error NavigatorError:3: No start volume could be resolved
19:37:31    FatrasSimula   ERROR     event 3 particle id=10063172025994232566(vp=32|vs=24|p=175|g=0|sp=0)|pdg=gamma|q=0|m=0|p=90.3962 failed to simulate with error NavigatorError:3: No start volume could be resolved
19:37:31    FatrasSimula   ERROR     event 3 particle id=14884996989151447902(vp=32|vs=39|p=298|g=0|sp=0)|pdg=n|q=0|m=0.939565|p=742.928 failed to simulate with error NavigatorError:3: No start volume could be resolved
19:37:31    FatrasSimula   ERROR     event 3 particle id=6530673206209422859(vp=32|vs=40|p=299|g=0|sp=0)|pdg=gamma|q=0|m=0|p=183.36 failed to simulate with error NavigatorError:3: No start volume could be resolved
19:37:31    FatrasSimula   ERROR     event 3 particle id=15431616483117364826(vp=32|vs=40|p=300|g=0|sp=0)|pdg=gamma|q=0|m=0|p=8.70391 failed to simulate with error NavigatorError:3: No start volume could be resolved
19:37:31    FatrasSimula   ERROR     event 3 particle id=15424005899777759273(vp=32|vs=44|p=339|g=0|sp=0)|pdg=p|q=1|m=0.938272|p=73.5636 failed to simulate with error NavigatorError:3: No start volume could be resolved
19:37:31    FatrasSimula   ERROR     event 3 particle id=7772195592859726774(vp=32|vs=44|p=340|g=0|sp=0)|pdg=pi-|q=-1|m=0.13957|p=10.231 failed to simulate with error NavigatorError:3: No start volume could be resolved
19:37:31    FatrasSimula   ERROR     event 3 particle id=9420344401990105107(vp=33|vs=7|p=68|g=0|sp=0)|pdg=pi+|q=1|m=0.13957|p=64.3064 failed to simulate with error NavigatorError:3: No start volume could be resolved
19:37:31    FatrasSimula   ERROR     event 3 particle id=8133986515791810227(vp=33|vs=7|p=69|g=0|sp=0)|pdg=pi-|q=-1|m=0.13957|p=43.182 failed to simulate with error NavigatorError:3: No start volume could be resolved
19:37:31    FatrasSimula   ERROR     event 3 particle id=3795893186385037997(vp=34|vs=19|p=166|g=0|sp=0)|pdg=pi+|q=1|m=0.13957|p=51.9293 failed to simulate with error NavigatorError:3: No start volume could be resolved
19:37:31    FatrasSimula   ERROR     event 3 particle id=15226606624402571744(vp=34|vs=19|p=167|g=0|sp=0)|pdg=pi-|q=-1|m=0.13957|p=10.4484 failed to simulate with error NavigatorError:3: No start volume could be resolved
19:37:31    FatrasSimula   ERROR     event 3 particle id=15071389426628281890(vp=35|vs=8|p=54|g=0|sp=0)|pdg=p|q=1|m=0.938272|p=28.6582 failed to simulate with error NavigatorError:3: No start volume could be resolved
19:37:31    FatrasSimula   ERROR     event 3 particle id=18240779571295215470(vp=35|vs=8|p=55|g=0|sp=0)|pdg=pi-|q=-1|m=0.13957|p=6.85679 failed to simulate with error NavigatorError:3: No start volume could be resolved
19:37:31    FatrasSimula   ERROR     event 3 particle id=8337269569468817880(vp=35|vs=9|p=62|g=0|sp=0)|pdg=p~|q=-1|m=0.938272|p=48.4531 failed to simulate with error NavigatorError:3: No start volume could be resolved
19:37:31    FatrasSimula   ERROR     event 3 particle id=9577517101367470786(vp=35|vs=9|p=63|g=0|sp=0)|pdg=pi+|q=1|m=0.13957|p=8.93887 failed to simulate with error NavigatorError:3: No start volume could be resolved
19:37:31    FatrasSimula   ERROR     event 3 particle id=2569912116286336696(vp=35|vs=21|p=223|g=0|sp=0)|pdg=pi+|q=1|m=0.13957|p=11.2974 failed to simulate with error NavigatorError:3: No start volume could be resolved
19:37:31    FatrasSimula   ERROR     event 3 particle id=17785394018687502595(vp=35|vs=21|p=224|g=0|sp=0)|pdg=pi-|q=-1|m=0.13957|p=91.0762 failed to simulate with error NavigatorError:3: No start volume could be resolved
19:37:31    FatrasSimula   ERROR     event 3 particle id=17768115640848934035(vp=35|vs=25|p=234|g=0|sp=0)|pdg=p~|q=-1|m=0.938272|p=471.972 failed to simulate with error NavigatorError:3: No start volume could be resolved
19:37:31    FatrasSimula   ERROR     event 3 particle id=7990982013837707700(vp=35|vs=25|p=235|g=0|sp=0)|pdg=pi+|q=1|m=0.13957|p=67.5782 failed to simulate with error NavigatorError:3: No start volume could be resolved
19:37:31    FatrasSimula   ERROR     event 3 particle id=12885848738303474177(vp=35|vs=38|p=294|g=0|sp=0)|pdg=gamma|q=0|m=0|p=112.198 failed to simulate with error NavigatorError:3: No start volume could be resolved
19:37:31    FatrasSimula   ERROR     event 3 particle id=12276086040552583084(vp=35|vs=38|p=295|g=0|sp=0)|pdg=gamma|q=0|m=0|p=34.9254 failed to simulate with error NavigatorError:3: No start volume could be resolved
19:37:31    FatrasSimula   ERROR     event 3 particle id=15358407016461098201(vp=35|vs=39|p=296|g=0|sp=0)|pdg=gamma|q=0|m=0|p=12.4619 failed to simulate with error NavigatorError:3: No start volume could be resolved
19:37:31    FatrasSimula   ERROR     event 3 particle id=1516389806803850325(vp=35|vs=39|p=297|g=0|sp=0)|pdg=gamma|q=0|m=0|p=4.17369 failed to simulate with error NavigatorError:3: No start volume could be resolved
19:37:31    FatrasSimula   ERROR     event 3 particle id=1430679768325601028(vp=36|vs=7|p=60|g=0|sp=0)|pdg=pi+|q=1|m=0.13957|p=83.6766 failed to simulate with error NavigatorError:3: No start volume could be resolved
19:37:31    FatrasSimula   ERROR     event 3 particle id=13298604519227052229(vp=36|vs=7|p=61|g=0|sp=0)|pdg=pi-|q=-1|m=0.13957|p=30.3227 failed to simulate with error NavigatorError:3: No start volume could be resolved
19:37:31    FatrasSimula   ERROR     event 3 particle id=3383354405217144860(vp=38|vs=52|p=360|g=0|sp=0)|pdg=gamma|q=0|m=0|p=5.49073 failed to simulate with error NavigatorError:3: No start volume could be resolved
19:37:31    FatrasSimula   ERROR     event 3 particle id=5759180024197227392(vp=38|vs=52|p=361|g=0|sp=0)|pdg=gamma|q=0|m=0|p=34.1792 failed to simulate with error NavigatorError:3: No start volume could be resolved
19:37:31    FatrasSimula   ERROR     event 3 particle id=17830965904128696029(vp=38|vs=53|p=362|g=0|sp=0)|pdg=gamma|q=0|m=0|p=19.4581 failed to simulate with error NavigatorError:3: No start volume could be resolved
19:37:31    FatrasSimula   ERROR     event 3 particle id=7015752974283778695(vp=38|vs=53|p=363|g=0|sp=0)|pdg=gamma|q=0|m=0|p=141.228 failed to simulate with error NavigatorError:3: No start volume could be resolved
19:37:31    FatrasSimula   ERROR     event 3 particle id=14556129391103292522(vp=41|vs=2|p=10|g=0|sp=0)|pdg=pi+|q=1|m=0.13957|p=65.7971 failed to simulate with error NavigatorError:3: No start volume could be resolved
19:37:31    FatrasSimula   ERROR     event 3 particle id=1247791860337039377(vp=41|vs=2|p=11|g=0|sp=0)|pdg=pi-|q=-1|m=0.13957|p=154.472 failed to simulate with error NavigatorError:3: No start volume could be resolved
19:37:31    FatrasSimula   ERROR     event 3 particle id=6994825000582483241(vp=41|vs=4|p=16|g=0|sp=0)|pdg=pi+|q=1|m=0.13957|p=92.3627 failed to simulate with error NavigatorError:3: No start volume could be resolved
19:37:31    FatrasSimula   ERROR     event 3 particle id=12588895843444426105(vp=41|vs=4|p=17|g=0|sp=0)|pdg=pi-|q=-1|m=0.13957|p=127.961 failed to simulate with error NavigatorError:3: No start volume could be resolved
19:37:31    FatrasSimula   ERROR     event 3 particle id=17298155865466778323(vp=43|vs=13|p=71|g=0|sp=0)|pdg=gamma|q=0|m=0|p=38.065 failed to simulate with error NavigatorError:3: No start volume could be resolved
19:37:31    FatrasSimula   ERROR     event 3 particle id=3439061001385082381(vp=43|vs=13|p=72|g=0|sp=0)|pdg=gamma|q=0|m=0|p=25.0626 failed to simulate with error NavigatorError:3: No start volume could be resolved
19:37:31    FatrasSimula   ERROR     event 3 particle id=5807383269747144072(vp=43|vs=14|p=73|g=0|sp=0)|pdg=gamma|q=0|m=0|p=99.2465 failed to simulate with error NavigatorError:3: No start volume could be resolved
19:37:31    FatrasSimula   ERROR     event 3 particle id=10195385909117804771(vp=43|vs=14|p=74|g=0|sp=0)|pdg=gamma|q=0|m=0|p=36.4316 failed to simulate with error NavigatorError:3: No start volume could be resolved
19:37:31    FatrasSimula   ERROR     event 3 particle id=14915076189026110534(vp=43|vs=24|p=169|g=0|sp=0)|pdg=n~|q=0|m=0.939565|p=517.269 failed to simulate with error NavigatorError:3: No start volume could be resolved
19:37:31    FatrasSimula   ERROR     event 3 particle id=2200511033650093187(vp=43|vs=25|p=170|g=0|sp=0)|pdg=gamma|q=0|m=0|p=28.2246 failed to simulate with error NavigatorError:3: No start volume could be resolved
19:37:31    FatrasSimula   ERROR     event 3 particle id=8763790538596891286(vp=43|vs=25|p=171|g=0|sp=0)|pdg=gamma|q=0|m=0|p=23.8094 failed to simulate with error NavigatorError:3: No start volume could be resolved
19:37:31    FatrasSimula   ERROR     event 3 particle id=10291318699113315178(vp=43|vs=40|p=222|g=0|sp=0)|pdg=gamma|q=0|m=0|p=4.15383 failed to simulate with error NavigatorError:3: No start volume could be resolved
19:37:31    FatrasSimula   ERROR     event 3 particle id=9416947946173404719(vp=43|vs=40|p=223|g=0|sp=0)|pdg=gamma|q=0|m=0|p=98.0924 failed to simulate with error NavigatorError:3: No start volume could be resolved
19:37:31    FatrasSimula   ERROR     event 3 particle id=6137237770630859671(vp=43|vs=41|p=224|g=0|sp=0)|pdg=gamma|q=0|m=0|p=36.0118 failed to simulate with error NavigatorError:3: No start volume could be resolved
19:37:31    FatrasSimula   ERROR     event 3 particle id=1734831564556672424(vp=43|vs=41|p=225|g=0|sp=0)|pdg=gamma|q=0|m=0|p=31.9834 failed to simulate with error NavigatorError:3: No start volume could be resolved
19:37:31    FatrasSimula   ERROR     event 3 particle id=17583821615628329540(vp=44|vs=3|p=32|g=0|sp=0)|pdg=p~|q=-1|m=0.938272|p=138.998 failed to simulate with error NavigatorError:3: No start volume could be resolved
19:37:31    FatrasSimula   ERROR     event 3 particle id=9100016666804719337(vp=44|vs=3|p=33|g=0|sp=0)|pdg=pi+|q=1|m=0.13957|p=38.5935 failed to simulate with error NavigatorError:3: No start volume could be resolved
19:37:31    FatrasSimula   ERROR     event 3 particle id=14873915641006738927(vp=44|vs=6|p=61|g=0|sp=0)|pdg=n~|q=0|m=0.939565|p=83.8425 failed to simulate with error NavigatorError:3: No start volume could be resolved
19:37:31    FatrasSimula   ERROR     event 3 particle id=17574726731744233316(vp=44|vs=6|p=62|g=0|sp=0)|pdg=gamma|q=0|m=0|p=12.8973 failed to simulate with error NavigatorError:3: No start volume could be resolved
19:37:31    FatrasSimula   ERROR     event 3 particle id=11468923519695421878(vp=44|vs=6|p=63|g=0|sp=0)|pdg=gamma|q=0|m=0|p=9.03818 failed to simulate with error NavigatorError:3: No start volume could be resolved
19:37:31    FatrasSimula   ERROR     event 3 particle id=14985179965174362937(vp=46|vs=11|p=121|g=0|sp=0)|pdg=pi+|q=1|m=0.13957|p=513.265 failed to simulate with error NavigatorError:3: No start volume could be resolved
19:37:31    FatrasSimula   ERROR     event 3 particle id=2390299457895544251(vp=46|vs=11|p=122|g=0|sp=0)|pdg=pi-|q=-1|m=0.13957|p=310.675 failed to simulate with error NavigatorError:3: No start volume could be resolved
19:37:31    FatrasSimula   ERROR     event 3 particle id=11610219507378374056(vp=46|vs=13|p=127|g=0|sp=0)|pdg=gamma|q=0|m=0|p=85.4891 failed to simulate with error NavigatorError:3: No start volume could be resolved
19:37:31    FatrasSimula   ERROR     event 3 particle id=9229565655915318698(vp=46|vs=13|p=128|g=0|sp=0)|pdg=gamma|q=0|m=0|p=97.6991 failed to simulate with error NavigatorError:3: No start volume could be resolved
19:37:31    FatrasSimula   ERROR     event 3 particle id=7705885805778195581(vp=46|vs=14|p=125|g=0|sp=0)|pdg=gamma|q=0|m=0|p=23.8904 failed to simulate with error NavigatorError:3: No start volume could be resolved
19:37:31    FatrasSimula   ERROR     event 3 particle id=5661502327578272413(vp=46|vs=14|p=126|g=0|sp=0)|pdg=gamma|q=0|m=0|p=30.9582 failed to simulate with error NavigatorError:3: No start volume could be resolved
19:37:31    FatrasSimula   ERROR     event 3 particle id=15773021483498342822(vp=51|vs=10|p=123|g=0|sp=0)|pdg=gamma|q=0|m=0|p=8.07116 failed to simulate with error NavigatorError:3: No start volume could be resolved
19:37:31    FatrasSimula   ERROR     event 3 particle id=10330548040153043315(vp=51|vs=10|p=124|g=0|sp=0)|pdg=gamma|q=0|m=0|p=32.6591 failed to simulate with error NavigatorError:3: No start volume could be resolved
19:37:31    FatrasSimula   ERROR     event 3 particle id=9449077398515060222(vp=51|vs=11|p=121|g=0|sp=0)|pdg=gamma|q=0|m=0|p=63.7509 failed to simulate with error NavigatorError:3: No start volume could be resolved
19:37:31    FatrasSimula   ERROR     event 3 particle id=8499256294259620681(vp=51|vs=11|p=122|g=0|sp=0)|pdg=gamma|q=0|m=0|p=81.3334 failed to simulate with error NavigatorError:3: No start volume could be resolved
19:37:31    FatrasSimula   ERROR     event 3 particle id=2988485522026470815(vp=51|vs=27|p=328|g=0|sp=0)|pdg=gamma|q=0|m=0|p=92.5942 failed to simulate with error NavigatorError:3: No start volume could be resolved
19:37:31    FatrasSimula   ERROR     event 3 particle id=3943316447342322635(vp=51|vs=27|p=329|g=0|sp=0)|pdg=gamma|q=0|m=0|p=303.916 failed to simulate with error NavigatorError:3: No start volume could be resolved
19:37:31    FatrasSimula   ERROR     event 3 particle id=14970579646191030517(vp=51|vs=28|p=330|g=0|sp=0)|pdg=gamma|q=0|m=0|p=38.9759 failed to simulate with error NavigatorError:3: No start volume could be resolved
19:37:31    FatrasSimula   ERROR     event 3 particle id=8176507806336749472(vp=51|vs=28|p=331|g=0|sp=0)|pdg=gamma|q=0|m=0|p=92.8904 failed to simulate with error NavigatorError:3: No start volume could be resolved
19:37:31    FatrasSimula   ERROR     event 3 particle id=4978340101541849649(vp=51|vs=29|p=333|g=0|sp=0)|pdg=pi+|q=1|m=0.13957|p=73.5987 failed to simulate with error NavigatorError:3: No start volume could be resolved
19:37:31    FatrasSimula   ERROR     event 3 particle id=17185096181574550861(vp=51|vs=29|p=334|g=0|sp=0)|pdg=pi-|q=-1|m=0.13957|p=159.993 failed to simulate with error NavigatorError:3: No start volume could be resolved
19:37:32    Sequencer      INFO      finished event 3
19:37:32    FatrasSimula   ERROR     event 4 particle id=18196156984667887117(vp=2|vs=5|p=34|g=0|sp=0)|pdg=n|q=0|m=0.939565|p=723.096 failed to simulate with error NavigatorError:3: No start volume could be resolved
19:37:32    FatrasSimula   ERROR     event 4 particle id=8165962766999917298(vp=2|vs=5|p=35|g=0|sp=0)|pdg=pi-|q=-1|m=0.13957|p=79.0587 failed to simulate with error NavigatorError:3: No start volume could be resolved
19:37:32    FatrasSimula   ERROR     event 4 particle id=8499701949953279657(vp=2|vs=16|p=84|g=0|sp=0)|pdg=p~|q=-1|m=0.938272|p=543.563 failed to simulate with error NavigatorError:3: No start volume could be resolved
19:37:32    FatrasSimula   ERROR     event 4 particle id=1394856642174327240(vp=2|vs=16|p=85|g=0|sp=0)|pdg=pi+|q=1|m=0.13957|p=144.973 failed to simulate with error NavigatorError:3: No start volume could be resolved
19:37:32    FatrasSimula   ERROR     event 4 particle id=268831777015014555(vp=2|vs=17|p=87|g=0|sp=0)|pdg=p|q=1|m=0.938272|p=2366.71 failed to simulate with error NavigatorError:3: No start volume could be resolved
19:37:32    FatrasSimula   ERROR     event 4 particle id=16917165902811313328(vp=2|vs=17|p=88|g=0|sp=0)|pdg=pi-|q=-1|m=0.13957|p=348.851 failed to simulate with error NavigatorError:3: No start volume could be resolved
19:37:32    FatrasSimula   ERROR     event 4 particle id=17500928744220751588(vp=4|vs=1|p=3|g=0|sp=0)|pdg=p|q=1|m=0.938272|p=377.918 failed to simulate with error NavigatorError:3: No start volume could be resolved
19:37:32    FatrasSimula   ERROR     event 4 particle id=11259451959561817081(vp=4|vs=2|p=4|g=0|sp=0)|pdg=gamma|q=0|m=0|p=3.07419 failed to simulate with error NavigatorError:3: No start volume could be resolved
19:37:32    FatrasSimula   ERROR     event 4 particle id=7966709135443327404(vp=4|vs=2|p=5|g=0|sp=0)|pdg=gamma|q=0|m=0|p=24.3882 failed to simulate with error NavigatorError:3: No start volume could be resolved
19:37:32    FatrasSimula   ERROR     event 4 particle id=5217386157375477355(vp=4|vs=16|p=110|g=0|sp=0)|pdg=pi+|q=1|m=0.13957|p=102.855 failed to simulate with error NavigatorError:3: No start volume could be resolved
19:37:32    FatrasSimula   ERROR     event 4 particle id=2476230626505667198(vp=4|vs=16|p=111|g=0|sp=0)|pdg=pi-|q=-1|m=0.13957|p=101.751 failed to simulate with error NavigatorError:3: No start volume could be resolved
19:37:32    FatrasSimula   ERROR     event 4 particle id=16559437223628495732(vp=5|vs=2|p=5|g=0|sp=0)|pdg=pi+|q=1|m=0.13957|p=275.72 failed to simulate with error NavigatorError:3: No start volume could be resolved
19:37:32    FatrasSimula   ERROR     event 4 particle id=6823935479773391938(vp=5|vs=2|p=6|g=0|sp=0)|pdg=pi-|q=-1|m=0.13957|p=1033.23 failed to simulate with error NavigatorError:3: No start volume could be resolved
19:37:32    FatrasSimula   ERROR     event 4 particle id=9176431240698754409(vp=10|vs=1|p=1|g=0|sp=0)|pdg=n|q=0|m=0.939565|p=515.345 failed to simulate with error NavigatorError:3: No start volume could be resolved
19:37:32    FatrasSimula   ERROR     event 4 particle id=12988622478373117719(vp=10|vs=2|p=2|g=0|sp=0)|pdg=gamma|q=0|m=0|p=0.539858 failed to simulate with error NavigatorError:3: No start volume could be resolved
19:37:32    FatrasSimula   ERROR     event 4 particle id=14159522825644439143(vp=10|vs=2|p=3|g=0|sp=0)|pdg=gamma|q=0|m=0|p=70.7873 failed to simulate with error NavigatorError:3: No start volume could be resolved
19:37:32    FatrasSimula   ERROR     event 4 particle id=9054496697764680428(vp=10|vs=3|p=5|g=0|sp=0)|pdg=n~|q=0|m=0.939565|p=153.285 failed to simulate with error NavigatorError:3: No start volume could be resolved
19:37:32    FatrasSimula   ERROR     event 4 particle id=17701423927447015166(vp=10|vs=3|p=6|g=0|sp=0)|pdg=gamma|q=0|m=0|p=9.76513 failed to simulate with error NavigatorError:3: No start volume could be resolved
19:37:32    FatrasSimula   ERROR     event 4 particle id=17530506511073482535(vp=10|vs=3|p=7|g=0|sp=0)|pdg=gamma|q=0|m=0|p=2.03147 failed to simulate with error NavigatorError:3: No start volume could be resolved
19:37:32    FatrasSimula   ERROR     event 4 particle id=7253442605291876235(vp=10|vs=6|p=40|g=0|sp=0)|pdg=pi+|q=1|m=0.13957|p=58.8224 failed to simulate with error NavigatorError:3: No start volume could be resolved
19:37:32    FatrasSimula   ERROR     event 4 particle id=9410709115271579643(vp=10|vs=6|p=41|g=0|sp=0)|pdg=pi-|q=-1|m=0.13957|p=48.9207 failed to simulate with error NavigatorError:3: No start volume could be resolved
19:37:32    FatrasSimula   ERROR     event 4 particle id=11819717655659932276(vp=12|vs=35|p=326|g=0|sp=0)|pdg=n~|q=0|m=0.939565|p=749.672 failed to simulate with error NavigatorError:3: No start volume could be resolved
19:37:32    FatrasSimula   ERROR     event 4 particle id=13292997542104906380(vp=12|vs=35|p=327|g=0|sp=0)|pdg=pi+|q=1|m=0.13957|p=348.218 failed to simulate with error NavigatorError:3: No start volume could be resolved
19:37:32    FatrasSimula   ERROR     event 4 particle id=9613611297443967248(vp=12|vs=36|p=328|g=0|sp=0)|pdg=pi+|q=1|m=0.13957|p=204.818 failed to simulate with error NavigatorError:3: No start volume could be resolved
19:37:32    FatrasSimula   ERROR     event 4 particle id=8983215885934181871(vp=12|vs=36|p=329|g=0|sp=0)|pdg=pi-|q=-1|m=0.13957|p=456.114 failed to simulate with error NavigatorError:3: No start volume could be resolved
19:37:32    FatrasSimula   ERROR     event 4 particle id=699779658080348793(vp=15|vs=3|p=12|g=0|sp=0)|pdg=pi+|q=1|m=0.13957|p=3.73679 failed to simulate with error NavigatorError:3: No start volume could be resolved
19:37:32    FatrasSimula   ERROR     event 4 particle id=582178538360011474(vp=15|vs=3|p=13|g=0|sp=0)|pdg=pi-|q=-1|m=0.13957|p=37.4845 failed to simulate with error NavigatorError:3: No start volume could be resolved
19:37:32    FatrasSimula   ERROR     event 4 particle id=12804840925813989787(vp=15|vs=6|p=29|g=0|sp=0)|pdg=n~|q=0|m=0.939565|p=37.1731 failed to simulate with error NavigatorError:3: No start volume could be resolved
19:37:32    FatrasSimula   ERROR     event 4 particle id=9558997590895154693(vp=15|vs=6|p=30|g=0|sp=0)|pdg=gamma|q=0|m=0|p=3.59468 failed to simulate with error NavigatorError:3: No start volume could be resolved
19:37:32    FatrasSimula   ERROR     event 4 particle id=9398878432026759901(vp=15|vs=6|p=31|g=0|sp=0)|pdg=gamma|q=0|m=0|p=1.26916 failed to simulate with error NavigatorError:3: No start volume could be resolved
19:37:32    FatrasSimula   ERROR     event 4 particle id=13166537944750839653(vp=15|vs=15|p=66|g=0|sp=0)|pdg=pi+|q=1|m=0.13957|p=164.232 failed to simulate with error NavigatorError:3: No start volume could be resolved
19:37:32    FatrasSimula   ERROR     event 4 particle id=5113912669673337454(vp=15|vs=15|p=67|g=0|sp=0)|pdg=pi-|q=-1|m=0.13957|p=72.1533 failed to simulate with error NavigatorError:3: No start volume could be resolved
19:37:32    FatrasSimula   ERROR     event 4 particle id=14443303895030075869(vp=15|vs=38|p=196|g=0|sp=0)|pdg=pi+|q=1|m=0.13957|p=143.723 failed to simulate with error NavigatorError:3: No start volume could be resolved
19:37:32    FatrasSimula   ERROR     event 4 particle id=7146489217095438186(vp=15|vs=38|p=197|g=0|sp=0)|pdg=pi-|q=-1|m=0.13957|p=813.608 failed to simulate with error NavigatorError:3: No start volume could be resolved
19:37:32    FatrasSimula   ERROR     event 4 particle id=8162482822104829645(vp=15|vs=39|p=198|g=0|sp=0)|pdg=p|q=1|m=0.938272|p=1905.09 failed to simulate with error NavigatorError:3: No start volume could be resolved
19:37:32    FatrasSimula   ERROR     event 4 particle id=8276505053427623944(vp=15|vs=39|p=199|g=0|sp=0)|pdg=pi-|q=-1|m=0.13957|p=266.79 failed to simulate with error NavigatorError:3: No start volume could be resolved
19:37:32    FatrasSimula   ERROR     event 4 particle id=155826049863532880(vp=16|vs=3|p=9|g=0|sp=0)|pdg=pi+|q=1|m=0.13957|p=122.775 failed to simulate with error NavigatorError:3: No start volume could be resolved
19:37:32    FatrasSimula   ERROR     event 4 particle id=10306688315707670071(vp=16|vs=3|p=10|g=0|sp=0)|pdg=pi-|q=-1|m=0.13957|p=31.3939 failed to simulate with error NavigatorError:3: No start volume could be resolved
19:37:32    FatrasSimula   ERROR     event 4 particle id=13621934642686547038(vp=16|vs=10|p=52|g=0|sp=0)|pdg=n~|q=0|m=0.939565|p=241.119 failed to simulate with error NavigatorError:3: No start volume could be resolved
19:37:32    FatrasSimula   ERROR     event 4 particle id=17751696943189624303(vp=16|vs=10|p=53|g=0|sp=0)|pdg=pi+|q=1|m=0.13957|p=18.5137 failed to simulate with error NavigatorError:3: No start volume could be resolved
19:37:32    FatrasSimula   ERROR     event 4 particle id=7463057524362262179(vp=16|vs=19|p=128|g=0|sp=0)|pdg=pi+|q=1|m=0.13957|p=391.969 failed to simulate with error NavigatorError:3: No start volume could be resolved
19:37:32    FatrasSimula   ERROR     event 4 particle id=8514487797676210695(vp=16|vs=19|p=129|g=0|sp=0)|pdg=pi-|q=-1|m=0.13957|p=198.868 failed to simulate with error NavigatorError:3: No start volume could be resolved
19:37:32    FatrasSimula   ERROR     event 4 particle id=4547094443901726222(vp=18|vs=27|p=200|g=0|sp=0)|pdg=pi+|q=1|m=0.13957|p=670.258 failed to simulate with error NavigatorError:3: No start volume could be resolved
19:37:32    FatrasSimula   ERROR     event 4 particle id=9962410238958167999(vp=18|vs=27|p=201|g=0|sp=0)|pdg=pi-|q=-1|m=0.13957|p=247.789 failed to simulate with error NavigatorError:3: No start volume could be resolved
19:37:32    FatrasSimula   ERROR     event 4 particle id=12384672635233394200(vp=22|vs=18|p=92|g=0|sp=0)|pdg=pi+|q=1|m=0.13957|p=293.419 failed to simulate with error NavigatorError:3: No start volume could be resolved
19:37:32    FatrasSimula   ERROR     event 4 particle id=5705977177847512724(vp=22|vs=18|p=93|g=0|sp=0)|pdg=pi-|q=-1|m=0.13957|p=218.083 failed to simulate with error NavigatorError:3: No start volume could be resolved
19:37:32    FatrasSimula   ERROR     event 4 particle id=4810413817363629481(vp=23|vs=10|p=67|g=0|sp=0)|pdg=p~|q=-1|m=0.938272|p=790.591 failed to simulate with error NavigatorError:3: No start volume could be resolved
19:37:32    FatrasSimula   ERROR     event 4 particle id=16881527656760963992(vp=23|vs=10|p=68|g=0|sp=0)|pdg=pi+|q=1|m=0.13957|p=63.4634 failed to simulate with error NavigatorError:3: No start volume could be resolved
19:37:32    FatrasSimula   ERROR     event 4 particle id=9748562967718819828(vp=23|vs=11|p=69|g=0|sp=0)|pdg=gamma|q=0|m=0|p=2.63169 failed to simulate with error NavigatorError:3: No start volume could be resolved
19:37:32    FatrasSimula   ERROR     event 4 particle id=9674209321166184344(vp=23|vs=11|p=70|g=0|sp=0)|pdg=gamma|q=0|m=0|p=83.0021 failed to simulate with error NavigatorError:3: No start volume could be resolved
19:37:32    FatrasSimula   ERROR     event 4 particle id=7145004190554532628(vp=25|vs=10|p=57|g=0|sp=0)|pdg=p~|q=-1|m=0.938272|p=30.0037 failed to simulate with error NavigatorError:3: No start volume could be resolved
19:37:32    FatrasSimula   ERROR     event 4 particle id=6156067475540551033(vp=25|vs=10|p=58|g=0|sp=0)|pdg=pi+|q=1|m=0.13957|p=3.50307 failed to simulate with error NavigatorError:3: No start volume could be resolved
19:37:32    FatrasSimula   ERROR     event 4 particle id=11433042148591072490(vp=25|vs=13|p=96|g=0|sp=0)|pdg=p~|q=-1|m=0.938272|p=811.163 failed to simulate with error NavigatorError:3: No start volume could be resolved
19:37:32    FatrasSimula   ERROR     event 4 particle id=1931756395347885683(vp=25|vs=13|p=97|g=0|sp=0)|pdg=pi+|q=1|m=0.13957|p=141.781 failed to simulate with error NavigatorError:3: No start volume could be resolved
19:37:32    FatrasSimula   ERROR     event 4 particle id=8971563484186379481(vp=29|vs=9|p=57|g=0|sp=0)|pdg=p|q=1|m=0.938272|p=132.09 failed to simulate with error NavigatorError:3: No start volume could be resolved
19:37:32    FatrasSimula   ERROR     event 4 particle id=9610040530516269244(vp=29|vs=9|p=58|g=0|sp=0)|pdg=pi-|q=-1|m=0.13957|p=18.7424 failed to simulate with error NavigatorError:3: No start volume could be resolved
19:37:32    FatrasSimula   ERROR     event 4 particle id=1092075567070234407(vp=29|vs=49|p=338|g=0|sp=0)|pdg=p~|q=-1|m=0.938272|p=297.404 failed to simulate with error NavigatorError:3: No start volume could be resolved
19:37:32    FatrasSimula   ERROR     event 4 particle id=3708091460589355544(vp=29|vs=49|p=339|g=0|sp=0)|pdg=pi+|q=1|m=0.13957|p=91.375 failed to simulate with error NavigatorError:3: No start volume could be resolved
19:37:32    FatrasSimula   ERROR     event 4 particle id=2508528957798947215(vp=29|vs=50|p=340|g=0|sp=0)|pdg=p|q=1|m=0.938272|p=236.508 failed to simulate with error NavigatorError:3: No start volume could be resolved
19:37:32    FatrasSimula   ERROR     event 4 particle id=17908536115800313096(vp=29|vs=50|p=341|g=0|sp=0)|pdg=pi-|q=-1|m=0.13957|p=71.3166 failed to simulate with error NavigatorError:3: No start volume could be resolved
19:37:32    FatrasSimula   ERROR     event 4 particle id=453975624943398573(vp=29|vs=55|p=357|g=0|sp=0)|pdg=pi+|q=1|m=0.13957|p=46.4789 failed to simulate with error NavigatorError:3: No start volume could be resolved
19:37:32    FatrasSimula   ERROR     event 4 particle id=11543739369384629446(vp=29|vs=55|p=358|g=0|sp=0)|pdg=pi-|q=-1|m=0.13957|p=274.612 failed to simulate with error NavigatorError:3: No start volume could be resolved
19:37:32    FatrasSimula   ERROR     event 4 particle id=12635249746344349753(vp=29|vs=70|p=426|g=0|sp=0)|pdg=gamma|q=0|m=0|p=157.54 failed to simulate with error NavigatorError:3: No start volume could be resolved
19:37:32    FatrasSimula   ERROR     event 4 particle id=16151632719092992203(vp=29|vs=70|p=427|g=0|sp=0)|pdg=gamma|q=0|m=0|p=38.3704 failed to simulate with error NavigatorError:3: No start volume could be resolved
19:37:32    FatrasSimula   ERROR     event 4 particle id=4438399591121953467(vp=29|vs=71|p=428|g=0|sp=0)|pdg=gamma|q=0|m=0|p=282.419 failed to simulate with error NavigatorError:3: No start volume could be resolved
19:37:32    FatrasSimula   ERROR     event 4 particle id=1484508853717981993(vp=29|vs=71|p=429|g=0|sp=0)|pdg=gamma|q=0|m=0|p=19.1851 failed to simulate with error NavigatorError:3: No start volume could be resolved
19:37:32    FatrasSimula   ERROR     event 4 particle id=5025210770915852218(vp=31|vs=16|p=142|g=0|sp=0)|pdg=gamma|q=0|m=0|p=25.1875 failed to simulate with error NavigatorError:3: No start volume could be resolved
19:37:32    FatrasSimula   ERROR     event 4 particle id=17630783926474106113(vp=31|vs=16|p=143|g=0|sp=0)|pdg=gamma|q=0|m=0|p=62.6034 failed to simulate with error NavigatorError:3: No start volume could be resolved
19:37:32    FatrasSimula   ERROR     event 4 particle id=476651561063272880(vp=31|vs=17|p=144|g=0|sp=0)|pdg=gamma|q=0|m=0|p=53.1623 failed to simulate with error NavigatorError:3: No start volume could be resolved
19:37:32    FatrasSimula   ERROR     event 4 particle id=5080080139232677103(vp=31|vs=17|p=145|g=0|sp=0)|pdg=gamma|q=0|m=0|p=423.416 failed to simulate with error NavigatorError:3: No start volume could be resolved
19:37:32    FatrasSimula   ERROR     event 4 particle id=1077757155437053140(vp=31|vs=19|p=146|g=0|sp=0)|pdg=pi+|q=1|m=0.13957|p=117.352 failed to simulate with error NavigatorError:3: No start volume could be resolved
19:37:32    FatrasSimula   ERROR     event 4 particle id=2884308932957432146(vp=31|vs=19|p=147|g=0|sp=0)|pdg=pi-|q=-1|m=0.13957|p=314.347 failed to simulate with error NavigatorError:3: No start volume could be resolved
19:37:32    FatrasSimula   ERROR     event 4 particle id=4205383007783327111(vp=32|vs=2|p=1|g=0|sp=0)|pdg=gamma|q=0|m=0|p=122.882 failed to simulate with error NavigatorError:3: No start volume could be resolved
19:37:32    FatrasSimula   ERROR     event 4 particle id=2308211643512280292(vp=32|vs=2|p=2|g=0|sp=0)|pdg=gamma|q=0|m=0|p=11.3387 failed to simulate with error NavigatorError:3: No start volume could be resolved
19:37:32    FatrasSimula   ERROR     event 4 particle id=11871792564209261613(vp=32|vs=3|p=3|g=0|sp=0)|pdg=gamma|q=0|m=0|p=715.558 failed to simulate with error NavigatorError:3: No start volume could be resolved
19:37:32    FatrasSimula   ERROR     event 4 particle id=12767396467173977252(vp=32|vs=3|p=4|g=0|sp=0)|pdg=gamma|q=0|m=0|p=436.402 failed to simulate with error NavigatorError:3: No start volume could be resolved
19:37:32    FatrasSimula   ERROR     event 4 particle id=6329198765857245880(vp=32|vs=7|p=57|g=0|sp=0)|pdg=pi+|q=1|m=0.13957|p=43.1691 failed to simulate with error NavigatorError:3: No start volume could be resolved
19:37:32    FatrasSimula   ERROR     event 4 particle id=14999086325961032877(vp=32|vs=8|p=54|g=0|sp=0)|pdg=n~|q=0|m=0.939565|p=328.746 failed to simulate with error NavigatorError:3: No start volume could be resolved
19:37:32    FatrasSimula   ERROR     event 4 particle id=8227862534971337868(vp=32|vs=9|p=55|g=0|sp=0)|pdg=gamma|q=0|m=0|p=38.9996 failed to simulate with error NavigatorError:3: No start volume could be resolved
19:37:32    FatrasSimula   ERROR     event 4 particle id=14571918257485785151(vp=32|vs=9|p=56|g=0|sp=0)|pdg=gamma|q=0|m=0|p=15.5216 failed to simulate with error NavigatorError:3: No start volume could be resolved
19:37:32    FatrasSimula   ERROR     event 4 particle id=14488252652803211274(vp=32|vs=11|p=58|g=0|sp=0)|pdg=p|q=1|m=0.938272|p=2821.76 failed to simulate with error NavigatorError:3: No start volume could be resolved
19:37:32    FatrasSimula   ERROR     event 4 particle id=6069874272688532531(vp=32|vs=11|p=59|g=0|sp=0)|pdg=pi-|q=-1|m=0.13957|p=197.939 failed to simulate with error NavigatorError:3: No start volume could be resolved
19:37:32    FatrasSimula   ERROR     event 4 particle id=10953933690699198424(vp=32|vs=12|p=60|g=0|sp=0)|pdg=gamma|q=0|m=0|p=28.3331 failed to simulate with error NavigatorError:3: No start volume could be resolved
19:37:32    FatrasSimula   ERROR     event 4 particle id=14490726940733910881(vp=32|vs=12|p=61|g=0|sp=0)|pdg=gamma|q=0|m=0|p=691.57 failed to simulate with error NavigatorError:3: No start volume could be resolved
19:37:32    FatrasSimula   ERROR     event 4 particle id=16158635764355826430(vp=32|vs=15|p=62|g=0|sp=0)|pdg=gamma|q=0|m=0|p=94.2516 failed to simulate with error NavigatorError:3: No start volume could be resolved
19:37:32    FatrasSimula   ERROR     event 4 particle id=10974837558969317684(vp=32|vs=15|p=63|g=0|sp=0)|pdg=gamma|q=0|m=0|p=54.3328 failed to simulate with error NavigatorError:3: No start volume could be resolved
19:37:32    FatrasSimula   ERROR     event 4 particle id=5113850162335111562(vp=32|vs=16|p=64|g=0|sp=0)|pdg=gamma|q=0|m=0|p=389.65 failed to simulate with error NavigatorError:3: No start volume could be resolved
19:37:32    FatrasSimula   ERROR     event 4 particle id=8888063875863253151(vp=32|vs=16|p=65|g=0|sp=0)|pdg=gamma|q=0|m=0|p=206.357 failed to simulate with error NavigatorError:3: No start volume could be resolved
19:37:32    FatrasSimula   ERROR     event 4 particle id=11441243447282399811(vp=34|vs=10|p=82|g=0|sp=0)|pdg=n|q=0|m=0.939565|p=298.417 failed to simulate with error NavigatorError:3: No start volume could be resolved
19:37:32    FatrasSimula   ERROR     event 4 particle id=11018384894679716997(vp=34|vs=10|p=83|g=0|sp=0)|pdg=pi-|q=-1|m=0.13957|p=143.549 failed to simulate with error NavigatorError:3: No start volume could be resolved
19:37:32    FatrasSimula   ERROR     event 4 particle id=17348673342859493324(vp=34|vs=11|p=84|g=0|sp=0)|pdg=n~|q=0|m=0.939565|p=1200.71 failed to simulate with error NavigatorError:3: No start volume could be resolved
19:37:32    FatrasSimula   ERROR     event 4 particle id=4891941481076754578(vp=34|vs=12|p=85|g=0|sp=0)|pdg=gamma|q=0|m=0|p=123.783 failed to simulate with error NavigatorError:3: No start volume could be resolved
19:37:32    FatrasSimula   ERROR     event 4 particle id=1597120161062509613(vp=34|vs=12|p=86|g=0|sp=0)|pdg=gamma|q=0|m=0|p=105.848 failed to simulate with error NavigatorError:3: No start volume could be resolved
19:37:32    FatrasSimula   ERROR     event 4 particle id=5131137576686583869(vp=35|vs=3|p=3|g=0|sp=0)|pdg=pi+|q=1|m=0.13957|p=632.131 failed to simulate with error NavigatorError:3: No start volume could be resolved
19:37:32    FatrasSimula   ERROR     event 4 particle id=2025865113782623079(vp=35|vs=3|p=4|g=0|sp=0)|pdg=pi-|q=-1|m=0.13957|p=378.934 failed to simulate with error NavigatorError:3: No start volume could be resolved
19:37:32    FatrasSimula   ERROR     event 4 particle id=17858854232101413889(vp=35|vs=6|p=14|g=0|sp=0)|pdg=n|q=0|m=0.939565|p=37.4862 failed to simulate with error NavigatorError:3: No start volume could be resolved
19:37:32    FatrasSimula   ERROR     event 4 particle id=8016848162462834881(vp=35|vs=6|p=15|g=0|sp=0)|pdg=gamma|q=0|m=0|p=0.838679 failed to simulate with error NavigatorError:3: No start volume could be resolved
19:37:32    FatrasSimula   ERROR     event 4 particle id=3889370063134617671(vp=35|vs=6|p=16|g=0|sp=0)|pdg=gamma|q=0|m=0|p=6.29544 failed to simulate with error NavigatorError:3: No start volume could be resolved
19:37:32    FatrasSimula   ERROR     event 4 particle id=3797454564757497253(vp=35|vs=19|p=144|g=0|sp=0)|pdg=pi+|q=1|m=0.13957|p=128.068 failed to simulate with error NavigatorError:3: No start volume could be resolved
19:37:32    FatrasSimula   ERROR     event 4 particle id=10168146041448723513(vp=35|vs=19|p=145|g=0|sp=0)|pdg=pi-|q=-1|m=0.13957|p=176.067 failed to simulate with error NavigatorError:3: No start volume could be resolved
19:37:32    FatrasSimula   ERROR     event 4 particle id=12849176333595139693(vp=35|vs=20|p=151|g=0|sp=0)|pdg=gamma|q=0|m=0|p=50.9872 failed to simulate with error NavigatorError:3: No start volume could be resolved
19:37:32    FatrasSimula   ERROR     event 4 particle id=15684016007284570386(vp=35|vs=20|p=152|g=0|sp=0)|pdg=gamma|q=0|m=0|p=11.6138 failed to simulate with error NavigatorError:3: No start volume could be resolved
19:37:32    FatrasSimula   ERROR     event 4 particle id=11261151385342108704(vp=35|vs=21|p=149|g=0|sp=0)|pdg=gamma|q=0|m=0|p=15.0329 failed to simulate with error NavigatorError:3: No start volume could be resolved
19:37:32    FatrasSimula   ERROR     event 4 particle id=12900935761322850060(vp=35|vs=21|p=150|g=0|sp=0)|pdg=gamma|q=0|m=0|p=8.97868 failed to simulate with error NavigatorError:3: No start volume could be resolved
19:37:32    FatrasSimula   ERROR     event 4 particle id=13896604712076966023(vp=35|vs=32|p=241|g=0|sp=0)|pdg=pi+|q=1|m=0.13957|p=29.6444 failed to simulate with error NavigatorError:3: No start volume could be resolved
19:37:32    FatrasSimula   ERROR     event 4 particle id=3006283495478797847(vp=35|vs=32|p=242|g=0|sp=0)|pdg=pi-|q=-1|m=0.13957|p=43.886 failed to simulate with error NavigatorError:3: No start volume could be resolved
19:37:32    FatrasSimula   ERROR     event 4 particle id=12994600276171710674(vp=39|vs=6|p=38|g=0|sp=0)|pdg=pi+|q=1|m=0.13957|p=88.7509 failed to simulate with error NavigatorError:3: No start volume could be resolved
19:37:32    FatrasSimula   ERROR     event 4 particle id=9907670341679101942(vp=39|vs=6|p=39|g=0|sp=0)|pdg=pi-|q=-1|m=0.13957|p=133.418 failed to simulate with error NavigatorError:3: No start volume could be resolved
19:37:32    FatrasSimula   ERROR     event 4 particle id=9863020632651791515(vp=41|vs=39|p=367|g=0|sp=0)|pdg=p~|q=-1|m=0.938272|p=105.574 failed to simulate with error NavigatorError:3: No start volume could be resolved
19:37:32    FatrasSimula   ERROR     event 4 particle id=2594497036244674668(vp=41|vs=40|p=368|g=0|sp=0)|pdg=gamma|q=0|m=0|p=9.50965 failed to simulate with error NavigatorError:3: No start volume could be resolved
19:37:32    FatrasSimula   ERROR     event 4 particle id=4729455925683678004(vp=41|vs=40|p=369|g=0|sp=0)|pdg=gamma|q=0|m=0|p=47.1728 failed to simulate with error NavigatorError:3: No start volume could be resolved
19:37:32    FatrasSimula   ERROR     event 4 particle id=13224118056046197249(vp=43|vs=3|p=34|g=0|sp=0)|pdg=n~|q=0|m=0.939565|p=109.409 failed to simulate with error NavigatorError:3: No start volume could be resolved
19:37:32    FatrasSimula   ERROR     event 4 particle id=9743006916086487587(vp=43|vs=3|p=35|g=0|sp=0)|pdg=gamma|q=0|m=0|p=7.95153 failed to simulate with error NavigatorError:3: No start volume could be resolved
19:37:32    FatrasSimula   ERROR     event 4 particle id=6136934922134395015(vp=43|vs=5|p=49|g=0|sp=0)|pdg=p|q=1|m=0.938272|p=2034.75 failed to simulate with error NavigatorError:3: No start volume could be resolved
19:37:32    FatrasSimula   ERROR     event 4 particle id=15444258873881980212(vp=43|vs=5|p=50|g=0|sp=0)|pdg=pi-|q=-1|m=0.13957|p=375.434 failed to simulate with error NavigatorError:3: No start volume could be resolved
19:37:32    FatrasSimula   ERROR     event 4 particle id=8944445086174904606(vp=46|vs=6|p=65|g=0|sp=0)|pdg=p|q=1|m=0.938272|p=502.388 failed to simulate with error NavigatorError:3: No start volume could be resolved
19:37:32    FatrasSimula   ERROR     event 4 particle id=17548563892574065359(vp=46|vs=6|p=66|g=0|sp=0)|pdg=pi-|q=-1|m=0.13957|p=160.474 failed to simulate with error NavigatorError:3: No start volume could be resolved
19:37:32    FatrasSimula   ERROR     event 4 particle id=3178380795537494884(vp=46|vs=7|p=68|g=0|sp=0)|pdg=p~|q=-1|m=0.938272|p=457.429 failed to simulate with error NavigatorError:3: No start volume could be resolved
19:37:32    FatrasSimula   ERROR     event 4 particle id=11788896482631540575(vp=46|vs=7|p=69|g=0|sp=0)|pdg=pi+|q=1|m=0.13957|p=139.716 failed to simulate with error NavigatorError:3: No start volume could be resolved
19:37:32    FatrasSimula   ERROR     event 4 particle id=10552916838693692216(vp=48|vs=10|p=88|g=0|sp=0)|pdg=pi+|q=1|m=0.13957|p=103.092 failed to simulate with error NavigatorError:3: No start volume could be resolved
19:37:32    FatrasSimula   ERROR     event 4 particle id=8278762637036951940(vp=48|vs=10|p=89|g=0|sp=0)|pdg=pi-|q=-1|m=0.13957|p=35.2541 failed to simulate with error NavigatorError:3: No start volume could be resolved
19:37:32    FatrasSimula   ERROR     event 4 particle id=7922235016964752221(vp=48|vs=15|p=99|g=0|sp=0)|pdg=gamma|q=0|m=0|p=293.724 failed to simulate with error NavigatorError:3: No start volume could be resolved
19:37:32    FatrasSimula   ERROR     event 4 particle id=13511870816078131249(vp=48|vs=15|p=100|g=0|sp=0)|pdg=gamma|q=0|m=0|p=9.11157 failed to simulate with error NavigatorError:3: No start volume could be resolved
19:37:32    FatrasSimula   ERROR     event 4 particle id=14329228459992647608(vp=48|vs=16|p=101|g=0|sp=0)|pdg=gamma|q=0|m=0|p=409.23 failed to simulate with error NavigatorError:3: No start volume could be resolved
19:37:32    FatrasSimula   ERROR     event 4 particle id=16819052027251434976(vp=48|vs=16|p=102|g=0|sp=0)|pdg=gamma|q=0|m=0|p=486.143 failed to simulate with error NavigatorError:3: No start volume could be resolved
19:37:32    FatrasSimula   ERROR     event 4 particle id=3277235041469481784(vp=49|vs=15|p=56|g=0|sp=0)|pdg=pi+|q=1|m=0.13957|p=198.678 failed to simulate with error NavigatorError:3: No start volume could be resolved
19:37:32    FatrasSimula   ERROR     event 4 particle id=16733199465211267440(vp=49|vs=15|p=57|g=0|sp=0)|pdg=pi-|q=-1|m=0.13957|p=45.9583 failed to simulate with error NavigatorError:3: No start volume could be resolved
19:37:32    FatrasSimula   ERROR     event 4 particle id=864425080313246418(vp=51|vs=18|p=117|g=0|sp=0)|pdg=p|q=1|m=0.938272|p=152.828 failed to simulate with error NavigatorError:3: No start volume could be resolved
19:37:32    FatrasSimula   ERROR     event 4 particle id=9323985774214284334(vp=51|vs=18|p=118|g=0|sp=0)|pdg=pi-|q=-1|m=0.13957|p=40.7031 failed to simulate with error NavigatorError:3: No start volume could be resolved
19:37:32    Sequencer      INFO      finished event 4
19:37:32    FatrasSimula   ERROR     event 5 particle id=18269381635315755235(vp=1|vs=75|p=681|g=0|sp=0)|pdg=n|q=0|m=0.939565|p=70.5112 failed to simulate with error NavigatorError:3: No start volume could be resolved
19:37:32    FatrasSimula   ERROR     event 5 particle id=568134445481635638(vp=1|vs=76|p=682|g=0|sp=0)|pdg=gamma|q=0|m=0|p=9.31514 failed to simulate with error NavigatorError:3: No start volume could be resolved
19:37:32    FatrasSimula   ERROR     event 5 particle id=11579908581077256485(vp=1|vs=76|p=683|g=0|sp=0)|pdg=gamma|q=0|m=0|p=5.08043 failed to simulate with error NavigatorError:3: No start volume could be resolved
19:37:32    FatrasSimula   ERROR     event 5 particle id=7265479720633306228(vp=1|vs=77|p=685|g=0|sp=0)|pdg=n~|q=0|m=0.939565|p=45.5446 failed to simulate with error NavigatorError:3: No start volume could be resolved
19:37:32    FatrasSimula   ERROR     event 5 particle id=14412622719299131039(vp=1|vs=77|p=686|g=0|sp=0)|pdg=pi+|q=1|m=0.13957|p=3.58467 failed to simulate with error NavigatorError:3: No start volume could be resolved
19:37:32    FatrasSimula   ERROR     event 5 particle id=11615594188327700453(vp=2|vs=3|p=2|g=0|sp=0)|pdg=gamma|q=0|m=0|p=881.54 failed to simulate with error NavigatorError:3: No start volume could be resolved
19:37:32    FatrasSimula   ERROR     event 5 particle id=12241551715960174651(vp=2|vs=3|p=3|g=0|sp=0)|pdg=gamma|q=0|m=0|p=247.022 failed to simulate with error NavigatorError:3: No start volume could be resolved
19:37:32    FatrasSimula   ERROR     event 5 particle id=7522840789404052596(vp=2|vs=4|p=4|g=0|sp=0)|pdg=gamma|q=0|m=0|p=831.39 failed to simulate with error NavigatorError:3: No start volume could be resolved
19:37:32    FatrasSimula   ERROR     event 5 particle id=9192190555594722627(vp=2|vs=4|p=5|g=0|sp=0)|pdg=gamma|q=0|m=0|p=68.7692 failed to simulate with error NavigatorError:3: No start volume could be resolved
19:37:32    FatrasSimula   ERROR     event 5 particle id=13039891564402680089(vp=4|vs=12|p=69|g=0|sp=0)|pdg=gamma|q=0|m=0|p=111.771 failed to simulate with error NavigatorError:3: No start volume could be resolved
19:37:32    FatrasSimula   ERROR     event 5 particle id=11246442559940203461(vp=4|vs=12|p=70|g=0|sp=0)|pdg=gamma|q=0|m=0|p=176.934 failed to simulate with error NavigatorError:3: No start volume could be resolved
19:37:32    FatrasSimula   ERROR     event 5 particle id=14863419719862066290(vp=4|vs=13|p=71|g=0|sp=0)|pdg=gamma|q=0|m=0|p=50.8722 failed to simulate with error NavigatorError:3: No start volume could be resolved
19:37:32    FatrasSimula   ERROR     event 5 particle id=8767503535492612594(vp=4|vs=13|p=72|g=0|sp=0)|pdg=gamma|q=0|m=0|p=40.1451 failed to simulate with error NavigatorError:3: No start volume could be resolved
19:37:32    FatrasSimula   ERROR     event 5 particle id=7362202852761736797(vp=5|vs=10|p=83|g=0|sp=0)|pdg=n~|q=0|m=0.939565|p=100.967 failed to simulate with error NavigatorError:3: No start volume could be resolved
19:37:32    FatrasSimula   ERROR     event 5 particle id=14539597909151941139(vp=5|vs=11|p=84|g=0|sp=0)|pdg=gamma|q=0|m=0|p=3.05365 failed to simulate with error NavigatorError:3: No start volume could be resolved
19:37:32    FatrasSimula   ERROR     event 5 particle id=12087904035749993341(vp=5|vs=11|p=85|g=0|sp=0)|pdg=gamma|q=0|m=0|p=18.8628 failed to simulate with error NavigatorError:3: No start volume could be resolved
19:37:32    FatrasSimula   ERROR     event 5 particle id=4188596625243226877(vp=6|vs=5|p=46|g=0|sp=0)|pdg=pi+|q=1|m=0.13957|p=48.6849 failed to simulate with error NavigatorError:3: No start volume could be resolved
19:37:32    FatrasSimula   ERROR     event 5 particle id=6551368677872220302(vp=6|vs=5|p=47|g=0|sp=0)|pdg=pi-|q=-1|m=0.13957|p=203.965 failed to simulate with error NavigatorError:3: No start volume could be resolved
19:37:32    FatrasSimula   ERROR     event 5 particle id=7807636792726036293(vp=6|vs=7|p=49|g=0|sp=0)|pdg=gamma|q=0|m=0|p=11.5807 failed to simulate with error NavigatorError:3: No start volume could be resolved
19:37:32    FatrasSimula   ERROR     event 5 particle id=5037588497465555493(vp=6|vs=7|p=50|g=0|sp=0)|pdg=gamma|q=0|m=0|p=53.1062 failed to simulate with error NavigatorError:3: No start volume could be resolved
19:37:32    FatrasSimula   ERROR     event 5 particle id=10558831249428171771(vp=6|vs=8|p=51|g=0|sp=0)|pdg=gamma|q=0|m=0|p=410.058 failed to simulate with error NavigatorError:3: No start volume could be resolved
19:37:32    FatrasSimula   ERROR     event 5 particle id=6644409968232334869(vp=6|vs=8|p=52|g=0|sp=0)|pdg=gamma|q=0|m=0|p=76.9325 failed to simulate with error NavigatorError:3: No start volume could be resolved
19:37:32    FatrasSimula   ERROR     event 5 particle id=1858082434258255227(vp=7|vs=4|p=9|g=0|sp=0)|pdg=gamma|q=0|m=0|p=69.5571 failed to simulate with error NavigatorError:3: No start volume could be resolved
19:37:32    FatrasSimula   ERROR     event 5 particle id=3126679449166622277(vp=7|vs=4|p=10|g=0|sp=0)|pdg=gamma|q=0|m=0|p=116.442 failed to simulate with error NavigatorError:3: No start volume could be resolved
19:37:32    FatrasSimula   ERROR     event 5 particle id=5613719702404205944(vp=7|vs=5|p=11|g=0|sp=0)|pdg=gamma|q=0|m=0|p=133.616 failed to simulate with error NavigatorError:3: No start volume could be resolved
19:37:32    FatrasSimula   ERROR     event 5 particle id=8215678420026870255(vp=7|vs=5|p=12|g=0|sp=0)|pdg=gamma|q=0|m=0|p=2.44001 failed to simulate with error NavigatorError:3: No start volume could be resolved
19:37:32    FatrasSimula   ERROR     event 5 particle id=5673019584074900631(vp=10|vs=9|p=43|g=0|sp=0)|pdg=p~|q=-1|m=0.938272|p=19.7501 failed to simulate with error NavigatorError:3: No start volume could be resolved
19:37:32    FatrasSimula   ERROR     event 5 particle id=13901619643162717698(vp=10|vs=9|p=44|g=0|sp=0)|pdg=pi+|q=1|m=0.13957|p=1.81163 failed to simulate with error NavigatorError:3: No start volume could be resolved
19:37:32    FatrasSimula   ERROR     event 5 particle id=1292541068451130660(vp=11|vs=15|p=78|g=0|sp=0)|pdg=pi+|q=1|m=0.13957|p=104.658 failed to simulate with error NavigatorError:3: No start volume could be resolved
19:37:32    FatrasSimula   ERROR     event 5 particle id=9930799900887483070(vp=11|vs=15|p=79|g=0|sp=0)|pdg=pi-|q=-1|m=0.13957|p=326.68 failed to simulate with error NavigatorError:3: No start volume could be resolved
19:37:32    FatrasSimula   ERROR     event 5 particle id=11196961916093952156(vp=14|vs=18|p=116|g=0|sp=0)|pdg=pi+|q=1|m=0.13957|p=77.7738 failed to simulate with error NavigatorError:3: No start volume could be resolved
19:37:32    FatrasSimula   ERROR     event 5 particle id=1449482758276006319(vp=14|vs=18|p=117|g=0|sp=0)|pdg=pi-|q=-1|m=0.13957|p=133.586 failed to simulate with error NavigatorError:3: No start volume could be resolved
19:37:32    FatrasSimula   ERROR     event 5 particle id=8386509838218534673(vp=14|vs=19|p=118|g=0|sp=0)|pdg=pi+|q=1|m=0.13957|p=79.062 failed to simulate with error NavigatorError:3: No start volume could be resolved
19:37:32    FatrasSimula   ERROR     event 5 particle id=8334554436130484635(vp=14|vs=19|p=119|g=0|sp=0)|pdg=pi-|q=-1|m=0.13957|p=75.7805 failed to simulate with error NavigatorError:3: No start volume could be resolved
19:37:32    FatrasSimula   ERROR     event 5 particle id=5725709278115881210(vp=14|vs=40|p=289|g=0|sp=0)|pdg=gamma|q=0|m=0|p=3.63199 failed to simulate with error NavigatorError:3: No start volume could be resolved
19:37:32    FatrasSimula   ERROR     event 5 particle id=3203870092999807193(vp=14|vs=40|p=290|g=0|sp=0)|pdg=gamma|q=0|m=0|p=2.17864 failed to simulate with error NavigatorError:3: No start volume could be resolved
19:37:32    FatrasSimula   ERROR     event 5 particle id=3660420021556474403(vp=14|vs=41|p=291|g=0|sp=0)|pdg=gamma|q=0|m=0|p=30.1121 failed to simulate with error NavigatorError:3: No start volume could be resolved
19:37:32    FatrasSimula   ERROR     event 5 particle id=12887601512476230359(vp=14|vs=41|p=292|g=0|sp=0)|pdg=gamma|q=0|m=0|p=31.1692 failed to simulate with error NavigatorError:3: No start volume could be resolved
19:37:32    FatrasSimula   ERROR     event 5 particle id=6850889985963383244(vp=18|vs=54|p=474|g=0|sp=0)|pdg=gamma|q=0|m=0|p=30.929 failed to simulate with error NavigatorError:3: No start volume could be resolved
19:37:32    FatrasSimula   ERROR     event 5 particle id=4019125467505091117(vp=18|vs=54|p=475|g=0|sp=0)|pdg=gamma|q=0|m=0|p=88.0659 failed to simulate with error NavigatorError:3: No start volume could be resolved
19:37:32    FatrasSimula   ERROR     event 5 particle id=17757517670566131686(vp=18|vs=55|p=476|g=0|sp=0)|pdg=gamma|q=0|m=0|p=303.388 failed to simulate with error NavigatorError:3: No start volume could be resolved
19:37:32    FatrasSimula   ERROR     event 5 particle id=12161788425151186296(vp=18|vs=55|p=477|g=0|sp=0)|pdg=gamma|q=0|m=0|p=582.584 failed to simulate with error NavigatorError:3: No start volume could be resolved
19:37:32    FatrasSimula   ERROR     event 5 particle id=9038633889967901394(vp=18|vs=57|p=478|g=0|sp=0)|pdg=gamma|q=0|m=0|p=111.362 failed to simulate with error NavigatorError:3: No start volume could be resolved
19:37:32    FatrasSimula   ERROR     event 5 particle id=5427237758032712314(vp=18|vs=57|p=479|g=0|sp=0)|pdg=gamma|q=0|m=0|p=82.1888 failed to simulate with error NavigatorError:3: No start volume could be resolved
19:37:32    FatrasSimula   ERROR     event 5 particle id=8107851161807184039(vp=18|vs=58|p=480|g=0|sp=0)|pdg=gamma|q=0|m=0|p=245.395 failed to simulate with error NavigatorError:3: No start volume could be resolved
19:37:32    FatrasSimula   ERROR     event 5 particle id=4959108370219489346(vp=18|vs=58|p=481|g=0|sp=0)|pdg=gamma|q=0|m=0|p=27.7344 failed to simulate with error NavigatorError:3: No start volume could be resolved
19:37:32    FatrasSimula   ERROR     event 5 particle id=17006670579361001051(vp=19|vs=18|p=164|g=0|sp=0)|pdg=gamma|q=0|m=0|p=20.6584 failed to simulate with error NavigatorError:3: No start volume could be resolved
19:37:32    FatrasSimula   ERROR     event 5 particle id=17489645140589525546(vp=19|vs=18|p=165|g=0|sp=0)|pdg=gamma|q=0|m=0|p=1.498 failed to simulate with error NavigatorError:3: No start volume could be resolved
19:37:32    FatrasSimula   ERROR     event 5 particle id=3827644582869539111(vp=19|vs=19|p=166|g=0|sp=0)|pdg=gamma|q=0|m=0|p=108.58 failed to simulate with error NavigatorError:3: No start volume could be resolved
19:37:32    FatrasSimula   ERROR     event 5 particle id=6929151123810448297(vp=19|vs=19|p=167|g=0|sp=0)|pdg=gamma|q=0|m=0|p=43.8559 failed to simulate with error NavigatorError:3: No start volume could be resolved
19:37:32    FatrasSimula   ERROR     event 5 particle id=13531312896106251892(vp=19|vs=20|p=169|g=0|sp=0)|pdg=pi+|q=1|m=0.13957|p=39.7451 failed to simulate with error NavigatorError:3: No start volume could be resolved
19:37:32    FatrasSimula   ERROR     event 5 particle id=9656553040576507674(vp=19|vs=20|p=170|g=0|sp=0)|pdg=pi-|q=-1|m=0.13957|p=123.7 failed to simulate with error NavigatorError:3: No start volume could be resolved
19:37:32    FatrasSimula   ERROR     event 5 particle id=4495372226745605093(vp=21|vs=27|p=180|g=0|sp=0)|pdg=pi+|q=1|m=0.13957|p=41.1777 failed to simulate with error NavigatorError:3: No start volume could be resolved
19:37:32    FatrasSimula   ERROR     event 5 particle id=4960767067851848634(vp=21|vs=27|p=181|g=0|sp=0)|pdg=pi-|q=-1|m=0.13957|p=10.393 failed to simulate with error NavigatorError:3: No start volume could be resolved
19:37:32    FatrasSimula   ERROR     event 5 particle id=3878576130911993466(vp=21|vs=28|p=182|g=0|sp=0)|pdg=pi+|q=1|m=0.13957|p=187.992 failed to simulate with error NavigatorError:3: No start volume could be resolved
19:37:32    FatrasSimula   ERROR     event 5 particle id=12207121966878883018(vp=21|vs=28|p=183|g=0|sp=0)|pdg=pi-|q=-1|m=0.13957|p=178.485 failed to simulate with error NavigatorError:3: No start volume could be resolved
19:37:32    FatrasSimula   ERROR     event 5 particle id=10605135161058862866(vp=22|vs=7|p=56|g=0|sp=0)|pdg=gamma|q=0|m=0|p=43.8127 failed to simulate with error NavigatorError:3: No start volume could be resolved
19:37:32    FatrasSimula   ERROR     event 5 particle id=1496456544134209825(vp=22|vs=7|p=57|g=0|sp=0)|pdg=gamma|q=0|m=0|p=27.5361 failed to simulate with error NavigatorError:3: No start volume could be resolved
19:37:32    FatrasSimula   ERROR     event 5 particle id=4111668706662098128(vp=22|vs=8|p=58|g=0|sp=0)|pdg=gamma|q=0|m=0|p=1.45093 failed to simulate with error NavigatorError:3: No start volume could be resolved
19:37:32    FatrasSimula   ERROR     event 5 particle id=5849905554054786558(vp=22|vs=8|p=59|g=0|sp=0)|pdg=gamma|q=0|m=0|p=10.4965 failed to simulate with error NavigatorError:3: No start volume could be resolved
19:37:32    FatrasSimula   ERROR     event 5 particle id=9467058642624782708(vp=22|vs=9|p=60|g=0|sp=0)|pdg=pi+|q=1|m=0.13957|p=52.4163 failed to simulate with error NavigatorError:3: No start volume could be resolved
19:37:32    FatrasSimula   ERROR     event 5 particle id=3403351501208426936(vp=22|vs=9|p=61|g=0|sp=0)|pdg=pi-|q=-1|m=0.13957|p=74.6239 failed to simulate with error NavigatorError:3: No start volume could be resolved
19:37:32    FatrasSimula   ERROR     event 5 particle id=16284974745958718093(vp=22|vs=23|p=119|g=0|sp=0)|pdg=pi+|q=1|m=0.13957|p=58.8286 failed to simulate with error NavigatorError:3: No start volume could be resolved
19:37:32    FatrasSimula   ERROR     event 5 particle id=12169441868325538824(vp=22|vs=23|p=120|g=0|sp=0)|pdg=pi-|q=-1|m=0.13957|p=21.379 failed to simulate with error NavigatorError:3: No start volume could be resolved
19:37:32    FatrasSimula   ERROR     event 5 particle id=2400091195626323733(vp=22|vs=28|p=159|g=0|sp=0)|pdg=p|q=1|m=0.938272|p=1119.11 failed to simulate with error NavigatorError:3: No start volume could be resolved
19:37:32    FatrasSimula   ERROR     event 5 particle id=17601525227092976328(vp=22|vs=28|p=160|g=0|sp=0)|pdg=pi-|q=-1|m=0.13957|p=308.799 failed to simulate with error NavigatorError:3: No start volume could be resolved
19:37:32    FatrasSimula   ERROR     event 5 particle id=5988303295185920751(vp=22|vs=31|p=194|g=0|sp=0)|pdg=pi+|q=1|m=0.13957|p=48.7033 failed to simulate with error NavigatorError:3: No start volume could be resolved
19:37:32    FatrasSimula   ERROR     event 5 particle id=2577615850046568884(vp=22|vs=31|p=195|g=0|sp=0)|pdg=pi-|q=-1|m=0.13957|p=24.3638 failed to simulate with error NavigatorError:3: No start volume could be resolved
19:37:32    FatrasSimula   ERROR     event 5 particle id=3119349855907514113(vp=25|vs=21|p=176|g=0|sp=0)|pdg=pi+|q=1|m=0.13957|p=209.321 failed to simulate with error NavigatorError:3: No start volume could be resolved
19:37:32    FatrasSimula   ERROR     event 5 particle id=463300836316358769(vp=25|vs=21|p=177|g=0|sp=0)|pdg=pi-|q=-1|m=0.13957|p=138.468 failed to simulate with error NavigatorError:3: No start volume could be resolved
19:37:32    FatrasSimula   ERROR     event 5 particle id=17204482190705593581(vp=25|vs=23|p=178|g=0|sp=0)|pdg=n~|q=0|m=0.939565|p=1199.19 failed to simulate with error NavigatorError:3: No start volume could be resolved
19:37:32    FatrasSimula   ERROR     event 5 particle id=84305053584598432(vp=25|vs=24|p=179|g=0|sp=0)|pdg=gamma|q=0|m=0|p=111.483 failed to simulate with error NavigatorError:3: No start volume could be resolved
19:37:32    FatrasSimula   ERROR     event 5 particle id=1784557939764704171(vp=25|vs=24|p=180|g=0|sp=0)|pdg=gamma|q=0|m=0|p=145.853 failed to simulate with error NavigatorError:3: No start volume could be resolved
19:37:32    FatrasSimula   ERROR     event 5 particle id=11256757803688430332(vp=25|vs=25|p=181|g=0|sp=0)|pdg=gamma|q=0|m=0|p=69.0791 failed to simulate with error NavigatorError:3: No start volume could be resolved
19:37:32    FatrasSimula   ERROR     event 5 particle id=11183165637230265291(vp=25|vs=25|p=182|g=0|sp=0)|pdg=gamma|q=0|m=0|p=53.7888 failed to simulate with error NavigatorError:3: No start volume could be resolved
19:37:32    FatrasSimula   ERROR     event 5 particle id=1634306190997656493(vp=25|vs=26|p=183|g=0|sp=0)|pdg=p|q=1|m=0.938272|p=1378.97 failed to simulate with error NavigatorError:3: No start volume could be resolved
19:37:32    FatrasSimula   ERROR     event 5 particle id=1756605452269752956(vp=25|vs=26|p=184|g=0|sp=0)|pdg=pi-|q=-1|m=0.13957|p=116.513 failed to simulate with error NavigatorError:3: No start volume could be resolved
19:37:32    FatrasSimula   ERROR     event 5 particle id=6665822697196439526(vp=26|vs=5|p=26|g=0|sp=0)|pdg=gamma|q=0|m=0|p=13.6415 failed to simulate with error NavigatorError:3: No start volume could be resolved
19:37:32    FatrasSimula   ERROR     event 5 particle id=12376850450133948130(vp=26|vs=5|p=27|g=0|sp=0)|pdg=gamma|q=0|m=0|p=3.83184 failed to simulate with error NavigatorError:3: No start volume could be resolved
19:37:32    FatrasSimula   ERROR     event 5 particle id=14730522155538808897(vp=26|vs=6|p=28|g=0|sp=0)|pdg=gamma|q=0|m=0|p=20.7317 failed to simulate with error NavigatorError:3: No start volume could be resolved
19:37:32    FatrasSimula   ERROR     event 5 particle id=7895303362100160149(vp=26|vs=6|p=29|g=0|sp=0)|pdg=gamma|q=0|m=0|p=5.0043 failed to simulate with error NavigatorError:3: No start volume could be resolved
19:37:32    FatrasSimula   ERROR     event 5 particle id=266052838048296127(vp=27|vs=7|p=96|g=0|sp=0)|pdg=n|q=0|m=0.939565|p=2004.07 failed to simulate with error NavigatorError:3: No start volume could be resolved
19:37:32    FatrasSimula   ERROR     event 5 particle id=16085537382619636580(vp=27|vs=8|p=97|g=0|sp=0)|pdg=gamma|q=0|m=0|p=130.721 failed to simulate with error NavigatorError:3: No start volume could be resolved
19:37:32    FatrasSimula   ERROR     event 5 particle id=17858853193671811018(vp=27|vs=8|p=98|g=0|sp=0)|pdg=gamma|q=0|m=0|p=248.583 failed to simulate with error NavigatorError:3: No start volume could be resolved
19:37:32    FatrasSimula   ERROR     event 5 particle id=341759838186475263(vp=33|vs=12|p=97|g=0|sp=0)|pdg=pi+|q=1|m=0.13957|p=32.3238 failed to simulate with error NavigatorError:3: No start volume could be resolved
19:37:32    FatrasSimula   ERROR     event 5 particle id=16656671269377945285(vp=33|vs=12|p=98|g=0|sp=0)|pdg=pi-|q=-1|m=0.13957|p=43.999 failed to simulate with error NavigatorError:3: No start volume could be resolved
19:37:32    FatrasSimula   ERROR     event 5 particle id=286937245425889011(vp=33|vs=46|p=321|g=0|sp=0)|pdg=p|q=1|m=0.938272|p=197.694 failed to simulate with error NavigatorError:3: No start volume could be resolved
19:37:32    FatrasSimula   ERROR     event 5 particle id=18326067320656158325(vp=33|vs=46|p=322|g=0|sp=0)|pdg=pi-|q=-1|m=0.13957|p=35.3616 failed to simulate with error NavigatorError:3: No start volume could be resolved
19:37:32    FatrasSimula   ERROR     event 5 particle id=343276191366850759(vp=33|vs=65|p=538|g=0|sp=0)|pdg=pi+|q=1|m=0.13957|p=265.744 failed to simulate with error NavigatorError:3: No start volume could be resolved
19:37:32    FatrasSimula   ERROR     event 5 particle id=13557200514453382369(vp=33|vs=65|p=539|g=0|sp=0)|pdg=pi-|q=-1|m=0.13957|p=166.697 failed to simulate with error NavigatorError:3: No start volume could be resolved
19:37:32    FatrasSimula   ERROR     event 5 particle id=5266122026566687773(vp=37|vs=2|p=9|g=0|sp=0)|pdg=n|q=0|m=0.939565|p=53.935 failed to simulate with error NavigatorError:3: No start volume could be resolved
19:37:32    FatrasSimula   ERROR     event 5 particle id=14240508157873885922(vp=37|vs=2|p=10|g=0|sp=0)|pdg=gamma|q=0|m=0|p=4.10098 failed to simulate with error NavigatorError:3: No start volume could be resolved
19:37:32    FatrasSimula   ERROR     event 5 particle id=2976707378701647545(vp=37|vs=2|p=11|g=0|sp=0)|pdg=gamma|q=0|m=0|p=4.95419 failed to simulate with error NavigatorError:3: No start volume could be resolved
19:37:32    FatrasSimula   ERROR     event 5 particle id=10683502187478392626(vp=37|vs=21|p=134|g=0|sp=0)|pdg=pi+|q=1|m=0.13957|p=792.483 failed to simulate with error NavigatorError:3: No start volume could be resolved
19:37:32    FatrasSimula   ERROR     event 5 particle id=1305698190944529903(vp=37|vs=21|p=135|g=0|sp=0)|pdg=pi-|q=-1|m=0.13957|p=274.17 failed to simulate with error NavigatorError:3: No start volume could be resolved
19:37:32    FatrasSimula   ERROR     event 5 particle id=2918631641728867593(vp=40|vs=34|p=341|g=0|sp=0)|pdg=p~|q=-1|m=0.938272|p=142.422 failed to simulate with error NavigatorError:3: No start volume could be resolved
19:37:32    FatrasSimula   ERROR     event 5 particle id=18340351101331219597(vp=40|vs=34|p=342|g=0|sp=0)|pdg=pi+|q=1|m=0.13957|p=20.3388 failed to simulate with error NavigatorError:3: No start volume could be resolved
19:37:32    FatrasSimula   ERROR     event 5 particle id=7145913913768405669(vp=40|vs=36|p=343|g=0|sp=0)|pdg=pi+|q=1|m=0.13957|p=81.0176 failed to simulate with error NavigatorError:3: No start volume could be resolved
19:37:32    FatrasSimula   ERROR     event 5 particle id=16790143229800213607(vp=40|vs=36|p=344|g=0|sp=0)|pdg=pi-|q=-1|m=0.13957|p=504.75 failed to simulate with error NavigatorError:3: No start volume could be resolved
19:37:32    FatrasSimula   ERROR     event 5 particle id=824009444591450390(vp=45|vs=3|p=2|g=0|sp=0)|pdg=gamma|q=0|m=0|p=706.626 failed to simulate with error NavigatorError:3: No start volume could be resolved
19:37:32    FatrasSimula   ERROR     event 5 particle id=17139151630707275718(vp=45|vs=3|p=3|g=0|sp=0)|pdg=gamma|q=0|m=0|p=982.146 failed to simulate with error NavigatorError:3: No start volume could be resolved
19:37:32    FatrasSimula   ERROR     event 5 particle id=5294500243727424658(vp=45|vs=4|p=4|g=0|sp=0)|pdg=gamma|q=0|m=0|p=16.0808 failed to simulate with error NavigatorError:3: No start volume could be resolved
19:37:32    FatrasSimula   ERROR     event 5 particle id=5830826023369144035(vp=45|vs=4|p=5|g=0|sp=0)|pdg=gamma|q=0|m=0|p=235.59 failed to simulate with error NavigatorError:3: No start volume could be resolved
19:37:32    FatrasSimula   ERROR     event 5 particle id=14788908912056009510(vp=46|vs=5|p=17|g=0|sp=0)|pdg=gamma|q=0|m=0|p=139.061 failed to simulate with error NavigatorError:3: No start volume could be resolved
19:37:32    FatrasSimula   ERROR     event 5 particle id=12629026758691526107(vp=46|vs=5|p=18|g=0|sp=0)|pdg=gamma|q=0|m=0|p=13.5317 failed to simulate with error NavigatorError:3: No start volume could be resolved
19:37:32    FatrasSimula   ERROR     event 5 particle id=14513039488845657259(vp=46|vs=6|p=19|g=0|sp=0)|pdg=gamma|q=0|m=0|p=133.936 failed to simulate with error NavigatorError:3: No start volume could be resolved
19:37:32    FatrasSimula   ERROR     event 5 particle id=10391153269860071221(vp=46|vs=6|p=20|g=0|sp=0)|pdg=gamma|q=0|m=0|p=9.02733 failed to simulate with error NavigatorError:3: No start volume could be resolved
19:37:32    FatrasSimula   ERROR     event 5 particle id=6229958376902997837(vp=46|vs=13|p=120|g=0|sp=0)|pdg=n|q=0|m=0.939565|p=205.861 failed to simulate with error NavigatorError:3: No start volume could be resolved
19:37:32    FatrasSimula   ERROR     event 5 particle id=9379811840356254991(vp=46|vs=14|p=121|g=0|sp=0)|pdg=gamma|q=0|m=0|p=3.02836 failed to simulate with error NavigatorError:3: No start volume could be resolved
19:37:32    FatrasSimula   ERROR     event 5 particle id=3776474197643794499(vp=46|vs=14|p=122|g=0|sp=0)|pdg=gamma|q=0|m=0|p=36.481 failed to simulate with error NavigatorError:3: No start volume could be resolved
19:37:32    FatrasSimula   ERROR     event 5 particle id=3295517415830676994(vp=46|vs=47|p=334|g=0|sp=0)|pdg=pi+|q=1|m=0.13957|p=21.4467 failed to simulate with error NavigatorError:3: No start volume could be resolved
19:37:32    FatrasSimula   ERROR     event 5 particle id=13023569032960591405(vp=46|vs=47|p=335|g=0|sp=0)|pdg=pi-|q=-1|m=0.13957|p=62.6594 failed to simulate with error NavigatorError:3: No start volume could be resolved
19:37:32    FatrasSimula   ERROR     event 5 particle id=5727162458735659547(vp=46|vs=59|p=415|g=0|sp=0)|pdg=p|q=1|m=0.938272|p=66.5568 failed to simulate with error NavigatorError:3: No start volume could be resolved
19:37:32    FatrasSimula   ERROR     event 5 particle id=17472303364674770926(vp=46|vs=60|p=416|g=0|sp=0)|pdg=gamma|q=0|m=0|p=11.8042 failed to simulate with error NavigatorError:3: No start volume could be resolved
19:37:32    FatrasSimula   ERROR     event 5 particle id=4117653802985823363(vp=46|vs=60|p=417|g=0|sp=0)|pdg=gamma|q=0|m=0|p=7.24984 failed to simulate with error NavigatorError:3: No start volume could be resolved
19:37:32    FatrasSimula   ERROR     event 5 particle id=2415457066159445935(vp=47|vs=7|p=66|g=0|sp=0)|pdg=pi+|q=1|m=0.13957|p=211.853 failed to simulate with error NavigatorError:3: No start volume could be resolved
19:37:32    FatrasSimula   ERROR     event 5 particle id=7386190051548851225(vp=47|vs=7|p=67|g=0|sp=0)|pdg=pi-|q=-1|m=0.13957|p=56.5214 failed to simulate with error NavigatorError:3: No start volume could be resolved
19:37:32    FatrasSimula   ERROR     event 5 particle id=4631129480803710807(vp=49|vs=47|p=425|g=0|sp=0)|pdg=pi+|q=1|m=0.13957|p=19.0367 failed to simulate with error NavigatorError:3: No start volume could be resolved
19:37:32    FatrasSimula   ERROR     event 5 particle id=10001383776266210003(vp=49|vs=47|p=426|g=0|sp=0)|pdg=pi-|q=-1|m=0.13957|p=116.262 failed to simulate with error NavigatorError:3: No start volume could be resolved
19:37:32    FatrasSimula   ERROR     event 5 particle id=15935106596571771074(vp=49|vs=65|p=531|g=0|sp=0)|pdg=pi+|q=1|m=0.13957|p=46.0816 failed to simulate with error NavigatorError:3: No start volume could be resolved
19:37:32    FatrasSimula   ERROR     event 5 particle id=2083443750461100613(vp=49|vs=65|p=532|g=0|sp=0)|pdg=pi-|q=-1|m=0.13957|p=10.3373 failed to simulate with error NavigatorError:3: No start volume could be resolved
19:37:33    Sequencer      INFO      finished event 5
19:37:33    FatrasSimula   ERROR     event 6 particle id=7065760453063338469(vp=1|vs=41|p=307|g=0|sp=0)|pdg=pi+|q=1|m=0.13957|p=170.516 failed to simulate with error NavigatorError:3: No start volume could be resolved
19:37:33    FatrasSimula   ERROR     event 6 particle id=1840843685405943363(vp=1|vs=41|p=308|g=0|sp=0)|pdg=pi-|q=-1|m=0.13957|p=55.9305 failed to simulate with error NavigatorError:3: No start volume could be resolved
19:37:33    FatrasSimula   ERROR     event 6 particle id=17199546643684359722(vp=4|vs=18|p=162|g=0|sp=0)|pdg=p|q=1|m=0.938272|p=39.0301 failed to simulate with error NavigatorError:3: No start volume could be resolved
19:37:33    FatrasSimula   ERROR     event 6 particle id=14601469326736920201(vp=4|vs=18|p=163|g=0|sp=0)|pdg=pi-|q=-1|m=0.13957|p=5.92014 failed to simulate with error NavigatorError:3: No start volume could be resolved
19:37:33    FatrasSimula   ERROR     event 6 particle id=10417348990275773351(vp=5|vs=1|p=3|g=0|sp=0)|pdg=n|q=0|m=0.939565|p=108.302 failed to simulate with error NavigatorError:3: No start volume could be resolved
19:37:33    FatrasSimula   ERROR     event 6 particle id=17061186649638085549(vp=5|vs=2|p=4|g=0|sp=0)|pdg=gamma|q=0|m=0|p=11.2681 failed to simulate with error NavigatorError:3: No start volume could be resolved
19:37:33    FatrasSimula   ERROR     event 6 particle id=16559437223628495732(vp=5|vs=2|p=5|g=0|sp=0)|pdg=gamma|q=0|m=0|p=5.52483 failed to simulate with error NavigatorError:3: No start volume could be resolved
19:37:33    FatrasSimula   ERROR     event 6 particle id=9757463414875929590(vp=5|vs=8|p=61|g=0|sp=0)|pdg=pi+|q=1|m=0.13957|p=38.2177 failed to simulate with error NavigatorError:3: No start volume could be resolved
19:37:33    FatrasSimula   ERROR     event 6 particle id=2085721175028558491(vp=5|vs=8|p=62|g=0|sp=0)|pdg=pi-|q=-1|m=0.13957|p=100.842 failed to simulate with error NavigatorError:3: No start volume could be resolved
19:37:33    FatrasSimula   ERROR     event 6 particle id=3314170755212012650(vp=5|vs=9|p=63|g=0|sp=0)|pdg=p|q=1|m=0.938272|p=156.888 failed to simulate with error NavigatorError:3: No start volume could be resolved
19:37:33    FatrasSimula   ERROR     event 6 particle id=4682724442430397795(vp=5|vs=9|p=64|g=0|sp=0)|pdg=pi-|q=-1|m=0.13957|p=20.112 failed to simulate with error NavigatorError:3: No start volume could be resolved
19:37:33    FatrasSimula   ERROR     event 6 particle id=14930604316409682368(vp=6|vs=5|p=74|g=0|sp=0)|pdg=pi+|q=1|m=0.13957|p=30.7737 failed to simulate with error NavigatorError:3: No start volume could be resolved
19:37:33    FatrasSimula   ERROR     event 6 particle id=7789872032348108391(vp=6|vs=5|p=75|g=0|sp=0)|pdg=pi-|q=-1|m=0.13957|p=204.732 failed to simulate with error NavigatorError:3: No start volume could be resolved
19:37:33    FatrasSimula   ERROR     event 6 particle id=5102830655666431273(vp=6|vs=27|p=271|g=0|sp=0)|pdg=pi+|q=1|m=0.13957|p=62.6641 failed to simulate with error NavigatorError:3: No start volume could be resolved
19:37:33    FatrasSimula   ERROR     event 6 particle id=5068026853708735838(vp=6|vs=27|p=272|g=0|sp=0)|pdg=pi-|q=-1|m=0.13957|p=294.748 failed to simulate with error NavigatorError:3: No start volume could be resolved
19:37:33    FatrasSimula   ERROR     event 6 particle id=5704313493201274378(vp=7|vs=19|p=129|g=0|sp=0)|pdg=pi+|q=1|m=0.13957|p=362.586 failed to simulate with error NavigatorError:3: No start volume could be resolved
19:37:33    FatrasSimula   ERROR     event 6 particle id=6103034639247058438(vp=7|vs=19|p=130|g=0|sp=0)|pdg=pi-|q=-1|m=0.13957|p=307.128 failed to simulate with error NavigatorError:3: No start volume could be resolved
19:37:33    FatrasSimula   ERROR     event 6 particle id=7886621907649608481(vp=16|vs=7|p=46|g=0|sp=0)|pdg=pi+|q=1|m=0.13957|p=67.4815 failed to simulate with error NavigatorError:3: No start volume could be resolved
19:37:33    FatrasSimula   ERROR     event 6 particle id=8751565084822847935(vp=16|vs=7|p=47|g=0|sp=0)|pdg=pi-|q=-1|m=0.13957|p=432.501 failed to simulate with error NavigatorError:3: No start volume could be resolved
19:37:33    FatrasSimula   ERROR     event 6 particle id=5043528571921599654(vp=16|vs=9|p=50|g=0|sp=0)|pdg=p|q=1|m=0.938272|p=1726.98 failed to simulate with error NavigatorError:3: No start volume could be resolved
19:37:33    FatrasSimula   ERROR     event 6 particle id=11723641912035649069(vp=16|vs=9|p=51|g=0|sp=0)|pdg=pi-|q=-1|m=0.13957|p=540.767 failed to simulate with error NavigatorError:3: No start volume could be resolved
19:37:33    FatrasSimula   ERROR     event 6 particle id=2396571320715445116(vp=17|vs=28|p=243|g=0|sp=0)|pdg=pi+|q=1|m=0.13957|p=77.6096 failed to simulate with error NavigatorError:3: No start volume could be resolved
19:37:33    FatrasSimula   ERROR     event 6 particle id=3560362743211194978(vp=17|vs=28|p=244|g=0|sp=0)|pdg=pi-|q=-1|m=0.13957|p=116.622 failed to simulate with error NavigatorError:3: No start volume could be resolved
19:37:33    FatrasSimula   ERROR     event 6 particle id=816324775917765015(vp=18|vs=1|p=18|g=0|sp=0)|pdg=n~|q=0|m=0.939565|p=5.35915 failed to simulate with error NavigatorError:3: No start volume could be resolved
19:37:33    FatrasSimula   ERROR     event 6 particle id=12559393706634408789(vp=18|vs=1|p=19|g=0|sp=0)|pdg=gamma|q=0|m=0|p=0.805716 failed to simulate with error NavigatorError:3: No start volume could be resolved
19:37:33    FatrasSimula   ERROR     event 6 particle id=5776549917938505708(vp=18|vs=4|p=55|g=0|sp=0)|pdg=pi+|q=1|m=0.13957|p=72.6635 failed to simulate with error NavigatorError:3: No start volume could be resolved
19:37:33    FatrasSimula   ERROR     event 6 particle id=12239302688535829123(vp=18|vs=4|p=56|g=0|sp=0)|pdg=pi-|q=-1|m=0.13957|p=48.4865 failed to simulate with error NavigatorError:3: No start volume could be resolved
19:37:33    FatrasSimula   ERROR     event 6 particle id=5528818333170595643(vp=18|vs=17|p=144|g=0|sp=0)|pdg=gamma|q=0|m=0|p=5.67893 failed to simulate with error NavigatorError:3: No start volume could be resolved
19:37:33    FatrasSimula   ERROR     event 6 particle id=8840310220100085285(vp=18|vs=17|p=145|g=0|sp=0)|pdg=gamma|q=0|m=0|p=70.1379 failed to simulate with error NavigatorError:3: No start volume could be resolved
19:37:33    FatrasSimula   ERROR     event 6 particle id=13867602178528777115(vp=18|vs=17|p=146|g=0|sp=0)|pdg=gamma|q=0|m=0|p=7.95495 failed to simulate with error NavigatorError:3: No start volume could be resolved
19:37:33    FatrasSimula   ERROR     event 6 particle id=18033932588965044789(vp=18|vs=17|p=147|g=0|sp=0)|pdg=gamma|q=0|m=0|p=15.7872 failed to simulate with error NavigatorError:3: No start volume could be resolved
19:37:33    FatrasSimula   ERROR     event 6 particle id=13930443638753043330(vp=18|vs=42|p=306|g=0|sp=0)|pdg=pi+|q=1|m=0.13957|p=603.772 failed to simulate with error NavigatorError:3: No start volume could be resolved
19:37:33    FatrasSimula   ERROR     event 6 particle id=11569065431537107860(vp=18|vs=42|p=307|g=0|sp=0)|pdg=pi-|q=-1|m=0.13957|p=535.614 failed to simulate with error NavigatorError:3: No start volume could be resolved
19:37:33    FatrasSimula   ERROR     event 6 particle id=17861864636729180936(vp=18|vs=48|p=331|g=0|sp=0)|pdg=pi+|q=1|m=0.13957|p=251.735 failed to simulate with error NavigatorError:3: No start volume could be resolved
19:37:33    FatrasSimula   ERROR     event 6 particle id=16979416975739986196(vp=18|vs=48|p=332|g=0|sp=0)|pdg=pi-|q=-1|m=0.13957|p=142.042 failed to simulate with error NavigatorError:3: No start volume could be resolved
19:37:33    FatrasSimula   ERROR     event 6 particle id=12090897957763201785(vp=20|vs=10|p=131|g=0|sp=0)|pdg=pi+|q=1|m=0.13957|p=4.8449 failed to simulate with error NavigatorError:3: No start volume could be resolved
19:37:33    FatrasSimula   ERROR     event 6 particle id=9883205626224282713(vp=20|vs=10|p=132|g=0|sp=0)|pdg=pi-|q=-1|m=0.13957|p=50.6304 failed to simulate with error NavigatorError:3: No start volume could be resolved
19:37:33    FatrasSimula   ERROR     event 6 particle id=9104216795921207572(vp=20|vs=12|p=154|g=0|sp=0)|pdg=n|q=0|m=0.939565|p=111.222 failed to simulate with error NavigatorError:3: No start volume could be resolved
19:37:33    FatrasSimula   ERROR     event 6 particle id=7872874782988471554(vp=20|vs=12|p=155|g=0|sp=0)|pdg=pi+|q=1|m=0.13957|p=18.4058 failed to simulate with error NavigatorError:3: No start volume could be resolved
19:37:33    FatrasSimula   ERROR     event 6 particle id=15792819495570548885(vp=20|vs=14|p=156|g=0|sp=0)|pdg=p~|q=-1|m=0.938272|p=106.327 failed to simulate with error NavigatorError:3: No start volume could be resolved
19:37:33    FatrasSimula   ERROR     event 6 particle id=4624842145085912386(vp=20|vs=14|p=157|g=0|sp=0)|pdg=pi+|q=1|m=0.13957|p=25.7298 failed to simulate with error NavigatorError:3: No start volume could be resolved
19:37:33    FatrasSimula   ERROR     event 6 particle id=18436768737625632358(vp=20|vs=15|p=158|g=0|sp=0)|pdg=gamma|q=0|m=0|p=19.8878 failed to simulate with error NavigatorError:3: No start volume could be resolved
19:37:33    FatrasSimula   ERROR     event 6 particle id=3297859045791313261(vp=20|vs=15|p=159|g=0|sp=0)|pdg=gamma|q=0|m=0|p=5.37115 failed to simulate with error NavigatorError:3: No start volume could be resolved
19:37:33    FatrasSimula   ERROR     event 6 particle id=8081247920684519092(vp=20|vs=17|p=166|g=0|sp=0)|pdg=n|q=0|m=0.939565|p=377.075 failed to simulate with error NavigatorError:3: No start volume could be resolved
19:37:33    FatrasSimula   ERROR     event 6 particle id=8033577777078703957(vp=20|vs=18|p=167|g=0|sp=0)|pdg=gamma|q=0|m=0|p=34.4559 failed to simulate with error NavigatorError:3: No start volume could be resolved
19:37:33    FatrasSimula   ERROR     event 6 particle id=10979729605464617921(vp=20|vs=18|p=168|g=0|sp=0)|pdg=gamma|q=0|m=0|p=30.2133 failed to simulate with error NavigatorError:3: No start volume could be resolved
19:37:33    FatrasSimula   ERROR     event 6 particle id=10227672646716332363(vp=20|vs=21|p=174|g=0|sp=0)|pdg=n|q=0|m=0.939565|p=124.436 failed to simulate with error NavigatorError:3: No start volume could be resolved
19:37:33    FatrasSimula   ERROR     event 6 particle id=17569686483848911820(vp=20|vs=21|p=175|g=0|sp=0)|pdg=gamma|q=0|m=0|p=14.3673 failed to simulate with error NavigatorError:3: No start volume could be resolved
19:37:33    FatrasSimula   ERROR     event 6 particle id=8741736443377280244(vp=20|vs=21|p=176|g=0|sp=0)|pdg=gamma|q=0|m=0|p=11.0003 failed to simulate with error NavigatorError:3: No start volume could be resolved
19:37:33    FatrasSimula   ERROR     event 6 particle id=5849407462587629001(vp=20|vs=22|p=177|g=0|sp=0)|pdg=p~|q=-1|m=0.938272|p=78.6306 failed to simulate with error NavigatorError:3: No start volume could be resolved
19:37:33    FatrasSimula   ERROR     event 6 particle id=8743634565273013571(vp=20|vs=22|p=178|g=0|sp=0)|pdg=pi+|q=1|m=0.13957|p=16.0323 failed to simulate with error NavigatorError:3: No start volume could be resolved
19:37:33    FatrasSimula   ERROR     event 6 particle id=2024369089379619913(vp=20|vs=44|p=409|g=0|sp=0)|pdg=pi+|q=1|m=0.13957|p=28.0955 failed to simulate with error NavigatorError:3: No start volume could be resolved
19:37:33    FatrasSimula   ERROR     event 6 particle id=15875708042135106893(vp=20|vs=44|p=410|g=0|sp=0)|pdg=pi-|q=-1|m=0.13957|p=94.425 failed to simulate with error NavigatorError:3: No start volume could be resolved
19:37:33    FatrasSimula   ERROR     event 6 particle id=1240799172873896856(vp=24|vs=7|p=55|g=0|sp=0)|pdg=n|q=0|m=0.939565|p=155.548 failed to simulate with error NavigatorError:3: No start volume could be resolved
19:37:33    FatrasSimula   ERROR     event 6 particle id=5615244915941622139(vp=24|vs=8|p=56|g=0|sp=0)|pdg=gamma|q=0|m=0|p=33.9262 failed to simulate with error NavigatorError:3: No start volume could be resolved
19:37:33    FatrasSimula   ERROR     event 6 particle id=13057481745203177318(vp=24|vs=8|p=57|g=0|sp=0)|pdg=gamma|q=0|m=0|p=9.82713 failed to simulate with error NavigatorError:3: No start volume could be resolved
19:37:33    FatrasSimula   ERROR     event 6 particle id=9106989515485571806(vp=24|vs=9|p=58|g=0|sp=0)|pdg=n~|q=0|m=0.939565|p=1208.27 failed to simulate with error NavigatorError:3: No start volume could be resolved
19:37:33    FatrasSimula   ERROR     event 6 particle id=14649372133017277877(vp=24|vs=9|p=59|g=0|sp=0)|pdg=pi+|q=1|m=0.13957|p=342.153 failed to simulate with error NavigatorError:3: No start volume could be resolved
19:37:33    FatrasSimula   ERROR     event 6 particle id=12102171129196604355(vp=27|vs=4|p=12|g=0|sp=0)|pdg=p|q=1|m=0.938272|p=2922.74 failed to simulate with error NavigatorError:3: No start volume could be resolved
19:37:33    FatrasSimula   ERROR     event 6 particle id=4071602667819684013(vp=27|vs=4|p=13|g=0|sp=0)|pdg=pi-|q=-1|m=0.13957|p=600.608 failed to simulate with error NavigatorError:3: No start volume could be resolved
19:37:33    FatrasSimula   ERROR     event 6 particle id=10902391965114027386(vp=27|vs=5|p=14|g=0|sp=0)|pdg=gamma|q=0|m=0|p=218.711 failed to simulate with error NavigatorError:3: No start volume could be resolved
19:37:33    FatrasSimula   ERROR     event 6 particle id=13778662058138936644(vp=27|vs=5|p=15|g=0|sp=0)|pdg=gamma|q=0|m=0|p=61.8753 failed to simulate with error NavigatorError:3: No start volume could be resolved
19:37:33    FatrasSimula   ERROR     event 6 particle id=16186942472806106783(vp=27|vs=7|p=16|g=0|sp=0)|pdg=gamma|q=0|m=0|p=53.7677 failed to simulate with error NavigatorError:3: No start volume could be resolved
19:37:33    FatrasSimula   ERROR     event 6 particle id=13351093811441477003(vp=27|vs=7|p=17|g=0|sp=0)|pdg=gamma|q=0|m=0|p=437.395 failed to simulate with error NavigatorError:3: No start volume could be resolved
19:37:33    FatrasSimula   ERROR     event 6 particle id=7614701089170839645(vp=27|vs=8|p=18|g=0|sp=0)|pdg=gamma|q=0|m=0|p=1111.66 failed to simulate with error NavigatorError:3: No start volume could be resolved
19:37:33    FatrasSimula   ERROR     event 6 particle id=2420807390105356297(vp=27|vs=8|p=19|g=0|sp=0)|pdg=gamma|q=0|m=0|p=134.593 failed to simulate with error NavigatorError:3: No start volume could be resolved
19:37:33    FatrasSimula   ERROR     event 6 particle id=753000742594371349(vp=29|vs=4|p=13|g=0|sp=0)|pdg=n~|q=0|m=0.939565|p=223.922 failed to simulate with error NavigatorError:3: No start volume could be resolved
19:37:33    FatrasSimula   ERROR     event 6 particle id=1917136108128881774(vp=29|vs=5|p=14|g=0|sp=0)|pdg=gamma|q=0|m=0|p=52.9229 failed to simulate with error NavigatorError:3: No start volume could be resolved
19:37:33    FatrasSimula   ERROR     event 6 particle id=1498884209942234572(vp=29|vs=5|p=15|g=0|sp=0)|pdg=gamma|q=0|m=0|p=7.24198 failed to simulate with error NavigatorError:3: No start volume could be resolved
19:37:33    FatrasSimula   ERROR     event 6 particle id=8017389868424030622(vp=29|vs=6|p=16|g=0|sp=0)|pdg=gamma|q=0|m=0|p=37.1992 failed to simulate with error NavigatorError:3: No start volume could be resolved
19:37:33    FatrasSimula   ERROR     event 6 particle id=14244019423567401037(vp=29|vs=6|p=17|g=0|sp=0)|pdg=gamma|q=0|m=0|p=30.5111 failed to simulate with error NavigatorError:3: No start volume could be resolved
19:37:33    FatrasSimula   ERROR     event 6 particle id=7495514639607208862(vp=34|vs=5|p=46|g=0|sp=0)|pdg=n~|q=0|m=0.939565|p=231.881 failed to simulate with error NavigatorError:3: No start volume could be resolved
19:37:33    FatrasSimula   ERROR     event 6 particle id=5183487374467902921(vp=34|vs=5|p=47|g=0|sp=0)|pdg=gamma|q=0|m=0|p=26.6289 failed to simulate with error NavigatorError:3: No start volume could be resolved
19:37:33    FatrasSimula   ERROR     event 6 particle id=2370455863599932720(vp=34|vs=5|p=48|g=0|sp=0)|pdg=gamma|q=0|m=0|p=8.27363 failed to simulate with error NavigatorError:3: No start volume could be resolved
19:37:33    FatrasSimula   ERROR     event 6 particle id=5031468683796113966(vp=35|vs=24|p=141|g=0|sp=0)|pdg=p~|q=-1|m=0.938272|p=596.94 failed to simulate with error NavigatorError:3: No start volume could be resolved
19:37:33    FatrasSimula   ERROR     event 6 particle id=14031494289992476783(vp=35|vs=24|p=142|g=0|sp=0)|pdg=pi+|q=1|m=0.13957|p=47.0169 failed to simulate with error NavigatorError:3: No start volume could be resolved
19:37:33    FatrasSimula   ERROR     event 6 particle id=9830919790434576863(vp=36|vs=4|p=11|g=0|sp=0)|pdg=n|q=0|m=0.939565|p=3310.6 failed to simulate with error NavigatorError:3: No start volume could be resolved
19:37:33    FatrasSimula   ERROR     event 6 particle id=1725197440835531452(vp=36|vs=5|p=12|g=0|sp=0)|pdg=gamma|q=0|m=0|p=134.573 failed to simulate with error NavigatorError:3: No start volume could be resolved
19:37:33    FatrasSimula   ERROR     event 6 particle id=13859337099570384977(vp=36|vs=5|p=13|g=0|sp=0)|pdg=gamma|q=0|m=0|p=147.362 failed to simulate with error NavigatorError:3: No start volume could be resolved
19:37:33    FatrasSimula   ERROR     event 6 particle id=8176223503370541970(vp=37|vs=8|p=91|g=0|sp=0)|pdg=n|q=0|m=0.939565|p=27.9811 failed to simulate with error NavigatorError:3: No start volume could be resolved
19:37:33    FatrasSimula   ERROR     event 6 particle id=14033531615030835707(vp=37|vs=9|p=92|g=0|sp=0)|pdg=gamma|q=0|m=0|p=6.26854 failed to simulate with error NavigatorError:3: No start volume could be resolved
19:37:33    FatrasSimula   ERROR     event 6 particle id=2957721603196574137(vp=37|vs=9|p=93|g=0|sp=0)|pdg=gamma|q=0|m=0|p=1.70235 failed to simulate with error NavigatorError:3: No start volume could be resolved
19:37:33    FatrasSimula   ERROR     event 6 particle id=8721806305389822848(vp=39|vs=20|p=156|g=0|sp=0)|pdg=pi+|q=1|m=0.13957|p=179.515 failed to simulate with error NavigatorError:3: No start volume could be resolved
19:37:33    FatrasSimula   ERROR     event 6 particle id=16949025735370294969(vp=39|vs=20|p=157|g=0|sp=0)|pdg=pi-|q=-1|m=0.13957|p=61.9484 failed to simulate with error NavigatorError:3: No start volume could be resolved
19:37:33    FatrasSimula   ERROR     event 6 particle id=12619726289728018774(vp=39|vs=21|p=158|g=0|sp=0)|pdg=p|q=1|m=0.938272|p=163.641 failed to simulate with error NavigatorError:3: No start volume could be resolved
19:37:33    FatrasSimula   ERROR     event 6 particle id=2293825127091962515(vp=39|vs=21|p=159|g=0|sp=0)|pdg=pi-|q=-1|m=0.13957|p=11.855 failed to simulate with error NavigatorError:3: No start volume could be resolved
19:37:33    FatrasSimula   ERROR     event 6 particle id=10938582751799203371(vp=39|vs=34|p=251|g=0|sp=0)|pdg=n|q=0|m=0.939565|p=91.4128 failed to simulate with error NavigatorError:3: No start volume could be resolved
19:37:33    FatrasSimula   ERROR     event 6 particle id=1634627473839397877(vp=39|vs=34|p=252|g=0|sp=0)|pdg=pi-|q=-1|m=0.13957|p=15.5848 failed to simulate with error NavigatorError:3: No start volume could be resolved
19:37:33    FatrasSimula   ERROR     event 6 particle id=5937268181824669019(vp=39|vs=36|p=253|g=0|sp=0)|pdg=n~|q=0|m=0.939565|p=42.6928 failed to simulate with error NavigatorError:3: No start volume could be resolved
19:37:33    FatrasSimula   ERROR     event 6 particle id=3195430450587124656(vp=39|vs=37|p=254|g=0|sp=0)|pdg=gamma|q=0|m=0|p=4.10657 failed to simulate with error NavigatorError:3: No start volume could be resolved
19:37:33    FatrasSimula   ERROR     event 6 particle id=10973859604228628689(vp=39|vs=37|p=255|g=0|sp=0)|pdg=gamma|q=0|m=0|p=2.22765 failed to simulate with error NavigatorError:3: No start volume could be resolved
19:37:33    FatrasSimula   ERROR     event 6 particle id=5836469223397584231(vp=39|vs=54|p=355|g=0|sp=0)|pdg=n|q=0|m=0.939565|p=2558.31 failed to simulate with error NavigatorError:3: No start volume could be resolved
19:37:33    FatrasSimula   ERROR     event 6 particle id=16445642771524881874(vp=39|vs=55|p=356|g=0|sp=0)|pdg=gamma|q=0|m=0|p=222.621 failed to simulate with error NavigatorError:3: No start volume could be resolved
19:37:33    FatrasSimula   ERROR     event 6 particle id=4073026435895480244(vp=39|vs=55|p=357|g=0|sp=0)|pdg=gamma|q=0|m=0|p=33.0283 failed to simulate with error NavigatorError:3: No start volume could be resolved
19:37:33    FatrasSimula   ERROR     event 6 particle id=8483191171935821299(vp=40|vs=2|p=5|g=0|sp=0)|pdg=n|q=0|m=0.939565|p=158.885 failed to simulate with error NavigatorError:3: No start volume could be resolved
19:37:33    FatrasSimula   ERROR     event 6 particle id=10515168270334092733(vp=40|vs=2|p=6|g=0|sp=0)|pdg=pi+|q=1|m=0.13957|p=13.2044 failed to simulate with error NavigatorError:3: No start volume could be resolved
19:37:33    FatrasSimula   ERROR     event 6 particle id=15370890661752393550(vp=40|vs=4|p=8|g=0|sp=0)|pdg=p~|q=-1|m=0.938272|p=46.0981 failed to simulate with error NavigatorError:3: No start volume could be resolved
19:37:33    FatrasSimula   ERROR     event 6 particle id=12564854053460325541(vp=40|vs=4|p=9|g=0|sp=0)|pdg=pi+|q=1|m=0.13957|p=7.30573 failed to simulate with error NavigatorError:3: No start volume could be resolved
19:37:33    FatrasSimula   ERROR     event 6 particle id=714042717833046617(vp=40|vs=22|p=171|g=0|sp=0)|pdg=gamma|q=0|m=0|p=29.4578 failed to simulate with error NavigatorError:3: No start volume could be resolved
19:37:33    FatrasSimula   ERROR     event 6 particle id=14968604701705882400(vp=40|vs=22|p=172|g=0|sp=0)|pdg=gamma|q=0|m=0|p=4.84926 failed to simulate with error NavigatorError:3: No start volume could be resolved
19:37:33    FatrasSimula   ERROR     event 6 particle id=17426064063024536246(vp=40|vs=23|p=173|g=0|sp=0)|pdg=gamma|q=0|m=0|p=6.4597 failed to simulate with error NavigatorError:3: No start volume could be resolved
19:37:33    FatrasSimula   ERROR     event 6 particle id=17576116218198046129(vp=40|vs=23|p=174|g=0|sp=0)|pdg=gamma|q=0|m=0|p=2.56493 failed to simulate with error NavigatorError:3: No start volume could be resolved
19:37:33    FatrasSimula   ERROR     event 6 particle id=4156890869052709225(vp=42|vs=8|p=58|g=0|sp=0)|pdg=n|q=0|m=0.939565|p=885.308 failed to simulate with error NavigatorError:3: No start volume could be resolved
19:37:33    FatrasSimula   ERROR     event 6 particle id=15213533627833809519(vp=42|vs=8|p=59|g=0|sp=0)|pdg=pi+|q=1|m=0.13957|p=407.071 failed to simulate with error NavigatorError:3: No start volume could be resolved
19:37:33    FatrasSimula   ERROR     event 6 particle id=16913337587726468597(vp=42|vs=19|p=105|g=0|sp=0)|pdg=pi+|q=1|m=0.13957|p=189.278 failed to simulate with error NavigatorError:3: No start volume could be resolved
19:37:33    FatrasSimula   ERROR     event 6 particle id=8857915883163237840(vp=42|vs=19|p=106|g=0|sp=0)|pdg=pi-|q=-1|m=0.13957|p=61.3518 failed to simulate with error NavigatorError:3: No start volume could be resolved
19:37:33    FatrasSimula   ERROR     event 6 particle id=7556133921681794077(vp=42|vs=36|p=222|g=0|sp=0)|pdg=pi+|q=1|m=0.13957|p=460.106 failed to simulate with error NavigatorError:3: No start volume could be resolved
19:37:33    FatrasSimula   ERROR     event 6 particle id=10520636473516995788(vp=42|vs=36|p=223|g=0|sp=0)|pdg=pi-|q=-1|m=0.13957|p=1081.95 failed to simulate with error NavigatorError:3: No start volume could be resolved
19:37:33    FatrasSimula   ERROR     event 6 particle id=7989453133640070596(vp=43|vs=15|p=96|g=0|sp=0)|pdg=n~|q=0|m=0.939565|p=177.577 failed to simulate with error NavigatorError:3: No start volume could be resolved
19:37:33    FatrasSimula   ERROR     event 6 particle id=8716768509401744686(vp=43|vs=15|p=97|g=0|sp=0)|pdg=gamma|q=0|m=0|p=9.03045 failed to simulate with error NavigatorError:3: No start volume could be resolved
19:37:33    FatrasSimula   ERROR     event 6 particle id=14125082747663862714(vp=43|vs=15|p=98|g=0|sp=0)|pdg=gamma|q=0|m=0|p=21.2637 failed to simulate with error NavigatorError:3: No start volume could be resolved
19:37:33    FatrasSimula   ERROR     event 6 particle id=13746533303921567764(vp=50|vs=2|p=3|g=0|sp=0)|pdg=pi+|q=1|m=0.13957|p=63.1781 failed to simulate with error NavigatorError:3: No start volume could be resolved
19:37:33    FatrasSimula   ERROR     event 6 particle id=16554096523491508061(vp=50|vs=2|p=4|g=0|sp=0)|pdg=pi-|q=-1|m=0.13957|p=41.8408 failed to simulate with error NavigatorError:3: No start volume could be resolved
19:37:33    FatrasSimula   ERROR     event 6 particle id=6066690535812167784(vp=50|vs=19|p=149|g=0|sp=0)|pdg=n|q=0|m=0.939565|p=613.191 failed to simulate with error NavigatorError:3: No start volume could be resolved
19:37:33    FatrasSimula   ERROR     event 6 particle id=17880924018940645552(vp=50|vs=20|p=150|g=0|sp=0)|pdg=gamma|q=0|m=0|p=21.2519 failed to simulate with error NavigatorError:3: No start volume could be resolved
19:37:33    FatrasSimula   ERROR     event 6 particle id=2582164707388398501(vp=50|vs=20|p=151|g=0|sp=0)|pdg=gamma|q=0|m=0|p=31.8329 failed to simulate with error NavigatorError:3: No start volume could be resolved
19:37:33    Sequencer      INFO      finished event 6
19:37:34    FatrasSimula   ERROR     event 7 particle id=1887750878466638816(vp=1|vs=22|p=124|g=0|sp=0)|pdg=p~|q=-1|m=0.938272|p=57.9228 failed to simulate with error NavigatorError:3: No start volume could be resolved
19:37:34    FatrasSimula   ERROR     event 7 particle id=17062496483400589717(vp=1|vs=22|p=125|g=0|sp=0)|pdg=pi+|q=1|m=0.13957|p=7.78699 failed to simulate with error NavigatorError:3: No start volume could be resolved
19:37:34    FatrasSimula   ERROR     event 7 particle id=219091161358457832(vp=1|vs=23|p=127|g=0|sp=0)|pdg=pi+|q=1|m=0.13957|p=82.0119 failed to simulate with error NavigatorError:3: No start volume could be resolved
19:37:34    FatrasSimula   ERROR     event 7 particle id=15843795326940337966(vp=1|vs=23|p=128|g=0|sp=0)|pdg=pi-|q=-1|m=0.13957|p=24.7216 failed to simulate with error NavigatorError:3: No start volume could be resolved
19:37:34    FatrasSimula   ERROR     event 7 particle id=2760551233856293325(vp=1|vs=31|p=169|g=0|sp=0)|pdg=pi+|q=1|m=0.13957|p=7.11072 failed to simulate with error NavigatorError:3: No start volume could be resolved
19:37:34    FatrasSimula   ERROR     event 7 particle id=5594788734882333759(vp=1|vs=31|p=170|g=0|sp=0)|pdg=pi-|q=-1|m=0.13957|p=7.80265 failed to simulate with error NavigatorError:3: No start volume could be resolved
19:37:34    FatrasSimula   ERROR     event 7 particle id=1632653685667069836(vp=1|vs=32|p=173|g=0|sp=0)|pdg=pi+|q=1|m=0.13957|p=10.824 failed to simulate with error NavigatorError:3: No start volume could be resolved
19:37:34    FatrasSimula   ERROR     event 7 particle id=12571497302437880438(vp=1|vs=32|p=174|g=0|sp=0)|pdg=pi-|q=-1|m=0.13957|p=1.97505 failed to simulate with error NavigatorError:3: No start volume could be resolved
19:37:34    FatrasSimula   ERROR     event 7 particle id=522587106306082290(vp=1|vs=63|p=361|g=0|sp=0)|pdg=gamma|q=0|m=0|p=39.9232 failed to simulate with error NavigatorError:3: No start volume could be resolved
19:37:34    FatrasSimula   ERROR     event 7 particle id=7974985152202423590(vp=1|vs=63|p=362|g=0|sp=0)|pdg=gamma|q=0|m=0|p=57.5052 failed to simulate with error NavigatorError:3: No start volume could be resolved
19:37:34    FatrasSimula   ERROR     event 7 particle id=16702606435908612948(vp=1|vs=64|p=363|g=0|sp=0)|pdg=gamma|q=0|m=0|p=161.942 failed to simulate with error NavigatorError:3: No start volume could be resolved
19:37:34    FatrasSimula   ERROR     event 7 particle id=8714710878059024981(vp=1|vs=64|p=364|g=0|sp=0)|pdg=gamma|q=0|m=0|p=129.478 failed to simulate with error NavigatorError:3: No start volume could be resolved
19:37:34    FatrasSimula   ERROR     event 7 particle id=2452036047482616789(vp=1|vs=65|p=366|g=0|sp=0)|pdg=p|q=1|m=0.938272|p=1725.46 failed to simulate with error NavigatorError:3: No start volume could be resolved
19:37:34    FatrasSimula   ERROR     event 7 particle id=3636757017541296113(vp=1|vs=65|p=367|g=0|sp=0)|pdg=pi-|q=-1|m=0.13957|p=167.564 failed to simulate with error NavigatorError:3: No start volume could be resolved
19:37:34    FatrasSimula   ERROR     event 7 particle id=16264078380042396119(vp=1|vs=71|p=403|g=0|sp=0)|pdg=p~|q=-1|m=0.938272|p=42.9104 failed to simulate with error NavigatorError:3: No start volume could be resolved
19:37:34    FatrasSimula   ERROR     event 7 particle id=15900455874589661213(vp=1|vs=71|p=404|g=0|sp=0)|pdg=pi+|q=1|m=0.13957|p=5.93805 failed to simulate with error NavigatorError:3: No start volume could be resolved
19:37:34    FatrasSimula   ERROR     event 7 particle id=17027690807869544125(vp=3|vs=13|p=112|g=0|sp=0)|pdg=p|q=1|m=0.938272|p=72.9723 failed to simulate with error NavigatorError:3: No start volume could be resolved
19:37:34    FatrasSimula   ERROR     event 7 particle id=9808859153885574885(vp=3|vs=13|p=113|g=0|sp=0)|pdg=pi-|q=-1|m=0.13957|p=19.7111 failed to simulate with error NavigatorError:3: No start volume could be resolved
19:37:34    FatrasSimula   ERROR     event 7 particle id=12704735845501903539(vp=3|vs=35|p=271|g=0|sp=0)|pdg=pi+|q=1|m=0.13957|p=70.2892 failed to simulate with error NavigatorError:3: No start volume could be resolved
19:37:34    FatrasSimula   ERROR     event 7 particle id=11675935458246337084(vp=3|vs=35|p=272|g=0|sp=0)|pdg=pi-|q=-1|m=0.13957|p=250.28 failed to simulate with error NavigatorError:3: No start volume could be resolved
19:37:34    FatrasSimula   ERROR     event 7 particle id=10847017074331393055(vp=3|vs=36|p=287|g=0|sp=0)|pdg=p|q=1|m=0.938272|p=312.651 failed to simulate with error NavigatorError:3: No start volume could be resolved
19:37:34    FatrasSimula   ERROR     event 7 particle id=2965622584607481706(vp=3|vs=36|p=288|g=0|sp=0)|pdg=pi-|q=-1|m=0.13957|p=26.7781 failed to simulate with error NavigatorError:3: No start volume could be resolved
19:37:34    FatrasSimula   ERROR     event 7 particle id=16469216973644714467(vp=5|vs=22|p=139|g=0|sp=0)|pdg=pi+|q=1|m=0.13957|p=17.5813 failed to simulate with error NavigatorError:3: No start volume could be resolved
19:37:34    FatrasSimula   ERROR     event 7 particle id=756596571298807919(vp=5|vs=22|p=140|g=0|sp=0)|pdg=pi-|q=-1|m=0.13957|p=16.2555 failed to simulate with error NavigatorError:3: No start volume could be resolved
19:37:34    FatrasSimula   ERROR     event 7 particle id=9472268351701909908(vp=8|vs=2|p=3|g=0|sp=0)|pdg=pi+|q=1|m=0.13957|p=248.655 failed to simulate with error NavigatorError:3: No start volume could be resolved
19:37:34    FatrasSimula   ERROR     event 7 particle id=16682522104739357050(vp=8|vs=2|p=4|g=0|sp=0)|pdg=pi-|q=-1|m=0.13957|p=204.491 failed to simulate with error NavigatorError:3: No start volume could be resolved
19:37:34    FatrasSimula   ERROR     event 7 particle id=16951837340357010725(vp=8|vs=23|p=199|g=0|sp=0)|pdg=gamma|q=0|m=0|p=8.3335 failed to simulate with error NavigatorError:3: No start volume could be resolved
19:37:34    FatrasSimula   ERROR     event 7 particle id=10870528724857032136(vp=8|vs=23|p=200|g=0|sp=0)|pdg=gamma|q=0|m=0|p=7.35289 failed to simulate with error NavigatorError:3: No start volume could be resolved
19:37:34    FatrasSimula   ERROR     event 7 particle id=9750029535677478447(vp=8|vs=24|p=201|g=0|sp=0)|pdg=gamma|q=0|m=0|p=1.64023 failed to simulate with error NavigatorError:3: No start volume could be resolved
19:37:34    FatrasSimula   ERROR     event 7 particle id=3732128880405779718(vp=8|vs=24|p=202|g=0|sp=0)|pdg=gamma|q=0|m=0|p=47.0411 failed to simulate with error NavigatorError:3: No start volume could be resolved
19:37:34    FatrasSimula   ERROR     event 7 particle id=11521734810156563988(vp=8|vs=32|p=330|g=0|sp=0)|pdg=pi+|q=1|m=0.13957|p=211.365 failed to simulate with error NavigatorError:3: No start volume could be resolved
19:37:34    FatrasSimula   ERROR     event 7 particle id=1253277553164181546(vp=8|vs=32|p=331|g=0|sp=0)|pdg=pi-|q=-1|m=0.13957|p=450.674 failed to simulate with error NavigatorError:3: No start volume could be resolved
19:37:34    FatrasSimula   ERROR     event 7 particle id=2686381602555220957(vp=10|vs=41|p=233|g=0|sp=0)|pdg=p|q=1|m=0.938272|p=402.646 failed to simulate with error NavigatorError:3: No start volume could be resolved
19:37:34    FatrasSimula   ERROR     event 7 particle id=10421280902908285115(vp=10|vs=42|p=234|g=0|sp=0)|pdg=gamma|q=0|m=0|p=105.982 failed to simulate with error NavigatorError:3: No start volume could be resolved
19:37:34    FatrasSimula   ERROR     event 7 particle id=3491672366704881315(vp=10|vs=42|p=235|g=0|sp=0)|pdg=gamma|q=0|m=0|p=14.5013 failed to simulate with error NavigatorError:3: No start volume could be resolved
19:37:34    FatrasSimula   ERROR     event 7 particle id=15596768063471523087(vp=10|vs=43|p=236|g=0|sp=0)|pdg=p~|q=-1|m=0.938272|p=921.655 failed to simulate with error NavigatorError:3: No start volume could be resolved
19:37:34    FatrasSimula   ERROR     event 7 particle id=14847339628272526927(vp=10|vs=44|p=237|g=0|sp=0)|pdg=gamma|q=0|m=0|p=86.3471 failed to simulate with error NavigatorError:3: No start volume could be resolved
19:37:34    FatrasSimula   ERROR     event 7 particle id=1443900162508703778(vp=10|vs=44|p=238|g=0|sp=0)|pdg=gamma|q=0|m=0|p=33.5791 failed to simulate with error NavigatorError:3: No start volume could be resolved
19:37:34    FatrasSimula   ERROR     event 7 particle id=11340321604940308585(vp=10|vs=90|p=646|g=0|sp=0)|pdg=n|q=0|m=0.939565|p=52.2756 failed to simulate with error NavigatorError:3: No start volume could be resolved
19:37:34    FatrasSimula   ERROR     event 7 particle id=1931778551640919887(vp=10|vs=90|p=647|g=0|sp=0)|pdg=pi-|q=-1|m=0.13957|p=19.0472 failed to simulate with error NavigatorError:3: No start volume could be resolved
19:37:34    FatrasSimula   ERROR     event 7 particle id=13709308693082177093(vp=11|vs=19|p=175|g=0|sp=0)|pdg=gamma|q=0|m=0|p=31.4186 failed to simulate with error NavigatorError:3: No start volume could be resolved
19:37:34    FatrasSimula   ERROR     event 7 particle id=17398232609445470918(vp=11|vs=19|p=176|g=0|sp=0)|pdg=gamma|q=0|m=0|p=61.7576 failed to simulate with error NavigatorError:3: No start volume could be resolved
19:37:34    FatrasSimula   ERROR     event 7 particle id=5033139601656041196(vp=11|vs=20|p=177|g=0|sp=0)|pdg=gamma|q=0|m=0|p=32.0316 failed to simulate with error NavigatorError:3: No start volume could be resolved
19:37:34    FatrasSimula   ERROR     event 7 particle id=472159682922317393(vp=11|vs=20|p=178|g=0|sp=0)|pdg=gamma|q=0|m=0|p=9.97203 failed to simulate with error NavigatorError:3: No start volume could be resolved
19:37:34    FatrasSimula   ERROR     event 7 particle id=4783911810400386158(vp=11|vs=39|p=348|g=0|sp=0)|pdg=pi+|q=1|m=0.13957|p=32.084 failed to simulate with error NavigatorError:3: No start volume could be resolved
19:37:34    FatrasSimula   ERROR     event 7 particle id=18065606856951199066(vp=11|vs=39|p=349|g=0|sp=0)|pdg=pi-|q=-1|m=0.13957|p=78.0198 failed to simulate with error NavigatorError:3: No start volume could be resolved
19:37:34    FatrasSimula   ERROR     event 7 particle id=1036733376181837212(vp=11|vs=43|p=396|g=0|sp=0)|pdg=p|q=1|m=0.938272|p=1909.62 failed to simulate with error NavigatorError:3: No start volume could be resolved
19:37:34    FatrasSimula   ERROR     event 7 particle id=11955326890839798067(vp=11|vs=43|p=397|g=0|sp=0)|pdg=pi-|q=-1|m=0.13957|p=165.507 failed to simulate with error NavigatorError:3: No start volume could be resolved
19:37:34    FatrasSimula   ERROR     event 7 particle id=6064871659827246345(vp=12|vs=4|p=46|g=0|sp=0)|pdg=pi+|q=1|m=0.13957|p=82.9248 failed to simulate with error NavigatorError:3: No start volume could be resolved
19:37:34    FatrasSimula   ERROR     event 7 particle id=17183149047385660781(vp=12|vs=4|p=47|g=0|sp=0)|pdg=pi-|q=-1|m=0.13957|p=402.084 failed to simulate with error NavigatorError:3: No start volume could be resolved
19:37:34    FatrasSimula   ERROR     event 7 particle id=6343865366371549647(vp=12|vs=6|p=50|g=0|sp=0)|pdg=p|q=1|m=0.938272|p=2357.57 failed to simulate with error NavigatorError:3: No start volume could be resolved
19:37:34    FatrasSimula   ERROR     event 7 particle id=2488444288928905044(vp=12|vs=6|p=51|g=0|sp=0)|pdg=pi-|q=-1|m=0.13957|p=335.6 failed to simulate with error NavigatorError:3: No start volume could be resolved
19:37:34    FatrasSimula   ERROR     event 7 particle id=13409937917705370164(vp=13|vs=4|p=40|g=0|sp=0)|pdg=pi+|q=1|m=0.13957|p=372.049 failed to simulate with error NavigatorError:3: No start volume could be resolved
19:37:34    FatrasSimula   ERROR     event 7 particle id=4507267289141793808(vp=13|vs=4|p=41|g=0|sp=0)|pdg=pi-|q=-1|m=0.13957|p=79.4914 failed to simulate with error NavigatorError:3: No start volume could be resolved
19:37:34    FatrasSimula   ERROR     event 7 particle id=4811012594304907345(vp=13|vs=13|p=97|g=0|sp=0)|pdg=p~|q=-1|m=0.938272|p=618.054 failed to simulate with error NavigatorError:3: No start volume could be resolved
19:37:34    FatrasSimula   ERROR     event 7 particle id=16001479276093836210(vp=13|vs=14|p=98|g=0|sp=0)|pdg=gamma|q=0|m=0|p=60.0815 failed to simulate with error NavigatorError:3: No start volume could be resolved
19:37:34    FatrasSimula   ERROR     event 7 particle id=2847068059349314012(vp=13|vs=14|p=99|g=0|sp=0)|pdg=gamma|q=0|m=0|p=98.9089 failed to simulate with error NavigatorError:3: No start volume could be resolved
19:37:34    FatrasSimula   ERROR     event 7 particle id=10432833050685683385(vp=16|vs=28|p=301|g=0|sp=0)|pdg=n|q=0|m=0.939565|p=180.632 failed to simulate with error NavigatorError:3: No start volume could be resolved
19:37:34    FatrasSimula   ERROR     event 7 particle id=16498100224038663832(vp=16|vs=28|p=302|g=0|sp=0)|pdg=pi-|q=-1|m=0.13957|p=66.7628 failed to simulate with error NavigatorError:3: No start volume could be resolved
19:37:34    FatrasSimula   ERROR     event 7 particle id=14770535788513294207(vp=16|vs=29|p=303|g=0|sp=0)|pdg=n~|q=0|m=0.939565|p=275.221 failed to simulate with error NavigatorError:3: No start volume could be resolved
19:37:34    FatrasSimula   ERROR     event 7 particle id=4281041123488562777(vp=16|vs=29|p=304|g=0|sp=0)|pdg=gamma|q=0|m=0|p=34.3475 failed to simulate with error NavigatorError:3: No start volume could be resolved
19:37:34    FatrasSimula   ERROR     event 7 particle id=15833493095749526147(vp=16|vs=29|p=305|g=0|sp=0)|pdg=gamma|q=0|m=0|p=36.0082 failed to simulate with error NavigatorError:3: No start volume could be resolved
19:37:34    FatrasSimula   ERROR     event 7 particle id=6451326731021738635(vp=20|vs=7|p=52|g=0|sp=0)|pdg=pi+|q=1|m=0.13957|p=389.106 failed to simulate with error NavigatorError:3: No start volume could be resolved
19:37:34    FatrasSimula   ERROR     event 7 particle id=16645655606624684238(vp=20|vs=7|p=53|g=0|sp=0)|pdg=pi-|q=-1|m=0.13957|p=89.4114 failed to simulate with error NavigatorError:3: No start volume could be resolved
19:37:34    FatrasSimula   ERROR     event 7 particle id=16760151390861300469(vp=20|vs=8|p=56|g=0|sp=0)|pdg=p|q=1|m=0.938272|p=978.872 failed to simulate with error NavigatorError:3: No start volume could be resolved
19:37:34    FatrasSimula   ERROR     event 7 particle id=9026840053744342934(vp=20|vs=8|p=57|g=0|sp=0)|pdg=pi-|q=-1|m=0.13957|p=122.406 failed to simulate with error NavigatorError:3: No start volume could be resolved
19:37:34    FatrasSimula   ERROR     event 7 particle id=6117539050944884938(vp=22|vs=28|p=271|g=0|sp=0)|pdg=p~|q=-1|m=0.938272|p=805.941 failed to simulate with error NavigatorError:3: No start volume could be resolved
19:37:34    FatrasSimula   ERROR     event 7 particle id=5170200860502829815(vp=22|vs=28|p=272|g=0|sp=0)|pdg=pi+|q=1|m=0.13957|p=197.961 failed to simulate with error NavigatorError:3: No start volume could be resolved
19:37:34    FatrasSimula   ERROR     event 7 particle id=2189471030395580015(vp=22|vs=29|p=273|g=0|sp=0)|pdg=pi+|q=1|m=0.13957|p=101.501 failed to simulate with error NavigatorError:3: No start volume could be resolved
19:37:34    FatrasSimula   ERROR     event 7 particle id=8697310918297239345(vp=22|vs=29|p=274|g=0|sp=0)|pdg=pi-|q=-1|m=0.13957|p=190.886 failed to simulate with error NavigatorError:3: No start volume could be resolved
19:37:34    FatrasSimula   ERROR     event 7 particle id=1570528148541294810(vp=24|vs=7|p=47|g=0|sp=0)|pdg=n~|q=0|m=0.939565|p=125.292 failed to simulate with error NavigatorError:3: No start volume could be resolved
19:37:34    FatrasSimula   ERROR     event 7 particle id=6943245647913110865(vp=24|vs=8|p=48|g=0|sp=0)|pdg=gamma|q=0|m=0|p=23.5081 failed to simulate with error NavigatorError:3: No start volume could be resolved
19:37:34    FatrasSimula   ERROR     event 7 particle id=5606123591447409619(vp=24|vs=8|p=49|g=0|sp=0)|pdg=gamma|q=0|m=0|p=8.28284 failed to simulate with error NavigatorError:3: No start volume could be resolved
19:37:34    FatrasSimula   ERROR     event 7 particle id=6776867761535696609(vp=25|vs=9|p=73|g=0|sp=0)|pdg=pi+|q=1|m=0.13957|p=133.493 failed to simulate with error NavigatorError:3: No start volume could be resolved
19:37:34    FatrasSimula   ERROR     event 7 particle id=13537530645416016364(vp=25|vs=9|p=74|g=0|sp=0)|pdg=pi-|q=-1|m=0.13957|p=461.599 failed to simulate with error NavigatorError:3: No start volume could be resolved
19:37:34    FatrasSimula   ERROR     event 7 particle id=17559881213497723772(vp=25|vs=20|p=218|g=0|sp=0)|pdg=p|q=1|m=0.938272|p=57.1884 failed to simulate with error NavigatorError:3: No start volume could be resolved
19:37:34    FatrasSimula   ERROR     event 7 particle id=17547464842047189061(vp=25|vs=20|p=219|g=0|sp=0)|pdg=pi-|q=-1|m=0.13957|p=4.79269 failed to simulate with error NavigatorError:3: No start volume could be resolved
19:37:34    FatrasSimula   ERROR     event 7 particle id=7755798271162410379(vp=25|vs=29|p=309|g=0|sp=0)|pdg=gamma|q=0|m=0|p=23.4205 failed to simulate with error NavigatorError:3: No start volume could be resolved
19:37:34    FatrasSimula   ERROR     event 7 particle id=3318915500428727607(vp=25|vs=29|p=310|g=0|sp=0)|pdg=gamma|q=0|m=0|p=0.581988 failed to simulate with error NavigatorError:3: No start volume could be resolved
19:37:34    FatrasSimula   ERROR     event 7 particle id=6109121212614096927(vp=25|vs=30|p=311|g=0|sp=0)|pdg=gamma|q=0|m=0|p=23.1415 failed to simulate with error NavigatorError:3: No start volume could be resolved
19:37:34    FatrasSimula   ERROR     event 7 particle id=4416902777250784894(vp=25|vs=30|p=312|g=0|sp=0)|pdg=gamma|q=0|m=0|p=11.4955 failed to simulate with error NavigatorError:3: No start volume could be resolved
19:37:34    FatrasSimula   ERROR     event 7 particle id=18325371234160742124(vp=25|vs=31|p=321|g=0|sp=0)|pdg=n~|q=0|m=0.939565|p=30.2632 failed to simulate with error NavigatorError:3: No start volume could be resolved
19:37:34    FatrasSimula   ERROR     event 7 particle id=17478355630674092910(vp=25|vs=31|p=322|g=0|sp=0)|pdg=gamma|q=0|m=0|p=3.29057 failed to simulate with error NavigatorError:3: No start volume could be resolved
19:37:34    FatrasSimula   ERROR     event 7 particle id=3135136714628783110(vp=25|vs=31|p=323|g=0|sp=0)|pdg=gamma|q=0|m=0|p=4.78932 failed to simulate with error NavigatorError:3: No start volume could be resolved
19:37:34    FatrasSimula   ERROR     event 7 particle id=17077065163580285277(vp=25|vs=41|p=352|g=0|sp=0)|pdg=p~|q=-1|m=0.938272|p=538.598 failed to simulate with error NavigatorError:3: No start volume could be resolved
19:37:34    FatrasSimula   ERROR     event 7 particle id=1955363561243551219(vp=25|vs=41|p=353|g=0|sp=0)|pdg=pi+|q=1|m=0.13957|p=67.7662 failed to simulate with error NavigatorError:3: No start volume could be resolved
19:37:34    FatrasSimula   ERROR     event 7 particle id=2266635469603917599(vp=25|vs=49|p=392|g=0|sp=0)|pdg=pi+|q=1|m=0.13957|p=94.2517 failed to simulate with error NavigatorError:3: No start volume could be resolved
19:37:34    FatrasSimula   ERROR     event 7 particle id=896288176721653640(vp=25|vs=49|p=393|g=0|sp=0)|pdg=pi-|q=-1|m=0.13957|p=168.633 failed to simulate with error NavigatorError:3: No start volume could be resolved
19:37:34    FatrasSimula   ERROR     event 7 particle id=6510780992636163136(vp=27|vs=3|p=12|g=0|sp=0)|pdg=gamma|q=0|m=0|p=58.7723 failed to simulate with error NavigatorError:3: No start volume could be resolved
19:37:34    FatrasSimula   ERROR     event 7 particle id=12901286372237612979(vp=27|vs=3|p=13|g=0|sp=0)|pdg=gamma|q=0|m=0|p=183.482 failed to simulate with error NavigatorError:3: No start volume could be resolved
19:37:34    FatrasSimula   ERROR     event 7 particle id=443823683456657522(vp=27|vs=4|p=14|g=0|sp=0)|pdg=gamma|q=0|m=0|p=17.3954 failed to simulate with error NavigatorError:3: No start volume could be resolved
19:37:34    FatrasSimula   ERROR     event 7 particle id=16235655974338424245(vp=27|vs=4|p=15|g=0|sp=0)|pdg=gamma|q=0|m=0|p=18.0515 failed to simulate with error NavigatorError:3: No start volume could be resolved
19:37:34    FatrasSimula   ERROR     event 7 particle id=13478590533111093388(vp=28|vs=26|p=176|g=0|sp=0)|pdg=pi+|q=1|m=0.13957|p=9.36184 failed to simulate with error NavigatorError:3: No start volume could be resolved
19:37:34    FatrasSimula   ERROR     event 7 particle id=15877659216062966228(vp=28|vs=26|p=177|g=0|sp=0)|pdg=pi-|q=-1|m=0.13957|p=19.2503 failed to simulate with error NavigatorError:3: No start volume could be resolved
19:37:34    FatrasSimula   ERROR     event 7 particle id=4445993515761893461(vp=35|vs=8|p=67|g=0|sp=0)|pdg=n~|q=0|m=0.939565|p=238.6 failed to simulate with error NavigatorError:3: No start volume could be resolved
19:37:34    FatrasSimula   ERROR     event 7 particle id=248377039434392966(vp=35|vs=8|p=68|g=0|sp=0)|pdg=pi+|q=1|m=0.13957|p=62.0296 failed to simulate with error NavigatorError:3: No start volume could be resolved
19:37:34    FatrasSimula   ERROR     event 7 particle id=17505111261029453989(vp=36|vs=28|p=144|g=0|sp=0)|pdg=pi+|q=1|m=0.13957|p=152.44 failed to simulate with error NavigatorError:3: No start volume could be resolved
19:37:34    FatrasSimula   ERROR     event 7 particle id=4123290643121976721(vp=36|vs=28|p=145|g=0|sp=0)|pdg=pi-|q=-1|m=0.13957|p=65.59 failed to simulate with error NavigatorError:3: No start volume could be resolved
19:37:34    FatrasSimula   ERROR     event 7 particle id=13786363400477986630(vp=36|vs=30|p=146|g=0|sp=0)|pdg=gamma|q=0|m=0|p=17.9894 failed to simulate with error NavigatorError:3: No start volume could be resolved
19:37:34    FatrasSimula   ERROR     event 7 particle id=14266200878477220533(vp=36|vs=30|p=147|g=0|sp=0)|pdg=gamma|q=0|m=0|p=211.599 failed to simulate with error NavigatorError:3: No start volume could be resolved
19:37:34    FatrasSimula   ERROR     event 7 particle id=17465527646062026188(vp=36|vs=31|p=148|g=0|sp=0)|pdg=gamma|q=0|m=0|p=27.4028 failed to simulate with error NavigatorError:3: No start volume could be resolved
19:37:34    FatrasSimula   ERROR     event 7 particle id=13342067270294660595(vp=36|vs=31|p=149|g=0|sp=0)|pdg=gamma|q=0|m=0|p=9.29895 failed to simulate with error NavigatorError:3: No start volume could be resolved
19:37:34    FatrasSimula   ERROR     event 7 particle id=14879959153312574241(vp=36|vs=44|p=213|g=0|sp=0)|pdg=p~|q=-1|m=0.938272|p=255.511 failed to simulate with error NavigatorError:3: No start volume could be resolved
19:37:34    FatrasSimula   ERROR     event 7 particle id=16334146398445636223(vp=36|vs=44|p=214|g=0|sp=0)|pdg=pi+|q=1|m=0.13957|p=60.9297 failed to simulate with error NavigatorError:3: No start volume could be resolved
19:37:34    FatrasSimula   ERROR     event 7 particle id=16673568689492000604(vp=40|vs=10|p=97|g=0|sp=0)|pdg=n|q=0|m=0.939565|p=1493.25 failed to simulate with error NavigatorError:3: No start volume could be resolved
19:37:34    FatrasSimula   ERROR     event 7 particle id=7115535587670473745(vp=40|vs=11|p=98|g=0|sp=0)|pdg=gamma|q=0|m=0|p=86.8599 failed to simulate with error NavigatorError:3: No start volume could be resolved
19:37:34    FatrasSimula   ERROR     event 7 particle id=1085553524788403353(vp=40|vs=11|p=99|g=0|sp=0)|pdg=gamma|q=0|m=0|p=279.244 failed to simulate with error NavigatorError:3: No start volume could be resolved
19:37:34    FatrasSimula   ERROR     event 7 particle id=4029873718301486497(vp=41|vs=7|p=34|g=0|sp=0)|pdg=pi+|q=1|m=0.13957|p=84.5749 failed to simulate with error NavigatorError:3: No start volume could be resolved
19:37:34    FatrasSimula   ERROR     event 7 particle id=4099139909730781789(vp=41|vs=7|p=35|g=0|sp=0)|pdg=pi-|q=-1|m=0.13957|p=155.594 failed to simulate with error NavigatorError:3: No start volume could be resolved
19:37:34    FatrasSimula   ERROR     event 7 particle id=16100959102238022778(vp=42|vs=5|p=37|g=0|sp=0)|pdg=pi+|q=1|m=0.13957|p=7.2784 failed to simulate with error NavigatorError:3: No start volume could be resolved
19:37:34    FatrasSimula   ERROR     event 7 particle id=10810237703484644387(vp=42|vs=5|p=38|g=0|sp=0)|pdg=pi-|q=-1|m=0.13957|p=23.1067 failed to simulate with error NavigatorError:3: No start volume could be resolved
19:37:34    FatrasSimula   ERROR     event 7 particle id=3713872688144366894(vp=43|vs=6|p=15|g=0|sp=0)|pdg=gamma|q=0|m=0|p=16.459 failed to simulate with error NavigatorError:3: No start volume could be resolved
19:37:34    FatrasSimula   ERROR     event 7 particle id=712725964529579176(vp=43|vs=6|p=16|g=0|sp=0)|pdg=gamma|q=0|m=0|p=54.9075 failed to simulate with error NavigatorError:3: No start volume could be resolved
19:37:34    FatrasSimula   ERROR     event 7 particle id=3723413631826835534(vp=43|vs=7|p=17|g=0|sp=0)|pdg=gamma|q=0|m=0|p=463.871 failed to simulate with error NavigatorError:3: No start volume could be resolved
19:37:34    FatrasSimula   ERROR     event 7 particle id=8346756909140795363(vp=43|vs=7|p=18|g=0|sp=0)|pdg=gamma|q=0|m=0|p=70.0637 failed to simulate with error NavigatorError:3: No start volume could be resolved
19:37:34    FatrasSimula   ERROR     event 7 particle id=15090351394913962532(vp=43|vs=17|p=57|g=0|sp=0)|pdg=p~|q=-1|m=0.938272|p=13.7524 failed to simulate with error NavigatorError:3: No start volume could be resolved
19:37:34    FatrasSimula   ERROR     event 7 particle id=4710905198521845950(vp=43|vs=17|p=58|g=0|sp=0)|pdg=pi+|q=1|m=0.13957|p=1.51614 failed to simulate with error NavigatorError:3: No start volume could be resolved
19:37:34    FatrasSimula   ERROR     event 7 particle id=12426329035711544009(vp=43|vs=21|p=76|g=0|sp=0)|pdg=pi+|q=1|m=0.13957|p=17.8121 failed to simulate with error NavigatorError:3: No start volume could be resolved
19:37:34    FatrasSimula   ERROR     event 7 particle id=18112943654854482721(vp=43|vs=21|p=77|g=0|sp=0)|pdg=pi-|q=-1|m=0.13957|p=121.497 failed to simulate with error NavigatorError:3: No start volume could be resolved
19:37:34    FatrasSimula   ERROR     event 7 particle id=9945433112539369771(vp=43|vs=27|p=89|g=0|sp=0)|pdg=gamma|q=0|m=0|p=15.0022 failed to simulate with error NavigatorError:3: No start volume could be resolved
19:37:34    FatrasSimula   ERROR     event 7 particle id=10021394255267068595(vp=43|vs=27|p=90|g=0|sp=0)|pdg=gamma|q=0|m=0|p=64.0661 failed to simulate with error NavigatorError:3: No start volume could be resolved
19:37:34    FatrasSimula   ERROR     event 7 particle id=8346736039425095134(vp=43|vs=28|p=91|g=0|sp=0)|pdg=gamma|q=0|m=0|p=120.589 failed to simulate with error NavigatorError:3: No start volume could be resolved
19:37:34    FatrasSimula   ERROR     event 7 particle id=14268825022504917404(vp=43|vs=28|p=92|g=0|sp=0)|pdg=gamma|q=0|m=0|p=9.25054 failed to simulate with error NavigatorError:3: No start volume could be resolved
19:37:34    FatrasSimula   ERROR     event 7 particle id=10279860542194174184(vp=47|vs=1|p=1|g=0|sp=0)|pdg=pi+|q=1|m=0.13957|p=96.1526 failed to simulate with error NavigatorError:3: No start volume could be resolved
19:37:34    FatrasSimula   ERROR     event 7 particle id=11898141058483548397(vp=47|vs=1|p=2|g=0|sp=0)|pdg=pi-|q=-1|m=0.13957|p=25.5214 failed to simulate with error NavigatorError:3: No start volume could be resolved
19:37:34    FatrasSimula   ERROR     event 7 particle id=5899355455278590651(vp=48|vs=20|p=146|g=0|sp=0)|pdg=gamma|q=0|m=0|p=23.9652 failed to simulate with error NavigatorError:3: No start volume could be resolved
19:37:34    FatrasSimula   ERROR     event 7 particle id=7770947245394058337(vp=48|vs=20|p=147|g=0|sp=0)|pdg=gamma|q=0|m=0|p=93.9381 failed to simulate with error NavigatorError:3: No start volume could be resolved
19:37:34    FatrasSimula   ERROR     event 7 particle id=6617321590833086849(vp=48|vs=21|p=148|g=0|sp=0)|pdg=gamma|q=0|m=0|p=9.33251 failed to simulate with error NavigatorError:3: No start volume could be resolved
19:37:34    FatrasSimula   ERROR     event 7 particle id=1979587090825982547(vp=48|vs=21|p=149|g=0|sp=0)|pdg=gamma|q=0|m=0|p=49.5032 failed to simulate with error NavigatorError:3: No start volume could be resolved
19:37:34    FatrasSimula   ERROR     event 7 particle id=16843788378941070683(vp=48|vs=22|p=150|g=0|sp=0)|pdg=n|q=0|m=0.939565|p=1493.45 failed to simulate with error NavigatorError:3: No start volume could be resolved
19:37:34    FatrasSimula   ERROR     event 7 particle id=1866684318662921523(vp=48|vs=23|p=151|g=0|sp=0)|pdg=gamma|q=0|m=0|p=206.425 failed to simulate with error NavigatorError:3: No start volume could be resolved
19:37:34    FatrasSimula   ERROR     event 7 particle id=18110847124338526069(vp=48|vs=23|p=152|g=0|sp=0)|pdg=gamma|q=0|m=0|p=71.2426 failed to simulate with error NavigatorError:3: No start volume could be resolved
19:37:34    FatrasSimula   ERROR     event 7 particle id=10874264108303101536(vp=50|vs=37|p=344|g=0|sp=0)|pdg=pi+|q=1|m=0.13957|p=74.5534 failed to simulate with error NavigatorError:3: No start volume could be resolved
19:37:34    FatrasSimula   ERROR     event 7 particle id=9296435892092188148(vp=50|vs=37|p=345|g=0|sp=0)|pdg=pi-|q=-1|m=0.13957|p=376.772 failed to simulate with error NavigatorError:3: No start volume could be resolved
19:37:34    FatrasSimula   ERROR     event 7 particle id=6270637544894673380(vp=50|vs=40|p=390|g=0|sp=0)|pdg=p|q=1|m=0.938272|p=88.5801 failed to simulate with error NavigatorError:3: No start volume could be resolved
19:37:34    FatrasSimula   ERROR     event 7 particle id=9999213053424635514(vp=50|vs=40|p=391|g=0|sp=0)|pdg=pi-|q=-1|m=0.13957|p=27.5585 failed to simulate with error NavigatorError:3: No start volume could be resolved
19:37:34    FatrasSimula   ERROR     event 7 particle id=12291485577426323301(vp=51|vs=10|p=133|g=0|sp=0)|pdg=gamma|q=0|m=0|p=810.954 failed to simulate with error NavigatorError:3: No start volume could be resolved
19:37:34    FatrasSimula   ERROR     event 7 particle id=6982527780985507762(vp=51|vs=10|p=134|g=0|sp=0)|pdg=gamma|q=0|m=0|p=388.713 failed to simulate with error NavigatorError:3: No start volume could be resolved
19:37:34    FatrasSimula   ERROR     event 7 particle id=8947407928266552065(vp=51|vs=11|p=135|g=0|sp=0)|pdg=gamma|q=0|m=0|p=140.591 failed to simulate with error NavigatorError:3: No start volume could be resolved
19:37:34    FatrasSimula   ERROR     event 7 particle id=4544877517266334088(vp=51|vs=11|p=136|g=0|sp=0)|pdg=gamma|q=0|m=0|p=223.249 failed to simulate with error NavigatorError:3: No start volume could be resolved
19:37:34    FatrasSimula   ERROR     event 7 particle id=15293785023553906902(vp=51|vs=12|p=137|g=0|sp=0)|pdg=p|q=1|m=0.938272|p=2697.65 failed to simulate with error NavigatorError:3: No start volume could be resolved
19:37:34    FatrasSimula   ERROR     event 7 particle id=1393385927876153109(vp=51|vs=12|p=138|g=0|sp=0)|pdg=pi-|q=-1|m=0.13957|p=396.951 failed to simulate with error NavigatorError:3: No start volume could be resolved
19:37:34    Sequencer      INFO      finished event 7
19:37:34    FatrasSimula   ERROR     event 8 particle id=5037014268029537428(vp=1|vs=15|p=75|g=0|sp=0)|pdg=p~|q=-1|m=0.938272|p=36.8238 failed to simulate with error NavigatorError:3: No start volume could be resolved
19:37:34    FatrasSimula   ERROR     event 8 particle id=8611860342669356208(vp=1|vs=15|p=76|g=0|sp=0)|pdg=pi+|q=1|m=0.13957|p=10.5 failed to simulate with error NavigatorError:3: No start volume could be resolved
19:37:34    FatrasSimula   ERROR     event 8 particle id=2257933801655314049(vp=1|vs=65|p=463|g=0|sp=0)|pdg=pi+|q=1|m=0.13957|p=76.2372 failed to simulate with error NavigatorError:3: No start volume could be resolved
19:37:34    FatrasSimula   ERROR     event 8 particle id=16357976890397715321(vp=1|vs=65|p=464|g=0|sp=0)|pdg=pi-|q=-1|m=0.13957|p=206.116 failed to simulate with error NavigatorError:3: No start volume could be resolved
19:37:34    FatrasSimula   ERROR     event 8 particle id=7944695599413637873(vp=1|vs=88|p=595|g=0|sp=0)|pdg=pi+|q=1|m=0.13957|p=25.6468 failed to simulate with error NavigatorError:3: No start volume could be resolved
19:37:34    FatrasSimula   ERROR     event 8 particle id=16405762647930484001(vp=1|vs=88|p=596|g=0|sp=0)|pdg=pi-|q=-1|m=0.13957|p=27.314 failed to simulate with error NavigatorError:3: No start volume could be resolved
19:37:34    FatrasSimula   ERROR     event 8 particle id=5678064986648579238(vp=2|vs=12|p=52|g=0|sp=0)|pdg=p|q=1|m=0.938272|p=469.131 failed to simulate with error NavigatorError:3: No start volume could be resolved
19:37:34    FatrasSimula   ERROR     event 8 particle id=9358464348315931289(vp=2|vs=12|p=53|g=0|sp=0)|pdg=pi-|q=-1|m=0.13957|p=61.3473 failed to simulate with error NavigatorError:3: No start volume could be resolved
19:37:34    FatrasSimula   ERROR     event 8 particle id=9107648050165512046(vp=2|vs=13|p=54|g=0|sp=0)|pdg=n~|q=0|m=0.939565|p=1879.97 failed to simulate with error NavigatorError:3: No start volume could be resolved
19:37:34    FatrasSimula   ERROR     event 8 particle id=18063280010974944681(vp=2|vs=13|p=55|g=0|sp=0)|pdg=pi-|q=-1|m=0.13957|p=674.147 failed to simulate with error NavigatorError:3: No start volume could be resolved
19:37:34    FatrasSimula   ERROR     event 8 particle id=3206576386464580749(vp=3|vs=5|p=24|g=0|sp=0)|pdg=p~|q=-1|m=0.938272|p=125.541 failed to simulate with error NavigatorError:3: No start volume could be resolved
19:37:34    FatrasSimula   ERROR     event 8 particle id=17370806101249227571(vp=3|vs=5|p=25|g=0|sp=0)|pdg=pi+|q=1|m=0.13957|p=19.2201 failed to simulate with error NavigatorError:3: No start volume could be resolved
19:37:34    FatrasSimula   ERROR     event 8 particle id=17303268206904278433(vp=4|vs=20|p=196|g=0|sp=0)|pdg=n~|q=0|m=0.939565|p=307.607 failed to simulate with error NavigatorError:3: No start volume could be resolved
19:37:34    FatrasSimula   ERROR     event 8 particle id=9192492833228412808(vp=4|vs=20|p=197|g=0|sp=0)|pdg=pi+|q=1|m=0.13957|p=51.3702 failed to simulate with error NavigatorError:3: No start volume could be resolved
19:37:34    FatrasSimula   ERROR     event 8 particle id=1268715627352528401(vp=4|vs=22|p=199|g=0|sp=0)|pdg=n|q=0|m=0.939565|p=683.007 failed to simulate with error NavigatorError:3: No start volume could be resolved
19:37:34    FatrasSimula   ERROR     event 8 particle id=15496399315237504222(vp=4|vs=23|p=200|g=0|sp=0)|pdg=gamma|q=0|m=0|p=3.48696 failed to simulate with error NavigatorError:3: No start volume could be resolved
19:37:34    FatrasSimula   ERROR     event 8 particle id=15805096035257601905(vp=4|vs=23|p=201|g=0|sp=0)|pdg=gamma|q=0|m=0|p=42.7897 failed to simulate with error NavigatorError:3: No start volume could be resolved
19:37:34    FatrasSimula   ERROR     event 8 particle id=16282003873744491409(vp=6|vs=14|p=93|g=0|sp=0)|pdg=n|q=0|m=0.939565|p=210.183 failed to simulate with error NavigatorError:3: No start volume could be resolved
19:37:34    FatrasSimula   ERROR     event 8 particle id=16209634024992436738(vp=6|vs=14|p=94|g=0|sp=0)|pdg=pi-|q=-1|m=0.13957|p=89.4007 failed to simulate with error NavigatorError:3: No start volume could be resolved
19:37:34    FatrasSimula   ERROR     event 8 particle id=16404167351308233292(vp=7|vs=10|p=73|g=0|sp=0)|pdg=pi+|q=1|m=0.13957|p=57.5884 failed to simulate with error NavigatorError:3: No start volume could be resolved
19:37:34    FatrasSimula   ERROR     event 8 particle id=17029823314999062988(vp=7|vs=10|p=74|g=0|sp=0)|pdg=pi-|q=-1|m=0.13957|p=18.542 failed to simulate with error NavigatorError:3: No start volume could be resolved
19:37:34    FatrasSimula   ERROR     event 8 particle id=13967961831584300342(vp=12|vs=24|p=165|g=0|sp=0)|pdg=p|q=1|m=0.938272|p=670.677 failed to simulate with error NavigatorError:3: No start volume could be resolved
19:37:34    FatrasSimula   ERROR     event 8 particle id=13646806953065121114(vp=12|vs=24|p=166|g=0|sp=0)|pdg=pi-|q=-1|m=0.13957|p=171.241 failed to simulate with error NavigatorError:3: No start volume could be resolved
19:37:34    FatrasSimula   ERROR     event 8 particle id=13027908490466200867(vp=12|vs=26|p=169|g=0|sp=0)|pdg=p~|q=-1|m=0.938272|p=2433.15 failed to simulate with error NavigatorError:3: No start volume could be resolved
19:37:34    FatrasSimula   ERROR     event 8 particle id=1733777214095651486(vp=12|vs=26|p=170|g=0|sp=0)|pdg=pi+|q=1|m=0.13957|p=166.747 failed to simulate with error NavigatorError:3: No start volume could be resolved
19:37:34    FatrasSimula   ERROR     event 8 particle id=14770050432327555675(vp=13|vs=3|p=3|g=0|sp=0)|pdg=pi+|q=1|m=0.13957|p=249.026 failed to simulate with error NavigatorError:3: No start volume could be resolved
19:37:34    FatrasSimula   ERROR     event 8 particle id=11849521520641302190(vp=13|vs=3|p=4|g=0|sp=0)|pdg=pi-|q=-1|m=0.13957|p=908.893 failed to simulate with error NavigatorError:3: No start volume could be resolved
19:37:34    FatrasSimula   ERROR     event 8 particle id=15345937728476384907(vp=14|vs=8|p=60|g=0|sp=0)|pdg=gamma|q=0|m=0|p=9.80501 failed to simulate with error NavigatorError:3: No start volume could be resolved
19:37:34    FatrasSimula   ERROR     event 8 particle id=14723184288068750610(vp=14|vs=8|p=61|g=0|sp=0)|pdg=gamma|q=0|m=0|p=85.6749 failed to simulate with error NavigatorError:3: No start volume could be resolved
19:37:34    FatrasSimula   ERROR     event 8 particle id=7636873629183241717(vp=14|vs=9|p=62|g=0|sp=0)|pdg=gamma|q=0|m=0|p=78.2826 failed to simulate with error NavigatorError:3: No start volume could be resolved
19:37:34    FatrasSimula   ERROR     event 8 particle id=4531534496069379505(vp=14|vs=22|p=165|g=0|sp=0)|pdg=pi+|q=1|m=0.13957|p=216.6 failed to simulate with error NavigatorError:3: No start volume could be resolved
19:37:34    FatrasSimula   ERROR     event 8 particle id=13028780910541389133(vp=14|vs=22|p=166|g=0|sp=0)|pdg=pi-|q=-1|m=0.13957|p=43.76 failed to simulate with error NavigatorError:3: No start volume could be resolved
19:37:34    FatrasSimula   ERROR     event 8 particle id=16979631205247664486(vp=15|vs=1|p=3|g=0|sp=0)|pdg=pi+|q=1|m=0.13957|p=627.008 failed to simulate with error NavigatorError:3: No start volume could be resolved
19:37:34    FatrasSimula   ERROR     event 8 particle id=12971244886901797025(vp=15|vs=1|p=4|g=0|sp=0)|pdg=pi-|q=-1|m=0.13957|p=311.745 failed to simulate with error NavigatorError:3: No start volume could be resolved
19:37:34    FatrasSimula   ERROR     event 8 particle id=4192147893797509647(vp=15|vs=11|p=62|g=0|sp=0)|pdg=n~|q=0|m=0.939565|p=103.448 failed to simulate with error NavigatorError:3: No start volume could be resolved
19:37:34    FatrasSimula   ERROR     event 8 particle id=515856825067461571(vp=15|vs=11|p=63|g=0|sp=0)|pdg=pi-|q=-1|m=0.13957|p=47.6444 failed to simulate with error NavigatorError:3: No start volume could be resolved
19:37:34    FatrasSimula   ERROR     event 8 particle id=10877050345313021314(vp=15|vs=15|p=73|g=0|sp=0)|pdg=gamma|q=0|m=0|p=113.45 failed to simulate with error NavigatorError:3: No start volume could be resolved
19:37:34    FatrasSimula   ERROR     event 8 particle id=5268960625487753871(vp=15|vs=15|p=74|g=0|sp=0)|pdg=gamma|q=0|m=0|p=198.656 failed to simulate with error NavigatorError:3: No start volume could be resolved
19:37:34    FatrasSimula   ERROR     event 8 particle id=11342301608379733101(vp=15|vs=16|p=75|g=0|sp=0)|pdg=gamma|q=0|m=0|p=489.523 failed to simulate with error NavigatorError:3: No start volume could be resolved
19:37:34    FatrasSimula   ERROR     event 8 particle id=8267752055862571000(vp=15|vs=16|p=76|g=0|sp=0)|pdg=gamma|q=0|m=0|p=10.8345 failed to simulate with error NavigatorError:3: No start volume could be resolved
19:37:34    FatrasSimula   ERROR     event 8 particle id=653936416082302197(vp=19|vs=30|p=274|g=0|sp=0)|pdg=p|q=1|m=0.938272|p=83.3842 failed to simulate with error NavigatorError:3: No start volume could be resolved
19:37:34    FatrasSimula   ERROR     event 8 particle id=16628384065154176793(vp=19|vs=30|p=275|g=0|sp=0)|pdg=pi-|q=-1|m=0.13957|p=21.7831 failed to simulate with error NavigatorError:3: No start volume could be resolved
19:37:34    FatrasSimula   ERROR     event 8 particle id=4816404929911533143(vp=19|vs=33|p=280|g=0|sp=0)|pdg=p~|q=-1|m=0.938272|p=166.021 failed to simulate with error NavigatorError:3: No start volume could be resolved
19:37:34    FatrasSimula   ERROR     event 8 particle id=5425388798525748565(vp=19|vs=33|p=281|g=0|sp=0)|pdg=pi+|q=1|m=0.13957|p=32.3059 failed to simulate with error NavigatorError:3: No start volume could be resolved
19:37:34    FatrasSimula   ERROR     event 8 particle id=9153842411189441748(vp=19|vs=34|p=282|g=0|sp=0)|pdg=gamma|q=0|m=0|p=14.7392 failed to simulate with error NavigatorError:3: No start volume could be resolved
19:37:34    FatrasSimula   ERROR     event 8 particle id=1638625659683972487(vp=19|vs=34|p=283|g=0|sp=0)|pdg=gamma|q=0|m=0|p=21.6334 failed to simulate with error NavigatorError:3: No start volume could be resolved
19:37:34    FatrasSimula   ERROR     event 8 particle id=1869391655743775634(vp=19|vs=35|p=290|g=0|sp=0)|pdg=p~|q=-1|m=0.938272|p=445.935 failed to simulate with error NavigatorError:3: No start volume could be resolved
19:37:34    FatrasSimula   ERROR     event 8 particle id=8835955066170550742(vp=19|vs=35|p=291|g=0|sp=0)|pdg=pi+|q=1|m=0.13957|p=40.7158 failed to simulate with error NavigatorError:3: No start volume could be resolved
19:37:34    FatrasSimula   ERROR     event 8 particle id=326748498929498403(vp=20|vs=12|p=146|g=0|sp=0)|pdg=pi+|q=1|m=0.13957|p=64.7121 failed to simulate with error NavigatorError:3: No start volume could be resolved
19:37:34    FatrasSimula   ERROR     event 8 particle id=9731065893762747361(vp=20|vs=12|p=147|g=0|sp=0)|pdg=pi-|q=-1|m=0.13957|p=467.722 failed to simulate with error NavigatorError:3: No start volume could be resolved
19:37:34    FatrasSimula   ERROR     event 8 particle id=12297051366163661499(vp=20|vs=13|p=148|g=0|sp=0)|pdg=pi+|q=1|m=0.13957|p=96.4823 failed to simulate with error NavigatorError:3: No start volume could be resolved
19:37:34    FatrasSimula   ERROR     event 8 particle id=3442373281347395651(vp=20|vs=13|p=149|g=0|sp=0)|pdg=pi-|q=-1|m=0.13957|p=15.5105 failed to simulate with error NavigatorError:3: No start volume could be resolved
19:37:34    FatrasSimula   ERROR     event 8 particle id=14846969349467353104(vp=20|vs=40|p=432|g=0|sp=0)|pdg=n|q=0|m=0.939565|p=185.245 failed to simulate with error NavigatorError:3: No start volume could be resolved
19:37:34    FatrasSimula   ERROR     event 8 particle id=3071830034419001680(vp=20|vs=40|p=433|g=0|sp=0)|pdg=pi+|q=1|m=0.13957|p=41.1352 failed to simulate with error NavigatorError:3: No start volume could be resolved
19:37:34    FatrasSimula   ERROR     event 8 particle id=11974908857550727132(vp=20|vs=47|p=466|g=0|sp=0)|pdg=n|q=0|m=0.939565|p=106.626 failed to simulate with error NavigatorError:3: No start volume could be resolved
19:37:34    FatrasSimula   ERROR     event 8 particle id=12052667208838944611(vp=20|vs=48|p=467|g=0|sp=0)|pdg=gamma|q=0|m=0|p=14.4059 failed to simulate with error NavigatorError:3: No start volume could be resolved
19:37:34    FatrasSimula   ERROR     event 8 particle id=4160797006747771953(vp=20|vs=48|p=468|g=0|sp=0)|pdg=gamma|q=0|m=0|p=1.52477 failed to simulate with error NavigatorError:3: No start volume could be resolved
19:37:34    FatrasSimula   ERROR     event 8 particle id=14558303297860701335(vp=20|vs=49|p=469|g=0|sp=0)|pdg=gamma|q=0|m=0|p=31.7974 failed to simulate with error NavigatorError:3: No start volume could be resolved
19:37:34    FatrasSimula   ERROR     event 8 particle id=16760983368810473452(vp=20|vs=49|p=470|g=0|sp=0)|pdg=gamma|q=0|m=0|p=2.55939 failed to simulate with error NavigatorError:3: No start volume could be resolved
19:37:34    FatrasSimula   ERROR     event 8 particle id=9602049753017033755(vp=20|vs=52|p=496|g=0|sp=0)|pdg=pi+|q=1|m=0.13957|p=59.469 failed to simulate with error NavigatorError:3: No start volume could be resolved
19:37:34    FatrasSimula   ERROR     event 8 particle id=14958613680407931651(vp=20|vs=52|p=497|g=0|sp=0)|pdg=pi-|q=-1|m=0.13957|p=40.6287 failed to simulate with error NavigatorError:3: No start volume could be resolved
19:37:34    FatrasSimula   ERROR     event 8 particle id=5491819434592296715(vp=20|vs=53|p=498|g=0|sp=0)|pdg=p|q=1|m=0.938272|p=70.8689 failed to simulate with error NavigatorError:3: No start volume could be resolved
19:37:34    FatrasSimula   ERROR     event 8 particle id=17074077256789995886(vp=20|vs=53|p=499|g=0|sp=0)|pdg=pi-|q=-1|m=0.13957|p=18.1896 failed to simulate with error NavigatorError:3: No start volume could be resolved
19:37:34    FatrasSimula   ERROR     event 8 particle id=5347890837637940735(vp=20|vs=61|p=569|g=0|sp=0)|pdg=p|q=1|m=0.938272|p=62.9475 failed to simulate with error NavigatorError:3: No start volume could be resolved
19:37:34    FatrasSimula   ERROR     event 8 particle id=13093165829212729864(vp=20|vs=61|p=570|g=0|sp=0)|pdg=pi-|q=-1|m=0.13957|p=9.85793 failed to simulate with error NavigatorError:3: No start volume could be resolved
19:37:34    FatrasSimula   ERROR     event 8 particle id=4411338617086608215(vp=20|vs=62|p=572|g=0|sp=0)|pdg=p~|q=-1|m=0.938272|p=148.718 failed to simulate with error NavigatorError:3: No start volume could be resolved
19:37:34    FatrasSimula   ERROR     event 8 particle id=8830311829715533444(vp=20|vs=62|p=573|g=0|sp=0)|pdg=pi+|q=1|m=0.13957|p=37.009 failed to simulate with error NavigatorError:3: No start volume could be resolved
19:37:34    FatrasSimula   ERROR     event 8 particle id=246769738191203225(vp=23|vs=10|p=51|g=0|sp=0)|pdg=p|q=1|m=0.938272|p=171.636 failed to simulate with error NavigatorError:3: No start volume could be resolved
19:37:34    FatrasSimula   ERROR     event 8 particle id=12113798371740008640(vp=23|vs=10|p=52|g=0|sp=0)|pdg=pi-|q=-1|m=0.13957|p=49.4875 failed to simulate with error NavigatorError:3: No start volume could be resolved
19:37:34    FatrasSimula   ERROR     event 8 particle id=7027796770406143714(vp=23|vs=12|p=57|g=0|sp=0)|pdg=n~|q=0|m=0.939565|p=1153.69 failed to simulate with error NavigatorError:3: No start volume could be resolved
19:37:34    FatrasSimula   ERROR     event 8 particle id=3213228904772120193(vp=23|vs=12|p=58|g=0|sp=0)|pdg=pi+|q=1|m=0.13957|p=566.297 failed to simulate with error NavigatorError:3: No start volume could be resolved
19:37:34    FatrasSimula   ERROR     event 8 particle id=13312598309638003833(vp=25|vs=15|p=92|g=0|sp=0)|pdg=n~|q=0|m=0.939565|p=70.436 failed to simulate with error NavigatorError:3: No start volume could be resolved
19:37:34    FatrasSimula   ERROR     event 8 particle id=15521227611453776484(vp=25|vs=15|p=93|g=0|sp=0)|pdg=pi+|q=1|m=0.13957|p=23.5842 failed to simulate with error NavigatorError:3: No start volume could be resolved
19:37:34    FatrasSimula   ERROR     event 8 particle id=15795036457512515046(vp=26|vs=2|p=7|g=0|sp=0)|pdg=pi-|q=-1|m=0.13957|p=17.1513 failed to simulate with error NavigatorError:3: No start volume could be resolved
19:37:34    FatrasSimula   ERROR     event 8 particle id=6659717901607331625(vp=26|vs=3|p=4|g=0|sp=0)|pdg=n|q=0|m=0.939565|p=123.868 failed to simulate with error NavigatorError:3: No start volume could be resolved
19:37:34    FatrasSimula   ERROR     event 8 particle id=17567425439492269874(vp=26|vs=4|p=5|g=0|sp=0)|pdg=gamma|q=0|m=0|p=33.4986 failed to simulate with error NavigatorError:3: No start volume could be resolved
19:37:34    FatrasSimula   ERROR     event 8 particle id=7219865050068460900(vp=26|vs=4|p=6|g=0|sp=0)|pdg=gamma|q=0|m=0|p=1.03167 failed to simulate with error NavigatorError:3: No start volume could be resolved
19:37:34    FatrasSimula   ERROR     event 8 particle id=18347434768611109479(vp=28|vs=4|p=12|g=0|sp=0)|pdg=n|q=0|m=0.939565|p=95.2146 failed to simulate with error NavigatorError:3: No start volume could be resolved
19:37:34    FatrasSimula   ERROR     event 8 particle id=985655722735413643(vp=28|vs=4|p=13|g=0|sp=0)|pdg=pi+|q=1|m=0.13957|p=49.0338 failed to simulate with error NavigatorError:3: No start volume could be resolved
19:37:34    FatrasSimula   ERROR     event 8 particle id=17969041172661476548(vp=28|vs=5|p=14|g=0|sp=0)|pdg=p~|q=-1|m=0.938272|p=155.094 failed to simulate with error NavigatorError:3: No start volume could be resolved
19:37:34    FatrasSimula   ERROR     event 8 particle id=197256677626504308(vp=28|vs=5|p=15|g=0|sp=0)|pdg=pi+|q=1|m=0.13957|p=20.8348 failed to simulate with error NavigatorError:3: No start volume could be resolved
19:37:34    FatrasSimula   ERROR     event 8 particle id=12567653185505871193(vp=29|vs=8|p=42|g=0|sp=0)|pdg=pi+|q=1|m=0.13957|p=326.548 failed to simulate with error NavigatorError:3: No start volume could be resolved
19:37:34    FatrasSimula   ERROR     event 8 particle id=16397829731053940307(vp=29|vs=8|p=43|g=0|sp=0)|pdg=pi-|q=-1|m=0.13957|p=579.097 failed to simulate with error NavigatorError:3: No start volume could be resolved
19:37:34    FatrasSimula   ERROR     event 8 particle id=9571288922042298752(vp=31|vs=2|p=7|g=0|sp=0)|pdg=pi+|q=1|m=0.13957|p=89.3142 failed to simulate with error NavigatorError:3: No start volume could be resolved
19:37:34    FatrasSimula   ERROR     event 8 particle id=10513836369179015186(vp=31|vs=2|p=8|g=0|sp=0)|pdg=pi-|q=-1|m=0.13957|p=37.0067 failed to simulate with error NavigatorError:3: No start volume could be resolved
19:37:34    FatrasSimula   ERROR     event 8 particle id=15899236281179687465(vp=31|vs=3|p=9|g=0|sp=0)|pdg=p|q=1|m=0.938272|p=1420.36 failed to simulate with error NavigatorError:3: No start volume could be resolved
19:37:34    FatrasSimula   ERROR     event 8 particle id=15140208106732700134(vp=31|vs=3|p=10|g=0|sp=0)|pdg=pi-|q=-1|m=0.13957|p=369.302 failed to simulate with error NavigatorError:3: No start volume could be resolved
19:37:34    FatrasSimula   ERROR     event 8 particle id=3606296981534333548(vp=33|vs=2|p=2|g=0|sp=0)|pdg=pi+|q=1|m=0.13957|p=83.6405 failed to simulate with error NavigatorError:3: No start volume could be resolved
19:37:34    FatrasSimula   ERROR     event 8 particle id=11009900819007665542(vp=33|vs=2|p=3|g=0|sp=0)|pdg=pi-|q=-1|m=0.13957|p=389.249 failed to simulate with error NavigatorError:3: No start volume could be resolved
19:37:34    FatrasSimula   ERROR     event 8 particle id=18357602647107841797(vp=33|vs=5|p=15|g=0|sp=0)|pdg=n|q=0|m=0.939565|p=112.811 failed to simulate with error NavigatorError:3: No start volume could be resolved
19:37:34    FatrasSimula   ERROR     event 8 particle id=3919699296010200383(vp=33|vs=5|p=16|g=0|sp=0)|pdg=pi-|q=-1|m=0.13957|p=36.5227 failed to simulate with error NavigatorError:3: No start volume could be resolved
19:37:34    FatrasSimula   ERROR     event 8 particle id=15384009620484089619(vp=33|vs=31|p=176|g=0|sp=0)|pdg=n|q=0|m=0.939565|p=155.186 failed to simulate with error NavigatorError:3: No start volume could be resolved
19:37:34    FatrasSimula   ERROR     event 8 particle id=12232775256445165971(vp=33|vs=31|p=177|g=0|sp=0)|pdg=pi-|q=-1|m=0.13957|p=68.5057 failed to simulate with error NavigatorError:3: No start volume could be resolved
19:37:34    FatrasSimula   ERROR     event 8 particle id=9476748850775445607(vp=33|vs=32|p=178|g=0|sp=0)|pdg=p~|q=-1|m=0.938272|p=110.523 failed to simulate with error NavigatorError:3: No start volume could be resolved
19:37:34    FatrasSimula   ERROR     event 8 particle id=7414656462477217312(vp=33|vs=32|p=179|g=0|sp=0)|pdg=pi+|q=1|m=0.13957|p=21.8494 failed to simulate with error NavigatorError:3: No start volume could be resolved
19:37:34    FatrasSimula   ERROR     event 8 particle id=14826101564826410459(vp=35|vs=2|p=2|g=0|sp=0)|pdg=gamma|q=0|m=0|p=151.206 failed to simulate with error NavigatorError:3: No start volume could be resolved
19:37:34    FatrasSimula   ERROR     event 8 particle id=8765176111567934482(vp=35|vs=2|p=3|g=0|sp=0)|pdg=gamma|q=0|m=0|p=78.9159 failed to simulate with error NavigatorError:3: No start volume could be resolved
19:37:34    FatrasSimula   ERROR     event 8 particle id=2025865113782623079(vp=35|vs=3|p=4|g=0|sp=0)|pdg=gamma|q=0|m=0|p=72.941 failed to simulate with error NavigatorError:3: No start volume could be resolved
19:37:34    FatrasSimula   ERROR     event 8 particle id=5924536608940542530(vp=35|vs=3|p=5|g=0|sp=0)|pdg=gamma|q=0|m=0|p=65.7637 failed to simulate with error NavigatorError:3: No start volume could be resolved
19:37:34    FatrasSimula   ERROR     event 8 particle id=11505110350909276981(vp=35|vs=8|p=30|g=0|sp=0)|pdg=gamma|q=0|m=0|p=44.3877 failed to simulate with error NavigatorError:3: No start volume could be resolved
19:37:34    FatrasSimula   ERROR     event 8 particle id=18326912991506120312(vp=35|vs=8|p=31|g=0|sp=0)|pdg=gamma|q=0|m=0|p=5.04959 failed to simulate with error NavigatorError:3: No start volume could be resolved
19:37:34    FatrasSimula   ERROR     event 8 particle id=10619494370614005470(vp=35|vs=9|p=32|g=0|sp=0)|pdg=gamma|q=0|m=0|p=2.19712 failed to simulate with error NavigatorError:3: No start volume could be resolved
19:37:34    FatrasSimula   ERROR     event 8 particle id=10359717603462564155(vp=35|vs=9|p=33|g=0|sp=0)|pdg=gamma|q=0|m=0|p=21.0349 failed to simulate with error NavigatorError:3: No start volume could be resolved
19:37:34    FatrasSimula   ERROR     event 8 particle id=12125057365328255057(vp=38|vs=6|p=32|g=0|sp=0)|pdg=pi+|q=1|m=0.13957|p=27.2421 failed to simulate with error NavigatorError:3: No start volume could be resolved
19:37:34    FatrasSimula   ERROR     event 8 particle id=8380060266916066040(vp=38|vs=6|p=33|g=0|sp=0)|pdg=pi-|q=-1|m=0.13957|p=17.2444 failed to simulate with error NavigatorError:3: No start volume could be resolved
19:37:34    FatrasSimula   ERROR     event 8 particle id=9514032799415726165(vp=39|vs=12|p=57|g=0|sp=0)|pdg=n|q=0|m=0.939565|p=1407.15 failed to simulate with error NavigatorError:3: No start volume could be resolved
19:37:34    FatrasSimula   ERROR     event 8 particle id=11464816799250396771(vp=39|vs=13|p=58|g=0|sp=0)|pdg=gamma|q=0|m=0|p=237.122 failed to simulate with error NavigatorError:3: No start volume could be resolved
19:37:34    FatrasSimula   ERROR     event 8 particle id=2868008739693569929(vp=39|vs=13|p=59|g=0|sp=0)|pdg=gamma|q=0|m=0|p=220.685 failed to simulate with error NavigatorError:3: No start volume could be resolved
19:37:34    FatrasSimula   ERROR     event 8 particle id=16801603563630126592(vp=40|vs=8|p=29|g=0|sp=0)|pdg=pi+|q=1|m=0.13957|p=226.224 failed to simulate with error NavigatorError:3: No start volume could be resolved
19:37:34    FatrasSimula   ERROR     event 8 particle id=9774408927578529726(vp=40|vs=8|p=30|g=0|sp=0)|pdg=pi-|q=-1|m=0.13957|p=231.183 failed to simulate with error NavigatorError:3: No start volume could be resolved
19:37:34    FatrasSimula   ERROR     event 8 particle id=11208709336069982347(vp=42|vs=4|p=38|g=0|sp=0)|pdg=pi+|q=1|m=0.13957|p=39.2286 failed to simulate with error NavigatorError:3: No start volume could be resolved
19:37:34    FatrasSimula   ERROR     event 8 particle id=5938290012457393155(vp=42|vs=4|p=39|g=0|sp=0)|pdg=pi-|q=-1|m=0.13957|p=125.175 failed to simulate with error NavigatorError:3: No start volume could be resolved
19:37:34    FatrasSimula   ERROR     event 8 particle id=17538070058128422356(vp=42|vs=5|p=41|g=0|sp=0)|pdg=pi+|q=1|m=0.13957|p=12.6389 failed to simulate with error NavigatorError:3: No start volume could be resolved
19:37:34    FatrasSimula   ERROR     event 8 particle id=17435250294019210236(vp=42|vs=5|p=42|g=0|sp=0)|pdg=pi-|q=-1|m=0.13957|p=33.874 failed to simulate with error NavigatorError:3: No start volume could be resolved
19:37:34    FatrasSimula   ERROR     event 8 particle id=14232093414459002203(vp=44|vs=24|p=181|g=0|sp=0)|pdg=pi+|q=1|m=0.13957|p=542.47 failed to simulate with error NavigatorError:3: No start volume could be resolved
19:37:34    FatrasSimula   ERROR     event 8 particle id=3622222788129825288(vp=44|vs=24|p=182|g=0|sp=0)|pdg=pi-|q=-1|m=0.13957|p=410.016 failed to simulate with error NavigatorError:3: No start volume could be resolved
19:37:34    FatrasSimula   ERROR     event 8 particle id=6929064550831783750(vp=45|vs=13|p=86|g=0|sp=0)|pdg=pi+|q=1|m=0.13957|p=34.8809 failed to simulate with error NavigatorError:3: No start volume could be resolved
19:37:34    FatrasSimula   ERROR     event 8 particle id=3877249056790284426(vp=45|vs=13|p=87|g=0|sp=0)|pdg=pi-|q=-1|m=0.13957|p=132.349 failed to simulate with error NavigatorError:3: No start volume could be resolved
19:37:34    FatrasSimula   ERROR     event 8 particle id=17498181179904457976(vp=46|vs=36|p=220|g=0|sp=0)|pdg=n|q=0|m=0.939565|p=35.1637 failed to simulate with error NavigatorError:3: No start volume could be resolved
19:37:34    FatrasSimula   ERROR     event 8 particle id=9460784405075079287(vp=46|vs=37|p=221|g=0|sp=0)|pdg=gamma|q=0|m=0|p=4.31072 failed to simulate with error NavigatorError:3: No start volume could be resolved
19:37:34    FatrasSimula   ERROR     event 8 particle id=17772767573580341922(vp=46|vs=37|p=222|g=0|sp=0)|pdg=gamma|q=0|m=0|p=3.43835 failed to simulate with error NavigatorError:3: No start volume could be resolved
19:37:34    FatrasSimula   ERROR     event 8 particle id=12682914484923891156(vp=46|vs=46|p=314|g=0|sp=0)|pdg=n|q=0|m=0.939565|p=242.026 failed to simulate with error NavigatorError:3: No start volume could be resolved
19:37:34    FatrasSimula   ERROR     event 8 particle id=17806466208886417990(vp=46|vs=47|p=315|g=0|sp=0)|pdg=gamma|q=0|m=0|p=7.75573 failed to simulate with error NavigatorError:3: No start volume could be resolved
19:37:34    FatrasSimula   ERROR     event 8 particle id=1259679903720106516(vp=46|vs=47|p=316|g=0|sp=0)|pdg=gamma|q=0|m=0|p=61.5792 failed to simulate with error NavigatorError:3: No start volume could be resolved
19:37:34    FatrasSimula   ERROR     event 8 particle id=16941170716214438558(vp=48|vs=12|p=57|g=0|sp=0)|pdg=gamma|q=0|m=0|p=9.17832 failed to simulate with error NavigatorError:3: No start volume could be resolved
19:37:34    FatrasSimula   ERROR     event 8 particle id=10376744434359215248(vp=48|vs=12|p=58|g=0|sp=0)|pdg=gamma|q=0|m=0|p=41.2499 failed to simulate with error NavigatorError:3: No start volume could be resolved
19:37:34    FatrasSimula   ERROR     event 8 particle id=3070331739590403160(vp=48|vs=13|p=59|g=0|sp=0)|pdg=gamma|q=0|m=0|p=9.69401 failed to simulate with error NavigatorError:3: No start volume could be resolved
19:37:34    FatrasSimula   ERROR     event 8 particle id=1642130867119093358(vp=48|vs=13|p=60|g=0|sp=0)|pdg=gamma|q=0|m=0|p=3.00968 failed to simulate with error NavigatorError:3: No start volume could be resolved
19:37:34    FatrasSimula   ERROR     event 8 particle id=5751391817569130929(vp=48|vs=18|p=94|g=0|sp=0)|pdg=n|q=0|m=0.939565|p=926.334 failed to simulate with error NavigatorError:3: No start volume could be resolved
19:37:34    FatrasSimula   ERROR     event 8 particle id=10817853489150750003(vp=48|vs=19|p=95|g=0|sp=0)|pdg=gamma|q=0|m=0|p=47.2867 failed to simulate with error NavigatorError:3: No start volume could be resolved
19:37:34    FatrasSimula   ERROR     event 8 particle id=498946049355009573(vp=48|vs=19|p=96|g=0|sp=0)|pdg=gamma|q=0|m=0|p=24.1385 failed to simulate with error NavigatorError:3: No start volume could be resolved
19:37:34    FatrasSimula   ERROR     event 8 particle id=11753812708250866075(vp=51|vs=27|p=221|g=0|sp=0)|pdg=gamma|q=0|m=0|p=57.5624 failed to simulate with error NavigatorError:3: No start volume could be resolved
19:37:34    FatrasSimula   ERROR     event 8 particle id=3436254097852154972(vp=51|vs=27|p=222|g=0|sp=0)|pdg=gamma|q=0|m=0|p=107.615 failed to simulate with error NavigatorError:3: No start volume could be resolved
19:37:34    FatrasSimula   ERROR     event 8 particle id=13789464947250398893(vp=51|vs=28|p=223|g=0|sp=0)|pdg=gamma|q=0|m=0|p=406.769 failed to simulate with error NavigatorError:3: No start volume could be resolved
19:37:34    FatrasSimula   ERROR     event 8 particle id=11711622935210703897(vp=51|vs=28|p=224|g=0|sp=0)|pdg=gamma|q=0|m=0|p=150.5 failed to simulate with error NavigatorError:3: No start volume could be resolved
19:37:34    Sequencer      INFO      finished event 8
19:37:35    FatrasSimula   ERROR     event 9 particle id=18154915667206556688(vp=2|vs=5|p=57|g=0|sp=0)|pdg=p|q=1|m=0.938272|p=1028.87 failed to simulate with error NavigatorError:3: No start volume could be resolved
19:37:35    FatrasSimula   ERROR     event 9 particle id=10260345551324408541(vp=2|vs=6|p=58|g=0|sp=0)|pdg=gamma|q=0|m=0|p=275.898 failed to simulate with error NavigatorError:3: No start volume could be resolved
19:37:35    FatrasSimula   ERROR     event 9 particle id=15533449042143744574(vp=2|vs=6|p=59|g=0|sp=0)|pdg=gamma|q=0|m=0|p=15.5368 failed to simulate with error NavigatorError:3: No start volume could be resolved
19:37:35    FatrasSimula   ERROR     event 9 particle id=6043612157883934364(vp=2|vs=16|p=133|g=0|sp=0)|pdg=pi+|q=1|m=0.13957|p=89.771 failed to simulate with error NavigatorError:3: No start volume could be resolved
19:37:35    FatrasSimula   ERROR     event 9 particle id=2024415496052789326(vp=2|vs=16|p=134|g=0|sp=0)|pdg=pi-|q=-1|m=0.13957|p=265.464 failed to simulate with error NavigatorError:3: No start volume could be resolved
19:37:35    FatrasSimula   ERROR     event 9 particle id=1963528335476429551(vp=3|vs=57|p=449|g=0|sp=0)|pdg=pi+|q=1|m=0.13957|p=128.759 failed to simulate with error NavigatorError:3: No start volume could be resolved
19:37:35    FatrasSimula   ERROR     event 9 particle id=17773570734283526718(vp=3|vs=57|p=450|g=0|sp=0)|pdg=pi-|q=-1|m=0.13957|p=14.3338 failed to simulate with error NavigatorError:3: No start volume could be resolved
19:37:35    FatrasSimula   ERROR     event 9 particle id=7177457826015153299(vp=4|vs=13|p=100|g=0|sp=0)|pdg=gamma|q=0|m=0|p=30.8929 failed to simulate with error NavigatorError:3: No start volume could be resolved
19:37:35    FatrasSimula   ERROR     event 9 particle id=12168134940370342585(vp=4|vs=13|p=101|g=0|sp=0)|pdg=gamma|q=0|m=0|p=1.10178 failed to simulate with error NavigatorError:3: No start volume could be resolved
19:37:35    FatrasSimula   ERROR     event 9 particle id=17044823772079669755(vp=4|vs=14|p=102|g=0|sp=0)|pdg=gamma|q=0|m=0|p=10.4079 failed to simulate with error NavigatorError:3: No start volume could be resolved
19:37:35    FatrasSimula   ERROR     event 9 particle id=5168933003656180515(vp=4|vs=14|p=103|g=0|sp=0)|pdg=gamma|q=0|m=0|p=16.1086 failed to simulate with error NavigatorError:3: No start volume could be resolved
19:37:35    FatrasSimula   ERROR     event 9 particle id=15706069597289792846(vp=5|vs=22|p=196|g=0|sp=0)|pdg=p|q=1|m=0.938272|p=91.7112 failed to simulate with error NavigatorError:3: No start volume could be resolved
19:37:35    FatrasSimula   ERROR     event 9 particle id=16468115437987402973(vp=5|vs=22|p=197|g=0|sp=0)|pdg=pi-|q=-1|m=0.13957|p=26.0346 failed to simulate with error NavigatorError:3: No start volume could be resolved
19:37:35    FatrasSimula   ERROR     event 9 particle id=5426038782598234711(vp=5|vs=23|p=199|g=0|sp=0)|pdg=n~|q=0|m=0.939565|p=102.187 failed to simulate with error NavigatorError:3: No start volume could be resolved
19:37:35    FatrasSimula   ERROR     event 9 particle id=17302018414860563268(vp=5|vs=23|p=200|g=0|sp=0)|pdg=gamma|q=0|m=0|p=10.6113 failed to simulate with error NavigatorError:3: No start volume could be resolved
19:37:35    FatrasSimula   ERROR     event 9 particle id=60342910305864489(vp=5|vs=23|p=201|g=0|sp=0)|pdg=gamma|q=0|m=0|p=7.03966 failed to simulate with error NavigatorError:3: No start volume could be resolved
19:37:35    FatrasSimula   ERROR     event 9 particle id=14864608301453844600(vp=6|vs=26|p=222|g=0|sp=0)|pdg=p|q=1|m=0.938272|p=465.777 failed to simulate with error NavigatorError:3: No start volume could be resolved
19:37:35    FatrasSimula   ERROR     event 9 particle id=7738397571021785819(vp=6|vs=26|p=223|g=0|sp=0)|pdg=pi-|q=-1|m=0.13957|p=66.4152 failed to simulate with error NavigatorError:3: No start volume could be resolved
19:37:35    FatrasSimula   ERROR     event 9 particle id=3706283952506117480(vp=7|vs=7|p=65|g=0|sp=0)|pdg=n|q=0|m=0.939565|p=64.0419 failed to simulate with error NavigatorError:3: No start volume could be resolved
19:37:35    FatrasSimula   ERROR     event 9 particle id=11166333163630173833(vp=7|vs=8|p=66|g=0|sp=0)|pdg=gamma|q=0|m=0|p=2.78205 failed to simulate with error NavigatorError:3: No start volume could be resolved
19:37:35    FatrasSimula   ERROR     event 9 particle id=4051606470897707872(vp=7|vs=8|p=67|g=0|sp=0)|pdg=gamma|q=0|m=0|p=2.10471 failed to simulate with error NavigatorError:3: No start volume could be resolved
19:37:35    FatrasSimula   ERROR     event 9 particle id=14254912236487313563(vp=9|vs=2|p=7|g=0|sp=0)|pdg=n~|q=0|m=0.939565|p=343.695 failed to simulate with error NavigatorError:3: No start volume could be resolved
19:37:35    FatrasSimula   ERROR     event 9 particle id=4116573973151108644(vp=9|vs=3|p=8|g=0|sp=0)|pdg=gamma|q=0|m=0|p=4.6802 failed to simulate with error NavigatorError:3: No start volume could be resolved
19:37:35    FatrasSimula   ERROR     event 9 particle id=17856677431813369334(vp=9|vs=3|p=9|g=0|sp=0)|pdg=gamma|q=0|m=0|p=69.3967 failed to simulate with error NavigatorError:3: No start volume could be resolved
19:37:35    FatrasSimula   ERROR     event 9 particle id=18366939098951510831(vp=9|vs=10|p=47|g=0|sp=0)|pdg=n|q=0|m=0.939565|p=763.373 failed to simulate with error NavigatorError:3: No start volume could be resolved
19:37:35    FatrasSimula   ERROR     event 9 particle id=4959259222273779676(vp=9|vs=11|p=48|g=0|sp=0)|pdg=gamma|q=0|m=0|p=176.029 failed to simulate with error NavigatorError:3: No start volume could be resolved
19:37:35    FatrasSimula   ERROR     event 9 particle id=15645366675706561165(vp=9|vs=11|p=49|g=0|sp=0)|pdg=gamma|q=0|m=0|p=44.9324 failed to simulate with error NavigatorError:3: No start volume could be resolved
19:37:35    FatrasSimula   ERROR     event 9 particle id=3536992790398036709(vp=10|vs=11|p=86|g=0|sp=0)|pdg=p~|q=-1|m=0.938272|p=107.842 failed to simulate with error NavigatorError:3: No start volume could be resolved
19:37:35    FatrasSimula   ERROR     event 9 particle id=11731690304660471953(vp=10|vs=11|p=87|g=0|sp=0)|pdg=pi+|q=1|m=0.13957|p=14.4313 failed to simulate with error NavigatorError:3: No start volume could be resolved
19:37:35    FatrasSimula   ERROR     event 9 particle id=1046054124203331392(vp=10|vs=28|p=221|g=0|sp=0)|pdg=p|q=1|m=0.938272|p=132.798 failed to simulate with error NavigatorError:3: No start volume could be resolved
19:37:35    FatrasSimula   ERROR     event 9 particle id=5168315406163332390(vp=10|vs=28|p=222|g=0|sp=0)|pdg=pi-|q=-1|m=0.13957|p=12.5589 failed to simulate with error NavigatorError:3: No start volume could be resolved
19:37:35    FatrasSimula   ERROR     event 9 particle id=4534468920639592057(vp=10|vs=36|p=246|g=0|sp=0)|pdg=n~|q=0|m=0.939565|p=132.768 failed to simulate with error NavigatorError:3: No start volume could be resolved
19:37:35    FatrasSimula   ERROR     event 9 particle id=5034566827130910640(vp=10|vs=36|p=247|g=0|sp=0)|pdg=pi+|q=1|m=0.13957|p=48.3559 failed to simulate with error NavigatorError:3: No start volume could be resolved
19:37:35    FatrasSimula   ERROR     event 9 particle id=12054617533741455284(vp=13|vs=16|p=141|g=0|sp=0)|pdg=pi+|q=1|m=0.13957|p=42.3877 failed to simulate with error NavigatorError:3: No start volume could be resolved
19:37:35    FatrasSimula   ERROR     event 9 particle id=8371052868460326522(vp=13|vs=16|p=142|g=0|sp=0)|pdg=pi-|q=-1|m=0.13957|p=4.35916 failed to simulate with error NavigatorError:3: No start volume could be resolved
19:37:35    FatrasSimula   ERROR     event 9 particle id=15516153086529398627(vp=14|vs=12|p=65|g=0|sp=0)|pdg=pi+|q=1|m=0.13957|p=106.515 failed to simulate with error NavigatorError:3: No start volume could be resolved
19:37:35    FatrasSimula   ERROR     event 9 particle id=271133513674295599(vp=14|vs=12|p=66|g=0|sp=0)|pdg=pi-|q=-1|m=0.13957|p=180.336 failed to simulate with error NavigatorError:3: No start volume could be resolved
19:37:35    FatrasSimula   ERROR     event 9 particle id=10221719151530206722(vp=14|vs=37|p=359|g=0|sp=0)|pdg=pi+|q=1|m=0.13957|p=26.4312 failed to simulate with error NavigatorError:3: No start volume could be resolved
19:37:35    FatrasSimula   ERROR     event 9 particle id=3680075396552908093(vp=14|vs=37|p=360|g=0|sp=0)|pdg=pi-|q=-1|m=0.13957|p=174.33 failed to simulate with error NavigatorError:3: No start volume could be resolved
19:37:35    FatrasSimula   ERROR     event 9 particle id=14315748942959833137(vp=14|vs=56|p=493|g=0|sp=0)|pdg=gamma|q=0|m=0|p=42.0867 failed to simulate with error NavigatorError:3: No start volume could be resolved
19:37:35    FatrasSimula   ERROR     event 9 particle id=8365411879321816132(vp=14|vs=56|p=494|g=0|sp=0)|pdg=gamma|q=0|m=0|p=14.2895 failed to simulate with error NavigatorError:3: No start volume could be resolved
19:37:35    FatrasSimula   ERROR     event 9 particle id=121590711065859529(vp=14|vs=57|p=495|g=0|sp=0)|pdg=gamma|q=0|m=0|p=86.0884 failed to simulate with error NavigatorError:3: No start volume could be resolved
19:37:35    FatrasSimula   ERROR     event 9 particle id=16974819193622341178(vp=14|vs=57|p=496|g=0|sp=0)|pdg=gamma|q=0|m=0|p=15.4304 failed to simulate with error NavigatorError:3: No start volume could be resolved
19:37:35    FatrasSimula   ERROR     event 9 particle id=10857791920390942877(vp=14|vs=59|p=497|g=0|sp=0)|pdg=gamma|q=0|m=0|p=51.149 failed to simulate with error NavigatorError:3: No start volume could be resolved
19:37:35    FatrasSimula   ERROR     event 9 particle id=16737954054215333046(vp=14|vs=59|p=498|g=0|sp=0)|pdg=gamma|q=0|m=0|p=123.076 failed to simulate with error NavigatorError:3: No start volume could be resolved
19:37:35    FatrasSimula   ERROR     event 9 particle id=15676881575302068750(vp=14|vs=60|p=499|g=0|sp=0)|pdg=gamma|q=0|m=0|p=48.734 failed to simulate with error NavigatorError:3: No start volume could be resolved
19:37:35    FatrasSimula   ERROR     event 9 particle id=2125031550509473715(vp=14|vs=60|p=500|g=0|sp=0)|pdg=gamma|q=0|m=0|p=90.6164 failed to simulate with error NavigatorError:3: No start volume could be resolved
19:37:35    FatrasSimula   ERROR     event 9 particle id=15717630143352633894(vp=20|vs=11|p=65|g=0|sp=0)|pdg=gamma|q=0|m=0|p=40.6797 failed to simulate with error NavigatorError:3: No start volume could be resolved
19:37:35    FatrasSimula   ERROR     event 9 particle id=6127810274245672496(vp=20|vs=11|p=66|g=0|sp=0)|pdg=gamma|q=0|m=0|p=5.03481 failed to simulate with error NavigatorError:3: No start volume could be resolved
19:37:35    FatrasSimula   ERROR     event 9 particle id=6700556276205549054(vp=20|vs=12|p=68|g=0|sp=0)|pdg=gamma|q=0|m=0|p=81.5915 failed to simulate with error NavigatorError:3: No start volume could be resolved
19:37:35    FatrasSimula   ERROR     event 9 particle id=7988080442598907936(vp=20|vs=19|p=86|g=0|sp=0)|pdg=n|q=0|m=0.939565|p=422.009 failed to simulate with error NavigatorError:3: No start volume could be resolved
19:37:35    FatrasSimula   ERROR     event 9 particle id=2276893443402399187(vp=20|vs=19|p=87|g=0|sp=0)|pdg=pi+|q=1|m=0.13957|p=201.777 failed to simulate with error NavigatorError:3: No start volume could be resolved
19:37:35    FatrasSimula   ERROR     event 9 particle id=5076586985542473390(vp=20|vs=26|p=148|g=0|sp=0)|pdg=gamma|q=0|m=0|p=26.7036 failed to simulate with error NavigatorError:3: No start volume could be resolved
19:37:35    FatrasSimula   ERROR     event 9 particle id=5973576112535889663(vp=20|vs=26|p=149|g=0|sp=0)|pdg=gamma|q=0|m=0|p=50.6592 failed to simulate with error NavigatorError:3: No start volume could be resolved
19:37:35    FatrasSimula   ERROR     event 9 particle id=1049375976281074529(vp=20|vs=27|p=146|g=0|sp=0)|pdg=gamma|q=0|m=0|p=24.8044 failed to simulate with error NavigatorError:3: No start volume could be resolved
19:37:35    FatrasSimula   ERROR     event 9 particle id=100921561452083858(vp=20|vs=27|p=147|g=0|sp=0)|pdg=gamma|q=0|m=0|p=30.8291 failed to simulate with error NavigatorError:3: No start volume could be resolved
19:37:35    FatrasSimula   ERROR     event 9 particle id=16353540541875935910(vp=22|vs=5|p=45|g=0|sp=0)|pdg=pi+|q=1|m=0.13957|p=86.0365 failed to simulate with error NavigatorError:3: No start volume could be resolved
19:37:35    FatrasSimula   ERROR     event 9 particle id=4742289917901708825(vp=22|vs=5|p=46|g=0|sp=0)|pdg=pi-|q=-1|m=0.13957|p=46.0991 failed to simulate with error NavigatorError:3: No start volume could be resolved
19:37:35    FatrasSimula   ERROR     event 9 particle id=17103217393694013918(vp=22|vs=10|p=76|g=0|sp=0)|pdg=pi+|q=1|m=0.13957|p=31.8587 failed to simulate with error NavigatorError:3: No start volume could be resolved
19:37:35    FatrasSimula   ERROR     event 9 particle id=8747955025972443234(vp=22|vs=10|p=77|g=0|sp=0)|pdg=pi-|q=-1|m=0.13957|p=27.3738 failed to simulate with error NavigatorError:3: No start volume could be resolved
19:37:35    FatrasSimula   ERROR     event 9 particle id=15037967368409234672(vp=22|vs=11|p=85|g=0|sp=0)|pdg=pi+|q=1|m=0.13957|p=155.513 failed to simulate with error NavigatorError:3: No start volume could be resolved
19:37:35    FatrasSimula   ERROR     event 9 particle id=14709695999969443216(vp=22|vs=11|p=86|g=0|sp=0)|pdg=pi-|q=-1|m=0.13957|p=101.71 failed to simulate with error NavigatorError:3: No start volume could be resolved
19:37:35    FatrasSimula   ERROR     event 9 particle id=13820275706095110712(vp=24|vs=2|p=3|g=0|sp=0)|pdg=gamma|q=0|m=0|p=27.6663 failed to simulate with error NavigatorError:3: No start volume could be resolved
19:37:35    FatrasSimula   ERROR     event 9 particle id=67192711001458025(vp=24|vs=2|p=4|g=0|sp=0)|pdg=gamma|q=0|m=0|p=29.0127 failed to simulate with error NavigatorError:3: No start volume could be resolved
19:37:35    FatrasSimula   ERROR     event 9 particle id=8195525685315299424(vp=24|vs=3|p=5|g=0|sp=0)|pdg=gamma|q=0|m=0|p=120.917 failed to simulate with error NavigatorError:3: No start volume could be resolved
19:37:35    FatrasSimula   ERROR     event 9 particle id=15571459996381529714(vp=24|vs=3|p=6|g=0|sp=0)|pdg=gamma|q=0|m=0|p=58.0577 failed to simulate with error NavigatorError:3: No start volume could be resolved
19:37:35    FatrasSimula   ERROR     event 9 particle id=118735549344292109(vp=24|vs=11|p=58|g=0|sp=0)|pdg=n|q=0|m=0.939565|p=166.184 failed to simulate with error NavigatorError:3: No start volume could be resolved
19:37:35    FatrasSimula   ERROR     event 9 particle id=1262026372763245707(vp=24|vs=12|p=59|g=0|sp=0)|pdg=gamma|q=0|m=0|p=10.3368 failed to simulate with error NavigatorError:3: No start volume could be resolved
19:37:35    FatrasSimula   ERROR     event 9 particle id=3544826813913683407(vp=24|vs=12|p=60|g=0|sp=0)|pdg=gamma|q=0|m=0|p=18.3415 failed to simulate with error NavigatorError:3: No start volume could be resolved
19:37:35    FatrasSimula   ERROR     event 9 particle id=9336849044925382622(vp=25|vs=7|p=62|g=0|sp=0)|pdg=p|q=1|m=0.938272|p=186.052 failed to simulate with error NavigatorError:3: No start volume could be resolved
19:37:35    FatrasSimula   ERROR     event 9 particle id=50106586579138597(vp=25|vs=7|p=63|g=0|sp=0)|pdg=pi-|q=-1|m=0.13957|p=32.2915 failed to simulate with error NavigatorError:3: No start volume could be resolved
19:37:35    FatrasSimula   ERROR     event 9 particle id=12154404032154185679(vp=28|vs=38|p=445|g=0|sp=0)|pdg=n|q=0|m=0.939565|p=190.479 failed to simulate with error NavigatorError:3: No start volume could be resolved
19:37:35    FatrasSimula   ERROR     event 9 particle id=2535275881603924782(vp=28|vs=38|p=446|g=0|sp=0)|pdg=gamma|q=0|m=0|p=30.9835 failed to simulate with error NavigatorError:3: No start volume could be resolved
19:37:35    FatrasSimula   ERROR     event 9 particle id=12203522498761231125(vp=28|vs=38|p=447|g=0|sp=0)|pdg=gamma|q=0|m=0|p=8.51088 failed to simulate with error NavigatorError:3: No start volume could be resolved
19:37:35    FatrasSimula   ERROR     event 9 particle id=3354219646416368901(vp=28|vs=39|p=451|g=0|sp=0)|pdg=pi+|q=1|m=0.13957|p=26.6598 failed to simulate with error NavigatorError:3: No start volume could be resolved
19:37:35    FatrasSimula   ERROR     event 9 particle id=1207127577346897301(vp=28|vs=40|p=449|g=0|sp=0)|pdg=p~|q=-1|m=0.938272|p=290.362 failed to simulate with error NavigatorError:3: No start volume could be resolved
19:37:35    FatrasSimula   ERROR     event 9 particle id=4355532179605860162(vp=28|vs=40|p=450|g=0|sp=0)|pdg=pi+|q=1|m=0.13957|p=46.3083 failed to simulate with error NavigatorError:3: No start volume could be resolved
19:37:35    FatrasSimula   ERROR     event 9 particle id=3278103495109956446(vp=28|vs=41|p=452|g=0|sp=0)|pdg=p|q=1|m=0.938272|p=430.547 failed to simulate with error NavigatorError:3: No start volume could be resolved
19:37:35    FatrasSimula   ERROR     event 9 particle id=16427067830213183994(vp=28|vs=41|p=453|g=0|sp=0)|pdg=pi-|q=-1|m=0.13957|p=78.6699 failed to simulate with error NavigatorError:3: No start volume could be resolved
19:37:35    FatrasSimula   ERROR     event 9 particle id=16513428173025817331(vp=30|vs=16|p=106|g=0|sp=0)|pdg=p|q=1|m=0.938272|p=844.264 failed to simulate with error NavigatorError:3: No start volume could be resolved
19:37:35    FatrasSimula   ERROR     event 9 particle id=6928444178952491741(vp=30|vs=17|p=107|g=0|sp=0)|pdg=gamma|q=0|m=0|p=102.82 failed to simulate with error NavigatorError:3: No start volume could be resolved
19:37:35    FatrasSimula   ERROR     event 9 particle id=4606327673586270259(vp=30|vs=17|p=108|g=0|sp=0)|pdg=gamma|q=0|m=0|p=53.552 failed to simulate with error NavigatorError:3: No start volume could be resolved
19:37:35    FatrasSimula   ERROR     event 9 particle id=10342080638707063593(vp=35|vs=17|p=161|g=0|sp=0)|pdg=pi+|q=1|m=0.13957|p=505.521 failed to simulate with error NavigatorError:3: No start volume could be resolved
19:37:35    FatrasSimula   ERROR     event 9 particle id=5582876057531912326(vp=35|vs=17|p=162|g=0|sp=0)|pdg=pi-|q=-1|m=0.13957|p=305.84 failed to simulate with error NavigatorError:3: No start volume could be resolved
19:37:35    FatrasSimula   ERROR     event 9 particle id=13015160287667853963(vp=36|vs=18|p=143|g=0|sp=0)|pdg=pi+|q=1|m=0.13957|p=82.044 failed to simulate with error NavigatorError:3: No start volume could be resolved
19:37:35    FatrasSimula   ERROR     event 9 particle id=2194852887692346989(vp=36|vs=18|p=144|g=0|sp=0)|pdg=pi-|q=-1|m=0.13957|p=330.15 failed to simulate with error NavigatorError:3: No start volume could be resolved
19:37:35    FatrasSimula   ERROR     event 9 particle id=4955032824414882457(vp=36|vs=19|p=145|g=0|sp=0)|pdg=pi+|q=1|m=0.13957|p=125.501 failed to simulate with error NavigatorError:3: No start volume could be resolved
19:37:35    FatrasSimula   ERROR     event 9 particle id=4332088458782855529(vp=36|vs=19|p=146|g=0|sp=0)|pdg=pi-|q=-1|m=0.13957|p=14.0241 failed to simulate with error NavigatorError:3: No start volume could be resolved
19:37:35    FatrasSimula   ERROR     event 9 particle id=13898387822863950891(vp=36|vs=26|p=200|g=0|sp=0)|pdg=p|q=1|m=0.938272|p=612.164 failed to simulate with error NavigatorError:3: No start volume could be resolved
19:37:35    FatrasSimula   ERROR     event 9 particle id=5539805559269116661(vp=36|vs=27|p=201|g=0|sp=0)|pdg=gamma|q=0|m=0|p=118.025 failed to simulate with error NavigatorError:3: No start volume could be resolved
19:37:35    FatrasSimula   ERROR     event 9 particle id=3224206982899019344(vp=36|vs=27|p=202|g=0|sp=0)|pdg=gamma|q=0|m=0|p=63.3097 failed to simulate with error NavigatorError:3: No start volume could be resolved
19:37:35    FatrasSimula   ERROR     event 9 particle id=9033463958830364782(vp=36|vs=28|p=204|g=0|sp=0)|pdg=p~|q=-1|m=0.938272|p=345.923 failed to simulate with error NavigatorError:3: No start volume could be resolved
19:37:35    FatrasSimula   ERROR     event 9 particle id=12483304227867768011(vp=36|vs=28|p=205|g=0|sp=0)|pdg=pi+|q=1|m=0.13957|p=48.788 failed to simulate with error NavigatorError:3: No start volume could be resolved
19:37:35    FatrasSimula   ERROR     event 9 particle id=4439941872586754806(vp=36|vs=46|p=293|g=0|sp=0)|pdg=p|q=1|m=0.938272|p=909.441 failed to simulate with error NavigatorError:3: No start volume could be resolved
19:37:35    FatrasSimula   ERROR     event 9 particle id=11173296856676484735(vp=36|vs=46|p=294|g=0|sp=0)|pdg=pi-|q=-1|m=0.13957|p=227.255 failed to simulate with error NavigatorError:3: No start volume could be resolved
19:37:35    FatrasSimula   ERROR     event 9 particle id=15371662524759013911(vp=37|vs=3|p=3|g=0|sp=0)|pdg=gamma|q=0|m=0|p=125.801 failed to simulate with error NavigatorError:3: No start volume could be resolved
19:37:35    FatrasSimula   ERROR     event 9 particle id=14333577147695590089(vp=37|vs=3|p=4|g=0|sp=0)|pdg=gamma|q=0|m=0|p=66.258 failed to simulate with error NavigatorError:3: No start volume could be resolved
19:37:35    FatrasSimula   ERROR     event 9 particle id=9512453976261739469(vp=37|vs=4|p=5|g=0|sp=0)|pdg=gamma|q=0|m=0|p=3.76723 failed to simulate with error NavigatorError:3: No start volume could be resolved
19:37:35    FatrasSimula   ERROR     event 9 particle id=9844202982285181439(vp=37|vs=4|p=6|g=0|sp=0)|pdg=gamma|q=0|m=0|p=30.5827 failed to simulate with error NavigatorError:3: No start volume could be resolved
19:37:35    FatrasSimula   ERROR     event 9 particle id=13441736372569662138(vp=37|vs=8|p=19|g=0|sp=0)|pdg=pi+|q=1|m=0.13957|p=16.9298 failed to simulate with error NavigatorError:3: No start volume could be resolved
19:37:35    FatrasSimula   ERROR     event 9 particle id=319906893487897199(vp=37|vs=8|p=20|g=0|sp=0)|pdg=pi-|q=-1|m=0.13957|p=30.0782 failed to simulate with error NavigatorError:3: No start volume could be resolved
19:37:35    FatrasSimula   ERROR     event 9 particle id=9530542257750941779(vp=40|vs=22|p=126|g=0|sp=0)|pdg=n~|q=0|m=0.939565|p=74.3442 failed to simulate with error NavigatorError:3: No start volume could be resolved
19:37:35    FatrasSimula   ERROR     event 9 particle id=10376201734116874754(vp=40|vs=22|p=127|g=0|sp=0)|pdg=gamma|q=0|m=0|p=9.49609 failed to simulate with error NavigatorError:3: No start volume could be resolved
19:37:35    FatrasSimula   ERROR     event 9 particle id=8729025478981071509(vp=41|vs=3|p=10|g=0|sp=0)|pdg=p~|q=-1|m=0.938272|p=381.817 failed to simulate with error NavigatorError:3: No start volume could be resolved
19:37:35    FatrasSimula   ERROR     event 9 particle id=608648653091468238(vp=41|vs=3|p=11|g=0|sp=0)|pdg=pi+|q=1|m=0.13957|p=122.044 failed to simulate with error NavigatorError:3: No start volume could be resolved
19:37:35    FatrasSimula   ERROR     event 9 particle id=942535611075324021(vp=41|vs=12|p=69|g=0|sp=0)|pdg=n|q=0|m=0.939565|p=46.1194 failed to simulate with error NavigatorError:3: No start volume could be resolved
19:37:35    FatrasSimula   ERROR     event 9 particle id=3194978306611587426(vp=41|vs=12|p=70|g=0|sp=0)|pdg=pi-|q=-1|m=0.13957|p=5.89911 failed to simulate with error NavigatorError:3: No start volume could be resolved
19:37:35    FatrasSimula   ERROR     event 9 particle id=1449280183600137252(vp=41|vs=49|p=393|g=0|sp=0)|pdg=n|q=0|m=0.939565|p=148.155 failed to simulate with error NavigatorError:3: No start volume could be resolved
19:37:35    FatrasSimula   ERROR     event 9 particle id=6860299016681220534(vp=41|vs=50|p=394|g=0|sp=0)|pdg=gamma|q=0|m=0|p=16.1479 failed to simulate with error NavigatorError:3: No start volume could be resolved
19:37:35    FatrasSimula   ERROR     event 9 particle id=10693375238283943426(vp=41|vs=50|p=395|g=0|sp=0)|pdg=gamma|q=0|m=0|p=22.0487 failed to simulate with error NavigatorError:3: No start volume could be resolved
19:37:35    FatrasSimula   ERROR     event 9 particle id=9849693891140130375(vp=43|vs=9|p=70|g=0|sp=0)|pdg=n|q=0|m=0.939565|p=242.291 failed to simulate with error NavigatorError:3: No start volume could be resolved
19:37:35    FatrasSimula   ERROR     event 9 particle id=13925812492010570818(vp=43|vs=9|p=71|g=0|sp=0)|pdg=gamma|q=0|m=0|p=9.89044 failed to simulate with error NavigatorError:3: No start volume could be resolved
19:37:35    FatrasSimula   ERROR     event 9 particle id=8879412696388924987(vp=43|vs=9|p=72|g=0|sp=0)|pdg=gamma|q=0|m=0|p=11.939 failed to simulate with error NavigatorError:3: No start volume could be resolved
19:37:35    FatrasSimula   ERROR     event 9 particle id=12697553267654240765(vp=44|vs=18|p=132|g=0|sp=0)|pdg=pi+|q=1|m=0.13957|p=28.7795 failed to simulate with error NavigatorError:3: No start volume could be resolved
19:37:35    FatrasSimula   ERROR     event 9 particle id=17766597958370119293(vp=44|vs=18|p=133|g=0|sp=0)|pdg=pi-|q=-1|m=0.13957|p=24.9611 failed to simulate with error NavigatorError:3: No start volume could be resolved
19:37:35    FatrasSimula   ERROR     event 9 particle id=15022751400675989460(vp=45|vs=7|p=68|g=0|sp=0)|pdg=p|q=1|m=0.938272|p=2346.26 failed to simulate with error NavigatorError:3: No start volume could be resolved
19:37:35    FatrasSimula   ERROR     event 9 particle id=4444695222568658661(vp=45|vs=8|p=69|g=0|sp=0)|pdg=gamma|q=0|m=0|p=153.632 failed to simulate with error NavigatorError:3: No start volume could be resolved
19:37:35    FatrasSimula   ERROR     event 9 particle id=15103032918353939767(vp=45|vs=8|p=70|g=0|sp=0)|pdg=gamma|q=0|m=0|p=667.31 failed to simulate with error NavigatorError:3: No start volume could be resolved
19:37:35    FatrasSimula   ERROR     event 9 particle id=12427221445445266230(vp=47|vs=8|p=83|g=0|sp=0)|pdg=pi+|q=1|m=0.13957|p=49.7454 failed to simulate with error NavigatorError:3: No start volume could be resolved
19:37:35    FatrasSimula   ERROR     event 9 particle id=9960521488276242548(vp=47|vs=8|p=84|g=0|sp=0)|pdg=pi-|q=-1|m=0.13957|p=69.5978 failed to simulate with error NavigatorError:3: No start volume could be resolved
19:37:35    FatrasSimula   ERROR     event 9 particle id=15771626742059800274(vp=47|vs=37|p=360|g=0|sp=0)|pdg=gamma|q=0|m=0|p=4.69738 failed to simulate with error NavigatorError:3: No start volume could be resolved
19:37:35    FatrasSimula   ERROR     event 9 particle id=16015421503063346868(vp=47|vs=38|p=358|g=0|sp=0)|pdg=p~|q=-1|m=0.938272|p=58.1551 failed to simulate with error NavigatorError:3: No start volume could be resolved
19:37:35    FatrasSimula   ERROR     event 9 particle id=15261432348080982649(vp=47|vs=38|p=359|g=0|sp=0)|pdg=pi+|q=1|m=0.13957|p=10.7029 failed to simulate with error NavigatorError:3: No start volume could be resolved
19:37:35    FatrasSimula   ERROR     event 9 particle id=1186692453147032761(vp=47|vs=39|p=363|g=0|sp=0)|pdg=pi+|q=1|m=0.13957|p=118.817 failed to simulate with error NavigatorError:3: No start volume could be resolved
19:37:35    FatrasSimula   ERROR     event 9 particle id=7402958251084837292(vp=47|vs=39|p=364|g=0|sp=0)|pdg=pi-|q=-1|m=0.13957|p=170.006 failed to simulate with error NavigatorError:3: No start volume could be resolved
19:37:35    FatrasSimula   ERROR     event 9 particle id=3947848909762459110(vp=48|vs=12|p=51|g=0|sp=0)|pdg=p~|q=-1|m=0.938272|p=123.195 failed to simulate with error NavigatorError:3: No start volume could be resolved
19:37:35    FatrasSimula   ERROR     event 9 particle id=4361048667332583557(vp=48|vs=12|p=52|g=0|sp=0)|pdg=pi+|q=1|m=0.13957|p=19.4145 failed to simulate with error NavigatorError:3: No start volume could be resolved
19:37:35    FatrasSimula   ERROR     event 9 particle id=5084133560414977776(vp=48|vs=13|p=53|g=0|sp=0)|pdg=gamma|q=0|m=0|p=6.0859 failed to simulate with error NavigatorError:3: No start volume could be resolved
19:37:35    FatrasSimula   ERROR     event 9 particle id=17221135431159056498(vp=48|vs=13|p=54|g=0|sp=0)|pdg=gamma|q=0|m=0|p=10.4442 failed to simulate with error NavigatorError:3: No start volume could be resolved
19:37:35    FatrasSimula   ERROR     event 9 particle id=9123576849395539534(vp=48|vs=46|p=273|g=0|sp=0)|pdg=n|q=0|m=0.939565|p=409.91 failed to simulate with error NavigatorError:3: No start volume could be resolved
19:37:35    FatrasSimula   ERROR     event 9 particle id=1557303041751287184(vp=48|vs=47|p=274|g=0|sp=0)|pdg=gamma|q=0|m=0|p=92.0925 failed to simulate with error NavigatorError:3: No start volume could be resolved
19:37:35    FatrasSimula   ERROR     event 9 particle id=325233681859392414(vp=48|vs=47|p=275|g=0|sp=0)|pdg=gamma|q=0|m=0|p=0.712014 failed to simulate with error NavigatorError:3: No start volume could be resolved
19:37:35    FatrasSimula   ERROR     event 9 particle id=10130953853669629387(vp=48|vs=49|p=294|g=0|sp=0)|pdg=pi+|q=1|m=0.13957|p=44.6664 failed to simulate with error NavigatorError:3: No start volume could be resolved
19:37:35    FatrasSimula   ERROR     event 9 particle id=16051312004907785945(vp=48|vs=49|p=295|g=0|sp=0)|pdg=pi-|q=-1|m=0.13957|p=58.0588 failed to simulate with error NavigatorError:3: No start volume could be resolved
19:37:35    Sequencer      INFO      finished event 9
19:37:35    RootPatternR   INFO      Efficiency with seeds (nMatchedseeds/nAllseeds) = 0.684625
19:37:35    RootPatternR   INFO      Fake ratio with seeds (nFakeseeds/nAllseeds) = 0.127694
19:37:35    RootPatternR   INFO      Duplicate ratio with seeds (nDuplicateseeds/nAllseeds) = 0.538845
19:37:35    RootPatternR   INFO      Efficiency with particles (nMatchedParticles/nTrueParticles) = 0.838642
19:37:35    RootPatternR   INFO      Fake ratio with particles (nFakeParticles/nTrueParticles) = 0.341286
19:37:35    RootPatternR   INFO      Duplicate ratio with particles (nDuplicateParticles/nTrueParticles) = 0.802853
19:37:35    RootPatternR   INFO      Wrote performance plots to 'output/v-sincos-ttbar/performance_seeding.root:/'
19:37:35    RootTrackPar   INFO      Wrote estimated parameters from seed to tree 'estimatedparams' in 'output/v-sincos-ttbar/estimatedparams.root'
19:37:35    RzTrackFindi   INFO      RzTrackFinding: 46776 seeds, 34204 tracks, 17.2684 stops and 46.8135 candidates per seed, 12.7903 measurements and 0.0553152 holes per track, 242 backward pass failures
19:37:35    RootTrackSum   INFO      Wrote parameters of tracks to tree 'tracksummary' in 'output/v-sincos-ttbar/tracksummary_rz.root'
19:37:35    RootTrackPar   INFO      === Track Parameter Performance Summary ===
19:37:35    RootTrackPar   INFO      Total tracks: 34204
19:37:35    RootTrackPar   INFO      Total matched tracks: 6787
19:37:35    RootTrackPar   INFO      Total particles: 8131
19:37:35    RootTrackPar   INFO      Total matched particles: 6787
19:37:35    RootTrackPar   INFO      Track efficiency: 19.8427%
Warning in <ROOT::Fit::FillData>: fit range is outside histogram range, no fit data for xaxis
Warning in <Fit>: Fit data is empty 
Warning in <ROOT::Fit::FillData>: fit range is outside histogram range, no fit data for xaxis
Warning in <Fit>: Fit data is empty 
Warning in <Fit>: Fit data is empty 
Warning in <Fit>: Fit data is empty 
Warning in <Fit>: Fit data is empty 
Warning in <Fit>: Fit data is empty 
Warning in <Fit>: Fit data is empty 
Warning in <Fit>: Fit data is empty 
Warning in <ROOT::Fit::FillData>: fit range is outside histogram range, no fit data for xaxis
Warning in <Fit>: Fit data is empty 
Warning in <ROOT::Fit::FillData>: fit range is outside histogram range, no fit data for xaxis
Warning in <Fit>: Fit data is empty 
Warning in <Fit>: Fit data is empty 
Warning in <Fit>: Fit data is empty 
Warning in <ROOT::Fit::FillData>: fit range is outside histogram range, no fit data for xaxis
Warning in <Fit>: Fit data is empty 
Warning in <ROOT::Fit::FillData>: fit range is outside histogram range, no fit data for xaxis
Warning in <Fit>: Fit data is empty 
Warning in <Fit>: Fit data is empty 
Warning in <Fit>: Fit data is empty 
Warning in <Fit>: Fit data is empty 
Warning in <Fit>: Fit data is empty 
Warning in <Fit>: Fit data is empty 
Warning in <ROOT::Fit::FillData>: fit range is outside histogram range, no fit data for xaxis
Warning in <Fit>: Fit data is empty 
Warning in <ROOT::Fit::FillData>: fit range is outside histogram range, no fit data for xaxis
Warning in <Fit>: Fit data is empty 
Warning in <Fit>: Fit data is empty 
Warning in <Fit>: Fit data is empty 
Warning in <Fit>: Fit data is empty 
Warning in <Fit>: Fit data is empty 
Warning in <Fit>: Fit data is empty 
Warning in <Fit>: Fit data is empty 
Warning in <Fit>: Fit data is empty 
Warning in <ROOT::Fit::FillData>: fit range is outside histogram range, no fit data for xaxis
Warning in <Fit>: Fit data is empty 
Warning in <Fit>: Fit data is empty 
Warning in <Fit>: Fit data is empty 
Warning in <Fit>: Fit data is empty 
Warning in <Fit>: Fit data is empty 
Warning in <Fit>: Fit data is empty 
Warning in <Fit>: Fit data is empty 
Warning in <ROOT::Fit::FillData>: fit range is outside histogram range, no fit data for xaxis
Warning in <Fit>: Fit data is empty 
Warning in <Fit>: Fit data is empty 
Warning in <Fit>: Fit data is empty 
Warning in <Fit>: Fit data is empty 
Warning in <ROOT::Fit::FillData>: fit range is outside histogram range, no fit data for xaxis
Warning in <Fit>: Fit data is empty 
Warning in <Fit>: Fit data is empty 
Warning in <Fit>: Fit data is empty 
Warning in <Fit>: Fit data is empty 
Warning in <Fit>: Fit data is empty 
Warning in <Fit>: Fit data is empty 
Warning in <ROOT::Fit::FillData>: fit range is outside histogram range, no fit data for xaxis
Warning in <Fit>: Fit data is empty 
Warning in <Fit>: Fit data is empty 
Warning in <Fit>: Fit data is empty 
Warning in <Fit>: Fit data is empty 
Warning in <Fit>: Fit data is empty 
Warning in <Fit>: Fit data is empty 
Warning in <Fit>: Fit data is empty 
Warning in <ROOT::Fit::FillData>: fit range is outside histogram range, no fit data for xaxis
Warning in <Fit>: Fit data is empty 
Warning in <Fit>: Fit data is empty 
Warning in <ROOT::Fit::FillData>: fit range is outside histogram range, no fit data for xaxis
Warning in <Fit>: Fit data is empty 
Warning in <Fit>: Fit data is empty 
Warning in <Fit>: Fit data is empty 
Warning in <Fit>: Fit data is empty 
Warning in <Fit>: Fit data is empty 
Warning in <Fit>: Fit data is empty 
Warning in <Fit>: Fit data is empty 
Warning in <Fit>: Fit data is empty 
Warning in <Fit>: Fit data is empty 
Warning in <ROOT::Fit::FillData>: fit range is outside histogram range, no fit data for xaxis
Warning in <Fit>: Fit data is empty 
Warning in <Fit>: Fit data is empty 
Warning in <Fit>: Fit data is empty 
Warning in <Fit>: Fit data is empty 
Warning in <Fit>: Fit data is empty 
Warning in <Fit>: Fit data is empty 
Warning in <ROOT::Fit::FillData>: fit range is outside histogram range, no fit data for xaxis
Warning in <Fit>: Fit data is empty 
Warning in <Fit>: Fit data is empty 
Warning in <Fit>: Fit data is empty 
Warning in <Fit>: Fit data is empty 
Warning in <ROOT::Fit::FillData>: fit range is outside histogram range, no fit data for xaxis
Warning in <Fit>: Fit data is empty 
Warning in <Fit>: Fit data is empty 
Warning in <Fit>: Fit data is empty 
Warning in <Fit>: Fit data is empty 
Warning in <Fit>: Fit data is empty 
Warning in <Fit>: Fit data is empty 
Warning in <ROOT::Fit::FillData>: fit range is outside histogram range, no fit data for xaxis
Warning in <Fit>: Fit data is empty 
Warning in <ROOT::Fit::FillData>: fit range is outside histogram range, no fit data for xaxis
Warning in <Fit>: Fit data is empty 
Warning in <Fit>: Fit data is empty 
Warning in <Fit>: Fit data is empty 
Warning in <Fit>: Fit data is empty 
Warning in <Fit>: Fit data is empty 
Warning in <Fit>: Fit data is empty 
Warning in <Fit>: Fit data is empty 
Warning in <Fit>: Fit data is empty 
Warning in <ROOT::Fit::FillData>: fit range is outside histogram range, no fit data for xaxis
Warning in <Fit>: Fit data is empty 
Warning in <Fit>: Fit data is empty 
Warning in <Fit>: Fit data is empty 
Warning in <Fit>: Fit data is empty 
Warning in <ROOT::Fit::FillData>: fit range is outside histogram range, no fit data for xaxis
Warning in <Fit>: Fit data is empty 
Warning in <Fit>: Fit data is empty 
Warning in <Fit>: Fit data is empty 
Warning in <Fit>: Fit data is empty 
Warning in <Fit>: Fit data is empty 
Warning in <ROOT::Fit::FillData>: fit range is outside histogram range, no fit data for xaxis
Warning in <Fit>: Fit data is empty 
Warning in <Fit>: Fit data is empty 
Warning in <Fit>: Fit data is empty 
Warning in <Fit>: Fit data is empty 
Warning in <Fit>: Fit data is empty 
Warning in <Fit>: Fit data is empty 
Warning in <Fit>: Fit data is empty 
Warning in <Fit>: Fit data is empty 
Warning in <Fit>: Fit data is empty 
Warning in <Fit>: Fit data is empty 
Warning in <Fit>: Fit data is empty 
Warning in <Fit>: Fit data is empty 
Warning in <Fit>: Fit data is empty 
Warning in <Fit>: Fit data is empty 
Warning in <Fit>: Fit data is empty 
Warning in <Fit>: Fit data is empty 
Warning in <ROOT::Fit::FillData>: fit range is outside histogram range, no fit data for xaxis
Warning in <Fit>: Fit data is empty 
Warning in <Fit>: Fit data is empty 
Warning in <Fit>: Fit data is empty 
Warning in <Fit>: Fit data is empty 
Warning in <Fit>: Fit data is empty 
Warning in <ROOT::Fit::FillData>: fit range is outside histogram range, no fit data for xaxis
Warning in <Fit>: Fit data is empty 
Warning in <ROOT::Fit::FillData>: fit range is outside histogram range, no fit data for xaxis
Warning in <Fit>: Fit data is empty 
Warning in <Fit>: Fit data is empty 
Warning in <Fit>: Fit data is empty 
Warning in <Fit>: Fit data is empty 
Warning in <Fit>: Fit data is empty 
Warning in <Fit>: Fit data is empty 
Warning in <ROOT::Fit::FillData>: fit range is outside histogram range, no fit data for xaxis
Warning in <Fit>: Fit data is empty 
Warning in <Fit>: Fit data is empty 
Warning in <Fit>: Fit data is empty 
Warning in <ROOT::Fit::FillData>: fit range is outside histogram range, no fit data for xaxis
Warning in <Fit>: Fit data is empty 
Warning in <ROOT::Fit::FillData>: fit range is outside histogram range, no fit data for xaxis
Warning in <Fit>: Fit data is empty 
Warning in <Fit>: Fit data is empty 
Warning in <Fit>: Fit data is empty 
Warning in <Fit>: Fit data is empty 
Warning in <Fit>: Fit data is empty 
Warning in <Fit>: Fit data is empty 
Warning in <ROOT::Fit::FillData>: fit range is outside histogram range, no fit data for xaxis
Warning in <Fit>: Fit data is empty 
Warning in <ROOT::Fit::FillData>: fit range is outside histogram range, no fit data for xaxis
Warning in <Fit>: Fit data is empty 
Warning in <ROOT::Fit::FillData>: fit range is outside histogram range, no fit data for xaxis
Warning in <Fit>: Fit data is empty 
Warning in <Fit>: Fit data is empty 
Warning in <Fit>: Fit data is empty 
Warning in <Fit>: Fit data is empty 
Warning in <Fit>: Fit data is empty 
Warning in <Fit>: Fit data is empty 
Warning in <Fit>: Fit data is empty 
Warning in <Fit>: Fit data is empty 
Warning in <ROOT::Fit::FillData>: fit range is outside histogram range, no fit data for xaxis
Warning in <Fit>: Fit data is empty 
Warning in <Fit>: Fit data is empty 
Warning in <ROOT::Fit::FillData>: fit range is outside histogram range, no fit data for xaxis
Warning in <Fit>: Fit data is empty 
Warning in <Fit>: Fit data is empty 
Warning in <Fit>: Fit data is empty 
Warning in <Fit>: Fit data is empty 
Warning in <Fit>: Fit data is empty 
Warning in <Fit>: Fit data is empty 
Warning in <Fit>: Fit data is empty 
Warning in <Fit>: Fit data is empty 
Warning in <Fit>: Fit data is empty 
Warning in <ROOT::Fit::FillData>: fit range is outside histogram range, no fit data for xaxis
Warning in <Fit>: Fit data is empty 
Warning in <ROOT::Fit::FillData>: fit range is outside histogram range, no fit data for xaxis
Warning in <Fit>: Fit data is empty 
Warning in <Fit>: Fit data is empty 
Warning in <Fit>: Fit data is empty 
Warning in <Fit>: Fit data is empty 
Warning in <Fit>: Fit data is empty 
Warning in <Fit>: Fit data is empty 
Warning in <ROOT::Fit::FillData>: fit range is outside histogram range, no fit data for xaxis
Warning in <Fit>: Fit data is empty 
Warning in <Fit>: Fit data is empty 
Warning in <ROOT::Fit::FillData>: fit range is outside histogram range, no fit data for xaxis
Warning in <Fit>: Fit data is empty 
Warning in <Fit>: Fit data is empty 
Warning in <Fit>: Fit data is empty 
Warning in <ROOT::Fit::FillData>: fit range is outside histogram range, no fit data for xaxis
Warning in <Fit>: Fit data is empty 
Warning in <ROOT::Fit::FillData>: fit range is outside histogram range, no fit data for xaxis
Warning in <Fit>: Fit data is empty 
Warning in <Fit>: Fit data is empty 
Warning in <ROOT::Fit::FillData>: fit range is outside histogram range, no fit data for xaxis
Warning in <Fit>: Fit data is empty 
Warning in <Fit>: Fit data is empty 
Warning in <Fit>: Fit data is empty 
Warning in <Fit>: Fit data is empty 
Warning in <Fit>: Fit data is empty 
Warning in <ROOT::Fit::FillData>: fit range is outside histogram range, no fit data for xaxis
Warning in <Fit>: Fit data is empty 
Warning in <ROOT::Fit::FillData>: fit range is outside histogram range, no fit data for xaxis
Warning in <Fit>: Fit data is empty 
Warning in <Fit>: Fit data is empty 
Warning in <ROOT::Fit::FillData>: fit range is outside histogram range, no fit data for xaxis
Warning in <Fit>: Fit data is empty 
Warning in <Fit>: Fit data is empty 
Warning in <Fit>: Fit data is empty 
Warning in <Fit>: Fit data is empty 
Warning in <Fit>: Fit data is empty 
Warning in <Fit>: Fit data is empty 
Warning in <ROOT::Fit::FillData>: fit range is outside histogram range, no fit data for xaxis
Warning in <Fit>: Fit data is empty 
Warning in <Fit>: Fit data is empty 
Warning in <ROOT::Fit::FillData>: fit range is outside histogram range, no fit data for xaxis
Warning in <Fit>: Fit data is empty 
Warning in <Fit>: Fit data is empty 
Warning in <Fit>: Fit data is empty 
Warning in <Fit>: Fit data is empty 
Warning in <ROOT::Fit::FillData>: fit range is outside histogram range, no fit data for xaxis
Warning in <Fit>: Fit data is empty 
Warning in <ROOT::Fit::FillData>: fit range is outside histogram range, no fit data for xaxis
Warning in <Fit>: Fit data is empty 
Warning in <Fit>: Fit data is empty 
Warning in <Fit>: Fit data is empty 
Warning in <Fit>: Fit data is empty 
Warning in <ROOT::Fit::FillData>: fit range is outside histogram range, no fit data for xaxis
Warning in <Fit>: Fit data is empty 
Warning in <ROOT::Fit::FillData>: fit range is outside histogram range, no fit data for xaxis
Warning in <Fit>: Fit data is empty 
Warning in <Fit>: Fit data is empty 
Warning in <ROOT::Fit::FillData>: fit range is outside histogram range, no fit data for xaxis
Warning in <Fit>: Fit data is empty 
Warning in <Fit>: Fit data is empty 
Warning in <ROOT::Fit::FillData>: fit range is outside histogram range, no fit data for xaxis
Warning in <Fit>: Fit data is empty 
Warning in <Fit>: Fit data is empty 
Warning in <Fit>: Fit data is empty 
Warning in <Fit>: Fit data is empty 
Warning in <Fit>: Fit data is empty 
Warning in <Fit>: Fit data is empty 
Warning in <Fit>: Fit data is empty 
Warning in <Fit>: Fit data is empty 
Warning in <Fit>: Fit data is empty 
Warning in <ROOT::Fit::FillData>: fit range is outside histogram range, no fit data for xaxis
Warning in <Fit>: Fit data is empty 
Warning in <Fit>: Fit data is empty 
Warning in <Fit>: Fit data is empty 
Warning in <Fit>: Fit data is empty 
Warning in <Fit>: Fit data is empty 
Warning in <ROOT::Fit::FillData>: fit range is outside histogram range, no fit data for xaxis
Warning in <Fit>: Fit data is empty 
Warning in <ROOT::Fit::FillData>: fit range is outside histogram range, no fit data for xaxis
Warning in <Fit>: Fit data is empty 
Warning in <Fit>: Fit data is empty 
Warning in <Fit>: Fit data is empty 
Warning in <Fit>: Fit data is empty 
Warning in <Fit>: Fit data is empty 
Warning in <Fit>: Fit data is empty 
Warning in <Fit>: Fit data is empty 
Warning in <ROOT::Fit::FillData>: fit range is outside histogram range, no fit data for xaxis
Warning in <Fit>: Fit data is empty 
Warning in <Fit>: Fit data is empty 
Warning in <Fit>: Fit data is empty 
Warning in <Fit>: Fit data is empty 
Warning in <Fit>: Fit data is empty 
Warning in <ROOT::Fit::FillData>: fit range is outside histogram range, no fit data for xaxis
Warning in <Fit>: Fit data is empty 
Warning in <Fit>: Fit data is empty 
Warning in <ROOT::Fit::FillData>: fit range is outside histogram range, no fit data for xaxis
Warning in <Fit>: Fit data is empty 
Warning in <ROOT::Fit::FillData>: fit range is outside histogram range, no fit data for xaxis
Warning in <Fit>: Fit data is empty 
Warning in <ROOT::Fit::FillData>: fit range is outside histogram range, no fit data for xaxis
Warning in <Fit>: Fit data is empty 
Warning in <Fit>: Fit data is empty 
Warning in <Fit>: Fit data is empty 
Warning in <ROOT::Fit::FillData>: fit range is outside histogram range, no fit data for xaxis
Warning in <Fit>: Fit data is empty 
Warning in <Fit>: Fit data is empty 
Warning in <Fit>: Fit data is empty 
Warning in <Fit>: Fit data is empty 
Warning in <Fit>: Fit data is empty 
Warning in <Fit>: Fit data is empty 
Warning in <Fit>: Fit data is empty 
Warning in <Fit>: Fit data is empty 
Warning in <Fit>: Fit data is empty 
Warning in <ROOT::Fit::FillData>: fit range is outside histogram range, no fit data for xaxis
Warning in <Fit>: Fit data is empty 
Warning in <Fit>: Fit data is empty 
Warning in <Fit>: Fit data is empty 
Warning in <Fit>: Fit data is empty 
Warning in <Fit>: Fit data is empty 
Warning in <ROOT::Fit::FillData>: fit range is outside histogram range, no fit data for xaxis
Warning in <Fit>: Fit data is empty 
Warning in <ROOT::Fit::FillData>: fit range is outside histogram range, no fit data for xaxis
Warning in <Fit>: Fit data is empty 
Warning in <Fit>: Fit data is empty 
Warning in <Fit>: Fit data is empty 
Warning in <Fit>: Fit data is empty 
Warning in <Fit>: Fit data is empty 
Warning in <Fit>: Fit data is empty 
Warning in <Fit>: Fit data is empty 
Warning in <ROOT::Fit::FillData>: fit range is outside histogram range, no fit data for xaxis
Warning in <Fit>: Fit data is empty 
Warning in <Fit>: Fit data is empty 
Warning in <Fit>: Fit data is empty 
Warning in <Fit>: Fit data is empty 
Warning in <Fit>: Fit data is empty 
Warning in <ROOT::Fit::FillData>: fit range is outside histogram range, no fit data for xaxis
Warning in <Fit>: Fit data is empty 
Warning in <Fit>: Fit data is empty 
Warning in <ROOT::Fit::FillData>: fit range is outside histogram range, no fit data for xaxis
Warning in <Fit>: Fit data is empty 
Warning in <ROOT::Fit::FillData>: fit range is outside histogram range, no fit data for xaxis
Warning in <Fit>: Fit data is empty 
Warning in <ROOT::Fit::FillData>: fit range is outside histogram range, no fit data for xaxis
Warning in <Fit>: Fit data is empty 
Warning in <Fit>: Fit data is empty 
Warning in <Fit>: Fit data is empty 
Warning in <ROOT::Fit::FillData>: fit range is outside histogram range, no fit data for xaxis
Warning in <Fit>: Fit data is empty 
Warning in <Fit>: Fit data is empty 
Warning in <Fit>: Fit data is empty 
Warning in <Fit>: Fit data is empty 
Warning in <Fit>: Fit data is empty 
Warning in <Fit>: Fit data is empty 
Warning in <Fit>: Fit data is empty 
Warning in <ROOT::Fit::FillData>: fit range is outside histogram range, no fit data for xaxis
Warning in <Fit>: Fit data is empty 
Warning in <Fit>: Fit data is empty 
Warning in <ROOT::Fit::FillData>: fit range is outside histogram range, no fit data for xaxis
Warning in <Fit>: Fit data is empty 
Warning in <Fit>: Fit data is empty 
Warning in <Fit>: Fit data is empty 
Warning in <Fit>: Fit data is empty 
Warning in <Fit>: Fit data is empty 
Warning in <Fit>: Fit data is empty 
Warning in <Fit>: Fit data is empty 
Warning in <Fit>: Fit data is empty 
Warning in <ROOT::Fit::FillData>: fit range is outside histogram range, no fit data for xaxis
Warning in <Fit>: Fit data is empty 
Warning in <ROOT::Fit::FillData>: fit range is outside histogram range, no fit data for xaxis
Warning in <Fit>: Fit data is empty 
Warning in <ROOT::Fit::FillData>: fit range is outside histogram range, no fit data for xaxis
Warning in <Fit>: Fit data is empty 
Warning in <Fit>: Fit data is empty 
Warning in <ROOT::Fit::FillData>: fit range is outside histogram range, no fit data for xaxis
Warning in <Fit>: Fit data is empty 
Warning in <Fit>: Fit data is empty 
Warning in <Fit>: Fit data is empty 
Warning in <Fit>: Fit data is empty 
Warning in <Fit>: Fit data is empty 
Warning in <Fit>: Fit data is empty 
Warning in <Fit>: Fit data is empty 
Warning in <Fit>: Fit data is empty 
Warning in <Fit>: Fit data is empty 
Warning in <Fit>: Fit data is empty 
Warning in <Fit>: Fit data is empty 
Warning in <Fit>: Fit data is empty 
Warning in <ROOT::Fit::FillData>: fit range is outside histogram range, no fit data for xaxis
Warning in <Fit>: Fit data is empty 
Warning in <Fit>: Fit data is empty 
Warning in <Fit>: Fit data is empty 
Warning in <Fit>: Fit data is empty 
Warning in <Fit>: Fit data is empty 
Warning in <ROOT::Fit::FillData>: fit range is outside histogram range, no fit data for xaxis
Warning in <Fit>: Fit data is empty 
Warning in <Fit>: Fit data is empty 
Warning in <ROOT::Fit::FillData>: fit range is outside histogram range, no fit data for xaxis
Warning in <Fit>: Fit data is empty 
Warning in <Fit>: Fit data is empty 
Warning in <Fit>: Fit data is empty 
19:37:41    RootTrackPar   INFO      Wrote performance plots to 'output/v-sincos-ttbar/performance_fitting_rz.root:/'
19:37:41    RootPatternR   INFO      Efficiency with tracks (nMatchedtracks/nAlltracks) = 0.937493
19:37:41    RootPatternR   INFO      Fake ratio with tracks (nFaketracks/nAlltracks) = 0.00190036
19:37:41    RootPatternR   INFO      Duplicate ratio with tracks (nDuplicatetracks/nAlltracks) = 0.739066
19:37:41    RootPatternR   INFO      Efficiency with particles (nMatchedParticles/nTrueParticles) = 0.834707
19:37:41    RootPatternR   INFO      Fake ratio with particles (nFakeParticles/nTrueParticles) = 0.00295167
19:37:41    RootPatternR   INFO      Duplicate ratio with particles (nDuplicateParticles/nTrueParticles) = 0.800025
19:37:41    RootPatternR   INFO      Wrote performance plots to 'output/v-sincos-ttbar/performance_finding_rz.root:/'
19:37:41    Sequencer      INFO      -----------------------------------
19:37:41    Sequencer      INFO      FPE summary for Algorithm: FatrasSimulation
19:37:41    Sequencer      INFO      -----------------------------------
19:37:41    Sequencer      INFO      - FLTUND: (5 times) 
 0# exp in /usr/lib/system/libsystem_m.dylib
 1# std::__1::array<ActsFatras::Particle, 1ul> ActsFatras::BetheHeitler::operator()<ActsExamples::RandomEngine>(ActsExamples::RandomEngine&, Acts::MaterialSlab const&, ActsFatras::Particle&) const in /Users/andreas/cern/build/acts/acts/rz-release/lib/libActsExamplesFatras.dylib
 2# bool ActsFatras::InteractionList<ActsFatras::ContinuousProcess<ActsFatras::GenericScattering<ActsFatras::detail::Highland>, ActsFatras::ChargedSelector, ActsFatras::EveryParticle, ActsFatras::EveryParticle>, ActsFatras::ContinuousProcess<ActsFatras::BetheBloch, ActsFatras::ChargedSelector, ActsFatras::Min<ActsFatras::Casts::P>, ActsFatras::EveryParticle>, ActsFatras::ContinuousProcess<ActsFatras::BetheHeitler, ActsFatras::AbsPdgSelector<(Acts::PdgParticle)11>, ActsFatras::Min<ActsFatras::Casts::P>, ActsFatras::Min<ActsFatras::Casts::P>>>::runContinuousImpl<ActsExamples::RandomEngine, 0ul, 1ul, 2ul>(ActsExamples::RandomEngine&, Acts::MaterialSlab const&, ActsFatras::Particle&, std::__1::vector<ActsFatras::Particle, std::__1::allocator<ActsFatras::Particle>>&, std::__1::integer_sequence<unsigned long, 0ul, 1ul, 2ul>) const in /Users/andreas/cern/build/acts/acts/rz-release/lib/libActsExamplesFatras.dylib
 3# ActsFatras::detail::SimulationActor<ActsExamples::RandomEngine, ActsFatras::NoDecay, ActsFatras::InteractionList<ActsFatras::ContinuousProcess<ActsFatras::GenericScattering<ActsFatras::detail::Highland>, ActsFatras::ChargedSelector, ActsFatras::EveryParticle, ActsFatras::EveryParticle>, ActsFatras::ContinuousProcess<ActsFatras::BetheBloch, ActsFatras::ChargedSelector, ActsFatras::Min<ActsFatras::Casts::P>, ActsFatras::EveryParticle>, ActsFatras::ContinuousProcess<ActsFatras::BetheHeitler, ActsFatras::AbsPdgSelector<(Acts::PdgParticle)11>, ActsFatras::Min<ActsFatras::Casts::P>, ActsFatras::Min<ActsFatras::Casts::P>>>, ActsExamples::(anonymous namespace)::HitSurfaceSelector>::interact(Acts::MaterialSlab const&, ActsFatras::SingleParticleSimulationResult&) const in /Users/andreas/cern/build/acts/acts/rz-release/lib/libActsExamplesFatras.dylib
 4# Acts::Result<void, std::__1::error_code> Acts::ActorList<ActsFatras::detail::SimulationActor<ActsExamples::RandomEngine, ActsFatras::NoDecay, ActsFatras::InteractionList<ActsFatras::ContinuousProcess<ActsFatras::GenericScattering<ActsFatras::detail::Highland>, ActsFatras::ChargedSelector, ActsFatras::EveryParticle, ActsFatras::EveryParticle>, ActsFatras::ContinuousProcess<ActsFatras::BetheBloch, ActsFatras::ChargedSelector, ActsFatras::Min<ActsFatras::Casts::P>, ActsFatras::EveryParticle>, ActsFatras::ContinuousProcess<ActsFatras::BetheHeitler, ActsFatras::AbsPdgSelector<(Acts::PdgParticle)11>, ActsFatras::Min<ActsFatras::Casts::P>, ActsFatras::Min<ActsFatras::Casts::P>>>, ActsExamples::(anonymous namespace)::HitSurfaceSelector>, Acts::PathLimitReached>::act<Acts::PropagatorState<Acts::PropagatorOptions<Acts::SympyStepper::Options, Acts::Navigator::Options, Acts::ActorList<ActsFatras::detail::SimulationActor<ActsExamples::RandomEngine, ActsFatras::NoDecay, ActsFatras::InteractionList<ActsFatras::ContinuousProcess<ActsFatras::GenericScattering<ActsFatras::detail::Highland>, ActsFatras::ChargedSelector, ActsFatras::EveryParticle, ActsFatras::EveryParticle>, ActsFatras::ContinuousProcess<ActsFatras::BetheBloch, ActsFatras::ChargedSelector, ActsFatras::Min<ActsFatras::Casts::P>, ActsFatras::EveryParticle>, ActsFatras::ContinuousProcess<ActsFatras::BetheHeitler, ActsFatras::AbsPdgSelector<(Acts::PdgParticle)11>, ActsFatras::Min<ActsFatras::Casts::P>, ActsFatras::Min<ActsFatras::Casts::P>>>, ActsExamples::(anonymous namespace)::HitSurfaceSelector>, Acts::PathLimitReached>>, Acts::SympyStepper::State, Acts::Navigator::State, ActsFatras::SingleParticleSimulationResult>, Acts::SympyStepper, Acts::Navigator, Acts::Logger const&>(Acts::PropagatorState<Acts::PropagatorOptions<Acts::SympyStepper::Options, Acts::Navigator::Options, Acts::ActorList<ActsFatras::detail::SimulationActor<ActsExamples::RandomEngine, ActsFatras::NoDecay, ActsFatras::InteractionList<ActsFatras::ContinuousProcess<ActsFatras::GenericScattering<ActsFatras::detail::Highland>, ActsFatras::ChargedSelector, ActsFatras::EveryParticle, ActsFatras::EveryParticle>, ActsFatras::ContinuousProcess<ActsFatras::BetheBloch, ActsFatras::ChargedSelector, ActsFatras::Min<ActsFatras::Casts::P>, ActsFatras::EveryParticle>, ActsFatras::ContinuousProcess<ActsFatras::BetheHeitler, ActsFatras::AbsPdgSelector<(Acts::PdgParticle)11>, ActsFatras::Min<ActsFatras::Casts::P>, ActsFatras::Min<ActsFatras::Casts::P>>>, ActsExamples::(anonymous namespace)::HitSurfaceSelector>, Acts::PathLimitReached>>, Acts::SympyStepper::State, Acts::Navigator::State, ActsFatras::SingleParticleSimulationResult>&, Acts::SympyStepper const&, Acts::Navigator const&, Acts::Logger const&) const in /Users/andreas/cern/build/acts/acts/rz-release/lib/libActsExamplesFatras.dylib
 5# Acts::Result<void, std::__1::error_code> Acts::Propagator<Acts::SympyStepper, Acts::Navigator>::propagate<Acts::PropagatorState<Acts::PropagatorOptions<Acts::SympyStepper::Options, Acts::Navigator::Options, Acts::ActorList<ActsFatras::detail::SimulationActor<ActsExamples::RandomEngine, ActsFatras::NoDecay, ActsFatras::InteractionList<ActsFatras::ContinuousProcess<ActsFatras::GenericScattering<ActsFatras::detail::Highland>, ActsFatras::ChargedSelector, ActsFatras::EveryParticle, ActsFatras::EveryParticle>, ActsFatras::ContinuousProcess<ActsFatras::BetheBloch, ActsFatras::ChargedSelector, ActsFatras::Min<ActsFatras::Casts::P>, ActsFatras::EveryParticle>, ActsFatras::ContinuousProcess<ActsFatras::BetheHeitler, ActsFatras::AbsPdgSelector<(Acts::PdgParticle)11>, ActsFatras::Min<ActsFatras::Casts::P>, ActsFatras::Min<ActsFatras::Casts::P>>>, ActsExamples::(anonymous namespace)::HitSurfaceSelector>, Acts::PathLimitReached>>, Acts::SympyStepper::State, Acts::Navigator::State, ActsFatras::SingleParticleSimulationResult>>(Acts::PropagatorState<Acts::PropagatorOptions<Acts::SympyStepper::Options, Acts::Navigator::Options, Acts::ActorList<ActsFatras::detail::SimulationActor<ActsExamples::RandomEngine, ActsFatras::NoDecay, ActsFatras::InteractionList<ActsFatras::ContinuousProcess<ActsFatras::GenericScattering<ActsFatras::detail::Highland>, ActsFatras::ChargedSelector, ActsFatras::EveryParticle, ActsFatras::EveryParticle>, ActsFatras::ContinuousProcess<ActsFatras::BetheBloch, ActsFatras::ChargedSelector, ActsFatras::Min<ActsFatras::Casts::P>, ActsFatras::EveryParticle>, ActsFatras::ContinuousProcess<ActsFatras::BetheHeitler, ActsFatras::AbsPdgSelector<(Acts::PdgParticle)11>, ActsFatras::Min<ActsFatras::Casts::P>, ActsFatras::Min<ActsFatras::Casts::P>>>, ActsExamples::(anonymous namespace)::HitSurfaceSelector>, Acts::PathLimitReached>>, Acts::SympyStepper::State, Acts::Navigator::State, ActsFatras::SingleParticleSimulationResult>&) const in /Users/andreas/cern/build/acts/acts/rz-release/lib/libActsExamplesFatras.dylib
 6# Acts::Result<Acts::Propagator<Acts::SympyStepper, Acts::Navigator>::result_type_helper<Acts::PropagatorOptions<Acts::SympyStepper::Options, Acts::Navigator::Options, Acts::ActorList<ActsFatras::detail::SimulationActor<ActsExamples::RandomEngine, ActsFatras::NoDecay, ActsFatras::InteractionList<ActsFatras::ContinuousProcess<ActsFatras::GenericScattering<ActsFatras::detail::Highland>, ActsFatras::ChargedSelector, ActsFatras::EveryParticle, ActsFatras::EveryParticle>, ActsFatras::ContinuousProcess<ActsFatras::BetheBloch, ActsFatras::ChargedSelector, ActsFatras::Min<ActsFatras::Casts::P>, ActsFatras::EveryParticle>, ActsFatras::ContinuousProcess<ActsFatras::BetheHeitler, ActsFatras::AbsPdgSelector<(Acts::PdgParticle)11>, ActsFatras::Min<ActsFatras::Casts::P>, ActsFatras::Min<ActsFatras::Casts::P>>>, ActsExamples::(anonymous namespace)::HitSurfaceSelector>>>>::type, std::__1::error_code> Acts::Propagator<Acts::SympyStepper, Acts::Navigator>::propagate<Acts::PropagatorOptions<Acts::SympyStepper::Options, Acts::Navigator::Options, Acts::ActorList<ActsFatras::detail::SimulationActor<ActsExamples::RandomEngine, ActsFatras::NoDecay, ActsFatras::InteractionList<ActsFatras::ContinuousProcess<ActsFatras::GenericScattering<ActsFatras::detail::Highland>, ActsFatras::ChargedSelector, ActsFatras::EveryParticle, ActsFatras::EveryParticle>, ActsFatras::ContinuousProcess<ActsFatras::BetheBloch, ActsFatras::ChargedSelector, ActsFatras::Min<ActsFatras::Casts::P>, ActsFatras::EveryParticle>, ActsFatras::ContinuousProcess<ActsFatras::BetheHeitler, ActsFatras::AbsPdgSelector<(Acts::PdgParticle)11>, ActsFatras::Min<ActsFatras::Casts::P>, ActsFatras::Min<ActsFatras::Casts::P>>>, ActsExamples::(anonymous namespace)::HitSurfaceSelector>>>, Acts::PathLimitReached>(Acts::BoundTrackParameters const&, Acts::PropagatorOptions<Acts::SympyStepper::Options, Acts::Navigator::Options, Acts::ActorList<ActsFatras::detail::SimulationActor<ActsExamples::RandomEngine, ActsFatras::NoDecay, ActsFatras::InteractionList<ActsFatras::ContinuousProcess<ActsFatras::GenericScattering<ActsFatras::detail::Highland>, ActsFatras::ChargedSelector, ActsFatras::EveryParticle, ActsFatras::EveryParticle>, ActsFatras::ContinuousProcess<ActsFatras::BetheBloch, ActsFatras::ChargedSelector, ActsFatras::Min<ActsFatras::Casts::P>, ActsFatras::EveryParticle>, ActsFatras::ContinuousProcess<ActsFatras::BetheHeitler, ActsFatras::AbsPdgSelector<(Acts::PdgParticle)11>, ActsFatras::Min<ActsFatras::Casts::P>, ActsFatras::Min<ActsFatras::Casts::P>>>, ActsExamples::(anonymous namespace)::HitSurfaceSelector>>> const&, bool) const in /Users/andreas/cern/build/acts/acts/rz-release/lib/libActsExamplesFatras.dylib
 7# ActsExamples::FatrasSimulation::Impl::simulate(Acts::GeometryContext const&, Acts::MagneticFieldContext const&, ActsExamples::RandomEngine&, std::__1::vector<ActsFatras::Particle, std::__1::allocator<ActsFatras::Particle>> const&, std::__1::vector<ActsFatras::Particle, std::__1::allocator<ActsFatras::Particle>>&, std::__1::vector<ActsFatras::Particle, std::__1::allocator<ActsFatras::Particle>>&, std::__1::vector<ActsFatras::Hit, std::__1::allocator<ActsFatras::Hit>>&) const in /Users/andreas/cern/build/acts/acts/rz-release/lib/libActsExamplesFatras.dylib

19:37:41    Sequencer      INFO      -----------------------------------
19:37:41    Sequencer      INFO      FPE summary for Algorithm: RzTrackFindingAlgorithm
19:37:41    Sequencer      INFO      -----------------------------------
19:37:41    Sequencer      INFO      - FLTINV: (10 times) 
 0# Acts::Experimental::RzHelix::stepWithJacobian(Eigen::Matrix<double, 7, 1, 0, 7, 1>&, double, Eigen::Matrix<double, 7, 7, 0, 7, 7>&) const in /Users/andreas/cern/build/acts/acts/rz-release/lib/libActsCore.dylib
 1# Acts::Experimental::RzTrackFinder::evaluate(Acts::Experimental::RzTrackFinder::State const&, Acts::Experimental::RzMeasurement const&) const in /Users/andreas/cern/build/acts/acts/rz-release/lib/libActsCore.dylib
 2# Acts::Experimental::RzTrackFinder::backwardPass(Acts::Experimental::RzMeasurementGrid const&, Acts::Experimental::RzTrackFinder::State const&, Acts::Experimental::RzTrackCandidate&) const in /Users/andreas/cern/build/acts/acts/rz-release/lib/libActsCore.dylib
 3# Acts::Experimental::RzTrackFinder::findTrack(Acts::Experimental::RzMeasurementGrid const&, Eigen::Matrix<double, 7, 1, 0, 7, 1> const&, Eigen::Matrix<double, 7, 7, 0, 7, 7> const&, unsigned int, Acts::Experimental::RzTrackCandidate&) const in /Users/andreas/cern/build/acts/acts/rz-release/lib/libActsCore.dylib
 4# ActsExamples::RzTrackFindingAlgorithm::execute(ActsExamples::AlgorithmContext const&) const in /Users/andreas/cern/build/acts/acts/rz-release/lib/libActsExamplesTrackFinding.dylib
 5# ActsExamples::Sequencer::run()::$_1::operator()() const::'lambda'(tbb::detail::d1::blocked_range<unsigned long> const&)::operator()(tbb::detail::d1::blocked_range<unsigned long> const&) const in /Users/andreas/cern/build/acts/acts/rz-release/lib/libActsExamplesFramework.dylib
 6# ActsExamples::Sequencer::run()::$_1::operator()() const in /Users/andreas/cern/build/acts/acts/rz-release/lib/libActsExamplesFramework.dylib
 7# ActsExamples::Sequencer::run() in /Users/andreas/cern/build/acts/acts/rz-release/lib/libActsExamplesFramework.dylib

19:37:41    Sequencer      ERROR     Encountered 15 unmasked FPEs
19:37:41    Sequencer      INFO      Processed 10 events in 11.979460 s (wall clock)
19:37:41    Sequencer      INFO      Average time per event: 580.183265 ms/event
19:37:41    Sequencer      INFO      Timing breakdown:
| Algorithm                                      | Total Time (ms) | Time/Event (ms) | Fraction |
|:-----------------------------------------------|----------------:|----------------:|---------:|
| Algorithm:HepMC3InputConverter                 |         1292.85 |          129.29 |    22.3% |
| Algorithm:RzTrackFindingAlgorithm              |         1092.33 |          109.23 |    18.8% |
| Algorithm:FatrasSimulation                     |          778.62 |           77.86 |    13.4% |
| Reader:EventGenerator                          |          708.59 |           70.86 |    12.2% |
| Writer:RootTrackParameterPerformanceWriter     |          465.04 |           46.50 |     8.0% |
| Writer:RootPatternRecognitionPerformanceWriter |          397.59 |           39.76 |     6.9% |
| Writer:RootPatternRecognitionPerformanceWriter |          391.70 |           39.17 |     6.8% |
| Algorithm:DigitizationAlgorithm                |          292.13 |           29.21 |     5.0% |
| Algorithm:GridTripletSeedingAlgorithm          |          144.11 |           14.41 |     2.5% |
| Writer:RootTrackSummaryWriter                  |           75.96 |            7.60 |     1.3% |
| Writer:RootTrackParameterWriter                |           66.06 |            6.61 |     1.1% |
| Algorithm:TrackParamsEstimationAlgorithm       |           29.02 |            2.90 |     0.5% |
| Algorithm:TrackTruthMatcher                    |           25.56 |            2.56 |     0.4% |
| Algorithm:TrackTruthMatcher                    |           17.39 |            1.74 |     0.3% |
| Algorithm:ParticleSelector                     |            8.53 |            0.85 |     0.1% |
| Algorithm:SeedsToTracks                        |            8.03 |            0.80 |     0.1% |
| Algorithm:SpacePointMaker                      |            7.65 |            0.76 |     0.1% |
| Algorithm:SeedsToProtoTracks                   |            0.66 |            0.07 |     0.0% |
| TOTAL                                          |         5801.83 |          580.18 |   100.0% |

Traceback (most recent call last):
  File "/Users/andreas/cern/scripts/acts/rz-track-finder/compare.py", line 210, in <module>
    main()
    ~~~~^^
  File "/Users/andreas/cern/scripts/acts/rz-track-finder/compare.py", line 206, in main
    s.run()
    ~~~~~^^
RuntimeError: Sequencer terminated abnormally
